0,0.0008237747392052021
1,0.0003852707102531366
2,0.0001567525488337832
3,3.0292426952311447e-05
4,0.001813090733322173
5,0.00045456478165586256
6,6.351845262868304e-05
7,0.00016425683272472128
8,0.001021573062567622
9,0.0005217424437207369
10,8.431478847674801e-05
11,4.683193579106823e-05
12,9.825992734686751e-06
13,0.000572206262262259
14,0.0003098482010500397
15,3.1137952523899666e-06
16,0.0012763360289942524
17,0.0011549121099203486
18,6.95709462097379e-06
19,0.00048084859112860264
20,9.130419875270934e-05
21,0.0006769979190973869
22,3.0014078425219143e-05
23,1.113194098409082e-05
24,0.00034524400968613663
25,5.413254067793644e-05
26,4.0814456466407633e-05
27,4.567091536222799e-05
28,0.000702858061353118
29,0.00017562075655842794
30,7.148231313030484e-05
31,0.0006117508693507805
32,0.0003286305636742214
33,6.657431187073565e-05
34,1.149717226445064e-05
35,0.00031546665336430475
36,0.00037677226245484815
37,0.00017402735732811297
38,2.0231258384286043e-05
39,0.001398309584796335
40,0.00024286114185798627
41,0.00014681854599720947
42,2.7090952015066443e-05
43,3.780025098787487e-05
44,0.00048448411468728764
45,3.3334057599760894e-06
46,0.00023039264961443315
47,0.0007637395662851001
48,0.00045544542071439655
49,0.0007031666120531111
50,0.00011883632082556822
51,1.1102222483473239e-05
52,0.0005458499392821001
53,2.2674981035765174e-05
54,0.00043589108475439517
55,0.00014375185538598642
56,1.8805946600225752e-05
57,0.001299797317733269
58,0.0008303163084088402
59,0.00041687246285288616
60,4.340491665786951e-05
61,5.356207987215264e-05
62,3.4851033786642115e-06
63,1.6835951357259389e-06
64,6.74756825854048e-05
65,9.832955628065873e-06
66,9.075095823010235e-05
67,0.0006409381503268513
68,2.6232464898206492e-05
69,1.3026461063621571e-05
70,0.0009003407012678073
71,7.548761950666645e-06
72,0.00011069651495266907
73,4.344563232312016e-06
74,0.0006789837581356974
75,0.0005290435390210136
76,0.00033831237950450184
77,0.000300280105868957
78,0.00037789078765979825
79,2.0321393752674987e-05
80,0.0003490929076869784
81,2.6232464898206492e-05
82,1.0232118203014696e-05
83,7.65439688810413e-06
84,0.0007567186457901555
85,0.0012457615096404414
86,7.42858994436704e-05
87,0.0007906514573929926
88,2.727635014080061e-05
89,2.6232464898206492e-05
90,0.0014202759753429658
91,0.00016352213121813782
92,9.255783930672972e-07
93,0.00020208192689020064
94,1.4804205694828154e-07
95,2.3079566049958632e-05
96,0.001595174052330019
97,0.00016725710514797472
98,0.001189342431755528
99,0.0003780461581716303
100,0.0011752057667924133
101,0.00018651065898667111
102,6.14959416469796e-05
103,0.001380738233892467
104,6.39725475263394e-05
105,0.002287519462872077
106,0.0007708135329559015
107,0.0005435132661414953
108,0.0011528714710020505
109,0.0007570162252026957
110,0.00046549544217759593
111,0.0010619770034915855
112,0.00046668407342202544
113,0.0007128106396271209
114,1.7207844604559312e-05
115,0.00029758061964739365
116,3.2445422920513604e-05
117,0.0013774773844201402
118,4.816207041740651e-08
119,3.3287837765249396e-06
120,6.1625001707478135e-06
121,0.0006127407546255814
122,0.0002908004793103224
123,4.207408501786292e-06
124,1.1050065501815846e-05
125,1.1162860415362327e-06
126,0.0003911890466994628
127,3.470974968525142e-05
128,0.0024537463121557645
129,3.3577468101269214e-06
130,3.713837915734736e-05
131,0.0009604151982159147
132,1.3895641024395557e-05
133,5.865648467071743e-06
134,0.0004515393127179865
135,0.0007172567053203805
136,0.0002789092756058025
137,0.00027753087860722133
138,0.001228515606049233
139,0.0010071610841895172
140,0.0009035928545494959
141,2.3079566049958632e-05
142,0.0010767785483622506
143,6.929965994591858e-05
144,0.00045842241802107115
145,3.632271591331689e-05
146,8.272523273117375e-06
147,0.0003257049200294287
148,0.0006845216452164801
149,4.713405487807369e-06
150,3.384059651388365e-05
151,0.00040896915551486826
152,0.00042807174410713217
153,0.0008638919307071986
154,2.9315547574910737e-05
155,0.0008756094320300317
156,0.001143855655748582
157,0.0004261777690328005
158,5.171124544053975e-05
159,0.0005727415628037584
160,0.0010574531436709992
161,0.0021292341461704016
162,0.0008014914621621672
163,0.0004469175026110432
164,1.5881242910706523e-05
165,1.6852322636114528e-05
166,0.0001719029719272292
167,0.00032805538038366023
168,0.0008353103647748542
169,0.0026976476437952143
170,0.00014614679567558365
171,3.6667477874612385e-05
172,0.00012622492703446195
173,9.481472671148108e-05
174,0.00039690450181535485
175,0.0005496469451199449
176,0.0006068300236594785
177,2.157391407104901e-05
178,1.0274166338583712e-05
179,0.0007101122922829231
180,0.001153247723935783
181,0.001776112706798394
182,0.00047048524700742935
183,0.00038218348862234286
184,0.0001251009146670623
185,0.00046890511989764106
186,0.0001417239644329321
187,0.0006646915730084574
188,2.3576734364059244e-05
189,0.0001736797930600455
190,2.6142236818147713e-06
191,0.001159639962902119
192,0.00017401050832546426
193,0.00037566003808494946
194,1.4531570609870664e-05
195,0.00034443612784662526
196,0.0004060044215823125
197,0.0012842683312386173
198,0.00033233594685770553
199,6.356834010057798e-06
200,0.00042765895958071646
201,8.280757350509783e-06
202,5.74256060132945e-06
203,0.0001290194845544846
204,0.00017904827723282644
205,0.0006469396319886562
206,0.0007732633210634838
207,0.0008290692925832961
208,6.189213835989606e-05
209,0.0015783593237767939
210,0.0003875000630831219
211,5.606493715984668e-06
212,2.889334277513483e-05
213,0.0019970007486364637
214,8.642916276152456e-07
215,5.973663348061044e-05
216,3.6310546802963446e-05
217,3.0314259327688004e-05
218,7.517493731294634e-05
219,3.787853377846707e-05
220,2.993621770927967e-05
221,0.0017515022435940328
222,2.7149084543122447e-06
223,0.00018764440853852424
224,4.718223508449491e-05
225,8.673361398127522e-05
226,2.5345955738682367e-05
227,8.509359062433226e-05
228,0.0009467647686838229
229,7.722762843603468e-05
230,0.0005065829605902943
231,4.9808248101333235e-05
232,0.0007622916313957148
233,5.182187933133116e-05
234,0.0006803969486305078
235,3.8319088242108604e-05
236,0.0007796741393586399
237,6.543566611343619e-05
238,0.0009666225143643492
239,0.00015031080621419804
240,0.0006741123923001763
241,0.001311474444894714
242,0.0009800637505254207
243,0.0006355534680311127
244,7.353929444195366e-06
245,0.0005082763430929929
246,0.0011706649474484676
247,0.000332285717960316
248,1.60280005887528e-06
249,0.00011077959869160781
250,0.0018806439865495979
251,0.0009268063805907153
252,4.8139249413856716e-05
253,0.0018987198212567435
254,2.9320528483521212e-06
255,0.00020265262412765388
256,1.7485826905058644e-05
257,1.6549725166295783e-05
258,0.00037403723638793144
259,6.6275595692407285e-06
260,7.476728231554853e-05
261,0.00012252613944640782
262,0.001763555832296624
263,6.432438519464237e-05
264,3.691714652780742e-05
265,1.3409376265318766e-05
266,4.5642877980907465e-06
267,4.1969567869419244e-05
268,3.2564509205486126e-06
269,0.0001537463143805666
270,0.00043077735872411684
271,0.00019291388067697613
272,6.507051826343564e-05
273,0.00015998618272576804
274,1.6549725166295783e-05
275,0.0002057856999093928
276,2.1994119395332616e-05
277,1.1657463000347894e-05
278,0.0008057206298376455
279,1.1995280057508101e-05
280,0.000218557771317558
281,7.505313940780551e-06
282,0.0005187394783337079
283,9.341064134526185e-05
284,0.0008292410208666995
285,0.0003922789498664158
286,0.0002192584802919249
287,0.0012666000000887824
288,2.7336998772944646e-05
289,0.0008641008059773848
290,0.0018223628370839283
291,1.1995280057508101e-05
292,0.0006246254275734257
293,9.037310875955778e-06
294,0.00022507253336390232
295,0.0013655241309347803
296,3.328758136399251e-05
297,0.00047547617600721847
298,8.021945885351611e-05
299,0.0001726782519523671
300,1.0475093293206916e-05
301,5.51469860001291e-05
302,9.255783930672972e-07
303,9.037310875955778e-06
304,0.000994073729679602
305,0.0009792588608758057
306,0.0016544521540667492
307,1.3409376265318766e-05
308,0.000491167113067414
309,9.175808904156621e-07
310,0.000602057927830458
311,8.865359047952257e-06
312,0.0003292464423119404
313,1.7207844604559312e-05
314,0.00044414659892133725
315,7.353929444195366e-06
316,2.6635922681963502e-05
317,2.5178919391819344e-06
318,0.00011280859792268307
319,0.0001825424945708127
320,0.00019738140587449019
321,0.00020088396447481518
322,0.0006900003698823204
323,6.472301111375337e-05
324,4.342802837533895e-05
325,9.337995619900287e-05
326,1.4911949001432036e-06
327,8.631783449890312e-05
328,0.0004700747785403585
329,6.8012151300323124e-06
330,0.00045484591611353074
331,0.0008886822300413308
332,0.0007881810873396531
333,1.3510556190963273e-06
334,0.00040219464079424994
335,0.00025657293441971104
336,0.0002452927504695554
337,0.002541569689519667
338,3.54898591020141e-06
339,4.05465770021123e-05
340,0.0006335044890937585
341,9.16577641018437e-06
342,0.0007430451011530912
343,0.00018235118683846782
344,5.613729198996949e-05
345,1.2322569890372169e-05
346,0.000408598255289769
347,5.9117501360328634e-06
348,0.00012005775924757065
349,0.00020964073602280198
350,6.671966501363567e-06
351,0.0007910394148456997
352,1.1445049771455828e-05
353,4.99773601881958e-05
354,2.0549076217869553e-05
355,0.0004684711530578015
356,0.00011384770136065567
357,0.000970748536506287
358,0.0007504245810088907
359,1.0857419387940288e-05
360,0.0007433222726791435
361,5.956892610202129e-05
362,1.60280005887528e-06
363,0.0019129260352630602
364,0.00031395724890647504
365,1.2322569890372169e-05
366,0.00032397134522260543
367,6.331914161717779e-05
368,0.00043814022995206835
369,6.8012151300323124e-06
370,0.0006138890691981988
371,0.00017540223163740724
372,1.6495205372277616e-05
373,0.00010660399950556327
374,5.981933804845877e-05
375,1.5117633146974126e-05
376,4.006728235454251e-05
377,1.0166217240258411e-05
378,1.262845014237892e-05
379,2.7149084543122447e-06
380,2.597003174832663e-05
381,0.00032927802407388775
382,0.00010834863888600148
383,0.0001575773423719508
384,9.424850242922647e-05
385,1.9496757374554444e-05
386,0.0013475435977063762
387,2.5033226166725565e-05
388,0.00010113096316418159
389,1.0976766595274669e-05
390,0.0007586734175747843
391,1.7005299773124222e-05
392,0.0004821823890438659
393,4.562484694210718e-05
394,0.001751818506393612
395,0.0014726942613646485
396,0.0009028141521169714
397,1.1995280057508101e-05
398,2.146202503427094e-05
399,4.424908885452247e-05
400,0.00042269984052970065
401,6.115777068064974e-06
402,7.458660044670529e-05
403,0.0022093418000497067
404,2.4783811431343815e-05
405,0.00023339261456705056
406,1.3467745756248557e-05
407,0.00181912416605696
408,0.0007381607509079415
409,0.0008124117979224482
410,0.0002186858584805816
411,4.173486881781762e-06
412,9.16577641018437e-06
413,5.472916298355091e-05
414,0.00027403510477688395
415,0.00013954185356632564
416,0.0006841135867816976
417,2.279887060561325e-06
418,4.88206354284682e-05
419,7.063549449832523e-07
420,0.00022922797047111745
421,0.00021353628585557964
422,0.00011842760955621882
423,0.0007201445597441318
424,0.0006618143057252224
425,1.618984997019791e-05
426,0.0002547270273491703
427,0.00015028804455472267
428,2.1744228134562504e-06
429,0.00028454687404327466
430,8.875492892439632e-06
431,1.7003310126164444e-05
432,4.725172390227012e-05
433,1.9152145865822654e-05
434,6.563489858442286e-05
435,0.0002709326456674794
436,3.919953362856588e-06
437,9.273329360391642e-06
438,1.3567992383456595e-05
439,2.1655235265179285e-05
440,0.0006729548490956098
441,5.46746317790583e-06
442,6.118993199322179e-05
443,4.4219884041905e-06
444,0.00020263105068449622
445,0.00014496481320340178
446,8.603956076947662e-05
447,3.926828147199314e-05
448,0.00027852995848341386
449,9.536169545741171e-05
450,7.872151023841845e-06
451,0.00040236993326313005
452,2.279887060561325e-06
453,8.219895970629945e-06
454,0.0006440262184880756
455,0.0001617835287897114
456,0.00010603803194934802
457,1.5341973238643723e-06
458,0.0003808954224317707
459,0.0003819733766533146
460,0.00022201812144297158
461,2.6366617112429715e-05
462,4.738632560251197e-05
463,1.1875799467932967e-05
464,0.0004131408199930418
465,1.7003310126164444e-05
466,0.0007058995835887261
467,4.318728061330904e-09
468,9.255783930672972e-07
469,0.00011157767551632374
470,0.0012813030471449957
471,7.704005255380072e-05
472,0.0001976677466453513
473,4.429807969520529e-05
474,0.0003211202942276718
475,0.0008605674842019745
476,1.2451007501704985e-05
477,3.196557135987845e-05
478,0.0004995508818183205
479,7.227686254926452e-06
480,1.2451007501704985e-05
481,2.0948723664002413e-05
482,5.46746317790583e-06
483,2.1258019776055202e-05
484,0.0014692755261203206
485,0.0003622990057708273
486,3.3768103584713837e-06
487,0.00015397056991451805
488,2.3538003152954048e-07
489,1.9668021030697697e-05
490,0.0008062795161670321
491,3.436461730471715e-05
492,5.0043161037514495e-05
493,0.0007147656406530292
494,1.658495497062072e-05
495,0.0011462906092310763
496,0.00107985784375009
497,2.785041548221168e-05
498,0.00018080599005005545
499,7.873948700746792e-05
500,2.363035128339922e-05
501,0.00011478224832084994
502,5.317589490754076e-06
503,4.344563232312016e-06
504,0.002714078052772893
505,7.9053048501687e-05
506,1.832563557451777e-05
507,1.91373731652875e-05
508,6.107128208853216e-05
509,0.0002797229977376127
510,1.2499106818882815e-05
511,7.505313940780551e-06
512,2.763295902925167e-05
513,0.00011210487296838682
514,4.715368639909163e-06
515,5.029250761221413e-07
516,3.476031698167814e-05
517,1.6850884433152345e-05
518,6.413558766737884e-05
519,0.0020498809499627534
520,2.9658433015577584e-05
521,0.0008030539405071127
522,4.0063190858350506e-05
523,0.0013483880646598385
524,1.9660510964719163e-05
525,5.74256060132945e-06
526,1.6549725166295783e-05
527,8.975637943488564e-06
528,0.0020137684279786182
529,0.00025205846785781184
530,2.2452821402933614e-05
531,0.0017594951554539856
532,2.5457024326321722e-05
533,1.4632000443051207e-06
534,2.9658433015577584e-05
535,5.047506888138876e-05
536,2.569745318314875e-05
537,0.00038080361924264005
538,0.00025297236712625807
539,0.0007549675703530136
540,2.1909117775230408e-05
541,8.779840414085029e-06
542,2.0496195259445848e-05
543,4.344563232312016e-06
544,1.7291309915603974e-05
545,0.0008672130813604295
546,1.2547158450459412e-05
547,0.0019793729582649015
548,0.000347029347811574
549,0.0004478492251532033
550,0.000508075238752984
551,8.779840414085029e-06
552,0.0002454803663694312
553,2.5264090324549974e-05
554,1.9396734455847643e-05
555,2.48715554831371e-06
556,0.00011025696421688072
557,7.929544534331774e-06
558,4.4809375160144145e-05
559,1.2770938804233569e-05
560,9.863228219251064e-06
561,0.00011927148282305945
562,0.00010887648747391272
563,2.189509288143947e-05
564,2.4647217379330888e-05
565,1.7058731488567955e-05
566,6.234937843055909e-06
567,0.00043093579158309645
568,6.058136986704337e-05
569,0.0004079431284073562
570,4.763658862776077e-06
571,0.0005887476628630014
572,5.74256060132945e-06
573,1.2843776693692057e-05
574,0.002454833011836112
575,5.726319896952129e-06
576,3.710190123032103e-05
577,0.001136650135478614
578,0.00043191533525310165
579,0.0011559007387683365
580,2.3356622350192748e-05
581,2.2274735313271023e-05
582,2.39372234713232e-05
583,1.0991002387294113e-05
584,0.0007596573427488811
585,0.0004721080733654721
586,2.9658433015577584e-05
587,0.0002411946876017572
588,2.1818565408959032e-05
589,4.173486881781762e-06
590,0.0005488016360384637
591,4.414788195738445e-06
592,0.0002302413923977856
593,4.940887925791206e-05
594,0.00014607743902413312
595,1.2547158450459412e-05
596,0.00014353404272119343
597,1.3253632005479204e-05
598,1.5532120950614046e-05
599,2.2472444988183635e-07
600,9.393840512418982e-05
601,9.883460640919919e-06
602,0.0006831081627571906
603,0.00020671475838965496
604,0.00013462605993110735
605,0.00023182665373006823
606,0.00013568364146230392
607,5.74256060132945e-06
608,0.00015101826486252638
609,6.896457793310018e-05
610,4.060661205762297e-05
611,0.0011300472725476458
612,6.075465890794294e-05
613,1.369814157940644e-05
614,0.0017045896805429985
615,0.0010798530615757558
616,1.8667014493856614e-06
617,2.1344258848927624e-05
618,9.593637762573565e-05
619,5.094381667434789e-06
620,0.0003521047766221877
621,9.343654826351901e-05
622,1.5623712047274186e-05
623,3.014481928217713e-05
624,4.361463544814087e-07
625,1.0991002387294113e-05
626,1.4051642297572316e-05
627,0.0003206721274369121
628,0.00031316897778873535
629,4.8517402423683356e-05
630,8.792883002101444e-08
631,0.00022425577487339546
632,4.38204994230108e-05
633,7.65673678475445e-05
634,0.00017781683993637107
635,0.0013661804609683336
636,9.342740741267304e-05
637,0.00015098628446051478
638,6.154050598478204e-05
639,0.0003175445262660276
640,8.779840414085029e-06
641,2.324106206228486e-05
642,0.0016063360580566399
643,0.002567066098291777
644,0.00021077378422768462
645,0.00016928841431683287
646,0.0024609554225623062
647,6.03146442030491e-06
648,0.00023079290686902246
649,6.526444299177292e-05
650,6.347358204061206e-06
651,0.0006402744258105024
652,0.00031418623109287226
653,4.0063190858350506e-05
654,0.00015646425294443256
655,1.2502128903267543e-05
656,0.00010076156152551899
657,5.500616797029716e-05
658,0.000122675736079291
659,5.509607098696422e-06
660,4.64927348661073e-05
661,7.063549449832523e-07
662,6.249110241859464e-06
663,0.0005388046770327268
664,7.795624630076884e-06
665,2.363035128339922e-05
666,1.4632000443051207e-06
667,5.241875531581324e-06
668,2.6561922325278466e-06
669,0.00018358616094242206
670,1.0700875383419456e-05
671,0.00037161315982567507
672,0.00022510093131884867
673,6.279600492443299e-05
674,5.868002743239295e-06
675,2.2472444988183635e-07
676,0.000253742763232263
677,1.6723997866334754e-05
678,1.0341492697675664e-05
679,0.0003496801612284936
680,3.955628630290287e-05
681,2.0879742181652032e-06
682,5.74256060132945e-06
683,3.338321797574611e-05
684,1.609096690469863e-05
685,0.00011492089021225742
686,6.32720189502138e-05
687,0.0003039788010447908
688,0.00017850287369947725
689,3.1608492644011034e-05
690,1.7629656216829875e-06
691,2.050514546180153e-06
692,2.385536642401955e-06
693,6.179820581706804e-05
694,3.277589511342643e-05
695,4.794230871149856e-05
696,0.0003716791687485076
697,1.2347004527962598e-05
698,2.013623728081718e-05
699,0.002448999319057749
700,0.0002610822186593888
701,3.7774337547790563e-06
702,0.0007744204782514963
703,2.5345955738682367e-05
704,1.5316138474811977e-05
705,1.2857782005483696e-05
706,1.658495497062072e-05
707,0.00029032189411892643
708,7.795624630076884e-06
709,1.9766402380370655e-05
710,8.645748046417508e-05
711,4.435651795400241e-05
712,3.5606009976195343e-05
713,2.1744228134562504e-06
714,3.2189997813946905e-05
715,0.00031079160217366395
716,1.42288407137887e-07
717,9.834447256175063e-06
718,0.0003288942943483895
719,0.0024738512905090617
720,0.0007550343811012584
721,0.0004046912957478393
722,4.5735511404639944e-05
723,9.552392275749249e-05
724,1.113194098409082e-05
725,0.00028271683006910223
726,2.551456604569918e-05
727,0.0014016017886863481
728,3.54898591020141e-06
729,0.0001748795576241784
730,0.0008060383126128106
731,0.0001990052561718736
732,4.173486881781762e-06
733,1.0857419387940288e-05
734,1.8041475877337856e-05
735,0.0006541524478677341
736,0.00016777966785920016
737,2.31469445911717e-05
738,0.00018705901899397553
739,0.0007549739505173405
740,3.628707377274229e-05
741,0.0003571614805929218
742,0.00099839616160948
743,2.569745318314875e-05
744,6.784292077741517e-06
745,5.74256060132945e-06
746,0.0002511575264996935
747,2.0195647929222867e-05
748,2.569745318314875e-05
749,5.659867290427026e-06
750,0.0005310131432235749
751,0.0011244249984071347
752,6.475813048595079e-05
753,1.950897543364397e-05
754,0.0002052979138822245
755,0.0001945264331615738
756,0.00048162777268865686
757,2.5898637717495295e-05
758,0.001040766829687853
759,6.627720207620065e-05
760,3.194085573009884e-05
761,5.469711135728868e-06
762,0.00016261163317014027
763,5.0012649493142985e-05
764,0.0008492377268599767
765,0.0008367210061394613
766,8.848531643494043e-08
767,6.879364539130577e-06
768,0.00018054372810426668
769,1.228708439718689e-05
770,8.915233492307139e-05
771,9.808291880485379e-05
772,8.28957295875191e-05
773,0.0002138933730160638
774,0.0012538076681545857
775,4.5375789960657264e-05
776,1.1187858695687232e-05
777,5.705106816871324e-05
778,0.0015129304412423057
779,2.1889635175949354e-05
780,0.00024509808183327753
781,9.966103616788055e-05
782,4.238746927707865e-06
783,7.89755808065313e-06
784,0.0002500342149294577
785,2.2739209006971482e-07
786,0.0006631123684841293
787,0.0006821487703517278
788,1.4773737777506037e-05
789,7.627282447560921e-06
790,0.0005183041303525293
791,7.124176368197579e-06
792,0.000492396662145728
793,0.0003275562962798663
794,1.763317027055864e-05
795,0.001218739365160753
796,0.0005698371065041257
797,6.564528256557985e-05
798,0.0005658990061480001
799,2.9443554881341215e-05
800,9.383483061132101e-05
801,2.2977567506047806e-07
802,3.2445422920513604e-05
803,5.197586028031148e-05
804,5.316943068787016e-05
805,5.705508502187862e-06
806,1.577955613586142e-06
807,0.00010906244272845067
808,1.5788670490297383e-05
809,1.1918676508060773e-05
810,0.0008083269620982185
811,1.9971688459737037e-05
812,2.9396971735723857e-05
813,0.0001390577476801434
814,0.00018830500129125553
815,0.0006889251763947868
816,6.879364539130577e-06
817,9.917812032592184e-06
818,6.938262859642111e-05
819,0.0002554173630088042
820,3.2446151946335693e-06
821,0.00032634684234100823
822,4.721706381822767e-06
823,1.8494649614388706e-05
824,0.00015218341575605937
825,0.0006650622330267304
826,9.622365479210942e-06
827,0.001500679906064124
828,0.0010780363791006318
829,0.00019593108423078605
830,2.5028872404399167e-05
831,2.2727232230947e-05
832,0.0015545027989665075
833,0.000418272979315392
834,6.0517276086091855e-06
835,0.0001283659891596905
836,0.001371043398084055
837,3.847995548428826e-05
838,0.00040084604033016516
839,1.0764411278233133e-06
840,7.095110864565366e-05
841,2.7090952015066443e-05
842,1.1875799467932967e-05
843,0.0008208112371313527
844,4.866197183555007e-06
845,0.00013939204808041864
846,1.950897543364397e-05
847,0.0003812860854951966
848,4.014263487881026e-05
849,6.635103839412532e-05
850,0.0015292001553708391
851,0.00015106577887881242
852,9.954666847134597e-05
853,1.1445049771455828e-05
854,7.59142188918551e-05
855,0.0008181067644945039
856,1.2115618321786931e-05
857,7.826144026318789e-06
858,0.00031474010056051346
859,7.548761950666645e-06
860,6.589552189728345e-06
861,6.586228889739662e-06
862,2.8638297407765024e-05
863,1.2499106818882815e-05
864,5.659867290427026e-06
865,0.0009521093125667686
866,0.00015050411270827572
867,3.2445422920513604e-05
868,6.836553548397571e-07
869,4.154845219907645e-05
870,5.236114750762844e-06
871,0.00036190084195514256
872,2.1747521375337708e-06
873,9.685418185207476e-05
874,2.1744228134562504e-06
875,0.00030646125343753957
876,0.00010216831232613692
877,0.00012810970132333708
878,0.00020026148414127053
879,1.8805946600225752e-05
880,6.24911025883673e-05
881,2.8699225559352802e-05
882,0.0005524824258485908
883,2.829167119654661e-05
884,0.0014473499969110159
885,2.0940793139358538e-05
886,1.9473939998988957e-05
887,3.5517004061818853e-06
888,1.658495497062072e-05
889,0.0004365577493607099
890,2.2977567506047806e-07
891,5.865496200758053e-05
892,8.486416061209232e-07
893,3.889663216446158e-06
894,0.00026883910302934644
895,5.874221594061904e-06
896,3.489693626393209e-06
897,1.8243498329637586e-05
898,3.2446151946335693e-06
899,2.2977567506047806e-07
900,6.224978088039968e-05
901,2.9701549665578926e-06
902,0.0010416110029951098
903,8.518218154287182e-06
904,9.006527703519867e-07
905,1.890950961409288e-05
906,1.9766402380370655e-05
907,1.452061552415318e-05
908,0.0002622799410383425
909,8.921839770633192e-05
910,0.0022425073611715388
911,0.0002741070033901701
912,1.7571281164526552e-05
913,7.47018143888451e-05
914,1.4265562155532266e-05
915,0.00015691348296576822
916,0.00048493980047557394
917,7.016287745516977e-06
918,5.45127994303658e-06
919,5.1325711585203875e-05
920,7.320168236062285e-05
921,5.980929466858484e-06
922,0.0001331211467775527
923,0.00015700867589593282
924,0.00042734032739982623
925,4.735876908053031e-05
926,0.0005869151514860866
927,1.581760850625909e-05
928,8.875492892439632e-06
929,1.1445049771455828e-05
930,1.763317027055864e-05
931,0.00019302633807090908
932,8.594952387673552e-05
933,0.0004327796573361038
934,0.0005397639850560446
935,0.0001735036975463755
936,3.946442858425871e-07
937,0.00032387327046835737
938,3.919953362856588e-06
939,4.6342152142858456e-05
940,0.0004318243460204269
941,0.0004564510604930691
942,0.0003573301236455851
943,0.0002568405272353439
944,2.8774320736952e-05
945,2.1396666738217784e-05
946,4.687336814084638e-06
947,0.00014181031197451908
948,0.00019686682163935304
949,2.8483417257409518e-06
950,1.5058198040082812e-05
951,0.00033219074734382225
952,1.2668639946208822e-05
953,4.754748103679141e-06
954,2.7149084543122447e-06
955,7.89755808065313e-06
956,3.7774337547790563e-06
957,7.770745735886453e-05
958,5.167543924003077e-06
959,3.425195497295099e-05
960,8.851037022999384e-06
961,6.77801328557527e-06
962,7.50520471072142e-05
963,0.00011329507337816158
964,2.9320528483521212e-06
965,2.5353565577308473e-05
966,9.422628183073167e-05
967,2.9451010922928347e-05
968,2.7635958340389517e-05
969,0.00013639237024701435
970,2.5457024326321722e-05
971,0.00015091020012715517
972,0.0003129052842036284
973,2.6719909893011003e-05
974,6.438452171103749e-05
975,0.00025004537845443945
976,6.77801328557527e-06
977,0.0002871207204234061
978,0.00025102914274187995
979,0.00010834847929859307
980,1.1106870906897075e-05
981,0.000767665745313836
982,8.358212023296818e-05
983,0.0011253529814407748
984,3.8659350327565843e-07
985,0.00016532654970123658
986,0.0008285778694711126
987,6.77801328557527e-06
988,1.3510556190963273e-06
989,3.871422908000855e-05
990,1.2451007501704985e-05
991,3.250883105593315e-05
992,2.0389030618798876e-05
993,0.001409214216804069
994,6.61166667575323e-07
995,0.00011580461510078441
996,1.7754759714681112e-06
997,8.181707515892628e-05
998,0.0004603223344963468
999,0.00030279977883018256
1000,6.72917376614748e-05
1001,4.983428830864382e-06
1002,2.0549076217869553e-05
1003,0.0003004964448108988
1004,1.7003310126164444e-05
1005,5.262541575375485e-05
1006,0.0001742785225557951
1007,7.901688442114864e-07
1008,8.461195848300982e-06
1009,0.0005848064924477383
1010,6.816524481116698e-05
1011,3.386451723776571e-05
1012,2.1396666738217784e-05
1013,0.0005320935215143573
1014,1.672969901953444e-05
1015,0.0020496340437845995
1016,0.00015354043810959306
1017,9.16577641018437e-06
1018,0.00012375294508595462
1019,0.0010575474646902418
1020,1.369814157940644e-05
1021,4.5730460583341476e-05
1022,1.2547158450459412e-05
1023,5.330080116770713e-05
1024,0.00032950504842893703
1025,2.3857198169090643e-05
1026,4.739205207123671e-06
1027,8.375975468188286e-05
1028,8.710795972996155e-06
1029,5.2715520698428316e-05
1030,9.883460640919919e-06
1031,9.883460640919919e-06
1032,0.000337288576277015
1033,3.762217419189549e-05
1034,2.0574967591916044e-05
1035,1.1657463000347894e-05
1036,7.227686254926452e-06
1037,1.6685613070036195e-05
1038,5.963835749695916e-05
1039,6.77801328557527e-06
1040,3.647861390300954e-05
1041,0.0001434393538330818
1042,1.5822479104540874e-06
1043,0.00010935911037695942
1044,0.0004199966763065024
1045,6.076666691901281e-06
1046,2.279887060561325e-06
1047,4.933841400075078e-05
1048,0.00025147884021848026
1049,7.505313940780551e-06
1050,1.1128050610954786e-05
1051,2.567756127444846e-06
1052,0.00017747378518058284
1053,4.838591347459685e-05
1054,0.0001663062323828785
1055,0.0008486869368729119
1056,0.0012154534446430889
1057,0.00015467805689529238
1058,6.589552189728345e-06
1059,0.0002821294631681328
1060,0.0008887775166212182
1061,0.0003921233670750157
1062,5.255304396475011e-07
1063,2.684367758581906e-05
1064,3.919953362856588e-06
1065,6.225040935271822e-05
1066,6.47964763296422e-06
1067,0.00024690752635559863
1068,1.6723997866334754e-05
1069,1.9496757374554444e-05
1070,4.344563232312016e-06
1071,1.1695172375991367e-05
1072,0.00010668187757908016
1073,6.03146442030491e-06
1074,0.0003639828052737919
1075,4.2251594073368975e-05
1076,0.0009351901000747897
1077,1.763317027055864e-05
1078,2.1744228134562504e-06
1079,0.0006053784852261635
1080,7.698525158811343e-06
1081,1.2668639946208822e-05
1082,0.0010331018062353944
1083,3.7438417023961875e-05
1084,2.1747521375337708e-06
1085,2.1288930373419456e-05
1086,1.09231490319743e-05
1087,1.7256637679571568e-06
1088,1.0991002387294113e-05
1089,1.7256637679571568e-06
1090,0.0001806956034717714
1091,0.0001910985596136133
1092,1.219484870827421e-05
1093,1.7003310126164444e-05
1094,4.874789298848883e-05
1095,1.1657463000347894e-05
1096,8.35396901245353e-06
1097,0.0005773953710303314
1098,2.792859873865902e-05
1099,3.554007170881856e-05
1100,1.5341973238643723e-06
1101,1.6321563674865662e-06
1102,1.1997764685598476e-05
1103,0.00016243391817636002
1104,4.118250061136228e-05
1105,2.1747521375337708e-06
1106,9.903911426043947e-06
1107,2.9518659800100702e-05
1108,5.854891884647468e-05
1109,1.1995280057508101e-05
1110,5.019717360578814e-05
1111,0.00012910504547855518
1112,5.3374098494980016e-05
1113,0.00010463748446945145
1114,1.0341492697675664e-05
1115,2.1747521375337708e-06
1116,0.0008199399287479608
1117,1.8329360185005086e-05
1118,4.56482116538084e-05
1119,2.8483417257409518e-06
1120,0.0007199284097458344
1121,0.0007270216265015358
1122,3.970562730071248e-05
1123,1.7207844604559312e-05
1124,0.00010614345015768957
1125,1.5623712047274186e-05
1126,0.00047962856261941374
1127,9.903911426043947e-06
1128,7.06013225677744e-06
1129,6.26576604112169e-05
1130,1.63286852960078e-05
1131,0.00019813874177510444
1132,2.8667443349988375e-06
1133,2.212503139575054e-05
1134,0.0004772417616743161
1135,2.638324172073524e-06
1136,2.889334277513483e-05
1137,7.758983245367151e-05
1138,2.324106206228486e-05
1139,0.0002120484364772364
1140,1.2837011397160284e-05
1141,2.6561922325278466e-06
1142,3.0821402707748084e-05
1143,2.3135643691779923e-05
1144,1.8893875430246767e-05
1145,9.957079461711481e-05
1146,2.7437021691651447e-05
1147,4.259071722605836e-05
1148,0.00027156677718246725
1149,3.929128211308483e-06
1150,3.550170591009911e-05
1151,0.0008642553888571313
1152,4.331090976725245e-05
1153,0.00024748274198618217
1154,7.542541750354044e-05
1155,7.698525158811343e-06
1156,0.00013088014031873205
1157,8.870014603429312e-06
1158,7.795624630076884e-06
1159,1.40054889644827e-05
1160,4.496647434593277e-06
1161,1.7923172733777983e-05
1162,9.037310875955778e-06
1163,0.0020234857860185634
1164,4.351421408883622e-05
1165,2.324106206228486e-05
1166,1.2859160646836952e-05
1167,0.0005063393145849648
1168,5.090491525130026e-06
1169,0.00035183590440634983
1170,2.814480122753761e-06
1171,0.0008101240537333972
1172,0.00039631277257736456
1173,0.0003187354643948444
1174,7.353929444195366e-06
1175,0.0001468333295082906
1176,3.3577468101269214e-06
1177,2.0940793139358538e-05
1178,0.0006576489983156331
1179,6.836553548397571e-07
1180,9.719410161239534e-05
1181,1.1875799467932967e-05
1182,2.4139773424162623e-05
1183,0.0005615619407395967
1184,2.178441444383579e-05
1185,5.155109811923472e-05
1186,7.143973687565303e-05
1187,2.1582692658285544e-05
1188,0.0004210019278898841
1189,0.00080617059121989
1190,1.1663973207448035e-05
1191,5.255304396475011e-07
1192,1.1152414258539597e-05
1193,0.0001460344275582673
1194,0.0021402615917017055
1195,0.00012728447080280833
1196,0.00044045642086512756
1197,0.0010517880362201696
1198,4.305506070831409e-06
1199,1.9580867208835513e-05
1200,0.0005222574533295171
1201,5.732177023619498e-05
1202,4.502273722694199e-05
1203,0.0006663380906985958
1204,3.018585514062808e-06
1205,1.850360485565986e-05
1206,1.8222863733183988e-05
1207,1.2279115364674386e-05
1208,9.807623063614247e-05
1209,1.9487218120706147e-05
1210,2.9862470773001396e-05
1211,0.00022131733545774734
1212,3.62987753662637e-05
1213,0.0002072477727921199
1214,0.00023272305938547012
1215,6.115777068064974e-06
1216,7.490238041251176e-06
1217,0.0005103140759288778
1218,0.0001647867743191364
1219,0.0007454191711854783
1220,3.7160634000884236e-06
1221,3.2446151946335693e-06
1222,2.6561922325278466e-06
1223,2.8483417257409518e-06
1224,5.2416675283831505e-05
1225,3.420573996948513e-05
1226,1.613572394313333e-07
1227,8.995960905764952e-06
1228,1.1035433329237316e-07
1229,1.298639289708528e-07
1230,7.072924066519659e-07
1231,4.8885429303957404e-05
1232,4.7641157993465865e-06
1233,0.0002459573171900839
1234,4.569738920128236e-05
1235,6.61166667575323e-07
1236,1.5299349227445936e-05
1237,1.5147562060435062e-05
1238,0.0002575311376208754
1239,4.0063190858350506e-05
1240,1.5597427615731944e-05
1241,0.0002465578169881807
1242,4.7098595266555105e-05
1243,1.9766402380370655e-05
1244,3.2568432295473107e-06
1245,3.550170591009911e-05
1246,2.4278693835245033e-05
1247,1.6549725166295783e-05
1248,0.0001958809910412798
1249,1.1152414258539597e-05
1250,5.469711135728868e-06
1251,4.1909190473474654e-05
1252,0.0011371127379844186
1253,3.3575582975511584e-05
1254,0.0002576228421165215
1255,2.167555868702132e-06
1256,2.324106206228486e-05
1257,1.2091120312104653e-05
1258,0.00031541752682697546
1259,7.65900516913015e-05
1260,1.8806259176824244e-05
1261,0.0012998189218690751
1262,1.60280005887528e-06
1263,2.1196671723940517e-05
1264,7.550576963798769e-05
1265,7.141749630413863e-06
1266,0.0004485770833090758
1267,8.519820474228902e-05
1268,1.0308487569294297e-05
1269,1.9766402380370655e-05
1270,0.00011054258932366338
1271,1.6627177907637575e-06
1272,1.983676114667277e-05
1273,0.0009741596791476137
1274,0.0001231847078210721
1275,9.351981496536039e-06
1276,2.278720097225086e-05
1277,5.780506092427028e-05
1278,3.2445422920513604e-05
1279,3.926828147199314e-05
1280,1.2451007501704985e-05
1281,2.7828163840914162e-05
1282,0.00015862184479294674
1283,6.365698356383459e-05
1284,0.00026751427243239733
1285,0.0001102114945606239
1286,5.6138257155290955e-05
1287,2.8277273167384628e-05
1288,1.6836464617228604e-05
1289,2.7632886601665093e-05
1290,3.579259214609329e-05
1291,2.569745318314875e-05
1292,4.120953636123716e-05
1293,1.2508986890623746e-06
1294,2.2977567506047806e-07
1295,3.886874601569726e-05
1296,3.1608180055255854e-05
1297,0.00011457568585953489
1298,4.274777870374402e-05
1299,0.00024298573735118272
1300,2.567756127444846e-06
1301,4.983428830864382e-06
1302,0.0004179731977587377
1303,2.4547587493904393e-05
1304,9.983179633554033e-06
1305,1.11720698551901e-05
1306,3.27338181502681e-05
1307,1.5853260278869677e-05
1308,1.1918676508060773e-05
1309,8.642916276152456e-07
1310,7.728471310430269e-05
1311,3.0102128017837366e-05
1312,0.00022413576244609948
1313,6.193499748701765e-06
1314,1.1152414258539597e-05
1315,1.882047628110967e-05
1316,4.361463544814087e-07
1317,0.0007214548637627745
1318,7.227686254926452e-06
1319,0.00025926211914010995
1320,8.082813238773514e-05
1321,1.3530675008421058e-05
1322,5.957876670878187e-05
1323,6.77801328557527e-06
1324,5.7515092632951454e-05
1325,7.479477366368332e-05
1326,3.6267249610640334e-05
1327,1.6723997866334754e-05
1328,2.0389030618798876e-05
1329,2.1582692658285544e-05
1330,0.00012185142553100871
1331,8.865359047952257e-06
1332,1.1657463000347894e-05
1333,0.00048663927086460773
1334,7.647388689590379e-05
1335,3.919953362856588e-06
1336,1.3530675008421058e-05
1337,9.983179633554033e-06
1338,4.758563856264241e-06
1339,3.869217156195683e-05
1340,1.369814157940644e-05
1341,3.3334057599760894e-06
1342,2.7357398725731085e-05
1343,2.569745318314875e-05
1344,2.7137656612532234e-05
1345,6.172461816551363e-05
1346,6.371654631805279e-05
1347,2.623635953014643e-05
1348,1.56237812375348e-05
1349,3.2446151946335693e-06
1350,0.00012344297704687302
1351,1.3770504055067856e-05
1352,2.638060265230243e-06
1353,1.4833489626133264e-05
1354,1.1152414258539597e-05
1355,2.889334277513483e-05
1356,2.0289738874740215e-05
1357,2.6232464898206492e-05
1358,7.969798349920326e-06
1359,7.016287745516977e-06
1360,3.886874601569726e-05
1361,2.1744228134562504e-06
1362,4.460790345449783e-05
1363,9.360161008768145e-06
1364,1.1657463000347894e-05
1365,9.908251355484465e-06
1366,1.433118814178878e-06
1367,2.0162654826719122e-05
1368,3.053131582989099e-05
1369,2.0231258384286043e-05
1370,3.869217156195683e-05
1371,7.132750199453209e-05
1372,1.2013322342028058e-05
1373,1.1522824826450387e-05
1374,0.0007964149383445949
1375,2.7189994948237642e-05
1376,2.5178919391819344e-06
1377,0.00012577799646314495
1378,0.00013017557001583136
1379,3.173360090225299e-05
1380,4.749215737194934e-05
1381,5.635752695512576e-05
1382,4.844526830873731e-05
1383,0.00032379368579240074
1384,1.2038004519198615e-05
1385,0.0002442723776208364
1386,5.900895157352535e-06
1387,3.866458403415383e-05
1388,7.71055071885917e-05
1389,0.0007100822899287307
1390,1.0056400756378473e-05
1391,0.00011208997298420685
1392,0.0003569915454371183
1393,0.00025130715740454576
1394,5.5072886306197336e-05
1395,3.646874802707865e-06
1396,1.4780495544012343e-05
1397,0.00011536070843624259
1398,1.2085578189964074e-05
1399,3.926828147199314e-05
1400,1.0598314736193128e-05
1401,8.051322861664966e-06
1402,0.0005040783878374061
1403,5.733999244647437e-06
1404,4.361463544814087e-07
1405,0.00017206756412436084
1406,7.505313940780551e-06
1407,1.2502128903267543e-05
1408,3.22953059912184e-05
1409,4.5642877980907465e-06
1410,4.326588404811176e-05
1411,0.00025872868019716005
1412,3.6854845048586053e-06
1413,5.939987023629751e-05
1414,3.5517004061818853e-06
1415,8.642916276152456e-07
1416,0.0004939736636970258
1417,6.836553548397571e-07
1418,3.590124563465583e-05
1419,7.948370828979324e-06
1420,1.2322569890372169e-05
1421,0.00015743745018949686
1422,0.001171416315555675
1423,6.730368314300288e-05
1424,8.827286348253914e-06
1425,9.360161008768145e-06
1426,5.625270507509309e-05
1427,9.947427580266572e-05
1428,0.0003107621928148585
1429,3.5278467217528036e-05
1430,4.6996394272111055e-05
1431,3.211532841198731e-05
1432,3.6854845048586053e-06
1433,7.375211883912654e-05
1434,0.0003511775447924848
1435,1.1152414258539597e-05
1436,3.684986744168835e-05
1437,0.00012142649754716887
1438,7.505313940780551e-06
1439,1.1997764685598476e-05
1440,0.0004994592651458348
1441,3.161281994007225e-05
1442,3.194085573009884e-05
1443,4.170914927000391e-05
1444,2.6232464898206492e-05
1445,0.00028222881455072633
1446,2.889334277513483e-05
1447,2.7911491191413743e-06
1448,0.0003346635366736833
1449,0.00013229931890246095
1450,7.548761950666645e-06
1451,0.000244624093183325
1452,1.6723997866334754e-05
1453,5.2387668682286475e-05
1454,7.547899657593309e-05
1455,2.179966398459609e-05
1456,1.3073514415799466e-05
1457,4.749043615779515e-05
1458,2.8667443349988375e-06
1459,1.1618880356373178e-05
1460,9.16577641018437e-06
1461,3.198851287792776e-05
1462,0.0004415599096555983
1463,1.5217656917777877e-05
1464,2.2246062885579885e-05
1465,2.3513991097275958e-05
1466,2.39372234713232e-05
1467,4.54437615865241e-06
1468,2.244401762892381e-05
1469,5.4611365328087276e-05
1470,3.988028859907035e-05
1471,0.00022882984227956554
1472,7.042125300142242e-05
1473,0.0001275892998391633
1474,2.8483417257409518e-06
1475,7.505313940780551e-06
1476,2.440206761919021e-05
1477,2.0924502290552374e-05
1478,4.8967651126827525e-05
1479,3.2887003855764204e-05
1480,1.1976677632617452e-05
1481,5.45127994303658e-06
1482,7.451539000752107e-05
1483,0.0001736653864387573
1484,4.382819966499667e-07
1485,1.2504365465339304e-05
1486,3.022772249520307e-05
1487,0.000280258527419821
1488,0.0012766516748802974
1489,0.00016420486605699653
1490,1.5217656917777877e-05
1491,0.00012074216109012735
1492,2.39372234713232e-05
1493,2.3741454411011435e-05
1494,8.422137272344256e-05
1495,1.4919260483846743e-05
1496,2.5409458264529133e-06
1497,3.198851287792776e-05
1498,8.845944543058672e-06
1499,0.00046303187522076785
1500,2.5178919391819344e-06
1501,5.9950344377867755e-06
1502,1.763317027055864e-05
1503,3.0516290681662277e-05
1504,9.807038577504441e-06
1505,0.00010565721097211575
1506,6.999761589827134e-05
1507,0.000268479619738518
1508,2.826396791176062e-05
1509,1.6709694019828036e-05
1510,0.0002545164357886194
1511,5.469079616141989e-07
1512,2.481863277914656e-06
1513,0.0002647997294362496
1514,0.0001475006279429961
1515,1.577955613586142e-06
1516,9.006527703519867e-07
1517,1.0169209452128884e-05
1518,0.00028240817493591737
1519,8.270500971575902e-05
1520,7.063549449832523e-07
1521,2.39372234713232e-05
1522,0.0002721814565898522
1523,2.5178919391819344e-06
1524,6.234937843055909e-06
1525,4.983428830864382e-06
1526,8.642115260813712e-05
1527,7.910713751211645e-05
1528,1.1657463000347894e-05
1529,1.1187858695687232e-05
1530,3.873281768840641e-05
1531,0.0003704257302149312
1532,3.682437588552389e-06
1533,6.034160053315758e-05
1534,5.45127994303658e-06
1535,0.00012748758959655015
1536,1.1663973207448035e-05
1537,2.123143629284012e-05
1538,8.518218154287182e-06
1539,9.674983676712971e-05
1540,0.00025719776590154257
1541,6.7349596039378535e-06
1542,2.0167755210234932e-06
1543,1.1657463000347894e-05
1544,2.8557869200918555e-06
1545,4.3656305763173736e-05
1546,8.077684619717766e-05
1547,7.351019792492224e-06
1548,4.22289162202458e-05
1549,3.094688145761901e-06
1550,0.00035523256331388813
1551,0.0012877666514011705
1552,6.114714481872404e-06
1553,6.784292077741517e-06
1554,1.279870387812522e-05
1555,4.170914927000391e-05
1556,2.2980839729551533e-05
1557,1.9019611141820265e-05
1558,1.763317027055864e-05
1559,1.092057938326124e-06
1560,0.00011165011088252123
1561,1.6778098339098316e-05
1562,5.874221594061904e-06
1563,2.1502659388031046e-05
1564,7.029552016098475e-05
1565,1.763317027055864e-05
1566,1.128061277732567e-05
1567,1.1542505250732856e-05
1568,1.60280005887528e-06
1569,2.0467248635903864e-05
1570,0.00010467731809149042
1571,7.765752342424587e-05
1572,0.00024793173629511224
1573,0.0006146330422214536
1574,1.8653636111998625e-05
1575,1.357636909726148e-06
1576,2.325338127718524e-05
1577,5.421974139666108e-05
1578,2.5630256489657675e-05
1579,7.792358125399764e-06
1580,1.1593853286770191e-05
1581,7.76037730929793e-05
1582,0.0004203140492869544
1583,9.394019016333783e-05
1584,2.1201881608726376e-05
1585,2.5515775695340235e-05
1586,1.6709694019828036e-05
1587,1.669720675712791e-05
1588,4.675973567158944e-05
1589,6.362542948946935e-05
1590,0.0003896760603795218
1591,5.637976846777472e-06
1592,7.749559105333016e-07
1593,1.1939520935864292e-06
1594,0.00014743725302349445
1595,8.693080425368617e-05
1596,1.4782810473594473e-05
1597,8.710795972996155e-06
1598,1.8646942190193683e-05
1599,1.3706031896906176e-06
1600,0.0004389832279897901
1601,0.0001160954624656134
1602,1.6797119349840586e-06
1603,7.755126585650202e-05
1604,1.983676114667277e-05
1605,5.701842032034625e-05
1606,8.92289740759365e-05
1607,0.0005173994989265704
1608,9.736558757118512e-06
1609,4.816207041740651e-08
1610,8.49743680400312e-05
1611,2.0147843837921734e-05
1612,4.983428830864382e-06
1613,2.6232464898206492e-05
1614,1.3735131496736724e-05
1615,4.496647434593277e-06
1616,2.0231258384286043e-05
1617,6.7349596039378535e-06
1618,7.04087630940213e-06
1619,9.006527703519867e-07
1620,3.919953362856588e-06
1621,4.715648469132916e-05
1622,1.0341492697675664e-05
1623,0.0005624382899474175
1624,5.733999244647437e-06
1625,1.2085578189964074e-05
1626,4.061299951257986e-05
1627,5.469711135728868e-06
1628,1.2668639946208822e-05
1629,2.395885868717093e-05
1630,3.54898591020141e-06
1631,2.7711271653611043e-05
1632,4.054883656866124e-06
1633,5.3293342259269685e-05
1634,2.4881912110085785e-05
1635,1.3891667620137314e-05
1636,6.950369928419836e-07
1637,3.1522451075599454e-05
1638,1.4798700918725565e-05
1639,5.551173027205985e-06
1640,1.1273339951886234e-05
1641,5.46746317790583e-06
1642,1.8974895579305917e-05
1643,0.00012876074927420432
1644,1.1152414258539597e-05
1645,2.3765283885415858e-06
1646,2.889334277513483e-05
1647,0.00015740238203887217
1648,8.201492804176814e-05
1649,6.972001896851649e-05
1650,8.881973286371031e-06
1651,5.874221594061904e-06
1652,1.4372633587800049e-05
1653,1.1050065501815846e-05
1654,0.00016837962993461456
1655,2.4847258471121938e-05
1656,4.423041074524722e-05
1657,5.7064217317879925e-06
1658,9.622365479210942e-06
1659,0.00010096557280019315
1660,7.602651543189434e-06
1661,6.991487770370635e-05
1662,8.24109390259929e-05
1663,2.1145056985208625e-06
1664,4.6817043422659785e-05
1665,7.425912336373182e-05
1666,0.00012158064485596215
1667,7.139326936626449e-06
1668,0.00022972262468060162
1669,6.836553548397571e-07
1670,1.6109854581067774e-05
1671,3.311634784648879e-05
1672,4.652242085882097e-05
1673,7.351019792492224e-06
1674,2.7149084543122447e-06
1675,2.9320528483521212e-06
1676,1.2013322342028058e-05
1677,1.8538364677761307e-05
1678,6.589552189728345e-06
1679,1.1152414258539597e-05
1680,6.784292077741517e-06
1681,1.0341492697675664e-05
1682,1.8024136615215226e-05
1683,0.0008048587051780601
1684,6.0517276086091855e-06
1685,0.00013040939268160853
1686,0.0003122165739427868
1687,0.0003502001099336931
1688,6.539945791824889e-06
1689,8.881973286371031e-06
1690,0.00011966359383014857
1691,8.710795972996155e-06
1692,0.00016071319602812856
1693,3.310934633396714e-05
1694,7.04087630940213e-06
1695,8.486515148022185e-05
1696,1.6685613070036195e-05
1697,0.00032398347467090465
1698,3.54898591020141e-06
1699,8.865359047952257e-06
1700,5.653924644704482e-05
1701,3.926828147199314e-05
1702,6.96992462628506e-05
1703,1.0341492697675664e-05
1704,4.254414957735614e-05
1705,5.997143492280894e-07
1706,8.244613255882126e-06
1707,1.9766402380370655e-05
1708,2.0697667629220624e-05
1709,3.7405185921750416e-06
1710,6.412731098956741e-05
1711,0.000117076338644423
1712,4.737750537803208e-05
1713,8.642916276152456e-07
1714,1.369814157940644e-05
1715,3.646874802707865e-06
1716,2.9211138290541123e-05
1717,2.39372234713232e-05
1718,1.2085578189964074e-05
1719,3.8985827361790605e-06
1720,9.276126390443357e-05
1721,7.523670727505497e-05
1722,0.00029743480156208533
1723,8.918791704673138e-05
1724,8.101984393757633e-05
1725,4.496599975996569e-05
1726,4.5115113368209735e-05
1727,2.2977567506047806e-07
1728,1.2451007501704985e-05
1729,1.0857419387940288e-05
1730,0.00025813636849280334
1731,1.2427601734721324e-05
1732,2.5515775695340235e-05
1733,2.2716593844187217e-06
1734,5.819100281622349e-06
1735,2.3646573965064215e-05
1736,3.3361689081025104e-05
1737,0.00018984568472429748
1738,1.2091120312104653e-05
1739,3.4409155102101706e-06
1740,1.8805946600225752e-05
1741,5.1842840672641325e-05
1742,3.511939411641134e-05
1743,2.638324172073524e-06
1744,2.5341379931947438e-05
1745,7.609710838984717e-06
1746,6.372583804389924e-05
1747,1.4632000443051207e-06
1748,0.00022279487958063072
1749,3.223478423162025e-06
1750,1.6685613070036195e-05
1751,2.7616716873725327e-05
1752,2.6519868830703825e-05
1753,2.463411182485339e-05
1754,2.1744228134562504e-06
1755,5.7392674355638674e-05
1756,0.0008813867835751287
1757,3.863791365471856e-05
1758,0.00046875973935252106
1759,3.2445422920513604e-05
1760,0.0004181314937749816
1761,6.020518244215748e-05
1762,1.0169830418321303e-05
1763,0.00014537930334744125
1764,2.7149084543122447e-06
1765,0.00011056243401248928
1766,4.983428830864382e-06
1767,3.919953362856588e-06
1768,2.6481364565124606e-05
1769,2.3147390505172322e-06
1770,2.6415140152961455e-05
1771,2.5564309877486323e-05
1772,1.983676114667277e-05
1773,2.5341379931947438e-05
1774,0.00019713884786254764
1775,1.3895641024395557e-05
1776,9.823787234911673e-06
1777,0.00013771037806301805
1778,3.4820756327432072e-06
1779,7.063549449832523e-07
1780,6.879364539130577e-06
1781,3.0882446287754e-05
1782,4.387974460970874e-05
1783,2.7911491191413743e-06
1784,8.937759384076604e-05
1785,0.00032963223641127993
1786,6.190388122492396e-05
1787,4.685917832397219e-06
1788,3.2445422920513604e-05
1789,4.952362352419042e-08
1790,3.4228892801600434e-06
1791,1.5383518406001088e-05
1792,6.04968054366963e-06
1793,1.577955613586142e-06
1794,3.169140144984922e-05
1795,4.641277217235023e-06
1796,2.2415745226599445e-06
1797,4.791395248311862e-07
1798,9.534245190851126e-05
1799,0.00027623960129049603
1800,1.6652097683955152e-05
1801,1.8600342606813147e-05
1802,1.1445049771455828e-05
1803,1.502180307156703e-07
1804,3.759499636159216e-05
1805,0.00032607803185993796
1806,1.9782649061194606e-07
1807,7.353929444195366e-06
1808,6.61166667575323e-07
1809,0.0003632858072078492
1810,3.436243093034131e-05
1811,7.89755808065313e-06
1812,1.1439436660058208e-05
1813,6.983710456180767e-05
1814,6.7349596039378535e-06
1815,7.227686254926452e-06
1816,3.2446151946335693e-06
1817,1.1187858695687232e-05
1818,1.0377534339301461e-05
1819,2.638324172073524e-06
1820,1.1997764685598476e-05
1821,8.361541919005316e-05
1822,1.6452166147152925e-05
1823,3.579259214609329e-05
1824,2.324106206228486e-05
1825,1.787198627966038e-05
1826,7.548761950666645e-06
1827,0.0005394676919765974
1828,3.4776386530966936e-05
1829,1.2504365465339304e-05
1830,0.00013616968178555914
1831,1.8538364677761307e-05
1832,0.00020568560763280013
1833,5.679866207608447e-05
1834,7.206440890938093e-07
1835,0.00028239560538582264
1836,5.469711135728868e-06
1837,0.0002181858635149329
1838,1.3656663751615575e-05
1839,1.8936221026801777e-06
1840,7.548761950666645e-06
1841,1.4971698910382322e-05
1842,5.262314029833326e-05
1843,5.352548266016867e-05
1844,0.00016481833157921665
1845,3.550170591009911e-05
1846,5.569802704558038e-05
1847,4.387974460970874e-05
1848,0.0002178608102211051
1849,0.0003437580847870779
1850,8.461195848300982e-06
1851,1.634994038941602e-05
1852,6.145441900620621e-05
1853,6.830633588881178e-06
1854,7.71814193953474e-05
1855,2.3765283885415858e-06
1856,3.5606009976195343e-05
1857,3.373954565116749e-05
1858,0.00018722585569686106
1859,3.2445422920513604e-05
1860,2.962404656150297e-05
1861,1.7058731488567955e-05
1862,2.5341379931947438e-05
1863,5.791375776054895e-06
1864,0.00040027842574067606
1865,0.00020465401428940692
1866,7.329428962093246e-06
1867,8.095259830811661e-06
1868,7.930903022363285e-06
1869,7.791051567628775e-05
1870,7.063549449832523e-07
1871,1.1644992356732589e-05
1872,4.11692903617539e-06
1873,7.325903801898597e-06
1874,0.0007773945907543639
1875,4.382819966499667e-07
1876,7.325903801898597e-06
1877,0.00010762623001998658
1878,4.026943091281839e-05
1879,7.795624630076884e-06
1880,4.646086757607567e-06
1881,0.00019644305328458513
1882,1.1187858695687232e-05
1883,1.610617505353401e-05
1884,1.0094592901705242e-06
1885,0.000742749421602817
1886,1.5822479104540874e-06
1887,8.88126929544682e-05
1888,1.618984997019791e-05
1889,3.2446151946335693e-06
1890,5.45127994303658e-06
1891,1.1106870906897075e-05
1892,2.4139773424162623e-05
1893,6.7349596039378535e-06
1894,1.2013322342028058e-05
1895,0.00012845499839550618
1896,2.635503731933087e-05
1897,1.56237812375348e-05
1898,0.0001189293714208554
1899,3.501887139923865e-05
1900,7.077329518422091e-06
1901,7.353929444195366e-06
1902,9.318008668577259e-06
1903,3.913980778014985e-05
1904,9.872131355167623e-06
1905,6.95709462097379e-06
1906,6.74254769039022e-05
1907,0.00039807686581435503
1908,2.3765283885415858e-06
1909,1.3969874559874421e-05
1910,2.9658433015577584e-05
1911,7.325893100979757e-05
1912,1.092057938326124e-06
1913,4.712418813254684e-06
1914,4.344563232312016e-06
1915,2.889334277513483e-05
1916,1.0725778943555075e-05
1917,4.98401790164914e-05
1918,2.324106206228486e-05
1919,5.2208857705304145e-05
1920,0.00011001429354450878
1921,3.7160634000884236e-06
1922,0.0003186050613012906
1923,5.45127994303658e-06
1924,0.0017088634671679414
1925,0.00012924590211870908
1926,6.308994620513199e-05
1927,9.007038622620043e-05
1928,9.983179633554033e-06
1929,6.77801328557527e-06
1930,1.0679981774516916e-05
1931,1.917978293431741e-05
1932,0.0006068855766105831
1933,4.646086757607567e-06
1934,1.1522824826450387e-05
1935,4.865024913070628e-05
1936,1.4804205694828154e-07
1937,3.5806715145296697e-06
1938,1.2913308912040292e-05
1939,0.0004078479994014228
1940,4.909945078279369e-05
1941,8.865359047952257e-06
1942,1.1997764685598476e-05
1943,1.1106870906897075e-05
1944,1.6549725166295783e-05
1945,2.6561922325278466e-06
1946,1.2547158450459412e-05
1947,7.795624630076884e-06
1948,6.26112672585096e-06
1949,0.00014242397596407543
1950,2.9317407158261725e-06
1951,1.7003310126164444e-05
1952,4.144050122559424e-05
1953,5.451041413552453e-05
1954,6.784292077741517e-06
1955,6.0812585611422054e-06
1956,3.839164803201126e-05
1957,0.00022231155099284702
1958,2.949162131184016e-05
1959,4.646086757607567e-06
1960,5.2727579530355676e-05
1961,1.392631401411312e-05
1962,9.880258102715214e-05
1963,9.807038577504441e-06
1964,9.30893359623785e-06
1965,1.688453550037461e-05
1966,3.926828147199314e-05
1967,0.00010198517655838858
1968,3.550170591009911e-05
1969,8.632232152270172e-06
1970,0.0005966278877680619
1971,0.00010317062304927664
1972,2.9729095632200048e-05
1973,7.42599310001043e-07
1974,2.8483417257409518e-06
1975,8.227228397798108e-05
1976,4.387974460970874e-05
1977,3.732502733561478e-05
1978,2.6366617112429715e-05
1979,3.082491020720171e-05
1980,7.505313940780551e-06
1981,1.1836670161158395e-05
1982,3.812812179372273e-05
1983,7.607947319978991e-05
1984,4.675420809689588e-05
1985,2.491200919009864e-06
1986,3.8798426061173345e-05
1987,2.1744228134562504e-06
1988,5.810979082358754e-05
1989,9.844233795786024e-06
1990,0.0004262408148003476
1991,1.1247631428049315e-05
1992,2.8949187568491765e-05
1993,7.639847076448331e-05
1994,0.00015493166675344046
1995,3.2832661307239465e-05
1996,1.1903442735973037e-05
1997,1.9701531379482796e-06
1998,1.5768015778516462e-05
1999,9.064195878918751e-07
2000,3.08952167712862e-06
2001,2.4420430365114378e-05
2002,2.8638297407765024e-05
2003,5.1699839138381205e-06
2004,1.1657463000347894e-05
2005,7.855409156730209e-05
2006,1.574820852101724e-05
2007,1.8460090098661703e-06
2008,1.8460090098661703e-06
2009,1.8460090098661703e-06
2010,1.8460090098661703e-06
2011,1.6790333572635646e-05
2012,0.00017285399619782515
2013,1.0273732253466651e-05
2014,4.11692903617539e-06
2015,7.04087630940213e-06
2016,5.9578163179621546e-05
2017,3.889663216446158e-06
2018,3.6863941980471885e-05
2019,6.312135066135521e-05
2020,2.5345955738682367e-05
2021,2.5178919391819344e-06
2022,2.1744228134562504e-06
2023,7.320106579258368e-05
2024,8.541984503752826e-05
2025,2.2659306090255553e-05
2026,1.102911624623662e-05
2027,1.0690409316013989e-06
2028,1.763317027055864e-05
2029,1.5184303886900172e-05
2030,4.166458964589429e-05
2031,1.1445049771455828e-05
2032,5.1925108161032677e-05
2033,0.00010985480086992788
2034,3.900378009752e-05
2035,1.1695172375991367e-05
2036,9.096118950806348e-05
2037,2.1145056985208625e-06
2038,1.8818745302739828e-05
2039,7.548761950666645e-06
2040,2.572710821145036e-05
2041,1.377546840990069e-05
2042,2.9096284867854458e-05
2043,6.632624483857994e-06
2044,4.501681397755068e-05
2045,3.697725651945142e-05
2046,0.000247102671301471
2047,2.0414375432653513e-05
2048,1.4168278080111728e-05
2049,1.1663973207448035e-05
2050,0.00017846980805418414
2051,5.791375776054895e-06
2052,1.1062235787129467e-05
2053,2.7152407670445992e-05
2054,1.4485552592580338e-05
2055,3.845871898006274e-05
2056,4.9482265160818365e-06
2057,1.9546854292914827e-05
2058,5.1026798871827863e-05
2059,9.318008668577259e-06
2060,3.946442858425871e-07
2061,1.763317027055864e-05
2062,7.682893847554348e-06
2063,1.763317027055864e-05
2064,2.834078365345221e-06
2065,2.889334277513483e-05
2066,1.9766402380370655e-05
2067,4.073983997847451e-06
2068,1.1995280057508101e-05
2069,5.87372714185062e-05
2070,1.0700875383419456e-05
2071,1.5217656917777877e-05
2072,0.0010443847980453195
2073,6.347358204061206e-06
2074,0.0001418776427020002
2075,3.9769166304461865e-05
2076,5.504856020301394e-05
2077,1.2508986890623746e-06
2078,6.9394427988923505e-06
2079,0.00012704967293635772
2080,9.844233795786024e-06
2081,4.816207041740651e-08
2082,1.7256637679571568e-06
2083,8.496201293294165e-05
2084,7.548761950666645e-06
2085,0.00010837190201289691
2086,2.1392548198098208e-05
2087,8.044983864212406e-05
2088,4.981564972618174e-05
2089,3.508722949388758e-05
2090,7.462712785694299e-05
2091,1.6452166147152925e-05
2092,5.5338467056771884e-05
2093,7.124176368197579e-06
2094,3.409719701304325e-05
2095,8.383307439714217e-05
2096,4.983428830864382e-06
2097,4.57653145421917e-05
2098,2.8483417257409518e-06
2099,4.318728061330904e-09
2100,4.364076816536447e-06
2101,2.6208882855741923e-05
2102,6.03146442030491e-06
2103,3.5606009976195343e-05
2104,1.2752228797459337e-05
2105,2.889334277513483e-05
2106,0.0003377526843936475
2107,7.723741200480837e-05
2108,1.4806154910560606e-05
2109,9.753342826225269e-05
2110,4.1301449577322795e-05
2111,8.851037022999384e-06
2112,7.063549449832523e-07
2113,0.00010144691436372931
2114,5.6092409288929616e-05
2115,3.0121203061645e-05
2116,2.7100590743282882e-05
2117,4.351421408883622e-05
2118,8.244613255882126e-06
2119,9.006527703519867e-07
2120,4.7903693743577333e-05
2121,1.6685613070036195e-05
2122,3.737112515487632e-05
2123,2.261025272566706e-05
2124,4.081953044758512e-06
2125,1.763317027055864e-05
2126,1.1106870906897075e-05
2127,1.4579916707818401e-05
2128,1.438262506160836e-05
2129,3.2743124031443585e-06
2130,5.1513559581899345e-05
2131,5.377591186363026e-06
2132,0.00011166810150480287
2133,8.452364503512109e-06
2134,0.00022443095492110662
2135,1.1362629363803434e-05
2136,5.167543924003077e-06
2137,4.8253934707558444e-05
2138,2.2337444774864813e-05
2139,0.00024325563655238524
2140,2.0457038571064346e-05
2141,1.6723997866334754e-05
2142,9.318008668577259e-06
2143,8.780644174654242e-06
2144,2.281031480898381e-06
2145,2.8951839345193288e-05
2146,1.4947297656023093e-05
2147,1.369814157940644e-05
2148,1.369814157940644e-05
2149,3.926932658725384e-05
2150,6.830633588881178e-06
2151,2.889334277513483e-05
2152,5.087129112250112e-05
2153,4.237703933943779e-05
2154,0.00018388767268344257
2155,4.184000617437492e-05
2156,1.4782810473594473e-05
2157,2.6803962941149054e-05
2158,4.081953044758512e-06
2159,1.1836670161158395e-05
2160,7.548761950666645e-06
2161,1.1997764685598476e-05
2162,5.469711135728868e-06
2163,2.1387705281014834e-05
2164,1.2322569890372169e-05
2165,4.7903693743577333e-05
2166,0.00011080292758636014
2167,2.3668985640244398e-07
2168,2.6232464898206492e-05
2169,6.306632850805595e-06
2170,0.00014816703992706807
2171,2.4546678455173602e-06
2172,3.6854845048586053e-06
2173,3.5269775774162266e-05
2174,2.524335498585623e-05
2175,5.606493715984668e-06
2176,6.193499748701765e-06
2177,4.0063190858350506e-05
2178,4.977693261306283e-05
2179,5.704201043732767e-05
2180,4.7260543603073076e-05
2181,4.721706381822767e-06
2182,2.8956640013554796e-05
2183,4.305506070831409e-06
2184,1.1445049771455828e-05
2185,2.1744228134562504e-06
2186,4.085985549326954e-06
2187,0.0007809186135458326
2188,2.8651832717260435e-05
2189,1.344962458865517e-05
2190,3.8014630231281556e-05
2191,6.066076963431803e-06
2192,4.034233822282108e-06
2193,5.819100281622349e-06
2194,9.318008668577259e-06
2195,0.0006304043589151189
2196,2.6232464898206492e-05
2197,2.7471378098867538e-05
2198,1.3439470220033674e-05
2199,5.3517945549682185e-06
2200,6.278459178764049e-05
2201,3.6824056816074433e-05
2202,1.7905032155057229e-06
2203,3.192818395344847e-05
2204,6.193499748701765e-06
2205,2.5178919391819344e-06
2206,1.2012339057092098e-05
2207,9.318008668577259e-06
2208,1.2985470309657638e-05
2209,2.034074893048985e-05
2210,2.2663656326276875e-05
2211,5.0143529832737936e-05
2212,4.697749825641526e-05
2213,1.9693805216319446e-05
2214,0.00021072265541299476
2215,4.223512266542004e-05
2216,4.539688628282593e-06
2217,0.00018812894238530862
2218,4.806067479329669e-05
2219,2.6747354687992152e-05
2220,9.661894378058747e-05
2221,4.280657548787675e-05
2222,2.1510576379845913e-05
2223,1.113194098409082e-05
2224,2.1889635175949354e-05
2225,2.4897110597926443e-05
2226,5.9117501360328634e-06
2227,8.078647753978004e-05
2228,1.5750822628059388e-05
2229,1.3130183076319016e-06
2230,7.730726209141477e-05
2231,2.253332882031731e-05
2232,1.9484070048204875e-05
2233,7.980926538040998e-05
2234,4.562484694210718e-05
2235,9.760014301629786e-06
2236,1.0377534339301461e-05
2237,2.270282098024166e-06
2238,3.408095316331361e-05
2239,3.677236689887333e-05
2240,9.736558757118512e-06
2241,6.36752979097114e-06
2242,0.00029253647903136994
2243,2.8483417257409518e-06
2244,2.7320767749329143e-06
2245,2.024554190520184e-05
2246,6.470801184495287e-05
2247,0.00040560923821943417
2248,7.661224872598443e-05
2249,2.567756127444846e-06
2250,4.309965969035995e-05
2251,1.3510556190963273e-06
2252,5.467980504036072e-05
2253,2.0595248104140902e-05
2254,1.983676114667277e-05
2255,1.763317027055864e-05
2256,2.7940978460219836e-06
2257,1.3510556190963273e-06
2258,7.1469930078055945e-06
2259,2.67705202093828e-05
2260,0.0008070290977571657
2261,5.113682298881741e-06
2262,1.21175477575703e-05
2263,9.273329360391642e-06
2264,1.6452166147152925e-05
2265,7.019676581212095e-07
2266,4.842035380334198e-06
2267,9.006527703519867e-07
2268,1.4571977729669638e-05
2269,2.0963606895687496e-05
2270,4.8062581530261184e-06
2271,1.99154245497681e-05
2272,7.04087630940213e-06
2273,0.0002792594888626474
2274,2.4199374356353516e-06
2275,3.172312495002965e-06
2276,0.0001758325207597292
2277,0.0004134213121592276
2278,0.0004931849788085131
2279,0.00016487944983908804
2280,1.2085578189964074e-05
2281,1.5818426894841972e-05
2282,0.00019659675902970516
2283,0.00032247123276329335
2284,4.559235346321411e-05
2285,2.5178919391819344e-06
2286,4.0399021667871765e-05
2287,1.983676114667277e-05
2288,6.807153939081614e-06
2289,2.8483417257409518e-06
2290,7.505313940780551e-06
2291,8.441749167353719e-06
2292,5.590831231504777e-06
2293,0.00014807291750190238
2294,2.889334277513483e-05
2295,8.540782374416156e-05
2296,8.339856419006043e-06
2297,1.5818426894841972e-05
2298,6.882530697891326e-05
2299,2.2324974131249506e-05
2300,4.737750537803208e-05
2301,9.903911426043947e-06
2302,2.4494381572032674e-05
2303,0.00012656619405700204
2304,0.00019638381123138776
2305,3.447757890395385e-05
2306,1.7003310126164444e-05
2307,0.00102270934840234
2308,6.110151509903756e-05
2309,1.868288809865272e-05
2310,0.0005186348798781442
2311,5.029250761221413e-07
2312,8.642916276152456e-07
2313,0.00010358183945877534
2314,2.7548191730503857e-05
2315,1.1234078322616408e-05
2316,1.1040239824710453e-05
2317,6.230287218058137e-05
2318,4.19786478823539e-05
2319,2.2077851613907315e-08
2320,0.0003485078293650836
2321,4.618144218031754e-05
2322,2.1307483297458105e-05
2323,0.0002892456679270486
2324,1.7748826500403257e-05
2325,6.3391743123908195e-06
2326,5.167543924003077e-06
2327,1.8847556728197835e-05
2328,1.8742060499570988e-05
2329,6.148863515678903e-05
2330,4.1662078279670264e-05
2331,3.187501997175614e-05
2332,3.367122987356735e-06
2333,1.1152414258539597e-05
2334,2.1307483297458105e-05
2335,2.510540268521244e-05
2336,1.203531847783101e-05
2337,7.402485171745182e-06
2338,2.367078534237595e-05
2339,6.0007079411050106e-05
2340,1.092057938326124e-06
2341,2.7835340144782404e-05
2342,1.0948484236713208e-05
2343,8.223375994034031e-05
2344,0.0003356142107259037
2345,9.89800748622995e-06
2346,4.289577941871234e-05
2347,8.461195848300982e-06
2348,3.6440767029288104e-05
2349,1.8581267500807902e-05
2350,0.0001272012740492903
2351,2.9337027782981557e-05
2352,2.5826453593806244e-06
2353,1.8684495982426214e-05
2354,1.4780495544012343e-05
2355,9.370884516404322e-05
2356,9.983179633554033e-06
2357,0.00010709730119967585
2358,3.557647071549596e-05
2359,3.1480761908936993e-05
2360,8.18763536864292e-06
2361,3.2446151946335693e-06
2362,1.9766402380370655e-05
2363,5.03774176643326e-05
2364,1.2859160646836952e-05
2365,1.940385137655528e-05
2366,4.687336814084638e-06
2367,2.07697428397212e-05
2368,4.758563856264241e-06
2369,1.4525491265732647e-05
2370,2.1232749358838473e-05
2371,4.721706381822767e-06
2372,1.0419316881349636e-05
2373,2.7565363963386534e-05
2374,1.369814157940644e-05
2375,1.0213215316709365e-05
2376,3.539311530167583e-06
2377,1.0213215316709365e-05
2378,1.8942998186870606e-06
2379,0.00013092698153691995
2380,4.687336814084638e-06
2381,1.983676114667277e-05
2382,4.448979782219974e-05
2383,1.763317027055864e-05
2384,6.092489223458789e-05
2385,1.5996734644042493e-05
2386,1.2504365465339304e-05
2387,4.276963836550679e-05
2388,2.1744228134562504e-06
2389,5.589737259789336e-05
2390,4.8062581530261184e-06
2391,1.438262506160836e-05
2392,2.889334277513483e-05
2393,8.865359047952257e-06
2394,0.00012881449040028214
2395,1.594378969575964e-05
2396,4.508135920825525e-05
2397,1.6984012151060729e-06
2398,3.6638880243045436e-05
2399,2.792859873865902e-05
2400,0.0001461061529070369
2401,1.3932183295821414e-05
2402,1.5805034127394492e-05
2403,3.6817906656745086e-05
2404,7.226360711145934e-06
2405,1.2668639946208822e-05
2406,3.749977302443693e-05
2407,5.6984275635461526e-05
2408,4.573178898573964e-05
2409,1.3395800056580335e-05
2410,2.6205671559562687e-05
2411,7.86375023253337e-06
2412,2.4825614686069284e-05
2413,4.754748103679141e-06
2414,1.3239210500608966e-05
2415,1.9756906355571455e-05
2416,6.533037179739474e-06
2417,1.1619508747012669e-05
2418,2.5515775695340235e-05
2419,1.0213215316709365e-05
2420,1.1050065501815846e-05
2421,9.360161008768145e-06
2422,2.533755122174504e-05
2423,1.3439470220033674e-05
2424,0.0004269887937006164
2425,2.3703869833611382e-05
2426,0.00017741169619280822
2427,1.0746372353168317e-05
2428,2.6504454244978155e-05
2429,6.115777068064974e-06
2430,4.3627880727263615e-05
2431,7.009694715600637e-06
2432,5.574238617669124e-06
2433,6.61166667575323e-07
2434,1.0377534339301461e-05
2435,0.00017159569449589924
2436,1.589826103188801e-05
2437,0.0002533406539370506
2438,9.7950553838749e-06
2439,3.4317371213177497e-05
2440,2.7330563572308044e-05
2441,1.2547158450459412e-05
2442,4.13449848979062e-05
2443,1.2547158450459412e-05
2444,0.0002780337349061597
2445,2.39372234713232e-05
2446,6.026078793470719e-05
2447,1.1863193057143497e-05
2448,8.779840414085029e-06
2449,3.1279954526327936e-05
2450,0.00013259884438059137
2451,1.5525710901255677e-05
2452,3.926828147199314e-05
2453,8.881973286371031e-06
2454,1.8868111523841994e-06
2455,2.1744228134562504e-06
2456,5.819100281622349e-06
2457,9.359701929606306e-05
2458,6.879364539130577e-06
2459,1.291073500745475e-05
2460,2.212503139575054e-05
2461,2.3529087249633738e-05
2462,1.1925938141676377e-05
2463,0.0001501827697763058
2464,1.0377534339301461e-05
2465,1.3841223868739934e-05
2466,3.536152303342404e-05
2467,7.973305883406664e-06
2468,3.076155046637559e-05
2469,1.6452166147152925e-05
2470,3.639916507076904e-05
2471,1.1152414258539597e-05
2472,5.016987751778918e-05
2473,0.00017678829676828195
2474,8.76664707087132e-05
2475,1.1863193057143497e-05
2476,2.7194287882615994e-05
2477,3.309667459598288e-05
2478,7.826144026318789e-06
2479,5.3763478316447566e-05
2480,7.795624630076884e-06
2481,9.983179633554033e-06
2482,0.00012325744964452356
2483,4.983428830864382e-06
2484,8.710795972996155e-06
2485,1.3439470220033674e-05
2486,1.1918676508060773e-05
2487,5.776701955397867e-05
2488,8.742573981501265e-05
2489,6.306632850805595e-06
2490,2.8959463006578768e-05
2491,0.00012204890855349529
2492,4.77625895809342e-05
2493,0.00011299629489399026
2494,1.711751513265184e-05
2495,5.8015275827406725e-05
2496,2.5457024326321722e-05
2497,1.8805946600225752e-05
2498,8.630303633572248e-06
2499,3.606789292067149e-05
2500,2.9018768682095036e-05
2501,2.4199374356353516e-06
2502,1.1542505250732856e-05
2503,2.5341379931947438e-05
2504,1.0924115674501308e-05
2505,1.4237929163953871e-05
2506,1.1187858695687232e-05
2507,1.8847850913211946e-05
2508,0.00010102275873544917
2509,7.282700750580876e-05
2510,4.758563856264241e-06
2511,7.741934995402084e-05
2512,0.00028862975767295334
2513,4.396375462572564e-05
2514,4.863247103981692e-05
2515,0.0007140648762024718
2516,4.11692903617539e-06
2517,6.03146442030491e-06
2518,6.03146442030491e-06
2519,1.8936221026801777e-06
2520,7.633960108578834e-05
2521,3.223478423162025e-06
2522,9.883460640919919e-06
2523,2.8315417641350088e-05
2524,5.364575081385243e-05
2525,1.0976766595274669e-05
2526,9.318008668577259e-06
2527,4.013313461665609e-06
2528,1.5383518406001088e-05
2529,1.0341492697675664e-05
2530,6.03146442030491e-06
2531,5.167543924003077e-06
2532,1.1997764685598476e-05
2533,2.101723117590716e-05
2534,2.3147390505172322e-06
2535,1.8646942190193683e-05
2536,2.636678152561526e-05
2537,1.8581267500807902e-05
2538,3.646874802707865e-06
2539,1.2939689261927994e-05
2540,4.5482636554757394e-05
2541,2.9989608781965804e-05
2542,1.5966471623584003e-09
2543,1.6142641307016296e-05
2544,5.77606256754557e-05
2545,2.8599298038882866e-06
2546,3.646874802707865e-06
2547,1.1106870906897075e-05
2548,4.211126742942504e-05
2549,8.28663599998875e-06
2550,2.270282098024166e-06
2551,7.548761950666645e-06
2552,4.210206099968472e-05
2553,0.00013697799165303688
2554,5.469711135728868e-06
2555,2.900311323100914e-05
2556,2.279887060561325e-06
2557,4.081953044758512e-06
2558,4.11692903617539e-06
2559,3.5517004061818853e-06
2560,9.360161008768145e-06
2561,3.235593497957938e-05
2562,4.681375912419083e-07
2563,5.4232682879911735e-05
2564,1.2967004198100566e-05
2565,6.391459276503222e-05
2566,2.127608035902596e-05
2567,3.3781226848873135e-05
2568,1.1995280057508101e-05
2569,0.0001171674550020518
2570,9.387262096944817e-05
2571,1.2502128903267543e-05
2572,4.5642877980907465e-06
2573,8.2191673713062e-05
2574,1.2451007501704985e-05
2575,1.56237812375348e-05
2576,1.4179923520183977e-05
2577,1.66801693039325e-05
2578,5.825669657649202e-05
2579,9.42956046155301e-06
2580,8.297325849297767e-06
2581,2.279887060561325e-06
2582,7.293191880507838e-06
2583,1.2857782005483696e-05
2584,4.361463544814087e-07
2585,2.7100590743282882e-05
2586,6.573110258009872e-05
2587,2.304678765508851e-06
2588,3.309667459598288e-05
2589,3.889663216446158e-06
2590,7.795624630076884e-06
2591,7.124176368197579e-06
2592,2.472446640117757e-05
2593,1.5070411850590818e-05
2594,1.4071713121313116e-05
2595,1.5070411850590818e-05
2596,4.758563856264241e-06
2597,9.983179633554033e-06
2598,0.00014533777845108576
2599,0.00020663128128934984
2600,3.358138404917287e-05
2601,4.7641157993465865e-06
2602,1.0976766595274669e-05
2603,3.215704599639688e-05
2604,4.11692903617539e-06
2605,8.28663599998875e-06
2606,2.0606425709841903e-06
2607,1.66801693039325e-05
2608,6.589552189728345e-06
2609,5.090491525130026e-06
2610,7.009694715600637e-06
2611,8.491704704360493e-06
2612,1.6974711041659085e-05
2613,8.154043077987037e-05
2614,4.531044181113482e-06
2615,1.5217656917777877e-05
2616,3.5606009976195343e-05
2617,1.7734429657929072e-07
2618,3.725345396746005e-05
2619,5.510935341068495e-06
2620,4.888676822611324e-05
2621,4.531151615121866e-05
2622,8.235441474826674e-05
2623,5.45127994303658e-06
2624,9.974893963047752e-05
2625,5.2946251810429825e-06
2626,2.0549076217869553e-05
2627,0.00015237083544966624
2628,0.0002699526191557545
2629,6.487252845594023e-05
2630,2.98737211413672e-06
2631,0.00020647608671713776
2632,3.869217156195683e-05
2633,1.2504365465339304e-05
2634,7.682893847554348e-06
2635,2.4139773424162623e-05
2636,3.6338396511195733e-06
2637,2.590536458695729e-06
2638,7.351019792492224e-06
2639,1.2256602613069663e-05
2640,1.4804205694828154e-07
2641,0.00014982836557711742
2642,1.658495497062072e-05
2643,1.2085578189964074e-05
2644,3.43246035509804e-05
2645,0.0004602929665353018
2646,3.579259214609329e-05
2647,1.6044078662944686e-05
2648,1.4103502128224214e-05
2649,1.0419316881349636e-05
2650,3.869217156195683e-05
2651,9.378702025036787e-05
2652,2.767691883844998e-05
2653,9.360161008768145e-06
2654,0.00010624879908875485
2655,4.954797738300983e-06
2656,7.682893847554348e-06
2657,9.000464669336729e-06
2658,1.1106870906897075e-05
2659,6.625367049185929e-05
2660,2.0606425709841903e-06
2661,7.724433386452109e-05
2662,1.56237812375348e-05
2663,8.557481573309837e-05
2664,1.6170689199149e-05
2665,1.5668393056950543e-05
2666,0.0002882208211716372
2667,4.170085057168363e-06
2668,7.351019792492224e-06
2669,3.4976523043016096e-05
2670,1.2752228797459337e-05
2671,1.1695172375991367e-05
2672,0.00020256762398023517
2673,1.4274764853756484e-05
2674,7.329428962093246e-06
2675,7.548761950666645e-06
2676,3.172312495002965e-06
2677,8.401466837236018e-05
2678,5.16508523954363e-06
2679,1.357636909726148e-06
2680,2.6232464898206492e-05
2681,1.1663973207448035e-05
2682,2.2702403763640446e-05
2683,2.5345955738682367e-05
2684,0.00017352362057112422
2685,1.7243156727276225e-05
2686,2.1747521375337708e-06
2687,4.954797738300983e-06
2688,9.883460640919919e-06
2689,1.2972761298625185e-05
2690,1.128061277732567e-05
2691,1.369814157940644e-05
2692,3.926828147199314e-05
2693,2.5457024326321722e-05
2694,5.188972090673147e-05
2695,1.4074003782247642e-05
2696,0.0002720029393396741
2697,1.369814157940644e-05
2698,5.479803968277272e-05
2699,1.1106870906897075e-05
2700,1.3275898473646204e-08
2701,0.00014482909826940622
2702,4.56989745553059e-05
2703,7.44955484003283e-05
2704,0.0002209400757332022
2705,0.00010195320701668284
2706,6.461632761951005e-05
2707,0.00013710664875093046
2708,1.7003310126164444e-05
2709,1.8805946600225752e-05
2710,8.851037022999384e-06
2711,1.2699059190831717e-05
2712,0.00017876667193616018
2713,1.357636909726148e-06
2714,1.09231490319743e-05
2715,3.579259214609329e-05
2716,1.763317027055864e-05
2717,0.0002814017388973533
2718,2.350153789067077e-06
2719,0.00015206161511788238
2720,3.1571674777210656e-05
2721,2.6366617112429715e-05
2722,0.0003558475997306094
2723,1.4804205694828154e-07
2724,2.0231258384286043e-05
2725,3.54898591020141e-06
2726,1.8974895579305917e-05
2727,7.86375023253337e-06
2728,3.919953362856588e-06
2729,1.5597427615731944e-05
2730,7.86375023253337e-06
2731,6.879364539130577e-06
2732,0.00027389154072894357
2733,0.00035386946237275064
2734,1.419003048345428e-06
2735,3.204959376288487e-05
2736,3.926828147199314e-05
2737,6.596847226455337e-05
2738,1.9496757374554444e-05
2739,2.7088526775520514e-06
2740,1.625152709310666e-05
2741,1.1439436660058208e-05
2742,3.8212622591306986e-05
2743,3.703355474473279e-05
2744,2.5457024326321722e-05
2745,2.5409458264529133e-06
2746,4.825792027104425e-05
2747,1.634994038941602e-05
2748,3.018585514062808e-06
2749,0.0001348085200200808
2750,8.230701603348157e-05
2751,2.270282098024166e-06
2752,6.670089098845413e-05
2753,5.790713504519603e-05
2754,4.754748103679141e-06
2755,5.263784271279415e-05
2756,9.253828378890005e-06
2757,7.1063867990134775e-06
2758,7.749559105333016e-07
2759,5.7810831184733465e-05
2760,2.4418134013213703e-05
2761,4.319218366183068e-05
2762,4.754748103679141e-06
2763,0.0003207665120064248
2764,4.754748103679141e-06
2765,1.6685613070036195e-05
2766,2.1145056985208625e-06
2767,1.8460090098661703e-06
2768,4.543604384377828e-05
2769,1.462222241583002e-05
2770,3.889663216446158e-06
2771,1.4571977729669638e-05
2772,2.1083274392483527e-07
2773,0.00015265994686831913
2774,1.0331353779356072e-05
2775,1.1663973207448035e-05
2776,7.548761950666645e-06
2777,3.921231089405238e-06
2778,1.8460090098661703e-06
2779,2.900311323100914e-05
2780,1.8581267500807902e-05
2781,1.8024136615215226e-05
2782,1.1152414258539597e-05
2783,1.6723997866334754e-05
2784,4.081953044758512e-06
2785,1.8942998186870606e-06
2786,1.832563557451777e-05
2787,1.8567505637338847e-05
2788,2.324106206228486e-05
2789,1.2547158450459412e-05
2790,2.927653805636633e-05
2791,0.0001222885870957443
2792,7.65439688810413e-06
2793,3.543302466457338e-05
2794,2.3079566049958632e-05
2795,2.0885888338238508e-05
2796,6.314389786335321e-05
2797,8.881973286371031e-06
2798,1.1152414258539597e-05
2799,7.730423637704893e-05
2800,8.339856419006043e-06
2801,4.170085057168363e-06
2802,1.1988169966819532e-05
2803,0.0002255623346829777
2804,5.606493715984668e-06
2805,1.904707716194017e-05
2806,9.263726349490309e-06
2807,2.0457038571064346e-05
2808,2.1822747355327816e-05
2809,3.4499073344353434e-05
2810,0.00011798090868626796
2811,1.5220156302313814e-05
2812,5.2527930871766144e-05
2813,1.9179373785727922e-05
2814,1.5110544139588908e-05
2815,0.00023207501277165292
2816,0.00012659616814661055
2817,6.608946340032771e-05
2818,7.094991720747521e-05
2819,0.00012413928324959853
2820,3.323711592312758e-06
2821,1.5217656917777877e-05
2822,1.6317084700870212e-05
2823,3.489693626393209e-06
2824,2.8557869200918555e-06
2825,2.172899659165772e-06
2826,1.6709694019828036e-05
2827,2.5341379931947438e-05
2828,4.1551554385340534e-05
2829,2.257859274798186e-05
2830,0.00014483227281882993
2831,1.5334208349073928e-05
2832,7.848006266301426e-06
2833,8.26509631161632e-06
2834,0.00010066443191258938
2835,1.896148335916231e-05
2836,1.2859160646836952e-05
2837,1.8942998186870606e-06
2838,3.869217156195683e-05
2839,3.172312495002965e-06
2840,4.4129376475132865e-05
2841,3.3334057599760894e-06
2842,0.00013482749548784925
2843,6.39789578432483e-08
2844,9.344202224816491e-06
2845,1.7956976682478317e-05
2846,0.0002492034510029712
2847,4.889758906766653e-05
2848,9.263726349490309e-06
2849,9.887598778274448e-06
2850,1.1282192053467803e-05
2851,0.0004953841389354223
2852,5.086858280616957e-05
2853,3.625358154307142e-05
2854,4.2146495098723255e-05
2855,1.737039905029174e-06
2856,1.2857782005483696e-05
2857,1.3285333049837459e-05
2858,3.8793995676887895e-05
2859,6.168519045654191e-06
2860,2.6939016478597242e-05
2861,3.7259482505932196e-06
2862,6.409591385179783e-05
2863,1.1204600872324263e-05
2864,1.0725778943555075e-05
2865,6.8012151300323124e-06
2866,2.5441661411517968e-05
2867,7.04087630940213e-06
2868,2.7953744947774794e-05
2869,3.988857592600109e-05
2870,2.1819089933067963e-05
2871,8.857738056129121e-05
2872,7.04087630940213e-06
2873,1.1688846761490363e-05
2874,5.659867290427026e-06
2875,1.8140551401805054e-05
2876,8.865359047952257e-06
2877,7.257293568992134e-06
2878,4.983428830864382e-06
2879,7.036205428981813e-05
2880,0.0004296439192736196
2881,1.66801693039325e-05
2882,5.551826255782104e-06
2883,0.00010025425486285857
2884,3.2314678642007805e-06
2885,9.566730004973237e-05
2886,9.753306518785305e-06
2887,6.076666691901281e-06
2888,2.097404340523741e-06
2889,7.063549449832523e-07
2890,4.646086757607567e-06
2891,2.79277619416011e-06
2892,1.983676114667277e-05
2893,2.7149084543122447e-06
2894,1.1152414258539597e-05
2895,2.557838228476347e-06
2896,4.807632222904557e-06
2897,3.919953362856588e-06
2898,3.3354334871331104e-05
2899,1.1657463000347894e-05
2900,1.4804205694828154e-07
2901,5.848254563965064e-05
2902,4.445483802504089e-06
2903,1.1836670161158395e-05
2904,3.579259214609329e-05
2905,1.369814157940644e-05
2906,1.8667014493856614e-06
2907,1.7134542985444647e-06
2908,2.0435122645013686e-05
2909,2.861381780650952e-05
2910,9.515108067451576e-06
2911,6.9394427988923505e-06
2912,2.4662631681292474e-05
2913,1.2508986890623746e-06
2914,1.1657463000347894e-05
2915,1.18451969430826e-05
2916,3.367122987356735e-06
2917,2.4566019606804907e-05
2918,0.00015579028570538713
2919,2.4847008323275088e-05
2920,7.698525158811343e-06
2921,3.941547376600788e-05
2922,1.9971688459737037e-05
2923,3.926828147199314e-05
2924,1.4335623204532013e-07
2925,1.242240991887057e-05
2926,4.003498961886676e-05
2927,0.00016438248651967665
2928,5.324929442102315e-05
2929,7.505313940780551e-06
2930,1.631344751618559e-05
2931,0.00013222115174807308
2932,3.309667459598288e-05
2933,2.6232464898206492e-05
2934,6.294295890561583e-06
2935,3.579259214609329e-05
2936,4.220859360306486e-05
2937,5.480405858776192e-07
2938,3.309667459598288e-05
2939,3.080654430191315e-05
2940,0.00024573855793895015
2941,3.646874802707865e-06
2942,1.2547158450459412e-05
2943,1.2085578189964074e-05
2944,5.11208112111981e-05
2945,3.309667459598288e-05
2946,1.763317027055864e-05
2947,1.1176711540255159e-05
2948,1.4745538037403693e-05
2949,1.0952789725319169e-05
2950,6.326783268710231e-05
2951,8.494995236017483e-06
2952,2.2949993065131104e-06
2953,2.095093723791633e-05
2954,8.363464354857611e-06
2955,6.7349596039378535e-06
2956,3.2673845683897887e-05
2957,1.9756906355571455e-05
2958,6.930906604973802e-05
2959,1.1925938141676377e-05
2960,3.7160634000884236e-06
2961,1.9004063843858377e-07
2962,1.3134904472174987e-05
2963,2.569745318314875e-05
2964,2.8611944155760197e-05
2965,1.9756906355571455e-05
2966,2.1744228134562504e-06
2967,2.324106206228486e-05
2968,1.2502128903267543e-05
2969,8.779840414085029e-06
2970,7.761474649811212e-05
2971,2.76321957772788e-05
2972,1.2859160646836952e-05
2973,1.369814157940644e-05
2974,3.197007371508808e-06
2975,1.6723997866334754e-05
2976,3.367122987356735e-06
2977,2.5798193606812087e-05
2978,2.4139773424162623e-05
2979,2.0231258384286043e-05
2980,0.0004317591577981568
2981,6.784292077741517e-06
2982,4.9776843899915374e-05
2983,1.8024136615215226e-05
2984,1.0332946556311193e-07
2985,3.4536587286922655e-05
2986,9.713047208003366e-05
2987,0.0001809782805920141
2988,5.255304396475011e-07
2989,7.019676581212095e-07
2990,2.4662631681292474e-05
2991,0.0001426582111393488
2992,3.223478423162025e-06
2993,7.65439688810413e-06
2994,6.078269422647619e-05
2995,1.56237812375348e-05
2996,1.9766402380370655e-05
2997,4.717817132719374e-06
2998,8.058026085342946e-05
2999,3.8659350327565843e-07
3000,1.1750246768616656e-06
3001,2.2777413492886174e-05
3002,0.00014950828843455255
3003,4.9131166243979826e-05
3004,1.763317027055864e-05
3005,3.92115794706462e-05
3006,1.6797119349840586e-06
3007,2.2225923163577746e-06
3008,1.7003961990392788e-06
3009,0.00011144776733319036
3010,5.034685842198182e-05
3011,7.351369870625431e-05
3012,2.5341379931947438e-05
3013,0.0004965290753552442
3014,2.7682063177901076e-05
3015,4.754748103679141e-06
3016,4.138122061633402e-05
3017,1.09231490319743e-05
3018,1.8805946600225752e-05
3019,2.5409458264529133e-06
3020,2.102987914936156e-06
3021,3.498728897313904e-05
3022,1.91373731652875e-05
3023,2.0389030618798876e-05
3024,1.42288407137887e-07
3025,5.550027552830193e-06
3026,1.3304788159228017e-05
3027,0.0004781494455238195
3028,6.589552189728345e-06
3029,1.4950284888789076e-05
3030,3.8659350327565843e-07
3031,7.659336312576014e-05
3032,4.54437615865241e-06
3033,6.507604661340709e-05
3034,1.0332946556311193e-07
3035,1.2451007501704985e-05
3036,7.04087630940213e-06
3037,3.889663216446158e-06
3038,7.325903801898597e-06
3039,3.9604956208622186e-05
3040,1.577955613586142e-06
3041,2.6232464898206492e-05
3042,6.784148142306159e-06
3043,1.0924115674501308e-05
3044,2.7911491191413743e-06
3045,1.983676114667277e-05
3046,1.369814157940644e-05
3047,4.200484154866769e-06
3048,4.88001542070682e-06
3049,6.7349596039378535e-06
3050,4.318728061330904e-09
3051,1.2547158450459412e-05
3052,8.865359047952257e-06
3053,2.1541844940408604e-05
3054,3.080654430191315e-05
3055,5.637976846777472e-06
3056,3.8061314985804096e-05
3057,6.187527430052336e-06
3058,1.13896481501902e-05
3059,1.369814157940644e-05
3060,1.8175844473549216e-05
3061,2.900311323100914e-05
3062,7.65439688810413e-06
3063,1.622175079843864e-05
3064,5.029250761221413e-07
3065,1.1282192053467803e-05
3066,1.1106870906897075e-05
3067,9.255783930672972e-07
3068,7.548761950666645e-06
3069,2.9344327985856613e-05
3070,9.983179633554033e-06
3071,3.6782712105461664e-06
3072,2.9658433015577584e-05
3073,2.569745318314875e-05
3074,4.865037415157699e-05
3075,8.642916276152456e-07
3076,6.879364539130577e-06
3077,4.8775511511956875e-05
3078,2.900439593488112e-05
3079,4.712418813254684e-06
3080,4.3237933738757415e-05
3081,2.050514546180153e-06
3082,2.6561922325278466e-06
3083,7.351019792492224e-06
3084,9.74986566672189e-06
3085,4.085985549326954e-06
3086,1.0991002387294113e-05
3087,2.3765283885415858e-06
3088,9.534538058441071e-05
3089,1.1695172375991367e-05
3090,0.0001367997745683902
3091,4.0486025396902156e-05
3092,8.881973286371031e-06
3093,1.0750650353866867e-05
3094,6.811917815161838e-05
3095,6.580202913519124e-05
3096,3.54898591020141e-06
3097,1.113194098409082e-05
3098,2.3007709417884065e-05
3099,8.297325849297767e-06
3100,6.518986045768266e-06
3101,8.18763536864292e-06
3102,1.8885149255274345e-05
3103,2.0268936733684357e-05
3104,2.9705135966871704e-05
3105,3.726055405653195e-06
3106,1.2504365465339304e-05
3107,1.1121284539470845e-05
3108,2.763295902925167e-05
3109,2.9658433015577584e-05
3110,9.06989676247892e-05
3111,3.579259214609329e-05
3112,3.7167128957897195e-05
3113,0.00013158506878375146
3114,9.983179633554033e-06
3115,3.097660102658301e-05
3116,2.7655652679209688e-05
3117,1.4336316543658377e-05
3118,2.6232464898206492e-05
3119,7.009694715600637e-06
3120,2.1744228134562504e-06
3121,1.7261829276003531e-06
3122,2.097404340523741e-06
3123,0.00010951840361907037
3124,1.5845526237844237e-06
3125,2.0549076217869553e-05
3126,1.2547158450459412e-05
3127,2.3841957788260876e-06
3128,2.4662631681292474e-05
3129,7.274616059634225e-05
3130,1.8140551401805054e-05
3131,3.0495527855264824e-06
3132,0.00010404652543845857
3133,8.318253454725052e-05
3134,8.710795972996155e-06
3135,2.399528956949124e-05
3136,2.2274365835628335e-05
3137,1.6452166147152925e-05
3138,3.002820612389656e-05
3139,1.9977029603934174e-05
3140,9.626355011316221e-06
3141,3.4309626227901355e-05
3142,1.0857419387940288e-05
3143,0.00015775343711531154
3144,6.807153939081614e-06
3145,5.167543924003077e-06
3146,0.00015520379895342365
3147,3.396792631097487e-05
3148,1.0991002387294113e-05
3149,8.244613255882126e-06
3150,3.550170591009911e-05
3151,3.2446151946335693e-06
3152,1.4179923520183977e-05
3153,1.2502128903267543e-05
3154,5.5267338386445185e-05
3155,9.245781859288971e-05
3156,1.369814157940644e-05
3157,6.77801328557527e-06
3158,4.983428830864382e-06
3159,1.266995273887519e-05
3160,9.318008668577259e-06
3161,7.329428962093246e-06
3162,6.77801328557527e-06
3163,1.128061277732567e-05
3164,8.827337822153864e-05
3165,6.61166667575323e-07
3166,2.771448163065593e-05
3167,7.84823098063825e-06
3168,6.807153939081614e-06
3169,3.783359310367125e-05
3170,2.212503139575054e-05
3171,1.0976766595274669e-05
3172,7.063549449832523e-07
3173,3.4130022978859626e-05
3174,4.758563856264241e-06
3175,4.058082608498158e-05
3176,1.0991002387294113e-05
3177,1.2085578189964074e-05
3178,6.030781173992848e-05
3179,5.606493715984668e-06
3180,8.058595813874896e-07
3181,1.9461460086313095e-05
3182,1.8646942190193683e-05
3183,9.16577641018437e-06
3184,7.715355325929016e-05
3185,3.3316506869460437e-05
3186,4.200484154866769e-06
3187,3.0701358246878705e-05
3188,2.889334277513483e-05
3189,1.2278602865101693e-06
3190,1.1298618288485303e-05
3191,6.2810279856103e-05
3192,3.857321283308478e-05
3193,2.222585197440648e-05
3194,0.0001268565887155411
3195,4.8265619551710315e-05
3196,1.2496497969606255e-05
3197,5.819100281622349e-06
3198,8.188660669423688e-06
3199,5.136959650651438e-05
3200,1.706416439457246e-05
3201,2.291142092640797e-05
3202,1.6709694019828036e-05
3203,2.1766980546566033e-05
3204,9.515108067451576e-06
3205,4.047715710372311e-05
3206,1.850172255038865e-05
3207,1.0169830418321303e-05
3208,0.00011658359297030562
3209,2.965285233047764e-06
3210,3.2446151946335693e-06
3211,9.823787234911673e-06
3212,5.259343197053732e-05
3213,2.261575184958737e-05
3214,1.6778098339098316e-05
3215,4.11692903617539e-06
3216,4.223512266542004e-05
3217,1.996565378356514e-06
3218,1.38041780298264e-06
3219,0.00012237386602009247
3220,0.00012865922356040203
3221,6.910682969692e-05
3222,2.257859274798186e-05
3223,0.00039578200453103924
3224,1.5217656917777877e-05
3225,1.8460090098661703e-06
3226,1.5065050389641347e-05
3227,2.3079566049958632e-05
3228,4.1403852937430825e-05
3229,9.664262371346608e-05
3230,5.9117501360328634e-06
3231,3.3334057599760894e-06
3232,1.2200768466448267e-05
3233,1.5750822628059388e-05
3234,1.6714538360851016e-05
3235,9.89800748622995e-06
3236,1.1644992356732589e-05
3237,6.259009048309485e-05
3238,3.24324127870866e-05
3239,1.419003048345428e-06
3240,1.6321563674865662e-06
3241,3.0384333691604594e-05
3242,3.096609344774479e-05
3243,1.4485552592580338e-05
3244,8.304734332186926e-05
3245,3.08952167712862e-06
3246,1.0341492697675664e-05
3247,2.4199374356353516e-06
3248,2.3216625693901756e-05
3249,4.265032828118749e-05
3250,5.480405858776192e-07
3251,7.1063867990134775e-06
3252,1.0935443758804623e-05
3253,1.1644992356732589e-05
3254,3.309667459598288e-05
3255,2.3919192275125884e-05
3256,1.5110544139588908e-05
3257,8.892737362243828e-06
3258,7.499015165752427e-06
3259,4.8062581530261184e-06
3260,1.763317027055864e-05
3261,5.415407310310525e-05
3262,1.092057938326124e-06
3263,2.8094551955563143e-05
3264,8.234525337557181e-05
3265,4.133298134022636e-05
3266,2.7229312348272866e-05
3267,3.156793480187798e-06
3268,4.064691749115123e-05
3269,2.446739815976708e-05
3270,2.5702101114405273e-05
3271,9.16577641018437e-06
3272,1.2547158450459412e-05
3273,7.89755808065313e-06
3274,1.881453747206037e-05
3275,3.5606009976195343e-05
3276,9.594154120435579e-06
3277,5.233732907352679e-05
3278,1.289868018310693e-05
3279,4.5121455052458006e-05
3280,0.0005648404600075309
3281,1.369814157940644e-05
3282,1.1836670161158395e-05
3283,0.00013269765454371437
3284,7.293191880507838e-06
3285,2.363035128339922e-05
3286,5.469079616141989e-07
3287,0.0005721689420487563
3288,6.77801328557527e-06
3289,2.1154844585677428e-05
3290,1.1695172375991367e-05
3291,0.00015649496962751814
3292,4.687336814084638e-06
3293,0.0002035468445052727
3294,2.4662631681292474e-05
3295,1.009296457911056e-05
3296,7.227776209387309e-05
3297,4.3365516547162664e-05
3298,3.677236689887333e-05
3299,6.594430585182187e-05
3300,5.094381667434789e-06
3301,5.094381667434789e-06
3302,0.0001679227605152372
3303,9.823787234911673e-06
3304,0.00011138439718565134
3305,6.738555889244291e-05
3306,6.842515362929313e-05
3307,2.7273995328751044e-05
3308,7.748068466279092e-05
3309,2.1201881608726376e-05
3310,5.509607098696422e-06
3311,0.0008338651519119747
3312,7.455651877668374e-05
3313,1.1663973207448035e-05
3314,2.047585056551793e-05
3315,4.287366958784134e-05
3316,2.6481131435214474e-05
3317,4.351421408883622e-05
3318,1.4485552592580338e-05
3319,8.18763536864292e-06
3320,1.4179314817945976e-05
3321,4.9884779611406004e-06
3322,9.900003390596268e-07
3323,4.06455775187902e-05
3324,9.983179633554033e-06
3325,8.333922472996699e-05
3326,2.1744228134562504e-06
3327,6.580202913519124e-05
3328,2.39372234713232e-05
3329,6.830633588881178e-06
3330,7.963110110624962e-06
3331,7.293191880507838e-06
3332,5.469711135728868e-06
3333,0.0004934438132742832
3334,7.89755808065313e-06
3335,7.016287745516977e-06
3336,3.309667459598288e-05
3337,4.666517454769602e-05
3338,2.391644119365925e-05
3339,5.167543924003077e-06
3340,1.2547158450459412e-05
3341,3.5606009976195343e-05
3342,1.4780495544012343e-05
3343,3.12620044986351e-05
3344,1.102911624623662e-05
3345,3.0828833335248383e-06
3346,1.0750650353866867e-05
3347,7.795624630076884e-06
3348,1.2451007501704985e-05
3349,3.053685327535438e-05
3350,2.1744228134562504e-06
3351,1.0438274842770595e-05
3352,8.989674998245512e-05
3353,1.3510556190963273e-06
3354,4.223666551403696e-05
3355,3.225690684986366e-05
3356,2.1251622984532963e-05
3357,1.847106690969064e-05
3358,3.54898591020141e-06
3359,2.9486848914474515e-05
3360,3.309667459598288e-05
3361,2.4722519421914627e-05
3362,3.3517840892729225e-05
3363,5.821636477661691e-06
3364,6.0089834577601736e-05
3365,2.0389030618798876e-05
3366,5.796225227511e-05
3367,2.2977567506047806e-07
3368,1.66801693039325e-05
3369,6.426076672132803e-06
3370,7.795624630076884e-06
3371,8.35396901245353e-06
3372,3.7774337547790563e-06
3373,1.0952789725319169e-05
3374,1.1572848119361503e-05
3375,0.00011257939931300338
3376,7.548761950666645e-06
3377,3.886874601569726e-05
3378,2.813707514914397e-05
3379,1.832563557451777e-05
3380,1.2547158450459412e-05
3381,4.1762454148611354e-05
3382,3.2446151946335693e-06
3383,3.6384885364149834e-06
3384,1.0952789725319169e-05
3385,1.1997764685598476e-05
3386,1.7003310126164444e-05
3387,2.1377022365204055e-05
3388,6.03146442030491e-06
3389,3.6572034037704724e-05
3390,0.00013854482981622525
3391,1.787198627966038e-05
3392,1.2989488466567677e-05
3393,1.2547158450459412e-05
3394,9.050222178189939e-06
3395,1.4254864169806063e-05
3396,0.00041914420447032233
3397,2.638324172073524e-06
3398,9.983179633554033e-06
3399,0.00015434981916529307
3400,4.5268773132192e-05
3401,4.6261631995047966e-05
3402,9.736558757118512e-06
3403,5.162063135044061e-05
3404,9.29486582230156e-06
3405,0.00022149452423580028
3406,6.82380150666069e-05
3407,9.983179633554033e-06
3408,1.4910571062728282e-05
3409,5.45127994303658e-06
3410,1.983676114667277e-05
3411,1.5158927092635001e-05
3412,3.4995484833278084e-05
3413,6.7349596039378535e-06
3414,7.124176368197579e-06
3415,1.5451253779542643e-05
3416,5.469079616141989e-07
3417,5.087129112250112e-05
3418,4.6219765808189485e-05
3419,6.474058599331368e-05
3420,2.9006209052621873e-05
3421,4.014544347782806e-05
3422,6.589552189728345e-06
3423,2.988837625814405e-05
3424,9.318008668577259e-06
3425,3.919953362856588e-06
3426,8.564156221257007e-05
3427,9.940506631854743e-05
3428,8.28663599998875e-06
3429,6.49367643949381e-05
3430,0.0003257962284930762
3431,4.147059093402062e-05
3432,2.0435122645013686e-05
3433,2.3079566049958632e-05
3434,7.124176368197579e-06
3435,4.754748103679141e-06
3436,3.2135642647821416e-05
3437,2.0549076217869553e-05
3438,9.883460640919919e-06
3439,7.682893847554348e-06
3440,4.433994353239081e-06
3441,1.4443313274229764e-05
3442,0.0002158934559615323
3443,9.844233795786024e-06
3444,3.380302954096613e-05
3445,2.5829318954543478e-05
3446,1.369814157940644e-05
3447,7.682893847554348e-06
3448,3.16108210533537e-05
3449,1.2888353330424324e-05
3450,2.0940793139358538e-05
3451,3.6338396511195733e-06
3452,5.509607098696422e-06
3453,2.8070304857971008e-05
3454,4.926729058671015e-05
3455,5.399339291802878e-05
3456,3.0472151193832464e-05
3457,1.847106690969064e-05
3458,1.4804205694828154e-07
3459,3.2445422920513604e-05
3460,2.4662631681292474e-05
3461,3.8659350327565843e-07
3462,4.5642877980907465e-06
3463,0.00012321262947276006
3464,5.74256060132945e-06
3465,4.309411617332271e-05
3466,5.68394668649072e-05
3467,0.00017869434358931528
3468,7.795624630076884e-06
3469,1.763317027055864e-05
3470,1.5217656917777877e-05
3471,7.58656642477928e-05
3472,4.173486881781762e-06
3473,7.044759878997611e-05
3474,4.064691749115123e-05
3475,8.865359047952257e-06
3476,8.452082523509956e-05
3477,9.900003390596268e-07
3478,2.1258019776055202e-05
3479,1.0416189543517678e-05
3480,1.4759967604478026e-05
3481,6.328344014678506e-05
3482,5.115581423288512e-05
3483,1.9153582428502103e-05
3484,2.2023638260626357e-05
3485,5.791375776054895e-06
3486,1.787198627966038e-05
3487,4.207408501786292e-06
3488,9.656929196904333e-06
3489,1.577955613586142e-06
3490,1.6685613070036195e-05
3491,2.3047830187414322e-05
3492,2.212503139575054e-05
3493,5.557831349909908e-05
3494,1.9496757374554444e-05
3495,6.736079736514545e-05
3496,2.569745318314875e-05
3497,1.2504365465339304e-05
3498,5.131122057325016e-05
3499,7.65439688810413e-06
3500,8.270959191778411e-05
3501,2.1135022209280455e-06
3502,9.983179633554033e-06
3503,2.1145056985208625e-06
3504,3.919953362856588e-06
3505,4.299422972258636e-05
3506,1.42288407137887e-07
3507,7.293191880507838e-06
3508,4.501681397755068e-05
3509,6.03146442030491e-06
3510,1.0313207022366888e-05
3511,3.248068123135023e-05
3512,8.28663599998875e-06
3513,3.926828147199314e-05
3514,3.78235516341809e-08
3515,1.8805946600225752e-05
3516,2.124438723017059e-06
3517,6.4861472902298575e-06
3518,1.6452166147152925e-05
3519,1.0331353779356072e-05
3520,0.00017264145694021252
3521,3.646874802707865e-06
3522,5.865942065785562e-05
3523,7.84404891072289e-05
3524,7.053024805542537e-07
3525,2.3895855388216243e-07
3526,2.212503139575054e-05
3527,3.653961794288408e-06
3528,3.3391968294401246e-06
3529,1.9000580119201626e-05
3530,7.016287745516977e-06
3531,7.548761950666645e-06
3532,0.00022482556517309138
3533,5.480771324602691e-05
3534,1.1918676508060773e-05
3535,2.6521543290233252e-05
3536,0.00011023580750806307
3537,9.16577641018437e-06
3538,1.934246154787215e-05
3539,1.2322569890372169e-05
3540,2.1744228134562504e-06
3541,6.576810779292334e-06
3542,4.5642877980907465e-06
3543,1.4515881844721867e-06
3544,0.0001003283944562304
3545,2.0359774186642243e-05
3546,0.00017317033127997068
3547,4.149585250495833e-05
3548,1.2547158450459412e-05
3549,5.469079616141989e-07
3550,1.0754660573650312e-05
3551,0.00024644462788986696
3552,2.4061846680014137e-05
3553,0.000173470388789734
3554,9.037310875955778e-06
3555,6.0664388866142704e-05
3556,3.2445422920513604e-05
3557,1.09231490319743e-05
3558,7.124176368197579e-06
3559,1.1601528153771444e-05
3560,9.195945688183523e-06
3561,6.234937843055909e-06
3562,1.0746372353168317e-05
3563,2.1744228134562504e-06
3564,8.141029181633301e-05
3565,7.009694715600637e-06
3566,6.589552189728345e-06
3567,8.672172021350343e-05
3568,2.7290005115311286e-05
3569,7.89755808065313e-06
3570,3.919953362856588e-06
3571,1.8581267500807902e-05
3572,2.7137656612532234e-05
3573,2.4731574052694354e-05
3574,1.2508986890623746e-06
3575,1.5597427615731944e-05
3576,2.767691883844998e-05
3577,1.6011928469290105e-05
3578,0.00011757677443768958
3579,4.261699030998209e-05
3580,5.509607098696422e-06
3581,1.9354312389541025e-05
3582,1.1050065501815846e-05
3583,4.411494007447003e-05
3584,3.4672189846209956e-05
3585,1.9766402380370655e-05
3586,8.780644174654242e-06
3587,3.935438766135427e-06
3588,3.2446151946335693e-06
3589,2.0457038571064346e-05
3590,1.8581267500807902e-05
3591,0.00016364528526092385
3592,6.533037179739474e-06
3593,2.7149084543122447e-06
3594,9.903911426043947e-06
3595,2.57891896342811e-07
3596,5.855222805569599e-06
3597,1.2451007501704985e-05
3598,8.76704162494073e-05
3599,0.00033846795792324074
3600,6.589552189728345e-06
3601,2.270282098024166e-06
3602,1.66801693039325e-05
3603,3.579259214609329e-05
3604,1.904129657363906e-05
3605,6.160915300787637e-05
3606,0.00012290369048921046
3607,9.255783930672972e-07
3608,1.0679981774516916e-05
3609,8.87665613528752e-06
3610,3.7160634000884236e-06
3611,9.255783930672972e-07
3612,2.0457038571064346e-05
3613,3.053685327535438e-05
3614,3.021016731417081e-05
3615,2.5108139073124444e-05
3616,5.317609465961828e-05
3617,1.8581267500807902e-05
3618,6.7349596039378535e-06
3619,5.574238617669124e-06
3620,2.9892010325180646e-05
3621,7.505313940780551e-06
3622,6.3391743123908195e-06
3623,4.449939282796524e-05
3624,3.2446151946335693e-06
3625,3.053685327535438e-05
3626,4.816207041740651e-08
3627,5.783959538000312e-05
3628,3.2351074647548074e-05
3629,1.5065050389641347e-05
3630,3.2983042623605985e-05
3631,9.037310875955778e-06
3632,1.926045809992359e-06
3633,8.997856250754185e-05
3634,2.024212434307857e-05
3635,1.8581267500807902e-05
3636,6.249110241859464e-06
3637,0.00011213664601767878
3638,3.96355080728131e-05
3639,3.874853397965551e-05
3640,6.77801328557527e-06
3641,1.737039905029174e-06
3642,4.562484694210718e-05
3643,3.482860346885739e-06
3644,5.659867290427026e-06
3645,2.889334277513483e-05
3646,7.65439688810413e-06
3647,8.491704704360493e-06
3648,4.02043182332242e-06
3649,3.646874802707865e-06
3650,6.879364539130577e-06
3651,4.0807078309398887e-05
3652,3.598931720025725e-05
3653,2.7149084543122447e-06
3654,2.57891896342811e-07
3655,8.441864235311887e-05
3656,1.1663973207448035e-05
3657,1.475280312785034e-05
3658,6.26549274449612e-05
3659,1.2765349406680501e-05
3660,3.579259214609329e-05
3661,1.1152414258539597e-05
3662,1.3160600112368369e-06
3663,3.641145751707425e-05
3664,1.0419316881349636e-05
3665,5.779789007224092e-05
3666,3.889663216446158e-06
3667,2.6366617112429715e-05
3668,1.8140551401805054e-05
3669,2.1072879723347477e-05
3670,6.589552189728345e-06
3671,9.042411230198406e-05
3672,1.419003048345428e-06
3673,1.0948484236713208e-05
3674,2.7860503495691657e-05
3675,4.816207041740651e-08
3676,2.1145056985208625e-06
3677,3.726055405653195e-06
3678,5.606493715984668e-06
3679,7.292868514627648e-05
3680,1.3510556190963273e-06
3681,6.830633588881178e-06
3682,6.77801328557527e-06
3683,4.879247021054951e-05
3684,1.983676114667277e-05
3685,2.1744228134562504e-06
3686,2.079854819816605e-06
3687,4.754748103679141e-06
3688,9.255783930672972e-07
3689,1.0341492697675664e-05
3690,1.377546840990069e-05
3691,6.317862474854909e-05
3692,4.361463544814087e-07
3693,2.238988702324937e-05
3694,1.9915307415908015e-05
3695,3.3334057599760894e-06
3696,7.227686254926452e-06
3697,3.646874802707865e-06
3698,6.879364539130577e-06
3699,1.60280005887528e-06
3700,2.8483417257409518e-06
3701,5.26623736331172e-06
3702,8.44698715278052e-05
3703,3.874853397965551e-05
3704,1.2547158450459412e-05
3705,7.204745303651643e-05
3706,1.60280005887528e-06
3707,6.879364539130577e-06
3708,2.628994353531093e-05
3709,0.00017776572141802485
3710,1.1918676508060773e-05
3711,9.89800748622995e-06
3712,2.4901590235174634e-05
3713,1.9756906355571455e-05
3714,8.548017629526084e-06
3715,4.416852009283939e-05
3716,6.620916609006846e-05
3717,1.847106690969064e-05
3718,8.948280420038378e-05
3719,4.729402598711936e-05
3720,6.84267396992714e-07
3721,1.2547158450459412e-05
3722,4.811845673776438e-05
3723,4.807632222904557e-06
3724,7.89755808065313e-06
3725,1.6447701333047186e-05
3726,0.00020572161617263474
3727,1.5058719640033181e-05
3728,6.097438438719727e-05
3729,3.6954725355878477e-06
3730,6.950369928419836e-07
3731,4.35782892773877e-05
3732,5.444574903549582e-05
3733,3.57517251179788e-06
3734,4.398077317176066e-06
3735,7.548761950666645e-06
3736,6.62198976215955e-05
3737,7.321954027822933e-06
3738,3.6954725355878477e-06
3739,1.3711723557134131e-05
3740,9.883460640919919e-06
3741,8.244613255882126e-06
3742,1.8538364677761307e-05
3743,1.357636909726148e-06
3744,5.5724481763239365e-05
3745,0.00022427844952522638
3746,3.6954725355878477e-06
3747,2.2716593844187217e-06
3748,1.0341492697675664e-05
3749,3.184598450917867e-05
3750,1.1294166041408608e-05
3751,2.7471378098867538e-05
3752,2.5542134097950873e-05
3753,4.983428830864382e-06
3754,1.357636909726148e-06
3755,2.5732311185553952e-05
3756,1.7532114657072705e-07
3757,6.216246558395697e-06
3758,4.445922632182083e-05
3759,2.6366617112429715e-05
3760,7.632831544882284e-05
3761,7.89755808065313e-06
3762,2.7932307402760746e-06
3763,1.8024136615215226e-05
3764,7.548761950666645e-06
3765,2.0457038571064346e-05
3766,7.053024805542537e-07
3767,2.257859274798186e-05
3768,3.946442858425871e-07
3769,1.983676114667277e-05
3770,0.00020311335943039353
3771,0.0001850551613880423
3772,6.076666691901281e-06
3773,4.095042944266225e-05
3774,1.4381256950730099e-05
3775,3.080654430191315e-05
3776,1.9792695525349584e-06
3777,0.0001791313116383653
3778,1.6797119349840586e-06
3779,2.171238991836809e-05
3780,1.3682434730093787e-05
3781,5.775747235016685e-05
3782,2.3147390505172322e-06
3783,7.439962052352749e-05
3784,6.836553548397571e-07
3785,0.00013702683266235343
3786,1.0313207022366888e-05
3787,5.74256060132945e-06
3788,4.11692903617539e-06
3789,2.172899659165772e-06
3790,4.758563856264241e-06
3791,5.259343197053732e-05
3792,1.9756906355571455e-05
3793,8.244613255882126e-06
3794,1.1988169966819532e-05
3795,3.550170591009911e-05
3796,7.476998738209224e-05
3797,1.5259392637393417e-06
3798,1.2859160646836952e-05
3799,8.654929951193617e-05
3800,3.926828147199314e-05
3801,1.2451007501704985e-05
3802,4.035362184388446e-06
3803,3.2446151946335693e-06
3804,2.5345955738682367e-05
3805,3.3372999692702634e-05
3806,4.983428830864382e-06
3807,1.5954862441009677e-05
3808,5.16508523954363e-06
3809,2.6561922325278466e-06
3810,6.234937843055909e-06
3811,9.983179633554033e-06
3812,8.479932974071968e-06
3813,1.0924115674501308e-05
3814,3.197007371508808e-06
3815,3.197007371508808e-06
3816,2.5178919391819344e-06
3817,7.680082078858436e-06
3818,3.634353200228148e-06
3819,1.746942083106186e-06
3820,7.166600209946431e-05
3821,3.3842236425460514e-06
3822,1.9995838064006393e-05
3823,1.6452166147152925e-05
3824,7.65439688810413e-06
3825,4.7716158559170895e-05
3826,4.0956349322363e-05
3827,2.5409458264529133e-06
3828,1.5158321135795391e-05
3829,2.241777729702044e-05
3830,8.981221596183088e-06
3831,0.00011640316508325489
3832,1.1190493604873947e-05
3833,1.8822449970442092e-05
3834,4.88001542070682e-06
3835,6.95709462097379e-06
3836,3.2446151946335693e-06
3837,4.475103333315064e-05
3838,4.983428830864382e-06
3839,2.3221375890241896e-05
3840,1.6709694019828036e-05
3841,4.845136922381574e-05
3842,7.548761950666645e-06
3843,2.1429865298004816e-05
3844,4.587202040527276e-05
3845,9.736558757118512e-06
3846,6.830633588881178e-06
3847,7.019676581212095e-07
3848,1.369814157940644e-05
3849,2.623635953014643e-05
3850,5.574238617669124e-06
3851,7.2870674578593675e-06
3852,6.968368106932211e-06
3853,9.622365479210942e-06
3854,5.469711135728868e-06
3855,1.8199457761785952e-05
3856,4.435695689558642e-05
3857,3.2978288653476947e-06
3858,5.982747616200837e-05
3859,2.2949993065131104e-06
3860,1.569335634848124e-05
3861,4.758563856264241e-06
3862,7.428806912532026e-05
3863,0.0001628766272367289
3864,3.5866662635277634e-05
3865,8.554377612433147e-06
3866,4.750268108589107e-06
3867,1.5623712047274186e-05
3868,1.2451007501704985e-05
3869,2.0767034259130587e-06
3870,1.897200821612649e-05
3871,3.6496076124218756e-05
3872,9.263726349490309e-06
3873,2.4139773424162623e-05
3874,4.150256474027589e-05
3875,5.509607098696422e-06
3876,5.976719599798582e-06
3877,3.309667459598288e-05
3878,1.7022583543095613e-05
3879,7.993519340531444e-06
3880,5.094381667434789e-06
3881,8.794248982751831e-05
3882,3.665425943419378e-06
3883,2.171238991836809e-05
3884,1.1875799467932967e-05
3885,1.8805946600225752e-05
3886,9.883460640919919e-06
3887,8.927457710711894e-05
3888,2.569745318314875e-05
3889,1.6709694019828036e-05
3890,3.3334057599760894e-06
3891,9.117452253666956e-05
3892,1.763317027055864e-05
3893,6.604102156649155e-06
3894,9.990933317308676e-06
3895,2.7090952015066443e-05
3896,0.00012340751739628393
3897,1.0746372353168317e-05
3898,1.1106870906897075e-05
3899,1.6452166147152925e-05
3900,1.0324193763537306e-05
3901,7.104761770743571e-05
3902,4.712418813254684e-06
3903,1.0313207022366888e-05
3904,6.632624483857994e-06
3905,2.39372234713232e-05
3906,1.0274166338583712e-05
3907,5.9605250395655425e-06
3908,1.4804205694828154e-07
3909,1.4632000443051207e-06
3910,5.977473636206564e-06
3911,1.746942083106186e-06
3912,5.1290508537903253e-05
3913,0.00012587450161015068
3914,9.263726349490309e-06
3915,1.6452166147152925e-05
3916,4.983428830864382e-06
3917,7.124176368197579e-06
3918,4.640917292175726e-05
3919,3.445935853340099e-05
3920,1.4172187499054727e-05
3921,8.069640355834237e-07
3922,2.1744228134562504e-06
3923,4.969442839632085e-07
3924,3.3184907067444464e-05
3925,1.8635645710020813e-06
3926,7.65439688810413e-06
3927,3.193875375675e-05
3928,3.926828147199314e-05
3929,1.8267209703304356e-05
3930,0.00015048292810873306
3931,1.0754660573650312e-05
3932,2.475909621915308e-05
3933,5.606493715984668e-06
3934,2.212503139575054e-05
3935,4.2570771946779306e-05
3936,1.6723997866334754e-05
3937,1.1152414258539597e-05
3938,7.309418825870648e-05
3939,3.4820756327432072e-06
3940,4.469232637397602e-05
3941,1.3062247862034716e-05
3942,0.00021164131458671658
3943,6.199494225499879e-05
3944,2.6973512280255133e-05
3945,0.00012090027468395005
3946,1.7476486396016546e-05
3947,1.4406269508056996e-06
3948,9.594154120435579e-06
3949,7.329428962093246e-06
3950,5.634707279614924e-06
3951,7.053024805542537e-07
3952,2.1744228134562504e-06
3953,4.081953044758512e-06
3954,7.805217374622108e-06
3955,1.1050065501815846e-05
3956,6.076666691901281e-06
3957,4.157434784350044e-05
3958,1.7003310126164444e-05
3959,4.429288261339924e-05
3960,2.905228415199819e-05
3961,5.377591186363026e-06
3962,2.1744228134562504e-06
3963,1.0274166338583712e-05
3964,2.5409458264529133e-06
3965,1.6495205372277616e-05
3966,7.133166757785886e-05
3967,7.1469930078055945e-06
3968,2.3147390505172322e-06
3969,7.413644586506715e-06
3970,4.7641157993465865e-06
3971,2.3147390505172322e-06
3972,1.029747673393738e-05
3973,5.109913352583105e-05
3974,6.0812585611422054e-06
3975,1.3633226964491853e-07
3976,2.8901717750847482e-05
3977,1.4780495544012343e-05
3978,1.1050065501815846e-05
3979,5.259343197053732e-05
3980,7.548761950666645e-06
3981,2.0231258384286043e-05
3982,2.3079566049958632e-05
3983,1.2547158450459412e-05
3984,1.369814157940644e-05
3985,1.5110098842696647e-06
3986,6.47964763296422e-06
3987,6.03146442030491e-06
3988,5.090491525130026e-06
3989,7.1469930078055945e-06
3990,9.883460640919919e-06
3991,5.1200251953030756e-05
3992,3.2446151946335693e-06
3993,8.490241673691824e-05
3994,9.622365479210942e-06
3995,0.00010965723287655622
3996,1.438262506160836e-05
3997,2.3147390505172322e-06
3998,8.486416061209232e-07
3999,7.124176368197579e-06
4000,4.161843526106021e-05
4001,6.95709462097379e-06
4002,4.064543654664952e-05
4003,3.646874802707865e-06
4004,5.014091677495148e-05
4005,2.6232464898206492e-05
4006,2.324106206228486e-05
4007,2.901180663228249e-05
4008,1.369814157940644e-05
4009,6.795636003951553e-05
4010,0.0003075448119350365
4011,2.4882613292127034e-05
4012,4.952362352419042e-08
4013,1.4804205694828154e-07
4014,2.4139773424162623e-05
4015,8.35396901245353e-06
4016,1.6996830127358215e-05
4017,1.0341492697675664e-05
4018,2.3079566049958632e-05
4019,5.359455975736333e-06
4020,7.71155363296073e-06
4021,2.1744228134562504e-06
4022,5.45127994303658e-06
4023,9.318008668577259e-06
4024,6.784292077741517e-06
4025,0.0006784636621601361
4026,1.4509444111154486e-05
4027,6.115777068064974e-06
4028,2.3238644394128498e-05
4029,5.411920146463227e-08
4030,1.0169209452128884e-05
4031,4.364353047927773e-05
4032,7.1469930078055945e-06
4033,1.1946839267842713e-05
4034,3.309667459598288e-05
4035,6.076666691901281e-06
4036,2.8790229233890866e-05
4037,1.5646238490382872e-06
4038,1.1439436660058208e-05
4039,7.329428962093246e-06
4040,4.318728061330904e-09
4041,9.136906271008985e-05
4042,4.8725761094832217e-05
4043,8.367346758734678e-06
4044,1.8538364677761307e-05
4045,2.1744228134562504e-06
4046,2.0940793139358538e-05
4047,4.433994353239081e-06
4048,1.4741927134844373e-05
4049,1.2504365465339304e-05
4050,7.832528355395479e-05
4051,0.00022500425723071985
4052,7.279656605140326e-05
4053,4.344030950276581e-05
4054,6.727253060520129e-05
4055,9.983179633554033e-06
4056,1.737039905029174e-06
4057,5.7544184765786055e-05
4058,1.4780495544012343e-05
4059,3.673698447918944e-05
4060,1.6549725166295783e-05
4061,9.360161008768145e-06
4062,6.879364539130577e-06
4063,1.0764411278233133e-06
4064,4.064543654664952e-05
4065,6.879364539130577e-06
4066,1.934983190189968e-05
4067,6.8012151300323124e-06
4068,1.3147480922031238e-05
4069,1.4947297656023093e-05
4070,3.677236689887333e-05
4071,2.3255618277124556e-05
4072,2.3313287691362715e-05
4073,3.2178068872851435e-05
4074,3.094759143185593e-05
4075,1.2499106818882815e-05
4076,7.206440890938093e-07
4077,6.250442606149089e-06
4078,2.0389030618798876e-05
4079,1.787198627966038e-05
4080,1.1863193057143497e-05
4081,2.590536458695729e-06
4082,3.372460912665493e-05
4083,1.2547158450459412e-05
4084,2.613479901186809e-05
4085,0.00013682097493966595
4086,4.6219765808189485e-05
4087,7.852541330367912e-05
4088,3.2021007702808205e-06
4089,3.851308273473671e-05
4090,7.325903801898597e-06
4091,1.6723997866334754e-05
4092,8.137564451293906e-06
4093,4.004976401553833e-05
4094,7.016287745516977e-06
4095,1.983676114667277e-05
4096,1.2278602865101693e-06
4097,2.257859274798186e-05
4098,5.469711135728868e-06
4099,7.829478848751833e-06
4100,9.334585554416126e-06
4101,9.823787234911673e-06
4102,2.5409458264529133e-06
4103,2.1145056985208625e-06
4104,2.7711271653611043e-05
4105,2.907567578836107e-05
4106,6.589552189728345e-06
4107,5.255304396475011e-07
4108,1.1152414258539597e-05
4109,1.1128050610954786e-05
4110,4.0063190858350506e-05
4111,1.1695172375991367e-05
4112,1.1152414258539597e-05
4113,8.241948669993674e-05
4114,1.0169830418321303e-05
4115,2.169958670284464e-05
4116,2.2977567506047806e-07
4117,2.1744228134562504e-06
4118,5.259343197053732e-05
4119,4.687336814084638e-06
4120,0.00010966957983650518
4121,9.45036581834958e-05
4122,1.4721581263915662e-05
4123,1.737039905029174e-06
4124,1.529962178010783e-05
4125,5.995109947433231e-06
4126,1.926045809992359e-06
4127,5.791375776054895e-06
4128,1.128068154034809e-05
4129,1.1644992356732589e-05
4130,5.241875531581324e-06
4131,5.469079616141989e-07
4132,8.779840414085029e-06
4133,0.000121253275606316
4134,5.241875531581324e-06
4135,5.7331463243615055e-05
4136,5.241875531581324e-06
4137,5.167543924003077e-06
4138,3.4394776840256364e-05
4139,1.1925938141676377e-05
4140,1.7207844604559312e-05
4141,1.4616660646665316e-05
4142,7.124176368197579e-06
4143,3.54898591020141e-06
4144,1.737039905029174e-06
4145,3.8346183806334494e-05
4146,8.39050372333677e-05
4147,4.189961830531277e-07
4148,1.2279115364674386e-05
4149,5.809765619998546e-05
4150,1.1995280057508101e-05
4151,1.5217656917777877e-05
4152,1.9099560738981728e-05
4153,9.192605251284258e-06
4154,7.325903801898597e-06
4155,7.183965645408706e-06
4156,2.0293754357853093e-05
4157,1.092057938326124e-06
4158,1.91373731652875e-05
4159,5.1037802686199185e-05
4160,1.0952789725319169e-05
4161,5.45127994303658e-06
4162,3.309667459598288e-05
4163,2.577192979164919e-05
4164,8.807426723814784e-05
4165,1.102911624623662e-05
4166,6.411551752758968e-05
4167,0.00013958296995425306
4168,1.3130183076319016e-06
4169,2.6232464898206492e-05
4170,1.1152414258539597e-05
4171,4.0511897422390346e-05
4172,0.000806495136840549
4173,1.1668668853090769e-05
4174,0.00011991046531855206
4175,4.412369388872401e-05
4176,1.5658614347341633e-05
4177,4.676528369163877e-05
4178,1.128061277732567e-05
4179,8.452364503512109e-06
4180,2.2665612605480592e-05
4181,1.2013322342028058e-05
4182,1.2859160646836952e-05
4183,3.677236689887333e-05
4184,8.058595813874896e-07
4185,4.766426239550472e-05
4186,5.083122111149621e-05
4187,0.00011490932352992008
4188,2.9069491208893303e-05
4189,2.016689946310599e-05
4190,7.04087630940213e-06
4191,7.26354222948228e-05
4192,6.784292077741517e-06
4193,1.1997764685598476e-05
4194,2.4139773424162623e-05
4195,4.771333524264819e-05
4196,1.5217656917777877e-05
4197,2.0231258384286043e-05
4198,1.0377534339301461e-05
4199,7.92982887720437e-05
4200,1.369814157940644e-05
4201,3.130557173852088e-05
4202,0.00018517042355185694
4203,2.7471378098867538e-05
4204,4.08972425232487e-05
4205,1.56237812375348e-05
4206,2.1098151805900766e-05
4207,3.6448250838844515e-05
4208,1.0948484236713208e-05
4209,2.569745318314875e-05
4210,2.0753334321846773e-06
4211,5.819100281622349e-06
4212,9.299101161717377e-05
4213,2.1889635175949354e-05
4214,4.860757479209522e-06
4215,1.7600898279168748e-05
4216,9.318008668577259e-06
4217,2.849198331999826e-05
4218,3.2445422920513604e-05
4219,3.54898591020141e-06
4220,2.7149084543122447e-06
4221,6.95709462097379e-06
4222,7.139326936626449e-06
4223,1.2504365465339304e-05
4224,3.806579180942817e-06
4225,9.017498415774515e-05
4226,1.6549725166295783e-05
4227,1.9756906355571455e-05
4228,3.2968581315796423e-05
4229,0.00012761414127891886
4230,1.7210865888480484e-05
4231,6.3391743123908195e-06
4232,1.3239210500608966e-05
4233,2.4199374356353516e-06
4234,6.115777068064974e-06
4235,4.352760343104097e-05
4236,4.238746927707865e-06
4237,3.348729100754197e-05
4238,9.823787234911673e-06
4239,1.0313207022366888e-05
4240,1.438262506160836e-05
4241,3.1907326989879765e-05
4242,9.406837116860477e-05
4243,1.1187858695687232e-05
4244,1.7003310126164444e-05
4245,3.0343734160271853e-05
4246,1.2483391111129439e-05
4247,4.207408501786292e-06
4248,4.0063190858350506e-05
4249,6.98690414948562e-05
4250,9.135595485447914e-05
4251,3.8733259684117874e-05
4252,5.606493715984668e-06
4253,1.7043343391936044e-05
4254,6.234937843055909e-06
4255,1.769468574989895e-05
4256,2.8483417257409518e-06
4257,1.2508986890623746e-06
4258,9.823787234911673e-06
4259,2.7132147921669844e-05
4260,4.223304054382004e-05
4261,7.42599310001043e-07
4262,2.350153789067077e-06
4263,9.255783930672972e-07
4264,6.63347901609213e-05
4265,1.9924301366463496e-05
4266,6.515223205384002e-06
4267,6.784292077741517e-06
4268,8.779840414085029e-06
4269,5.259343197053732e-05
4270,2.650866316299827e-05
4271,1.87551152662421e-05
4272,1.2857782005483696e-05
4273,7.917130087781713e-05
4274,5.259343197053732e-05
4275,1.0377534339301461e-05
4276,1.8806259176824244e-05
4277,1.2752228797459337e-05
4278,3.213534536340328e-05
4279,3.983642943965688e-05
4280,2.1258019776055202e-05
4281,2.4662631681292474e-05
4282,6.47964763296422e-06
4283,1.8806259176824244e-05
4284,1.4485552592580338e-05
4285,2.7658409163643913e-05
4286,6.47964763296422e-06
4287,3.2564509205486126e-06
4288,9.883460640919919e-06
4289,4.200484154866769e-06
4290,9.098640808283849e-05
4291,1.4381256950730099e-05
4292,3.1455300573930757e-06
4293,3.3517840892729225e-05
4294,2.472446640117757e-05
4295,8.518218154287182e-06
4296,7.063549449832523e-07
4297,0.00014558743761825576
4298,4.7641157993465865e-06
4299,2.2338784209257477e-05
4300,3.889663216446158e-06
4301,7.323090544050093e-06
4302,2.292936988571227e-05
4303,3.2446151946335693e-06
4304,8.888827998856458e-05
4305,9.89800748622995e-06
4306,1.6685613070036195e-05
4307,2.4903694178749316e-05
4308,1.1988169966819532e-05
4309,0.0001511680340696225
4310,2.324106206228486e-05
4311,1.705081472070808e-05
4312,1.5217656917777877e-05
4313,3.7569675230860936e-05
4314,5.222987658470035e-05
4315,2.3331530686283503e-05
4316,2.0995991146081073e-05
4317,0.00010642304103737994
4318,0.0003229068990452524
4319,1.0377534339301461e-05
4320,4.713405487807369e-06
4321,2.2977567506047806e-07
4322,0.0002325922943687878
4323,1.8805946600225752e-05
4324,3.7160634000884236e-06
4325,1.60280005887528e-06
4326,3.2446151946335693e-06
4327,5.690907056784653e-05
4328,1.8936221026801777e-06
4329,1.7331855086001657e-05
4330,4.876166429664251e-05
4331,1.6723997866334754e-05
4332,1.9756906355571455e-05
4333,9.983179633554033e-06
4334,4.983428830864382e-06
4335,5.819100281622349e-06
4336,9.883460640919919e-06
4337,1.1814313729705485e-06
4338,7.548761950666645e-06
4339,5.716940258420182e-05
4340,2.3331530686283503e-05
4341,6.576810779292334e-06
4342,3.201006460467635e-05
4343,7.063549449832523e-07
4344,4.4055065756279474e-05
4345,2.5664840831914285e-05
4346,1.3629474847298844e-05
4347,3.712191768617317e-06
4348,3.7688342427482646e-05
4349,2.4007009186600308e-05
4350,4.398077317176066e-06
4351,1.9396734455847643e-05
4352,0.00014411431092545038
4353,4.387974460970874e-05
4354,9.162782420260507e-05
4355,5.900895157352535e-06
4356,4.462666731375386e-05
4357,3.309667459598288e-05
4358,4.4953537717930425e-05
4359,0.00013207209363515739
4360,3.3577468101269214e-06
4361,4.272806662124504e-05
4362,7.124176368197579e-06
4363,1.141319410942591e-05
4364,0.00024315014050233614
4365,1.5383518406001088e-05
4366,6.775356665179784e-05
4367,8.987524945832863e-06
4368,3.903056025989452e-05
4369,0.00012652660085224615
4370,5.469711135728868e-06
4371,1.2668639946208822e-05
4372,5.45127994303658e-06
4373,3.926828147199314e-05
4374,4.350571298008576e-05
4375,2.324106206228486e-05
4376,7.65439688810413e-06
4377,3.787124549701196e-05
4378,4.68476637197657e-06
4379,7.572912342114655e-05
4380,9.753306518785305e-06
4381,2.3765283885415858e-06
4382,1.8805946600225752e-05
4383,1.9766402380370655e-05
4384,4.6261631995047966e-05
4385,1.1152414258539597e-05
4386,5.094381667434789e-06
4387,3.172312495002965e-06
4388,9.844233795786024e-06
4389,2.1744228134562504e-06
4390,2.7911491191413743e-06
4391,2.0924502290552374e-05
4392,2.324106206228486e-05
4393,1.42288407137887e-07
4394,0.00026536404085356313
4395,2.879281384623148e-06
4396,2.279887060561325e-06
4397,2.212503139575054e-05
4398,1.9756906355571455e-05
4399,2.1145056985208625e-06
4400,1.369814157940644e-05
4401,2.9885444702694312e-05
4402,3.57234908280529e-06
4403,2.1744228134562504e-06
4404,3.3002804081806606e-08
4405,5.173417866776977e-06
4406,7.016287745516977e-06
4407,1.369814157940644e-05
4408,5.296642305139958e-05
4409,6.167009188748751e-06
4410,3.926828147199314e-05
4411,1.56237812375348e-05
4412,6.715170920369419e-08
4413,5.509607098696422e-06
4414,4.305506070831409e-06
4415,2.0389030618798876e-05
4416,5.080966135614927e-06
4417,2.326993213414734e-05
4418,3.919953362856588e-06
4419,2.1744228134562504e-06
4420,2.1889635175949354e-05
4421,1.334013772672154e-05
4422,6.7349596039378535e-06
4423,2.4273409778131582e-05
4424,4.331324620794985e-05
4425,2.0046179243788592e-05
4426,3.309667459598288e-05
4427,4.5642877980907465e-06
4428,4.88001542070682e-06
4429,3.272455783262221e-05
4430,7.65439688810413e-06
4431,1.674146877859751e-05
4432,3.5658849319845725e-05
4433,0.00013249169683700364
4434,5.469711135728868e-06
4435,6.977008419819859e-05
4436,1.1439436660058208e-05
4437,7.301075213182104e-05
4438,6.879364539130577e-06
4439,1.8746935250136426e-05
4440,4.4134983379008975e-05
4441,8.575717727208567e-05
4442,2.2977567506047806e-07
4443,4.0063190858350506e-05
4444,7.89755808065313e-06
4445,1.1106870906897075e-05
4446,4.1279300470111685e-05
4447,2.6561922325278466e-06
4448,7.1674002833495074e-06
4449,9.360161008768145e-06
4450,3.323711592312758e-06
4451,0.00011724751831951883
4452,4.200484154866769e-06
4453,6.249110241859464e-06
4454,2.3147390505172322e-06
4455,9.16577641018437e-06
4456,4.721706381822767e-06
4457,9.802835711729158e-07
4458,1.5721081883648985e-05
4459,7.329428962093246e-06
4460,1.737039905029174e-06
4461,3.567289358800989e-06
4462,3.348220813653412e-05
4463,2.0550750938621834e-05
4464,6.503207086050274e-05
4465,1.1106870906897075e-05
4466,8.26509631161632e-06
4467,2.4309456621815758e-05
4468,1.737039905029174e-06
4469,6.784292077741517e-06
4470,8.518218154287182e-06
4471,0.0001442606860757426
4472,3.334494171015652e-08
4473,8.518218154287182e-06
4474,9.983179633554033e-06
4475,1.2508986890623746e-06
4476,1.166205935181289e-05
4477,7.197441742437729e-05
4478,2.2829929047944232e-05
4479,8.26509631161632e-06
4480,3.677236689887333e-05
4481,9.318008668577259e-06
4482,2.0167755210234932e-06
4483,1.2547158450459412e-05
4484,8.472866992902204e-05
4485,2.6730178167415042e-05
4486,3.080654430191315e-05
4487,3.926828147199314e-05
4488,1.787198627966038e-05
4489,3.78235516341809e-08
4490,2.4139773424162623e-05
4491,7.5692282264329024e-06
4492,7.664560859315766e-05
4493,4.041825941000203e-05
4494,2.4903694178749316e-05
4495,3.635074478283625e-05
4496,2.1929437584975792e-05
4497,2.0389030618798876e-05
4498,6.43316952654574e-05
4499,1.577955613586142e-06
4500,1.002789109702077e-06
4501,2.9970095159976554e-05
4502,1.594378969575964e-05
4503,2.5470306690479024e-05
4504,3.328386489735113e-05
4505,7.868047198172746e-05
4506,1.4168278080111728e-05
4507,7.04087630940213e-06
4508,2.567756127444846e-06
4509,3.678081659200565e-05
4510,1.6723997866334754e-05
4511,6.77801328557527e-06
4512,7.04087630940213e-06
4513,2.0940793139358538e-05
4514,1.6549725166295783e-05
4515,2.1781075392056564e-05
4516,7.019676581212095e-07
4517,4.2782190064502275e-05
4518,9.08509069682962e-05
4519,1.5597427615731944e-05
4520,9.524675057544188e-05
4521,6.807153939081614e-06
4522,1.7210865888480484e-05
4523,1.0377534339301461e-05
4524,1.1875799467932967e-05
4525,5.46746317790583e-06
4526,1.5750822628059388e-05
4527,5.509607098696422e-06
4528,3.809026981594237e-05
4529,2.1145056985208625e-06
4530,7.795624630076884e-06
4531,7.275260289614088e-06
4532,1.263382095013134e-09
4533,8.732028720907871e-08
4534,0.00011685280660420405
4535,4.7894400053690234e-05
4536,4.816207041740651e-08
4537,2.970161671142922e-05
4538,3.2021007702808205e-06
4539,5.109913352583105e-05
4540,6.193499748701765e-06
4541,5.45127994303658e-06
4542,0.0002121865681345965
4543,1.763317027055864e-05
4544,2.270282098024166e-06
4545,2.472446640117757e-05
4546,5.819100281622349e-06
4547,1.1050065501815846e-05
4548,1.3595068322958391e-05
4549,1.3510556190963273e-06
4550,3.919953362856588e-06
4551,7.89755808065313e-06
4552,2.569745318314875e-05
4553,2.6788076734429532e-05
4554,1.2547158450459412e-05
4555,6.167009188748751e-06
4556,2.8638297407765024e-05
4557,1.0679981774516916e-05
4558,0.00011128345662337569
4559,7.329428962093246e-06
4560,2.6605546155114192e-06
4561,7.801369500079563e-05
4562,8.461195848300982e-06
4563,1.1997764685598476e-05
4564,2.504264085792187e-07
4565,2.79277619416011e-06
4566,2.127608035902596e-05
4567,3.382068411224312e-05
4568,4.7641157993465865e-06
4569,1.8942998186870606e-06
4570,6.845187272007143e-05
4571,1.6867743870140347e-06
4572,2.535991090875124e-05
4573,0.00018743127534551028
4574,1.0274166338583712e-05
4575,2.5720557676180047e-05
4576,1.6993467778656056e-05
4577,7.124176368197579e-06
4578,8.35396901245353e-06
4579,5.819100281622349e-06
4580,8.322694228919827e-06
4581,5.8040713637989434e-05
4582,6.784292077741517e-06
4583,4.68476637197657e-06
4584,2.85052377531863e-06
4585,2.4817333542986077e-05
4586,6.234937843055909e-06
4587,4.717817132719374e-06
4588,1.950897543364397e-05
4589,2.0606425709841903e-06
4590,3.489693626393209e-06
4591,3.440923642545107e-05
4592,2.1145056985208625e-06
4593,3.550170591009911e-05
4594,3.0398989477521107e-05
4595,3.550170591009911e-05
4596,4.131078196846586e-05
4597,7.22053915634467e-05
4598,0.00017789848861738048
4599,2.6319758826481655e-05
4600,1.587607735487706e-05
4601,1.0341492697675664e-05
4602,1.4046777476314437e-05
4603,6.836553548397571e-07
4604,5.661419413386359e-06
4605,6.926610710520187e-05
4606,4.373458287193397e-07
4607,2.1744228134562504e-06
4608,7.063224293237459e-05
4609,9.360853052345582e-05
4610,8.232360084899229e-07
4611,3.929128211308483e-06
4612,9.318008668577259e-06
4613,1.1445049771455828e-05
4614,1.369814157940644e-05
4615,5.167543924003077e-06
4616,3.857321283308478e-05
4617,2.5353565577308473e-05
4618,2.9096284867854458e-05
4619,9.622365479210942e-06
4620,1.128061277732567e-05
4621,6.77801328557527e-06
4622,4.8113979348936655e-05
4623,7.749559105333016e-07
4624,7.016287745516977e-06
4625,4.687336814084638e-06
4626,4.816207041740651e-08
4627,1.5623712047274186e-05
4628,3.3768103584713837e-06
4629,3.54898591020141e-06
4630,1.0274166338583712e-05
4631,2.0151377986205745e-05
4632,1.658495497062072e-05
4633,1.228708439718689e-05
4634,6.13743719060538e-05
4635,6.767189141513373e-05
4636,8.614501135868503e-05
4637,4.687336814084638e-06
4638,4.50890489275721e-05
4639,4.0063190858350506e-05
4640,1.723524895425787e-05
4641,1.1995280057508101e-05
4642,8.978874539690916e-05
4643,2.3079566049958632e-05
4644,2.3066542338072454e-05
4645,5.45127994303658e-06
4646,1.0857419387940288e-05
4647,2.0389030618798876e-05
4648,7.664913976298034e-05
4649,4.207408501786292e-06
4650,8.865359047952257e-06
4651,1.2499106818882815e-05
4652,1.1676394396410102e-05
4653,3.539311530167583e-06
4654,1.4485552592580338e-05
4655,6.830633588881178e-06
4656,4.987477293508119e-05
4657,4.983428830864382e-06
4658,2.613185040212435e-05
4659,9.318008668577259e-06
4660,1.4172187499054727e-05
4661,4.6817043422659785e-05
4662,1.0274166338583712e-05
4663,6.108720857209211e-05
4664,3.83527002470635e-05
4665,9.844233795786024e-06
4666,0.00011328818357904073
4667,1.0169209452128884e-05
4668,8.461195848300982e-06
4669,1.647584230293448e-05
4670,0.00019101029154344146
4671,2.0389030618798876e-05
4672,1.0754660573650312e-05
4673,2.1847713227935577e-05
4674,7.604369676632308e-06
4675,2.0863902027542314e-05
4676,1.3188503747714118e-05
4677,1.0169209452128884e-05
4678,7.698525158811343e-06
4679,4.54437615865241e-06
4680,2.5515775695340235e-05
4681,1.658495497062072e-05
4682,0.00020500678107220142
4683,8.570141237878878e-05
4684,1.3276782010551422e-05
4685,0.00014755896679441427
4686,8.865359047952257e-06
4687,6.258070036457065e-06
4688,8.60000885796222e-05
4689,4.737750537803208e-05
4690,3.080654430191315e-05
4691,1.4343007023142552e-05
4692,4.545762176800581e-06
4693,1.56237812375348e-05
4694,7.1469930078055945e-06
4695,3.2882768749232946e-05
4696,6.830633588881178e-06
4697,7.016287745516977e-06
4698,1.0273732253466651e-05
4699,4.373458287193397e-07
4700,1.881520548780203e-05
4701,5.75272109413664e-05
4702,7.207674679391411e-06
4703,6.879364539130577e-06
4704,1.5065050389641347e-05
4705,6.249110241859464e-06
4706,1.902097118561955e-06
4707,1.574416582196822e-05
4708,9.883460640919919e-06
4709,2.5178919391819344e-06
4710,3.2446151946335693e-06
4711,1.6268595255204886e-05
4712,1.8024136615215226e-05
4713,1.6778098339098316e-05
4714,4.035362184388446e-06
4715,0.00037379936044106536
4716,1.613649200656359e-05
4717,7.42599310001043e-07
4718,1.1820523349727576e-05
4719,4.968390009832822e-06
4720,2.5457024326321722e-05
4721,2.050514546180153e-06
4722,3.727382220091563e-06
4723,3.294772605944454e-05
4724,1.9701531379482796e-06
4725,3.064863593803958e-05
4726,1.0313207022366888e-05
4727,4.280657548787675e-05
4728,3.219726157362897e-05
4729,6.0517276086091855e-06
4730,2.1744228134562504e-06
4731,2.39372234713232e-05
4732,8.897950209981882e-06
4733,1.9496757374554444e-05
4734,2.900439593488112e-05
4735,9.622365479210942e-06
4736,1.950897543364397e-05
4737,3.309667459598288e-05
4738,3.055140599375651e-05
4739,8.650144943090129e-05
4740,1.4188588894751765e-05
4741,4.715648469132916e-05
4742,6.160717494671397e-05
4743,8.819075827645787e-05
4744,1.203531847783101e-05
4745,4.305506070831409e-06
4746,3.309667459598288e-05
4747,1.2085578189964074e-05
4748,2.0167755210234932e-06
4749,3.550170591009911e-05
4750,1.2502128903267543e-05
4751,9.802835711729158e-07
4752,1.1995280057508101e-05
4753,2.050514546180153e-06
4754,8.349566638673032e-05
4755,5.776701955397867e-05
4756,2.2673102614809077e-05
4757,1.781200154548134e-05
4758,1.0274166338583712e-05
4759,7.89755808065313e-06
4760,1.9287627973772246e-05
4761,4.754748103679141e-06
4762,4.983428830864382e-06
4763,1.9630671394254677e-07
4764,1.9630671394254677e-07
4765,1.9630671394254677e-07
4766,1.1657463000347894e-05
4767,5.874221594061904e-06
4768,1.1925938141676377e-05
4769,1.5247259181415138e-05
4770,1.4804205694828154e-07
4771,2.39372234713232e-05
4772,1.8805946600225752e-05
4773,1.357636909726148e-06
4774,3.1124628573869735e-05
4775,3.080654430191315e-05
4776,2.5409458264529133e-06
4777,1.1106870906897075e-05
4778,1.0169209452128884e-05
4779,6.533037179739474e-06
4780,2.324106206228486e-05
4781,7.61147008252074e-05
4782,9.42956046155301e-06
4783,1.13983838556238e-06
4784,1.764687872181997e-05
4785,2.6998820092403083e-05
4786,5.574238617669124e-06
4787,7.135582024188823e-06
4788,2.4273409778131582e-05
4789,4.6875123074126315e-06
4790,3.302688214524199e-05
4791,3.596371148601416e-05
4792,8.461195848300982e-06
4793,7.009694715600637e-06
4794,3.87049507913686e-06
4795,1.0193549347953153e-05
4796,1.102911624623662e-05
4797,0.00028442147506866895
4798,4.185923505265037e-05
4799,5.173282825077432e-05
4800,6.047390258570638e-06
4801,3.196557135987845e-05
4802,6.0101571960359235e-05
4803,5.066824247869157e-06
4804,0.00011646561175041018
4805,1.6685613070036195e-05
4806,6.6917943966740295e-06
4807,1.6627177907637575e-06
4808,1.5822479104540874e-06
4809,7.329428962093246e-06
4810,4.5429931056358755e-05
4811,1.1918676508060773e-05
4812,2.646034348832988e-05
4813,1.1279196673341013e-05
4814,3.76767250923519e-05
4815,3.181629825194127e-05
4816,1.2859160646836952e-05
4817,0.00011375960202599638
4818,1.102911624623662e-05
4819,7.063549449832523e-07
4820,8.339856419006043e-06
4821,6.306632850805595e-06
4822,4.807632222904557e-06
4823,3.512508216701043e-05
4824,2.0270097777914716e-05
4825,2.7149084543122447e-06
4826,2.5829318954543478e-05
4827,4.2708846148121606e-05
4828,0.00010703938238952363
4829,1.763317027055864e-05
4830,1.6685613070036195e-05
4831,2.472446640117757e-05
4832,7.548761950666645e-06
4833,8.639489281784223e-05
4834,3.1367202387592965e-05
4835,2.8653897807031286e-05
4836,0.0001045464860775428
4837,1.21650010662589e-05
4838,3.4820756327432072e-06
4839,9.753306518785305e-06
4840,2.557838228476347e-06
4841,2.8814200697366136e-07
4842,9.594154120435579e-06
4843,3.2445422920513604e-05
4844,9.941040031822196e-06
4845,3.809879736602049e-05
4846,6.660715173909782e-05
4847,1.398038248651112e-05
4848,9.844233795786024e-06
4849,4.418703105025621e-05
4850,4.899023006296002e-05
4851,0.0002659786648944731
4852,5.029250761221413e-07
4853,5.094381667434789e-06
4854,1.3991146493111018e-05
4855,7.526664431978768e-05
4856,2.2416084507162204e-06
4857,9.823787234911673e-06
4858,3.381099333877525e-05
4859,7.329428962093246e-06
4860,7.053024805542537e-07
4861,9.282870072412357e-05
4862,3.722325489684292e-05
4863,6.715170920369419e-08
4864,1.6268595255204886e-05
4865,1.0700875383419456e-05
4866,7.282467143624685e-05
4867,4.8948281830987534e-06
4868,8.491704704360493e-06
4869,6.227322546973769e-05
4870,4.035362184388446e-06
4871,1.4780495544012343e-05
4872,3.064590551137622e-05
4873,0.00011543643544760922
4874,8.00161755825319e-06
4875,1.0948484236713208e-05
4876,1.550903662167874e-05
4877,2.8629733835137425e-05
4878,5.562088035312584e-05
4879,1.8702067111315977e-05
4880,2.279887060561325e-06
4881,1.9701531379482796e-06
4882,3.666137100260617e-05
4883,3.08952167712862e-06
4884,5.819100281622349e-06
4885,4.424908885452247e-05
4886,4.344563232312016e-06
4887,7.124176368197579e-06
4888,8.987524945832863e-06
4889,3.0837762098913933e-05
4890,1.6778098339098316e-05
4891,7.016287745516977e-06
4892,0.00013887656984132548
4893,3.4776386530966936e-05
4894,5.45127994303658e-06
4895,0.00016122345745049542
4896,3.656198457455489e-05
4897,5.090491525130026e-06
4898,4.3077823208957626e-05
4899,6.658940694417884e-05
4900,1.0313207022366888e-05
4901,3.5958805845076415e-05
4902,1.166205935181289e-05
4903,2.0389030618798876e-05
4904,6.854481415054249e-05
4905,2.0167755210234932e-06
4906,1.2752228797459337e-05
4907,1.2752228797459337e-05
4908,2.6366617112429715e-05
4909,4.721706381822767e-06
4910,2.2977567506047806e-07
4911,1.369814157940644e-05
4912,5.974310131813067e-05
4913,5.469711135728868e-06
4914,9.921127636751068e-06
4915,1.1152414258539597e-05
4916,1.136104287445593e-05
4917,0.00015792660321834799
4918,1.950897543364397e-05
4919,2.5457024326321722e-05
4920,7.04087630940213e-06
4921,1.369814157940644e-05
4922,3.889663216446158e-06
4923,2.7698632777037943e-05
4924,2.3631047734744124e-05
4925,1.369814157940644e-05
4926,3.919953362856588e-06
4927,6.469784214219396e-05
4928,2.6563458473357396e-05
4929,2.6232464898206492e-05
4930,6.8012151300323124e-06
4931,1.8942998186870606e-06
4932,1.128061277732567e-05
4933,5.7613534377345974e-05
4934,2.3765283885415858e-06
4935,3.54898591020141e-06
4936,1.974814522182997e-05
4937,1.9766402380370655e-05
4938,3.54898591020141e-06
4939,1.2502128903267543e-05
4940,3.3768103584713837e-06
4941,1.2966988516465058e-05
4942,6.03146442030491e-06
4943,7.584348094589856e-06
4944,3.6893818748151905e-05
4945,4.0500902383183823e-05
4946,2.8634497876998886e-05
4947,1.369814157940644e-05
4948,3.2446151946335693e-06
4949,7.548761950666645e-06
4950,1.369814157940644e-05
4951,2.0167755210234932e-06
4952,0.00010079209202011021
4953,2.2673102614809077e-05
4954,3.7774337547790563e-06
4955,2.5345955738682367e-05
4956,4.352760343104097e-05
4957,3.998049568998472e-05
4958,0.00011676923059632093
4959,3.309667459598288e-05
4960,4.344563232312016e-06
4961,0.00010222411395403134
4962,7.454253798795274e-05
4963,2.0137438667188105e-05
4964,3.93060918444166e-05
4965,1.574820852101724e-05
4966,2.2899407633870362e-05
4967,3.54898591020141e-06
4968,7.207674679391411e-06
4969,0.00012967459827785936
4970,1.6418159389576944e-05
4971,6.659446613036825e-05
4972,0.00010589795608351808
4973,5.1615925745392385e-05
4974,1.419003048345428e-06
4975,0.00012845326138350148
4976,0.00021751754394174578
4977,2.6232464898206492e-05
4978,4.011017852488508e-05
4979,6.7349596039378535e-06
4980,9.7950553838749e-06
4981,3.3577468101269214e-06
4982,5.020948492982558e-06
4983,9.069324688575031e-05
4984,2.171238991836809e-05
4985,2.716178860113636e-05
4986,3.3592116986989194e-05
4987,3.8659350327565843e-07
4988,8.642916276152456e-07
4989,7.86375023253337e-06
4990,2.3765283885415858e-06
4991,7.878540641073204e-05
4992,3.3171455713782484e-05
4993,1.4509444111154486e-05
4994,5.319129476712321e-05
4995,2.6366617112429715e-05
4996,0.00014569771928082023
4997,6.116742037646256e-06
4998,9.318008668577259e-06
4999,5.799588233115551e-06
5000,8.518218154287182e-06
5001,3.875673625688614e-05
5002,3.991949286802939e-05
5003,3.069418053461305e-05
5004,1.5217656917777877e-05
5005,4.023291535536111e-05
5006,6.04968054366963e-06
5007,2.5457024326321722e-05
5008,5.437204437630896e-05
5009,7.89755808065313e-06
5010,3.225397264004974e-05
5011,2.349925721919736e-05
5012,4.11692903617539e-06
5013,8.865359047952257e-06
5014,8.35396901245353e-06
5015,3.371763690492194e-05
5016,8.865359047952257e-06
5017,1.7176408474636937e-05
5018,1.6162961547302493e-05
5019,8.531446506873042e-06
5020,9.273329360391642e-06
5021,1.9971688459737037e-05
5022,1.0857419387940288e-05
5023,1.6723997866334754e-05
5024,1.514957667333494e-05
5025,1.369814157940644e-05
5026,9.273329360391642e-06
5027,1.1461197044238643e-05
5028,2.47175172068662e-05
5029,3.3391968294401246e-06
5030,1.5999993411906396e-05
5031,1.6723997866334754e-05
5032,1.983676114667277e-05
5033,3.223478423162025e-06
5034,7.476998738209224e-05
5035,3.345054366685317e-05
5036,2.234684377619111e-05
5037,2.995320472956266e-05
5038,3.2119393217522706e-05
5039,7.020968196698618e-05
5040,3.5138045007016863e-06
5041,5.241875531581324e-06
5042,5.45127994303658e-06
5043,4.123318739421335e-05
5044,1.4782810473594473e-05
5045,7.383412113819585e-06
5046,7.490238041251176e-06
5047,0.00019701763681757934
5048,9.273329360391642e-06
5049,1.812315865241405e-05
5050,1.56237812375348e-05
5051,2.5565050214628476e-05
5052,7.548761950666645e-06
5053,2.4232360664983872e-05
5054,4.328308154471535e-05
5055,1.0313207022366888e-05
5056,3.677236689887333e-05
5057,6.630825021201226e-05
5058,3.6854845048586053e-06
5059,9.24949696876159e-06
5060,2.2346845268805124e-05
5061,2.5178919391819344e-06
5062,4.758563856264241e-06
5063,5.819100281622349e-06
5064,2.39372234713232e-05
5065,9.802835711729158e-07
5066,2.39372234713232e-05
5067,1.4804205694828154e-07
5068,3.457546241666303e-06
5069,0.00020343589765487672
5070,4.332547858371325e-05
5071,1.0313207022366888e-05
5072,1.8581267500807902e-05
5073,1.5286874656238851e-06
5074,3.543302466457338e-05
5075,9.771775873315959e-05
5076,8.710795972996155e-06
5077,7.08135354662937e-06
5078,1.9756906355571455e-05
5079,2.0285377585750674e-05
5080,1.828491646610154e-05
5081,0.00017939205117565473
5082,8.696302649785403e-05
5083,5.2561529384327414e-06
5084,1.1863193057143497e-05
5085,8.749185502257921e-07
5086,2.39372234713232e-05
5087,1.369814157940644e-05
5088,1.6709694019828036e-05
5089,7.124176368197579e-06
5090,2.476685242274255e-05
5091,4.816207041740651e-08
5092,1.6723997866334754e-05
5093,1.658495497062072e-05
5094,1.1914014720877016e-06
5095,1.0213215316709365e-05
5096,5.255304396475011e-07
5097,6.589552189728345e-06
5098,2.5341379931947438e-05
5099,3.41683111836231e-05
5100,1.6549725166295783e-05
5101,1.6723997866334754e-05
5102,1.91373731652875e-05
5103,1.3439470220033674e-05
5104,4.020819934226715e-05
5105,1.6515929455086677e-05
5106,1.0924115674501308e-05
5107,1.2451007501704985e-05
5108,7.993519340531444e-06
5109,2.1396666738217784e-05
5110,9.318008668577259e-06
5111,2.1396666738217784e-05
5112,5.574238617669124e-06
5113,3.583179484741797e-05
5114,2.1582692658285544e-05
5115,3.5031615869467516e-05
5116,5.533916176056506e-05
5117,0.0001085999699119597
5118,0.000291970567466875
5119,3.450701529808895e-05
5120,1.737039905029174e-06
5121,4.687336814084638e-06
5122,1.4289811960486495e-05
5123,2.286391798959081e-05
5124,6.814222865958276e-06
5125,3.309667459598288e-05
5126,1.5951974495033818e-05
5127,7.106351403771632e-05
5128,1.2547158450459412e-05
5129,9.883460640919919e-06
5130,2.8557869200918555e-06
5131,1.8988264561489542e-05
5132,2.9320528483521212e-06
5133,2.9320528483521212e-06
5134,1.9701531379482796e-06
5135,4.8062581530261184e-06
5136,3.6611492350975046e-05
5137,2.8638297407765024e-05
5138,6.915430617617986e-06
5139,5.469711135728868e-06
5140,3.081040087638322e-05
5141,1.1050065501815846e-05
5142,9.515108067451576e-06
5143,9.622365479210942e-06
5144,2.8638297407765024e-05
5145,2.842831207943669e-05
5146,2.8599298038882866e-06
5147,2.9377389558570775e-05
5148,3.420994556731173e-05
5149,1.1875799467932967e-05
5150,1.983676114667277e-05
5151,2.8331318426269117e-05
5152,2.4662631681292474e-05
5153,7.749559105333016e-07
5154,1.0754660573650312e-05
5155,1.7774616526518243e-05
5156,1.9546854292914827e-05
5157,1.2547158450459412e-05
5158,2.4139773424162623e-05
5159,1.1892848413678559e-07
5160,1.419003048345428e-06
5161,3.0005601924439137e-05
5162,3.172312495002965e-06
5163,1.1892848413678559e-07
5164,3.543302466457338e-05
5165,0.0001690998244899428
5166,1.2547158450459412e-05
5167,4.54437615865241e-06
5168,1.0598743145444974e-05
5169,6.588091730010516e-05
5170,2.763295902925167e-05
5171,3.78235516341809e-08
5172,1.0924115674501308e-05
5173,7.89755808065313e-06
5174,1.6162961547302493e-05
5175,7.124176368197579e-06
5176,5.5126184552254996e-05
5177,5.401584346520074e-06
5178,1.8024136615215226e-05
5179,5.0012649493142985e-05
5180,2.1562179681250182e-05
5181,1.656101880299078e-05
5182,2.6605546155114192e-06
5183,3.550170591009911e-05
5184,3.54898591020141e-06
5185,4.560784389598212e-07
5186,8.865359047952257e-06
5187,7.009694715600637e-06
5188,6.016831442114626e-06
5189,4.739205207123671e-06
5190,5.631393199363674e-05
5191,2.1139678454565557e-05
5192,8.35396901245353e-06
5193,3.926828147199314e-05
5194,9.318008668577259e-06
5195,9.318008668577259e-06
5196,1.737039905029174e-06
5197,4.712418813254684e-06
5198,9.128817085701747e-05
5199,1.9571464061401244e-05
5200,1.3510556190963273e-06
5201,2.640327764227139e-05
5202,6.968368106932211e-06
5203,5.509607098696422e-06
5204,1.419003048345428e-06
5205,5.855222805569599e-06
5206,1.082107430019791e-05
5207,3.874853397965551e-05
5208,1.0438274842770595e-05
5209,9.594154120435579e-06
5210,5.855222805569599e-06
5211,9.351981496536039e-06
5212,3.309667459598288e-05
5213,3.6656236996298565e-05
5214,2.5898952020745618e-05
5215,4.1140426311032566e-05
5216,4.2074922556146864e-05
5217,3.8659350327565843e-07
5218,1.729409415747509e-05
5219,1.5623712047274186e-05
5220,2.2929218850574422e-05
5221,1.3779902594593163e-05
5222,3.8659350327565843e-07
5223,3.743839016231361e-05
5224,7.476998738209224e-05
5225,4.5642877980907465e-06
5226,3.54898591020141e-06
5227,6.115777068064974e-06
5228,6.334903342976408e-05
5229,7.89755808065313e-06
5230,1.0273732253466651e-05
5231,2.097404340523741e-06
5232,4.200484154866769e-06
5233,4.0186009240974953e-05
5234,1.6144310519277747e-05
5235,1.763317027055864e-05
5236,1.9756906355571455e-05
5237,5.659867290427026e-06
5238,0.00011810868724150802
5239,6.7349596039378535e-06
5240,1.0991002387294113e-05
5241,2.6832773252074526e-05
5242,2.1085199044252708e-05
5243,0.00012710520281404626
5244,1.4168278080111728e-05
5245,1.763317027055864e-05
5246,2.4234366600327456e-05
5247,5.259343197053732e-05
5248,2.6366617112429715e-05
5249,9.736558757118512e-06
5250,5.574238617669124e-06
5251,1.6341030939340382e-05
5252,1.6797119349840586e-06
5253,3.57517251179788e-06
5254,1.0438274842770595e-05
5255,5.054889424931881e-05
5256,2.0167755210234932e-06
5257,2.7471378098867538e-05
5258,1.1663973207448035e-05
5259,7.795624630076884e-06
5260,1.4782810473594473e-05
5261,1.9650495179308046e-05
5262,9.642104952208336e-05
5263,1.8805946600225752e-05
5264,2.763295902925167e-05
5265,1.092057938326124e-06
5266,1.0416189543517678e-05
5267,1.092057938326124e-06
5268,4.715648469132916e-05
5269,1.320298452626375e-05
5270,5.472009876651912e-05
5271,2.3661736683094233e-05
5272,1.6010330815135987e-05
5273,5.410177181635062e-05
5274,7.488441890634478e-05
5275,1.4509444111154486e-05
5276,6.589552189728345e-06
5277,1.1668668853090769e-05
5278,0.0001131012980478426
5279,2.9976026437182873e-05
5280,9.983179633554033e-06
5281,3.080654430191315e-05
5282,8.865359047952257e-06
5283,6.784292077741517e-06
5284,1.0700875383419456e-05
5285,1.0273732253466651e-05
5286,2.5112535683183524e-05
5287,1.6950723652819656e-05
5288,2.569745318314875e-05
5289,6.830633588881178e-06
5290,2.0278891203424817e-05
5291,4.658874159257575e-05
5292,2.124438723017059e-06
5293,5.137343167717209e-05
5294,8.278351111880556e-06
5295,1.5110544139588908e-05
5296,1.0256411183786311e-05
5297,1.5343351942623738e-05
5298,5.249674861583145e-06
5299,8.461195848300982e-06
5300,3.498728897313904e-05
5301,2.5409458264529133e-06
5302,5.259343197053732e-05
5303,4.390499296020322e-05
5304,1.60280005887528e-06
5305,7.42599310001043e-07
5306,1.8024136615215226e-05
5307,1.2752228797459337e-05
5308,1.1914014720877016e-06
5309,1.1152414258539597e-05
5310,2.6232464898206492e-05
5311,1.9496757374554444e-05
5312,4.4953451980652945e-05
5313,1.1282192053467803e-05
5314,5.469711135728868e-06
5315,8.892737362243828e-06
5316,1.0169209452128884e-05
5317,4.110522815901469e-05
5318,2.763295902925167e-05
5319,8.52554160919285e-06
5320,1.3200240066061201e-05
5321,1.763317027055864e-05
5322,9.263726349490309e-06
5323,1.783334204856849e-06
5324,1.8024136615215226e-05
5325,5.259343197053732e-05
5326,9.903911426043947e-06
5327,0.00011911216270808692
5328,1.369814157940644e-05
5329,1.0438274842770595e-05
5330,1.6852902719619976e-05
5331,6.604102156649155e-06
5332,4.6563014958229704e-05
5333,1.6723997866334754e-05
5334,1.847106690969064e-05
5335,9.16577641018437e-06
5336,8.452364503512109e-06
5337,3.053685327535438e-05
5338,4.058082608498158e-05
5339,1.9766402380370655e-05
5340,2.1251354600148446e-05
5341,7.795624630076884e-06
5342,1.6723997866334754e-05
5343,3.489693626393209e-06
5344,9.883460640919919e-06
5345,1.0754660573650312e-05
5346,5.574238617669124e-06
5347,9.784207640225817e-05
5348,9.823787234911673e-06
5349,2.324106206228486e-05
5350,2.0549076217869553e-05
5351,1.0341492697675664e-05
5352,9.341097556755096e-06
5353,8.749185502257921e-07
5354,1.807051609927798e-05
5355,0.0003690875950016279
5356,1.1050065501815846e-05
5357,4.1077072876773253e-05
5358,1.0857419387940288e-05
5359,1.8805946600225752e-05
5360,2.2023099469858127e-05
5361,7.449902406129431e-06
5362,0.00031606362241977837
5363,5.377591186363026e-06
5364,3.9220513302150913e-05
5365,5.236114750762844e-06
5366,2.3079566049958632e-05
5367,4.305506070831409e-06
5368,2.9632572151435872e-05
5369,4.305506070831409e-06
5370,5.378863853367562e-05
5371,6.968368106932211e-06
5372,2.6232464898206492e-05
5373,2.590536458695729e-06
5374,4.075785884853185e-05
5375,4.433994353239081e-06
5376,1.6778098339098316e-05
5377,4.9131166243979826e-05
5378,3.511939411641134e-05
5379,3.511939411641134e-05
5380,1.369814157940644e-05
5381,5.550027552830193e-06
5382,2.2274735313271023e-05
5383,4.387974460970874e-05
5384,6.534520736036855e-05
5385,3.8518268064584066e-05
5386,2.5341379931947438e-05
5387,1.9496757374554444e-05
5388,3.646874802707865e-06
5389,1.09231490319743e-05
5390,2.5341379931947438e-05
5391,5.354675225847732e-05
5392,1.369814157940644e-05
5393,7.072924066519659e-07
5394,6.306632850805595e-06
5395,5.222987658470035e-05
5396,1.763317027055864e-05
5397,1.2451007501704985e-05
5398,9.273329360391642e-06
5399,7.795624630076884e-06
5400,2.6232464898206492e-05
5401,6.47964763296422e-06
5402,7.909082773094585e-06
5403,5.6049539268140984e-05
5404,4.5642877980907465e-06
5405,6.03146442030491e-06
5406,3.2445422920513604e-05
5407,1.868288809865272e-05
5408,3.2960346341285596e-05
5409,3.1309309066595567e-05
5410,7.89755808065313e-06
5411,3.250883105593315e-05
5412,7.227686254926452e-06
5413,2.135406191240359e-05
5414,1.2668639946208822e-05
5415,7.009694715600637e-06
5416,2.4839930291876476e-05
5417,4.054883656866124e-06
5418,3.3334057599760894e-06
5419,2.6814303434552547e-05
5420,7.234654080821972e-06
5421,3.5691329021067364e-05
5422,1.999440819644983e-05
5423,3.82076957586789e-05
5424,1.2826728180849438e-07
5425,3.325274653317302e-06
5426,6.610080416243821e-05
5427,1.2668639946208822e-05
5428,3.409719701304325e-05
5429,1.1050065501815846e-05
5430,1.1050065501815846e-05
5431,1.3510556190963273e-06
5432,2.5826453593806244e-06
5433,7.087064208961977e-05
5434,4.712418813254684e-06
5435,8.16653018924834e-05
5436,9.983179633554033e-06
5437,8.35396901245353e-06
5438,6.741993238908934e-06
5439,3.41462419387058e-05
5440,5.094381667434789e-06
5441,2.5727195700756993e-06
5442,1.1657463000347894e-05
5443,1.3073514415799466e-05
5444,3.6703937395030675e-05
5445,4.349548842232945e-05
5446,1.8024136615215226e-05
5447,1.950897543364397e-05
5448,8.029984395592103e-08
5449,5.9117501360328634e-06
5450,1.0438274842770595e-05
5451,1.1050065501815846e-05
5452,2.1744228134562504e-06
5453,6.9763925007491356e-06
5454,4.7641157993465865e-06
5455,1.5341973238643723e-06
5456,2.3147390505172322e-06
5457,6.076666691901281e-06
5458,3.8659350327565843e-07
5459,1.0313207022366888e-05
5460,1.1644992356732589e-05
5461,5.981531900235198e-06
5462,5.791375776054895e-06
5463,7.795624630076884e-06
5464,1.8024136615215226e-05
5465,3.3334057599760894e-06
5466,4.807632222904557e-06
5467,1.66801693039325e-05
5468,4.344030950276581e-05
5469,3.831220070692776e-06
5470,2.832643252633013e-05
5471,5.171263921999344e-05
5472,1.2598692299334747e-05
5473,0.00011375731800894107
5474,2.3147390505172322e-06
5475,2.5356164600010114e-05
5476,5.608341211698309e-05
5477,2.638324172073524e-06
5478,1.0952789725319169e-05
5479,5.819100281622349e-06
5480,5.819100281622349e-06
5481,4.003248981168393e-05
5482,5.377591186363026e-06
5483,1.0274166338583712e-05
5484,3.9728594815308495e-05
5485,1.1644992356732589e-05
5486,0.00013660867911451346
5487,2.5590027613695002e-05
5488,1.2857782005483696e-05
5489,1.5218085083909855e-05
5490,2.8168423993949314e-05
5491,1.6452166147152925e-05
5492,2.4546678455173602e-06
5493,1.3309003306797945e-05
5494,5.469711135728868e-06
5495,3.4217316907134786e-05
5496,2.8483417257409518e-06
5497,1.4804205694828154e-07
5498,1.1106870906897075e-05
5499,4.054883656866124e-06
5500,3.3391968294401246e-06
5501,1.653980374858993e-06
5502,6.9763925007491356e-06
5503,0.00011012611258011564
5504,7.548761950666645e-06
5505,1.8974895579305917e-05
5506,1.0313207022366888e-05
5507,7.689809080609432e-06
5508,1.2502128903267543e-05
5509,1.1187858695687232e-05
5510,2.7209850260935155e-05
5511,5.574238617669124e-06
5512,4.382819966499667e-07
5513,6.426076672132803e-06
5514,3.367122987356735e-06
5515,4.9946528478447784e-05
5516,5.832771487278596e-05
5517,2.0826376447518215e-05
5518,9.844233795786024e-06
5519,3.771936472294765e-05
5520,1.5562485836910844e-05
5521,1.8024136615215226e-05
5522,3.5987399757499075e-05
5523,3.5503891826442836e-05
5524,7.826144026318789e-06
5525,9.083392701999266e-05
5526,1.0416189543517678e-05
5527,3.869217156195683e-05
5528,3.495260392163911e-05
5529,2.4139773424162623e-05
5530,4.200484154866769e-06
5531,1.847106690969064e-05
5532,1.4515881844721867e-06
5533,7.93300613265411e-05
5534,1.1863193057143497e-05
5535,3.926828147199314e-05
5536,1.763317027055864e-05
5537,7.413644586506715e-06
5538,9.318008668577259e-06
5539,6.426076672132803e-06
5540,3.3543775409223295e-05
5541,3.153846166276133e-05
5542,2.212503139575054e-05
5543,3.677236689887333e-05
5544,2.8070304857971008e-05
5545,7.016287745516977e-06
5546,1.8805946600225752e-05
5547,3.1471239863107365e-06
5548,6.69638128102874e-06
5549,2.212503139575054e-05
5550,2.3147390505172322e-06
5551,2.9317407158261725e-06
5552,1.4465230738525046e-05
5553,9.823359716247194e-05
5554,1.1997764685598476e-05
5555,2.069502196205906e-06
5556,1.6321563674865662e-06
5557,1.6321563674865662e-06
5558,1.4616660646665316e-05
5559,1.6321563674865662e-06
5560,1.4616660646665316e-05
5561,2.0243066524453622e-05
5562,1.4179314817945976e-05
5563,1.691757352536703e-05
5564,3.7930946308081094e-05
5565,5.961609575112978e-05
5566,1.6321563674865662e-06
5567,1.4179314817945976e-05
5568,2.069502196205906e-06
5569,2.918143802326829e-06
5570,7.482573525801699e-05
5571,1.6321563674865662e-06
5572,1.9630594760982557e-05
5573,5.48874402505275e-05
5574,0.00011700363342658578
5575,2.069502196205906e-06
5576,5.489857480084734e-05
5577,0.00012806322865324254
5578,4.221298245246815e-05
5579,1.6321563674865662e-06
5580,6.578627683034853e-05
5581,4.771333524264819e-05
5582,1.4179314817945976e-05
5583,1.9835665107982486e-05
5584,1.8725284801786993e-05
5585,1.4616660646665316e-05
5586,1.4616660646665316e-05
5587,1.9630594760982557e-05
5588,1.879350006254066e-05
5589,7.364127377248889e-06
5590,4.727598941392885e-05
5591,1.4179314817945976e-05
5592,1.7140678699316524e-06
5593,1.4616660646665316e-05
5594,1.6321563674865662e-06
5595,1.6321563674865662e-06
5596,3.862894417908551e-05
5597,0.00015089586968518878
5598,4.47263126597644e-05
5599,1.6321563674865662e-06
5600,1.4179314817945976e-05
5601,1.4179314817945976e-05
5602,1.2912769144812239e-05
5603,1.4179314817945976e-05
5604,5.2570918744496307e-05
5605,7.364127377248889e-06
5606,2.069502196205906e-06
5607,3.2445422920513604e-05
5608,1.6321563674865662e-06
5609,1.5217656917777877e-05
5610,1.4179314817945976e-05
5611,5.9682488263532906e-05
5612,2.39372234713232e-05
5613,1.5217656917777877e-05
5614,2.7671618224776503e-05
5615,4.6357020646052634e-05
5616,3.54898591020141e-06
5617,2.3880386996155623e-05
5618,1.4179314817945976e-05
5619,1.4179314817945976e-05
5620,2.069502196205906e-06
5621,2.069502196205906e-06
5622,1.4179314817945976e-05
5623,1.4179314817945976e-05
5624,7.520782139242486e-06
5625,1.6321563674865662e-06
5626,5.323947309337669e-05
5627,1.369814157940644e-05
5628,1.6321563674865662e-06
5629,2.069502196205906e-06
5630,1.5041532632805332e-05
5631,2.069502196205906e-06
5632,2.79277619416011e-06
5633,9.601495444591978e-05
5634,3.7282513193237356e-05
5635,2.069502196205906e-06
5636,5.1824166656330646e-05
5637,3.267989248475748e-05
5638,2.2012135888295115e-05
5639,2.069502196205906e-06
5640,2.3147390505172322e-06
5641,4.758563856264241e-06
5642,5.3581046180797854e-06
5643,1.4179314817945976e-05
5644,3.2219536051119953e-05
5645,1.4616660646665316e-05
5646,1.6321563674865662e-06
5647,9.263726349490309e-06
5648,2.069502196205906e-06
5649,1.369814157940644e-05
5650,2.069502196205906e-06
5651,9.036413296734535e-05
5652,2.1693506887952338e-05
5653,2.069502196205906e-06
5654,3.550170591009911e-05
5655,1.4168278080111728e-05
5656,4.085985549326954e-06
5657,9.983179633554033e-06
5658,5.606493715984668e-06
5659,1.4485552592580338e-05
5660,1.9977029603934174e-05
5661,5.509607098696422e-06
5662,6.343000329649418e-05
5663,1.438262506160836e-05
5664,5.819100281622349e-06
5665,3.115120448618888e-05
5666,1.6709694019828036e-05
5667,1.6804341117319938e-05
5668,2.7911491191413743e-06
5669,2.5345955738682367e-05
5670,1.8566784569769956e-05
5671,1.1187858695687232e-05
5672,2.051944848265643e-05
5673,1.2633783466894003e-05
5674,1.6388330668448e-05
5675,2.1853156994039272e-05
5676,6.7349596039378535e-06
5677,1.2109583648756465e-05
5678,9.492458984610857e-06
5679,1.5110544139588908e-05
5680,3.926828147199314e-05
5681,2.3244265466959907e-05
5682,1.0725778943555075e-05
5683,5.855222805569599e-06
5684,4.864818561044578e-06
5685,9.360161008768145e-06
5686,1.206720406448859e-05
5687,4.828282318833326e-05
5688,3.080654430191315e-05
5689,7.710308787994672e-05
5690,3.859639405586101e-05
5691,1.5065050389641347e-05
5692,9.7950553838749e-06
5693,1.6709694019828036e-05
5694,5.6612398385109074e-05
5695,4.200484154866769e-06
5696,1.0750650353866867e-05
5697,7.50310509775984e-06
5698,2.8638297407765024e-05
5699,1.0750650353866867e-05
5700,7.698525158811343e-06
5701,1.2581422448040681e-05
5702,1.1721173360041573e-05
5703,3.6854845048586053e-06
5704,2.6232464898206492e-05
5705,1.3026461063621571e-05
5706,4.816207041740651e-08
5707,1.5110544139588908e-05
5708,9.273329360391642e-06
5709,3.3453832254940494e-05
5710,2.3765283885415858e-06
5711,7.556148400940082e-06
5712,6.328914098985806e-05
5713,2.5232215835303872e-05
5714,6.021267550270254e-05
5715,1.8329360185005086e-05
5716,4.646086757607567e-06
5717,2.9985371526548482e-06
5718,7.009694715600637e-06
5719,3.550170591009911e-05
5720,5.819100281622349e-06
5721,2.46821339412939e-05
5722,4.403829182712962e-05
5723,0.00012069436077526208
5724,3.550170591009911e-05
5725,1.2547158450459412e-05
5726,1.612365675125201e-05
5727,6.03146442030491e-06
5728,2.3147390505172322e-06
5729,3.803535925217071e-05
5730,3.322494187779137e-05
5731,4.200484154866769e-06
5732,2.7098354531947667e-05
5733,5.504856020301394e-05
5734,1.2547158450459412e-05
5735,5.8513245714868415e-05
5736,1.0681705545095309e-05
5737,1.8805946600225752e-05
5738,7.548761950666645e-06
5739,1.4381256950730099e-05
5740,1.9766402380370655e-05
5741,5.764112773692267e-06
5742,4.2208438614100965e-05
5743,1.5954862441009677e-05
5744,3.579259214609329e-05
5745,3.884719471436902e-05
5746,8.819386560438052e-05
5747,9.622365479210942e-06
5748,8.244613255882126e-06
5749,3.9106100965094895e-05
5750,1.863188248613669e-05
5751,2.224458335753996e-06
5752,8.778815546107299e-05
5753,3.678081659200565e-05
5754,1.0857419387940288e-05
5755,1.9766402380370655e-05
5756,6.8012151300323124e-06
5757,1.1447080826253936e-05
5758,1.0169209452128884e-05
5759,2.0940793139358538e-05
5760,6.391459276503222e-05
5761,2.8490589658498932e-05
5762,2.2977567506047806e-07
5763,2.171238991836809e-05
5764,4.721706381822767e-06
5765,3.7301644402679716e-05
5766,1.5941539096322403e-06
5767,4.124580181392412e-05
5768,1.4328661809816358e-05
5769,1.1152414258539597e-05
5770,9.991840256064962e-06
5771,6.077314789959425e-06
5772,1.763317027055864e-05
5773,2.171238991836809e-05
5774,1.464586291473424e-05
5775,6.076666691901281e-06
5776,2.2219947002805027e-05
5777,1.2499106818882815e-05
5778,1.8199457761785952e-05
5779,4.422597542958812e-05
5780,9.318008668577259e-06
5781,9.983179633554033e-06
5782,9.16577641018437e-06
5783,1.763317027055864e-05
5784,3.1669823064930804e-05
5785,5.574238617669124e-06
5786,3.2021007702808205e-06
5787,3.806293414579964e-05
5788,9.318008668577259e-06
5789,3.550170591009911e-05
5790,1.8538364677761307e-05
5791,1.3073514415799466e-05
5792,4.207408501786292e-06
5793,9.983179633554033e-06
5794,3.682437588552389e-06
5795,2.280589380562065e-05
5796,5.606493715984668e-06
5797,5.16508523954363e-06
5798,3.946442858425871e-07
5799,7.227686254926452e-06
5800,4.639055046905749e-05
5801,0.00017584160159310217
5802,8.182325399855936e-05
5803,4.377783345649039e-05
5804,1.312186006600996e-05
5805,1.7963713841356926e-05
5806,4.426297092654747e-05
5807,5.67338538194055e-06
5808,7.65439688810413e-06
5809,1.2504365465339304e-05
5810,2.2416084507162204e-06
5811,2.5720557676180047e-05
5812,2.2452821402933614e-05
5813,1.6723997866334754e-05
5814,5.425229653611383e-05
5815,1.1187858695687232e-05
5816,7.65439688810413e-06
5817,1.713195240636571e-05
5818,8.137564451293906e-06
5819,8.029984395592103e-08
5820,8.18763536864292e-06
5821,3.682437588552389e-06
5822,1.0523413319910518e-05
5823,3.080654430191315e-05
5824,3.309667459598288e-05
5825,3.926828147199314e-05
5826,8.278891074482927e-06
5827,2.767691883844998e-05
5828,4.387974460970874e-05
5829,6.52195770302252e-05
5830,7.65439688810413e-06
5831,1.7631438260281725e-05
5832,3.172312495002965e-06
5833,1.783334204856849e-06
5834,1.1152414258539597e-05
5835,3.2445422920513604e-05
5836,4.8228942977292264e-08
5837,1.763317027055864e-05
5838,4.170914927000391e-05
5839,2.1307483297458105e-05
5840,0.00010018588858378007
5841,3.682437588552389e-06
5842,1.3950552780122961e-06
5843,2.719825372246476e-05
5844,3.926828147199314e-05
5845,0.00015524580460821942
5846,9.885713345244046e-05
5847,2.39372234713232e-05
5848,3.457546241666303e-06
5849,0.00023897277953573788
5850,1.7498953776868056e-05
5851,3.322494187779137e-05
5852,3.8659350327565843e-07
5853,2.3147390505172322e-06
5854,4.698778864749918e-05
5855,1.1995280057508101e-05
5856,5.167543924003077e-06
5857,1.8805946600225752e-05
5858,4.983428830864382e-06
5859,1.2451007501704985e-05
5860,1.6519776637544713e-05
5861,2.1744228134562504e-06
5862,3.646874802707865e-06
5863,6.076666691901281e-06
5864,1.1892848413678559e-07
5865,1.5768015778516462e-05
5866,4.227245596920519e-06
5867,3.2445422920513604e-05
5868,4.754748103679141e-06
5869,7.505313940780551e-06
5870,1.1875799467932967e-05
5871,4.0892299226059763e-05
5872,2.6232464898206492e-05
5873,8.770498972812629e-05
5874,5.403746773534141e-05
5875,1.4330550597359467e-05
5876,5.255222372468814e-05
5877,5.241875531581324e-06
5878,5.0012649493142985e-05
5879,4.453611125604108e-05
5880,1.1995280057508101e-05
5881,9.599912754747727e-07
5882,8.036000762221331e-06
5883,7.416699300741545e-05
5884,9.983179633554033e-06
5885,1.2547158450459412e-05
5886,3.6821498608514014e-06
5887,2.0702096789508367e-05
5888,6.8012151300323124e-06
5889,2.212503139575054e-05
5890,4.301966226920388e-05
5891,2.124438723017059e-06
5892,1.737039905029174e-06
5893,9.594154120435579e-06
5894,3.2445422920513604e-05
5895,9.318008668577259e-06
5896,4.983428830864382e-06
5897,3.682437588552389e-06
5898,2.4662631681292474e-05
5899,9.545367803396102e-05
5900,4.429879661962576e-05
5901,1.8868111523841994e-06
5902,4.966210136356972e-07
5903,6.589552189728345e-06
5904,4.8767119017013024e-05
5905,1.9461460086313095e-05
5906,1.2547158450459412e-05
5907,1.704180806813099e-05
5908,3.301268465746071e-05
5909,8.947270550397345e-06
5910,1.2499106818882815e-05
5911,4.721706381822767e-06
5912,2.0467248635903864e-05
5913,1.1376011973723856e-05
5914,2.5358267465719765e-05
5915,4.181722223488192e-05
5916,7.512148338611433e-05
5917,3.926828147199314e-05
5918,8.060247594424596e-06
5919,5.874221594061904e-06
5920,5.255304396475011e-07
5921,1.1997764685598476e-05
5922,3.6854845048586053e-06
5923,1.763317027055864e-05
5924,1.398545076197968e-05
5925,0.000675749651748808
5926,3.8142904679358284e-05
5927,3.919953362856588e-06
5928,2.662167883034382e-05
5929,1.0444488517548114e-05
5930,1.438262506160836e-05
5931,2.911528365634676e-05
5932,1.0857419387940288e-05
5933,5.066824247869157e-06
5934,1.0857419387940288e-05
5935,3.309667459598288e-05
5936,2.5457024326321722e-05
5937,1.6452166147152925e-05
5938,1.21146786552683e-05
5939,2.7471378098867538e-05
5940,0.00010687282568429682
5941,1.5462754272636223e-06
5942,6.784292077741517e-06
5943,5.080966135614927e-06
5944,1.5462754272636223e-06
5945,1.630777248689124e-05
5946,1.2559014505728757e-05
5947,7.574258499755732e-05
5948,1.8868111523841994e-06
5949,7.917309656783711e-05
5950,2.681466123604787e-05
5951,1.1918676508060773e-05
5952,5.509607098696422e-06
5953,4.361463544814087e-07
5954,1.0872243119756205e-05
5955,3.6319821475989563e-06
5956,5.658114286918681e-05
5957,2.6232464898206492e-05
5958,9.318008668577259e-06
5959,2.3642757042331067e-05
5960,1.8147641553344897e-05
5961,7.89755808065313e-06
5962,1.6778098339098316e-05
5963,2.3738611920864557e-05
5964,7.207674679391411e-06
5965,1.9518596878484045e-05
5966,1.0313207022366888e-05
5967,7.795624630076884e-06
5968,7.293191880507838e-06
5969,5.638264639183681e-05
5970,1.4168278080111728e-05
5971,4.643032553944795e-05
5972,1.5497759925276468e-06
5973,0.0001460054922061978
5974,1.4443313274229764e-05
5975,1.6723997866334754e-05
5976,4.646086757607567e-06
5977,4.223512266542004e-05
5978,7.749559105333016e-07
5979,1.0341492697675664e-05
5980,8.797979668502799e-05
5981,2.0549076217869553e-05
5982,9.263726349490309e-06
5983,2.7471378098867538e-05
5984,7.063549449832523e-07
5985,1.2547158450459412e-05
5986,1.6723997866334754e-05
5987,0.00011350858875744176
5988,7.65439688810413e-06
5989,7.766606520839341e-05
5990,3.37084391435837e-05
5991,5.035336051781259e-05
5992,8.244613255882126e-06
5993,1.092057938326124e-06
5994,8.851037022999384e-06
5995,9.89800748622995e-06
5996,4.3365516547162664e-05
5997,8.673006352272752e-05
5998,1.6317084700870212e-05
5999,1.1106870906897075e-05
6000,6.8012151300323124e-06
6001,2.5341379931947438e-05
6002,1.092057938326124e-06
6003,1.1392319154604372e-06
6004,6.950990002478682e-05
6005,4.452709490401525e-05
6006,0.00040229841451039936
6007,6.77801328557527e-06
6008,3.543302466457338e-05
6009,5.900895157352535e-06
6010,2.2422730190436983e-08
6011,2.212503139575054e-05
6012,2.6366617112429715e-05
6013,4.949620996736937e-07
6014,2.257859274798186e-05
6015,0.00027102095739015074
6016,1.7750104499882862e-05
6017,7.233878309990674e-05
6018,3.4820756327432072e-06
6019,1.128061277732567e-05
6020,7.227686254926452e-06
6021,2.2422730190436983e-08
6022,6.3391743123908195e-06
6023,3.172312495002965e-06
6024,1.3078171163231894e-05
6025,1.2547158450459412e-05
6026,7.04087630940213e-06
6027,6.109969712149271e-05
6028,4.0841190194915106e-05
6029,4.5335475134545205e-05
6030,3.926828147199314e-05
6031,6.076666691901281e-06
6032,6.8012151300323124e-06
6033,3.869217156195683e-05
6034,2.1091770121731182e-05
6035,5.574238617669124e-06
6036,1.5341973238643723e-06
6037,1.6499822698579457e-06
6038,5.926181864418056e-05
6039,7.016287745516977e-06
6040,3.903056025989452e-05
6041,2.097404340523741e-06
6042,4.496647434593277e-06
6043,5.5254197439070264e-05
6044,2.0389030618798876e-05
6045,9.983179633554033e-06
6046,2.0389030618798876e-05
6047,6.784292077741517e-06
6048,6.784292077741517e-06
6049,2.171238991836809e-05
6050,3.54898591020141e-06
6051,6.023285800027257e-05
6052,5.659867290427026e-06
6053,8.452364503512109e-06
6054,6.95709462097379e-06
6055,1.56237812375348e-05
6056,1.09231490319743e-05
6057,7.548761950666645e-06
6058,6.589552189728345e-06
6059,9.88526947235807e-06
6060,5.9117501360328634e-06
6061,2.341897094753183e-05
6062,3.579259214609329e-05
6063,8.920632939481417e-05
6064,2.505253280728381e-05
6065,6.026749908083653e-05
6066,6.540583965354454e-05
6067,2.4199374356353516e-06
6068,7.993519340531444e-06
6069,1.6709694019828036e-05
6070,1.1663973207448035e-05
6071,1.8024136615215226e-05
6072,1.846103777136393e-05
6073,8.865359047952257e-06
6074,0.0002516462181341307
6075,1.0857419387940288e-05
6076,1.9710151187450437e-05
6077,2.348371623699865e-05
6078,8.029984395592103e-08
6079,5.469711135728868e-06
6080,1.763317027055864e-05
6081,2.282179484298177e-05
6082,4.7688045808307276e-05
6083,5.9134266432667676e-05
6084,2.2422730190436983e-08
6085,8.865359047952257e-06
6086,7.548761950666645e-06
6087,2.8264698769981452e-05
6088,7.795624630076884e-06
6089,1.1152414258539597e-05
6090,3.2445422920513604e-05
6091,1.438881538404776e-05
6092,1.092057938326124e-06
6093,6.314950170966187e-05
6094,2.9907243018390778e-05
6095,0.00019126183425733338
6096,4.043755051391298e-05
6097,9.594154120435579e-06
6098,4.349670378511711e-05
6099,4.91132992030391e-05
6100,2.5727195700756993e-06
6101,4.658874159257575e-05
6102,1.2085578189964074e-05
6103,1.4481140755252942e-05
6104,7.019676581212095e-07
6105,1.0433606664552083e-05
6106,5.5613181621005044e-05
6107,9.594154120435579e-06
6108,1.6362809489451964e-05
6109,5.550027552830193e-06
6110,2.6366617112429715e-05
6111,5.26623736331172e-06
6112,1.7905032155057229e-06
6113,1.7905032155057229e-06
6114,1.1106870906897075e-05
6115,6.9763925007491356e-06
6116,9.244629562518311e-05
6117,1.6685613070036195e-05
6118,1.9766402380370655e-05
6119,2.171238991836809e-05
6120,1.369814157940644e-05
6121,2.638324172073524e-06
6122,3.816842810740284e-08
6123,3.816842810740284e-08
6124,6.95709462097379e-06
6125,2.1744228134562504e-06
6126,2.1135022209280455e-06
6127,3.2778416834745455e-05
6128,1.2752228797459337e-05
6129,2.6232464898206492e-05
6130,1.2105987869083227e-05
6131,1.658495497062072e-05
6132,1.8655393233096303e-05
6133,2.212503139575054e-05
6134,1.8805946600225752e-05
6135,9.844233795786024e-06
6136,2.7290005115311286e-05
6137,6.193499748701765e-06
6138,1.1242024095360708e-05
6139,9.213743837568004e-05
6140,5.311858024996795e-05
6141,2.1744228134562504e-06
6142,2.3805619838825533e-05
6143,2.1744228134562504e-06
6144,5.004380272892201e-05
6145,4.032165236936472e-05
6146,1.1663973207448035e-05
6147,2.5341379931947438e-05
6148,8.881973286371031e-06
6149,1.1152414258539597e-05
6150,1.8199457761785952e-05
6151,1.1836670161158395e-05
6152,1.6797119349840586e-06
6153,2.7090952015066443e-05
6154,7.65439688810413e-06
6155,1.8024136615215226e-05
6156,2.6366617112429715e-05
6157,5.8289105991391984e-05
6158,4.332500703264368e-05
6159,2.483129055429684e-05
6160,7.65439688810413e-06
6161,7.093473057467248e-05
6162,1.8493028224684882e-05
6163,9.680272763079363e-06
6164,2.8264698769981452e-05
6165,2.569745318314875e-05
6166,1.77412671392761e-05
6167,7.124176368197579e-06
6168,3.8692793877236385e-05
6169,8.244613255882126e-06
6170,1.3160600112368369e-06
6171,2.385536642401955e-06
6172,8.88746592279885e-05
6173,2.406179858049953e-06
6174,1.8631464996391355e-05
6175,1.634994038941602e-05
6176,3.889663216446158e-06
6177,9.273329360391642e-06
6178,6.115777068064974e-06
6179,3.194736800514796e-05
6180,9.844233795786024e-06
6181,1.0438274842770595e-05
6182,1.8460090098661703e-06
6183,1.8974895579305917e-05
6184,7.124176368197579e-06
6185,8.787146792606955e-05
6186,1.5217656917777877e-05
6187,4.563996000884067e-05
6188,1.4343007023142552e-05
6189,3.5138045007016863e-06
6190,2.6366617112429715e-05
6191,9.69646323162515e-06
6192,1.0332946556311193e-07
6193,4.351421408883622e-05
6194,4.687336814084638e-06
6195,0.0001497638588338595
6196,3.8841059757354795e-05
6197,1.9756906355571455e-05
6198,2.212503139575054e-05
6199,7.795624630076884e-06
6200,1.2547158450459412e-05
6201,7.139326936626449e-06
6202,2.385536642401955e-06
6203,2.1258019776055202e-05
6204,7.341569778182086e-05
6205,2.7090952015066443e-05
6206,9.622365479210942e-06
6207,1.764687872181997e-05
6208,1.634994038941602e-05
6209,4.494177150590377e-06
6210,7.805217374622108e-06
6211,1.847106690969064e-05
6212,1.3656663751615575e-05
6213,5.6359020482905764e-05
6214,5.094381667434789e-06
6215,3.677236689887333e-05
6216,1.8942998186870606e-06
6217,1.2859160646836952e-05
6218,7.351019792492224e-06
6219,8.865359047952257e-06
6220,5.119913791204008e-06
6221,9.533321846357239e-05
6222,2.39372234713232e-05
6223,1.1204600872324263e-05
6224,1.634994038941602e-05
6225,1.2859160646836952e-05
6226,2.4014382945424527e-05
6227,8.137564451293906e-06
6228,6.8012151300323124e-06
6229,6.362458191542986e-05
6230,6.807153939081614e-06
6231,0.000120796163860463
6232,2.8490589658498932e-05
6233,1.2499106818882815e-05
6234,1.0754660573650312e-05
6235,2.0767034259130587e-06
6236,1.1439436660058208e-05
6237,6.807153939081614e-06
6238,2.1744228134562504e-06
6239,2.0270798393896426e-05
6240,3.543302466457338e-05
6241,7.42599310001043e-07
6242,2.660740210860267e-05
6243,5.090491525130026e-06
6244,2.2716593844187217e-06
6245,9.903911426043947e-06
6246,3.579259214609329e-05
6247,1.1439436660058208e-05
6248,1.438262506160836e-05
6249,1.6894602605992524e-06
6250,1.5110544139588908e-05
6251,1.1995280057508101e-05
6252,2.1901772545538296e-05
6253,1.943295600058965e-05
6254,2.6232464898206492e-05
6255,1.0750650353866867e-05
6256,2.4853062062991798e-05
6257,3.926828147199314e-05
6258,3.3024904747861657e-06
6259,1.840919441444709e-05
6260,2.1145056985208625e-06
6261,1.5822479104540874e-06
6262,0.00010600411963860494
6263,5.6992194547793544e-05
6264,8.810044833978134e-05
6265,3.3002804081806606e-08
6266,2.8638297407765024e-05
6267,5.255304396475011e-07
6268,7.73035681085348e-05
6269,2.0457038571064346e-05
6270,1.0416189543517678e-05
6271,1.2013322342028058e-05
6272,5.348570521478175e-05
6273,0.00012878427954747353
6274,2.590536458695729e-06
6275,8.18763536864292e-06
6276,1.1657463000347894e-05
6277,2.9176550873754822e-05
6278,1.388828662245606e-05
6279,4.4489466575673774e-05
6280,1.6709694019828036e-05
6281,1.0952789725319169e-05
6282,8.865359047952257e-06
6283,5.090491525130026e-06
6284,2.2841825540035075e-05
6285,1.1439436660058208e-05
6286,1.1663973207448035e-05
6287,7.087002127731691e-05
6288,3.574934917482397e-05
6289,1.1663973207448035e-05
6290,5.0469419037830626e-05
6291,2.3079566049958632e-05
6292,9.585825207823223e-07
6293,2.740241475783421e-05
6294,4.3378453674851284e-05
6295,3.889663216446158e-06
6296,5.504856020301394e-05
6297,1.3908468445939096e-05
6298,6.03146442030491e-06
6299,6.670123155356466e-05
6300,3.309667459598288e-05
6301,2.5076367432883512e-05
6302,8.472279332124927e-06
6303,3.080654430191315e-05
6304,1.7937290008523023e-05
6305,9.255783930672972e-07
6306,9.360161008768145e-06
6307,2.1744228134562504e-06
6308,1.998884419326811e-05
6309,3.19236285772327e-05
6310,2.490011720322381e-07
6311,2.0278891203424817e-05
6312,1.149243148203351e-05
6313,1.9004063843858377e-07
6314,1.2499106818882815e-05
6315,5.74256060132945e-06
6316,1.0169209452128884e-05
6317,3.825504151631132e-05
6318,6.312135066135521e-05
6319,2.2283932637497155e-05
6320,1.6549725166295783e-05
6321,1.320084306009886e-05
6322,1.1439436660058208e-05
6323,0.00010929418804514867
6324,9.01961973643851e-06
6325,1.377546840990069e-05
6326,2.1623391013328066e-05
6327,6.076666691901281e-06
6328,3.312382752959345e-05
6329,7.267281326600561e-06
6330,3.2119393217522706e-05
6331,2.054746613415455e-05
6332,3.1630919012433245e-05
6333,4.3846437478746426e-05
6334,4.7903693743577333e-05
6335,6.968368106932211e-06
6336,6.8012151300323124e-06
6337,4.373458287193397e-07
6338,0.0001518718539753584
6339,3.63383592111146e-05
6340,0.00012657806942925956
6341,4.426297092654747e-05
6342,5.119913791204008e-06
6343,4.331090976725245e-05
6344,0.0006822771332710163
6345,5.874221594061904e-06
6346,1.0415679954426052e-05
6347,2.472446640117757e-05
6348,2.5727195700756993e-06
6349,2.681466123604787e-05
6350,6.660113175588203e-06
6351,7.019676581212095e-07
6352,3.303118268556747e-07
6353,7.792358125399764e-06
6354,6.115777068064974e-06
6355,3.219702319393842e-05
6356,1.5065050389641347e-05
6357,8.499456667638001e-05
6358,7.596996831388905e-05
6359,5.377591186363026e-06
6360,6.544745283209434e-05
6361,1.56237812375348e-05
6362,0.00019017753295090406
6363,3.550170591009911e-05
6364,1.634994038941602e-05
6365,3.543302466457338e-05
6366,9.263726349490309e-06
6367,1.0274166338583712e-05
6368,2.0940793139358538e-05
6369,7.124176368197579e-06
6370,1.1918676508060773e-05
6371,5.574238617669124e-06
6372,4.433994353239081e-06
6373,5.119913791204008e-06
6374,1.0002946083884144e-05
6375,1.0700875383419456e-05
6376,4.7641157993465865e-06
6377,1.1187858695687232e-05
6378,7.351019792492224e-06
6379,2.399351275243784e-05
6380,1.9866640274473952e-05
6381,2.0549076217869553e-05
6382,2.590536458695729e-06
6383,1.4289811960486495e-05
6384,2.050514546180153e-06
6385,3.096705563837681e-05
6386,1.4406269508056996e-06
6387,2.8264698769981452e-05
6388,1.6362809489451964e-05
6389,3.543302466457338e-05
6390,4.517264451286071e-06
6391,2.6408598143415185e-05
6392,1.0341492697675664e-05
6393,3.080654430191315e-05
6394,1.1657463000347894e-05
6395,2.6541198433312973e-05
6396,1.66801693039325e-05
6397,1.419003048345428e-06
6398,1.7134542985444647e-06
6399,5.6997327056714065e-05
6400,3.550170591009911e-05
6401,6.8012151300323124e-06
6402,2.6232464898206492e-05
6403,6.374858759439174e-05
6404,1.4168278080111728e-05
6405,3.7471974222324877e-05
6406,4.200484154866769e-06
6407,1.0754660573650312e-05
6408,5.900895157352535e-06
6409,3.726055405653195e-06
6410,1.1187858695687232e-05
6411,3.227447074163679e-05
6412,2.5409458264529133e-06
6413,7.019676581212095e-07
6414,1.9766402380370655e-05
6415,9.74986566672189e-06
6416,2.6232464898206492e-05
6417,1.2558662619611582e-05
6418,5.791179639810284e-05
6419,4.4878959137380304e-05
6420,6.36949351620997e-05
6421,7.04087630940213e-06
6422,2.0549076217869553e-05
6423,1.1106870906897075e-05
6424,6.7349596039378535e-06
6425,2.324106206228486e-05
6426,5.900895157352535e-06
6427,1.9081327479201104e-05
6428,7.353472765003755e-05
6429,1.821325094135964e-05
6430,4.0063190858350506e-05
6431,6.7349596039378535e-06
6432,9.791018637495273e-07
6433,7.604064837086646e-05
6434,1.7878379163055327e-05
6435,1.3188503747714118e-05
6436,7.805217374622108e-06
6437,1.0750650353866867e-05
6438,5.154753077890172e-06
6439,2.1277048691518367e-05
6440,9.255783930672972e-07
6441,1.7485826905058644e-05
6442,1.09231490319743e-05
6443,4.7641157993465865e-06
6444,5.090491525130026e-06
6445,7.329428962093246e-06
6446,4.0063190858350506e-05
6447,6.715170920369419e-08
6448,8.78696352139577e-06
6449,2.2716593844187217e-06
6450,2.289320119678915e-05
6451,1.2859160646836952e-05
6452,3.1487575740412226e-05
6453,9.398648367894557e-05
6454,2.2746092703793988e-05
6455,7.65439688810413e-06
6456,4.496647434593277e-06
6457,3.1931795526652646e-05
6458,1.377546840990069e-05
6459,1.529962178010783e-05
6460,4.8557900828684785e-06
6461,1.832563557451777e-05
6462,3.2446151946335693e-06
6463,2.792859873865902e-05
6464,3.869217156195683e-05
6465,8.892737362243828e-06
6466,5.571965926282475e-05
6467,4.361463544814087e-07
6468,5.67338538194055e-06
6469,1.1392319154604372e-06
6470,3.6394465990001605e-06
6471,5.094381667434789e-06
6472,1.6549725166295783e-05
6473,9.88526947235807e-06
6474,6.03146442030491e-06
6475,1.0750650353866867e-05
6476,6.632624483857994e-06
6477,5.900895157352535e-06
6478,1.0541477828544387e-05
6479,5.469711135728868e-06
6480,2.679004797248627e-05
6481,5.259343197053732e-05
6482,1.2499106818882815e-05
6483,2.5727195700756993e-06
6484,7.016287745516977e-06
6485,1.0213215316709365e-05
6486,4.296735485584886e-05
6487,3.3334057599760894e-06
6488,3.0966810999618476e-05
6489,1.7905598194470777e-05
6490,0.00015825755663908368
6491,1.0924115674501308e-05
6492,1.1152414258539597e-05
6493,2.0940793139358538e-05
6494,9.055780093375292e-08
6495,2.7911491191413743e-06
6496,5.574238617669124e-06
6497,4.1838859667151526e-05
6498,1.9766402380370655e-05
6499,5.574238617669124e-06
6500,1.0341492697675664e-05
6501,6.115777068064974e-06
6502,1.6124673690182643e-06
6503,2.707474109642937e-05
6504,2.9320528483521212e-06
6505,5.9746862250352376e-05
6506,7.682893847554348e-06
6507,2.2716593844187217e-06
6508,0.00013331955991613778
6509,1.66801693039325e-05
6510,1.5058198040082812e-05
6511,9.784432919432065e-05
6512,5.4892062709527935e-05
6513,9.954275844026182e-06
6514,9.42956046155301e-06
6515,5.509607098696422e-06
6516,0.0006207487444714298
6517,9.903911426043947e-06
6518,1.4571977729669638e-05
6519,2.5478699698926788e-05
6520,7.329428962093246e-06
6521,5.094381667434789e-06
6522,9.807038577504441e-06
6523,2.6776133902220518e-05
6524,2.5345955738682367e-05
6525,5.9117501360328634e-06
6526,1.1863193057143497e-05
6527,1.0213215316709365e-05
6528,5.438360762621078e-05
6529,5.574238617669124e-06
6530,7.016287745516977e-06
6531,1.3612929082906776e-05
6532,1.3530675008421058e-05
6533,7.329428962093246e-06
6534,3.3577468101269214e-06
6535,3.926828147199314e-05
6536,2.326723376553957e-05
6537,3.3433691886162786e-05
6538,8.865359047952257e-06
6539,2.2716593844187217e-06
6540,5.469079616141989e-07
6541,0.00016525283247605544
6542,9.823787234911673e-06
6543,2.10387910030112e-05
6544,9.318008668577259e-06
6545,4.983428830864382e-06
6546,6.775900292869277e-05
6547,8.865359047952257e-06
6548,2.1744228134562504e-06
6549,2.746884395547801e-05
6550,7.124176368197579e-06
6551,5.6964553553580746e-05
6552,0.0001751288181485536
6553,2.6232464898206492e-05
6554,2.5457024326321722e-05
6555,2.5341379931947438e-05
6556,9.784432919432065e-05
6557,2.39372234713232e-05
6558,2.569745318314875e-05
6559,1.6268595255204886e-05
6560,1.9618842618786575e-05
6561,5.0869650475739196e-06
6562,6.0737803358753115e-05
6563,3.3334057599760894e-06
6564,3.309667459598288e-05
6565,4.8697427149555904e-05
6566,2.2373235959026743e-05
6567,8.865359047952257e-06
6568,3.3002804081806606e-08
6569,1.737039905029174e-06
6570,2.6232464898206492e-05
6571,3.543302466457338e-05
6572,2.569745318314875e-05
6573,1.0700875383419456e-05
6574,5.509607098696422e-06
6575,1.1668668853090769e-05
6576,2.0940793139358538e-05
6577,2.87472807925022e-05
6578,2.279887060561325e-06
6579,1.6004685984578706e-05
6580,2.0231258384286043e-05
6581,2.0389030618798876e-05
6582,5.411920146463227e-08
6583,7.329428962093246e-06
6584,2.1889635175949354e-05
6585,4.329423341602036e-06
6586,8.461195848300982e-06
6587,1.8805946600225752e-05
6588,1.1439436660058208e-05
6589,2.031379185130615e-05
6590,4.816207041740651e-08
6591,4.9716831410061e-07
6592,5.411357931230296e-05
6593,5.874221594061904e-06
6594,9.636782980850722e-05
6595,1.0213215316709365e-05
6596,6.328344014678506e-05
6597,1.5217656917777877e-05
6598,1.0700875383419456e-05
6599,9.318008668577259e-06
6600,2.26380455489948e-05
6601,0.00010231967330859872
6602,9.622365479210942e-06
6603,0.00010403408938431298
6604,8.278891074482927e-06
6605,1.0169209452128884e-05
6606,1.983676114667277e-05
6607,6.95709462097379e-06
6608,9.983179633554033e-06
6609,7.548761950666645e-06
6610,2.212503139575054e-05
6611,3.309667459598288e-05
6612,5.119913791204008e-06
6613,8.779840414085029e-06
6614,3.2445422920513604e-05
6615,5.090491525130026e-06
6616,1.5286874656238851e-06
6617,5.574238617669124e-06
6618,1.357636909726148e-06
6619,4.7641157993465865e-06
6620,1.7058731488567955e-05
6621,1.1663973207448035e-05
6622,2.9884440295165243e-05
6623,8.029984395592103e-08
6624,1.3275898473646204e-08
6625,7.329428962093246e-06
6626,6.7349596039378535e-06
6627,1.8024136615215226e-05
6628,1.56237812375348e-05
6629,6.649177504595206e-06
6630,5.791375776054895e-06
6631,5.574238617669124e-06
6632,0.0001480642172916349
6633,3.514428190864677e-05
6634,2.079854819816605e-06
6635,3.1213071363571486e-05
6636,6.640631035019125e-05
6637,2.079854819816605e-06
6638,1.5217656917777877e-05
6639,3.806293414579964e-05
6640,7.016287745516977e-06
6641,1.0377534339301461e-05
6642,8.022043245672355e-05
6643,2.045940433016923e-05
6644,5.090491525130026e-06
6645,7.763425918584291e-05
6646,1.2857782005483696e-05
6647,3.3267838819093455e-05
6648,6.0812585611422054e-06
6649,2.018572649346169e-05
6650,0.00014626878125903925
6651,4.944873304667805e-05
6652,8.623907287242201e-08
6653,1.2547158450459412e-05
6654,2.5457024326321722e-05
6655,2.973006227472706e-05
6656,2.2841308784614194e-05
6657,6.0812585611422054e-06
6658,6.047390258570638e-06
6659,2.90796788536924e-05
6660,1.8024136615215226e-05
6661,1.2857782005483696e-05
6662,1.3113433131735454e-05
6663,1.0438274842770595e-05
6664,2.4963926903459607e-05
6665,9.93156774987755e-06
6666,1.8024136615215226e-05
6667,2.5178919391819344e-06
6668,3.051347010262716e-05
6669,1.3409376265318766e-05
6670,1.8538364677761307e-05
6671,6.632624483857994e-06
6672,2.0389030618798876e-05
6673,9.360161008768145e-06
6674,6.8116197884448095e-06
6675,0.00010812019009043123
6676,2.616232783032794e-05
6677,1.8581267500807902e-05
6678,1.9930570564278994e-05
6679,1.0438274842770595e-05
6680,7.227686254926452e-06
6681,7.89755808065313e-06
6682,6.67196877420896e-05
6683,9.823787234911673e-06
6684,2.031554590125983e-05
6685,1.8805946600225752e-05
6686,4.763658862776077e-06
6687,2.0589128166541815e-05
6688,1.1187858695687232e-05
6689,5.574238617669124e-06
6690,2.9429745159228694e-07
6691,3.7160634000884236e-06
6692,1.763317027055864e-05
6693,6.7349596039378535e-06
6694,3.2021007702808205e-06
6695,4.336057696290745e-05
6696,1.9756906355571455e-05
6697,3.198851287792776e-05
6698,9.263726349490309e-06
6699,3.512181743881169e-05
6700,3.172312495002965e-06
6701,5.073625093690044e-05
6702,3.420971565460042e-05
6703,1.8024136615215226e-05
6704,1.7420389153252973e-05
6705,3.794762843547894e-06
6706,2.5098335131120705e-06
6707,2.031379185130615e-05
6708,4.3419740792903784e-05
6709,1.0313207022366888e-05
6710,2.889334277513483e-05
6711,1.3379840002967407e-05
6712,0.00010156104035734343
6713,9.622365479210942e-06
6714,4.328079981251036e-05
6715,3.488740764962449e-05
6716,9.273329360391642e-06
6717,1.1152414258539597e-05
6718,3.890390017372114e-05
6719,2.39372234713232e-05
6720,6.623956896648652e-05
6721,0.000113847234034611
6722,0.00020991825147613347
6723,2.437570740261161e-05
6724,4.344563232312016e-06
6725,3.886874601569726e-05
6726,1.4827662626650407e-05
6727,7.449902406129431e-06
6728,1.763317027055864e-05
6729,9.232184155477433e-06
6730,7.476998738209224e-05
6731,1.658495497062072e-05
6732,7.501320770046315e-06
6733,3.094688145761901e-06
6734,1.9546854292914827e-05
6735,1.6627177907637575e-06
6736,5.086859937766828e-05
6737,9.431684167500707e-05
6738,1.8538364677761307e-05
6739,3.859639405586101e-05
6740,3.965881140217324e-06
6741,1.8461482443934565e-05
6742,1.2499106818882815e-05
6743,1.6723997866334754e-05
6744,1.0750650353866867e-05
6745,3.094688145761901e-06
6746,1.737039905029174e-06
6747,9.01961973643851e-06
6748,2.104651047599523e-05
6749,2.569745318314875e-05
6750,1.1152414258539597e-05
6751,3.309667459598288e-05
6752,2.233190065385766e-06
6753,3.457546241666303e-06
6754,3.2445422920513604e-05
6755,1.1050065501815846e-05
6756,3.677236689887333e-05
6757,1.1050065501815846e-05
6758,1.2451007501704985e-05
6759,2.1781075392056564e-05
6760,0.00010858662450688867
6761,3.0346149096841695e-05
6762,5.087129112250112e-05
6763,1.8024136615215226e-05
6764,7.1469930078055945e-06
6765,3.2445422920513604e-05
6766,1.763317027055864e-05
6767,1.2547158450459412e-05
6768,2.767691883844998e-05
6769,4.816207041740651e-08
6770,5.094381667434789e-06
6771,3.6524518920274566e-05
6772,2.3765283885415858e-06
6773,3.2445422920513604e-05
6774,5.094381667434789e-06
6775,2.5457024326321722e-05
6776,2.5783954300818686e-05
6777,4.11692903617539e-06
6778,1.8868111523841994e-06
6779,0.00010540983521656155
6780,4.983428830864382e-06
6781,5.486065524537589e-05
6782,3.665425943419378e-06
6783,1.529962178010783e-05
6784,1.796600005214206e-05
6785,7.383412113819585e-06
6786,3.3334057599760894e-06
6787,6.249110241859464e-06
6788,1.0313207022366888e-05
6789,2.4173626700975352e-05
6790,1.5217656917777877e-05
6791,3.270714789874939e-05
6792,6.234937843055909e-06
6793,1.7654167658465003e-05
6794,1.8581267500807902e-05
6795,2.6232464898206492e-05
6796,2.1744228134562504e-06
6797,8.923409068108718e-06
6798,1.0377534339301461e-05
6799,2.245062032364832e-05
6800,5.119913791204008e-06
6801,4.4527648573591384e-06
6802,2.3805619838825533e-05
6803,7.993519340531444e-06
6804,2.186743854894713e-05
6805,1.0377534339301461e-05
6806,5.39693937790813e-07
6807,3.665425943419378e-06
6808,2.6232464898206492e-05
6809,1.9766402380370655e-05
6810,8.881973286371031e-06
6811,5.900895157352535e-06
6812,1.1918676508060773e-05
6813,1.304771798506323e-05
6814,5.029250761221413e-07
6815,1.2491095042941673e-05
6816,4.8228942977292264e-08
6817,1.2752228797459337e-05
6818,1.4701400168741007e-05
6819,2.7149084543122447e-06
6820,5.6215568285868616e-05
6821,2.6232464898206492e-05
6822,2.0864009131327766e-05
6823,7.124176368197579e-06
6824,1.6685613070036195e-05
6825,2.1889635175949354e-05
6826,4.717817132719374e-06
6827,1.5158321135795391e-05
6828,0.00013365414863569656
6829,1.737039905029174e-06
6830,1.7905032155057229e-06
6831,1.5577011578856194e-05
6832,9.239391415410769e-06
6833,5.094381667434789e-06
6834,2.2324974131249506e-05
6835,8.909382417394103e-06
6836,1.2857782005483696e-05
6837,7.124176368197579e-06
6838,1.7927517071676233e-05
6839,1.8805946600225752e-05
6840,1.1187858695687232e-05
6841,7.412820827947016e-05
6842,5.255304396475011e-07
6843,3.539311530167583e-06
6844,9.753306518785305e-06
6845,1.6685613070036195e-05
6846,5.119913791204008e-06
6847,7.548761950666645e-06
6848,3.675808965295002e-05
6849,3.665425943419378e-06
6850,3.857321283308478e-05
6851,1.0948484236713208e-05
6852,4.228980481775337e-06
6853,7.063549449832523e-07
6854,6.65968826910499e-06
6855,9.585825207823223e-07
6856,1.163203910583629e-05
6857,2.6366617112429715e-05
6858,6.632624483857994e-06
6859,2.212503139575054e-05
6860,2.39372234713232e-05
6861,1.1657463000347894e-05
6862,1.536507465114561e-05
6863,4.896182214544913e-07
6864,5.119913791204008e-06
6865,4.5939980752869707e-05
6866,7.795624630076884e-06
6867,1.3491108598493891e-05
6868,1.2752228797459337e-05
6869,2.5341379931947438e-05
6870,5.716988932169118e-05
6871,7.1674002833495074e-06
6872,1.1050065501815846e-05
6873,2.5341379931947438e-05
6874,2.1035988949201608e-05
6875,8.016109588619745e-05
6876,6.807153939081614e-06
6877,5.3462306306435996e-05
6878,7.124176368197579e-06
6879,2.1083274392483527e-07
6880,1.398545076197968e-05
6881,6.03146442030491e-06
6882,4.029500747593115e-07
6883,1.093690720913617e-05
6884,1.9004063843858377e-07
6885,2.1277048691518367e-05
6886,7.5126197917227785e-06
6887,3.457546241666303e-06
6888,6.249110241859464e-06
6889,3.457546241666303e-06
6890,1.600414477918992e-05
6891,3.532905615857614e-07
6892,3.543302466457338e-05
6893,4.373458287193397e-07
6894,2.709678204524507e-05
6895,3.569828205118491e-05
6896,1.1234078322616408e-05
6897,5.606493715984668e-06
6898,1.8805946600225752e-05
6899,2.3150509832537767e-05
6900,1.6723997866334754e-05
6901,0.00012184964867931747
6902,9.318008668577259e-06
6903,1.4179314817945976e-05
6904,6.003772862833599e-07
6905,1.7629656216829875e-06
6906,3.489693626393209e-06
6907,2.404715575735162e-07
6908,1.529962178010783e-05
6909,9.807115351059704e-06
6910,2.6366617112429715e-05
6911,3.196557135987845e-05
6912,2.309581379390633e-06
6913,1.4746006808218095e-05
6914,1.0679981774516916e-05
6915,4.2905160305006184e-05
6916,2.8122888056417614e-05
6917,2.7149084543122447e-06
6918,1.0377534339301461e-05
6919,4.721706381822767e-06
6920,1.3182314815580887e-05
6921,6.14811357732357e-06
6922,1.2668639946208822e-05
6923,4.0363958337693707e-05
6924,4.0063190858350506e-05
6925,2.4662631681292474e-05
6926,1.243764195123349e-05
6927,1.2752228797459337e-05
6928,1.1995280057508101e-05
6929,3.39393942115265e-05
6930,1.1918676508060773e-05
6931,1.1668668853090769e-05
6932,5.094381667434789e-06
6933,2.2977567506047806e-07
6934,1.5217656917777877e-05
6935,6.452021084313071e-05
6936,9.255783930672972e-07
6937,7.65439688810413e-06
6938,1.748115963343524e-05
6939,1.1997764685598476e-05
6940,1.3770504055067856e-05
6941,0.00012309535939820083
6942,1.0416189543517678e-05
6943,2.9423539140907904e-06
6944,3.2446151946335693e-06
6945,3.2446151946335693e-06
6946,3.313991817387607e-05
6947,9.823787234911673e-06
6948,2.1747521375337708e-06
6949,1.7623276446183538e-05
6950,7.447040544319977e-06
6951,7.795624630076884e-06
6952,3.388187990251659e-05
6953,3.410974459955623e-05
6954,4.983428830864382e-06
6955,2.1744228134562504e-06
6956,5.099729585974176e-05
6957,2.208427626177937e-05
6958,5.509607098696422e-06
6959,2.0231258384286043e-05
6960,8.278891074482927e-06
6961,2.1139176639676687e-06
6962,1.1363483662539883e-05
6963,1.1668668853090769e-05
6964,1.8460090098661703e-06
6965,4.058082608498158e-05
6966,0.0001138295123676285
6967,4.901413372105459e-05
6968,5.463688672683035e-05
6969,2.900439593488112e-05
6970,5.26623736331172e-06
6971,1.5461406488879672e-05
6972,2.3765283885415858e-06
6973,1.6627177907637575e-06
6974,1.1050065501815846e-05
6975,3.9314764271797294e-05
6976,1.1187858695687232e-05
6977,3.543302466457338e-05
6978,1.6627177907637575e-06
6979,6.608453733537875e-05
6980,2.6561922325278466e-06
6981,6.784292077741517e-06
6982,5.119913791204008e-06
6983,2.6232464898206492e-05
6984,1.4736844605888643e-05
6985,3.926828147199314e-05
6986,1.128061277732567e-05
6987,2.6232464898206492e-05
6988,6.426076672132803e-06
6989,2.1744228134562504e-06
6990,1.6917059972408012e-06
6991,1.1199008344307988e-05
6992,8.710795972996155e-06
6993,8.461195848300982e-06
6994,5.226897152319996e-06
6995,6.0812585611422054e-06
6996,1.1676394396410102e-05
6997,5.874221594061904e-06
6998,3.567289358800989e-06
6999,1.4776469506413223e-05
7000,4.2868284648210205e-05
7001,3.7160634000884236e-06
7002,1.6321563674865662e-06
7003,2.5345955738682367e-05
7004,2.6605546155114192e-06
7005,2.0379464826086922e-05
7006,1.1918676508060773e-05
7007,5.6342508004708615e-05
7008,2.6352251716318106e-05
7009,5.977473636206564e-06
7010,4.36977303207974e-05
7011,3.196557135987845e-05
7012,9.622365479210942e-06
7013,1.0754660573650312e-05
7014,8.513537468081002e-05
7015,8.13234806481519e-06
7016,9.263726349490309e-06
7017,1.8868111523841994e-06
7018,1.1187858695687232e-05
7019,7.124176368197579e-06
7020,2.1375188265046917e-07
7021,1.8460090098661703e-06
7022,1.6685613070036195e-05
7023,1.9216684724414853e-05
7024,1.763317027055864e-05
7025,1.9971688459737037e-05
7026,2.832796561508589e-05
7027,1.0341492697675664e-05
7028,1.6709694019828036e-05
7029,5.034480003992113e-05
7030,2.7209850260935155e-05
7031,7.329428962093246e-06
7032,7.329428962093246e-06
7033,6.454633595523476e-05
7034,1.7904914433295778e-05
7035,3.897089619004478e-05
7036,1.4947297656023093e-05
7037,2.6389835655258012e-05
7038,3.6854845048586053e-06
7039,1.2145742367516408e-05
7040,6.784292077741517e-06
7041,2.1744228134562504e-06
7042,2.1145056985208625e-06
7043,0.00031062086530041493
7044,3.57234908280529e-06
7045,4.3425474758172113e-07
7046,8.278891074482927e-06
7047,1.1657463000347894e-05
7048,4.085985549326954e-06
7049,7.989802125144922e-06
7050,7.531330842991057e-05
7051,2.6366617112429715e-05
7052,1.4780495544012343e-05
7053,1.8805946600225752e-05
7054,4.409505005033973e-06
7055,1.7905032155057229e-06
7056,4.387974460970874e-05
7057,6.03146442030491e-06
7058,5.874221594061904e-06
7059,1.6452166147152925e-05
7060,1.0666498239712004e-05
7061,3.75292137725494e-05
7062,1.8460090098661703e-06
7063,3.5906041958108494e-05
7064,8.953074739712147e-05
7065,8.404570930233883e-05
7066,3.172312495002965e-06
7067,3.929128211308483e-06
7068,3.223478423162025e-06
7069,1.0332946556311193e-07
7070,4.554470498198091e-05
7071,2.4090604004111813e-05
7072,1.1050065501815846e-05
7073,6.968368106932211e-06
7074,2.1744228134562504e-06
7075,1.7532114657072705e-07
7076,1.8199457761785952e-05
7077,1.7532114657072705e-07
7078,4.4055065756279474e-05
7079,1.20939976546315e-05
7080,1.7532114657072705e-07
7081,1.7532114657072705e-07
7082,9.160950018554733e-05
7083,1.7532114657072705e-07
7084,1.7532114657072705e-07
7085,4.0040312914333425e-05
7086,1.7532114657072705e-07
7087,1.7532114657072705e-07
7088,3.3271995742553604e-05
7089,6.188137238353934e-05
7090,2.6854822522165078e-05
7091,2.4907185573033794e-05
7092,2.1744228134562504e-06
7093,5.7623450557070576e-05
7094,6.460414197414902e-05
7095,6.7349596039378535e-06
7096,2.0724397364440282e-05
7097,5.557004291737489e-05
7098,1.8199457761785952e-05
7099,1.7532114657072705e-07
7100,1.7532114657072705e-07
7101,4.754748103679141e-06
7102,1.7532114657072705e-07
7103,2.769490742051512e-05
7104,1.1439436660058208e-05
7105,3.4915374444631836e-05
7106,2.3565904124437056e-05
7107,2.970561896062337e-05
7108,7.191608892087704e-06
7109,4.519067225061438e-05
7110,1.1282192053467803e-05
7111,5.504699889257081e-05
7112,2.1779994737470986e-05
7113,5.717264820328479e-05
7114,5.0833079041854746e-05
7115,1.7532114657072705e-07
7116,2.5516701078518167e-05
7117,1.1642558393248562e-05
7118,1.967207852112517e-05
7119,1.8199457761785952e-05
7120,1.8199457761785952e-05
7121,2.9866100082871632e-05
7122,1.8713685824332033e-05
7123,1.7532114657072705e-07
7124,2.982055673122911e-05
7125,2.0724397364440282e-05
7126,5.516193666317655e-05
7127,1.7532114657072705e-07
7128,4.0972970989768706e-05
7129,1.7532114657072705e-07
7130,1.8713685824332033e-05
7131,1.8199457761785952e-05
7132,1.0079232572614675e-05
7133,1.8713685824332033e-05
7134,1.7532114657072705e-07
7135,2.0724397364440282e-05
7136,3.3271995742553604e-05
7137,1.7532114657072705e-07
7138,1.8713685824332033e-05
7139,2.6443306165135596e-05
7140,2.5516701078518167e-05
7141,1.8538364677761307e-05
7142,6.533037179739474e-06
7143,1.974449436015159e-05
7144,3.628413072324155e-05
7145,7.65439688810413e-06
7146,9.037310875955778e-06
7147,3.4526563669500956e-06
7148,4.4539024742065616e-05
7149,2.7911491191413743e-06
7150,2.2295241297491007e-05
7151,6.836553548397571e-07
7152,3.821055858765116e-05
7153,7.548761950666645e-06
7154,4.754748103679141e-06
7155,9.360161008768145e-06
7156,2.638324172073524e-06
7157,1.1918676508060773e-05
7158,9.903911426043947e-06
7159,7.86375023253337e-06
7160,2.5931660973674515e-06
7161,1.0313207022366888e-05
7162,2.903614074493419e-05
7163,2.691058366893191e-05
7164,3.309667459598288e-05
7165,1.4571977729669638e-05
7166,1.8024136615215226e-05
7167,3.964840884583894e-06
7168,3.816842810740284e-08
7169,1.1918676508060773e-05
7170,5.377591186363026e-06
7171,3.119956692174798e-05
7172,6.784292077741517e-06
7173,2.1083274392483527e-07
7174,4.344563232312016e-06
7175,6.77801328557527e-06
7176,1.1234078322616408e-05
7177,1.737039905029174e-06
7178,1.3985432731313075e-05
7179,1.5070411850590818e-05
7180,2.4662631681292474e-05
7181,3.1576889314486104e-05
7182,1.2013322342028058e-05
7183,9.16577641018437e-06
7184,2.1744228134562504e-06
7185,5.45127994303658e-06
7186,4.650049004484371e-05
7187,1.5217656917777877e-05
7188,4.559286947554696e-05
7189,2.683194359008531e-05
7190,2.817260078596601e-05
7191,1.6780151994818853e-05
7192,1.6723997866334754e-05
7193,3.0211150387709192e-05
7194,3.926828147199314e-05
7195,1.6890716603094785e-05
7196,6.426076672132803e-06
7197,2.3034295141857395e-05
7198,6.426076672132803e-06
7199,5.791375776054895e-06
7200,1.930871081930205e-05
7201,8.28663599998875e-06
7202,2.219404941852701e-05
7203,5.119913791204008e-06
7204,4.5642877980907465e-06
7205,4.986778128214525e-05
7206,1.0782297744236978e-05
7207,7.505313940780551e-06
7208,1.312186006600996e-05
7209,1.3409376265318766e-05
7210,1.1187858695687232e-05
7211,1.4485552592580338e-05
7212,1.128068154034809e-05
7213,1.1152414258539597e-05
7214,3.436236161679833e-05
7215,3.5606009976195343e-05
7216,1.6814630525086314e-05
7217,2.6232464898206492e-05
7218,9.753306518785305e-06
7219,1.6599979989269738e-05
7220,1.8183367716529516e-05
7221,5.10472997918318e-06
7222,5.415407310310525e-05
7223,3.886874601569726e-05
7224,1.1644992356732589e-05
7225,3.309667459598288e-05
7226,3.309667459598288e-05
7227,8.865359047952257e-06
7228,3.8659350327565843e-07
7229,1.847106690969064e-05
7230,6.466167127861589e-06
7231,6.0582238917213586e-05
7232,3.194165478411263e-05
7233,1.1657463000347894e-05
7234,1.615394950058555e-06
7235,2.0278891203424817e-05
7236,3.3334057599760894e-06
7237,1.6549725166295783e-05
7238,1.0341492697675664e-05
7239,6.187527430052336e-06
7240,3.511939411641134e-05
7241,3.303118268556747e-07
7242,5.259343197053732e-05
7243,1.1439436660058208e-05
7244,2.9320528483521212e-06
7245,1.0332946556311193e-07
7246,9.318008668577259e-06
7247,9.364214111889434e-05
7248,9.883460640919919e-06
7249,4.1824056566398204e-05
7250,2.5515775695340235e-05
7251,5.815579230436202e-07
7252,1.9546854292914827e-05
7253,5.986327566715496e-05
7254,2.324106206228486e-05
7255,5.119913791204008e-06
7256,6.3391743123908195e-06
7257,6.8012151300323124e-06
7258,3.6854845048586053e-06
7259,3.3243551264357296e-05
7260,1.1522824826450387e-05
7261,1.6162961547302493e-05
7262,3.322494187779137e-05
7263,1.1187858695687232e-05
7264,2.1889635175949354e-05
7265,2.0216686482616853e-05
7266,3.158043429808391e-05
7267,1.6162961547302493e-05
7268,1.7816055804660877e-05
7269,4.509177843924732e-05
7270,6.426076672132803e-06
7271,2.6232464898206492e-05
7272,1.5792919865376074e-05
7273,1.1875799467932967e-05
7274,9.784955343205088e-05
7275,3.551742868154992e-05
7276,3.2445422920513604e-05
7277,2.1914521571436435e-05
7278,2.569745318314875e-05
7279,6.03146442030491e-06
7280,6.722366020373369e-05
7281,1.9598769913681895e-05
7282,3.7141258337041547e-05
7283,0.0001235948982499587
7284,1.1836670161158395e-05
7285,1.2547158450459412e-05
7286,1.5871722075776183e-05
7287,2.7471378098867538e-05
7288,5.5268108290469765e-05
7289,6.632624483857994e-06
7290,5.469711135728868e-06
7291,3.0497888835367215e-05
7292,1.0817739667545076e-05
7293,2.4095999858437573e-05
7294,1.2085578189964074e-05
7295,1.8538364677761307e-05
7296,4.501681397755068e-05
7297,3.309667459598288e-05
7298,3.855167660045285e-05
7299,1.3361580977104268e-05
7300,4.665632634194996e-06
7301,1.4649663862342675e-05
7302,0.0001269754490259445
7303,1.0377534339301461e-05
7304,0.0002607764066071857
7305,5.606493715984668e-06
7306,2.324106206228486e-05
7307,2.8223148110554146e-05
7308,2.1744228134562504e-06
7309,2.5411901089689082e-05
7310,1.0679981774516916e-05
7311,1.2451007501704985e-05
7312,2.0231258384286043e-05
7313,3.6854845048586053e-06
7314,3.860103451295129e-05
7315,6.77801328557527e-06
7316,1.6723997866334754e-05
7317,7.383412113819585e-06
7318,1.6709694019828036e-05
7319,1.1883108467999119e-05
7320,2.4627732111945886e-05
7321,5.819100281622349e-06
7322,5.606493715984668e-06
7323,4.7692406739799295e-06
7324,7.795624630076884e-06
7325,1.4525491265732647e-05
7326,1.7516103351959487e-05
7327,1.1398962943092915e-06
7328,1.0924115674501308e-05
7329,3.816842810740284e-08
7330,1.5286874656238851e-06
7331,6.580202913519124e-05
7332,2.826369327899765e-05
7333,9.263726349490309e-06
7334,1.140630487440517e-05
7335,5.255304396475011e-07
7336,3.190608922695867e-05
7337,4.2186871510099383e-05
7338,7.519782742795528e-06
7339,1.6102920762365986e-05
7340,1.8538364677761307e-05
7341,2.6232464898206492e-05
7342,1.8805946600225752e-05
7343,3.532905615857614e-07
7344,7.548761950666645e-06
7345,2.31469445911717e-05
7346,8.892737362243828e-06
7347,1.8852269850833297e-05
7348,1.1836670161158395e-05
7349,1.9766402380370655e-05
7350,6.426076672132803e-06
7351,2.5515775695340235e-05
7352,1.8538364677761307e-05
7353,3.551742868154992e-05
7354,5.125684538691067e-05
7355,5.065133748855484e-05
7356,1.2085578189964074e-05
7357,6.784292077741517e-06
7358,9.225650592153553e-05
7359,2.567756127444846e-06
7360,1.2451007501704985e-05
7361,4.2920053642957754e-05
7362,6.836553548397571e-07
7363,3.5461693726315654e-06
7364,9.844233795786024e-06
7365,1.2013322342028058e-05
7366,1.0341492697675664e-05
7367,6.879364539130577e-06
7368,1.5049970285386973e-05
7369,1.0273732253466651e-05
7370,7.582090768171384e-05
7371,5.550027552830193e-06
7372,1.863188248613669e-05
7373,7.395905402630455e-05
7374,2.6470953774632328e-05
7375,3.551742868154992e-05
7376,3.309667459598288e-05
7377,1.8460090098661703e-06
7378,1.1522824826450387e-05
7379,2.8638297407765024e-05
7380,5.917116457175449e-06
7381,2.6025076742142537e-05
7382,9.120752143293657e-05
7383,5.74256060132945e-06
7384,1.1439436660058208e-05
7385,2.7561787333352055e-05
7386,3.54898591020141e-06
7387,3.9010741159438395e-05
7388,5.74256060132945e-06
7389,4.3532844300611666e-05
7390,2.5457024326321722e-05
7391,7.393679681782657e-07
7392,1.0857419387940288e-05
7393,2.171238991836809e-05
7394,3.0242501926982988e-05
7395,3.550170591009911e-05
7396,1.658495497062072e-05
7397,7.89755808065313e-06
7398,1.4071713121313116e-05
7399,3.08952167712862e-06
7400,2.0231258384286043e-05
7401,4.0063190858350506e-05
7402,1.8805946600225752e-05
7403,5.67338538194055e-06
7404,7.351019792492224e-06
7405,1.5217656917777877e-05
7406,7.548761950666645e-06
7407,1.1835621910190161e-05
7408,1.3785975849775121e-05
7409,3.2445422920513604e-05
7410,3.194085573009884e-05
7411,5.606493715984668e-06
7412,2.392586039142976e-05
7413,1.6778098339098316e-05
7414,6.784292077741517e-06
7415,1.9756906355571455e-05
7416,3.309667459598288e-05
7417,5.090491525130026e-06
7418,1.1522824826450387e-05
7419,2.097404340523741e-06
7420,1.5300986451373842e-05
7421,6.04968054366963e-06
7422,2.3841957788260876e-06
7423,2.3895855388216243e-07
7424,1.0416189543517678e-05
7425,2.5457024326321722e-05
7426,5.066824247869157e-06
7427,6.113397207804073e-05
7428,2.2237924197503077e-05
7429,1.2499106818882815e-05
7430,8.865359047952257e-06
7431,1.1988169966819532e-05
7432,0.00011234649975020717
7433,1.2504365465339304e-05
7434,1.6723997866334754e-05
7435,6.03146442030491e-06
7436,1.1006462192997583e-05
7437,1.6709694019828036e-05
7438,9.89800748622995e-06
7439,1.5750822628059388e-05
7440,1.9701531379482796e-06
7441,2.927653805636633e-05
7442,3.677236689887333e-05
7443,5.0682302957549476e-05
7444,1.6685613070036195e-05
7445,2.4199374356353516e-06
7446,2.0167755210234932e-06
7447,1.5110544139588908e-05
7448,6.04968054366963e-06
7449,3.5112253457499595e-05
7450,1.1033426254126026e-05
7451,7.063549449832523e-07
7452,1.4236618711058665e-05
7453,4.081953044758512e-06
7454,2.5457024326321722e-05
7455,1.5394675360478542e-05
7456,1.240976456174503e-05
7457,1.357636909726148e-06
7458,2.1744228134562504e-06
7459,2.3079566049958632e-05
7460,2.5409458264529133e-06
7461,5.377591186363026e-06
7462,4.687336814084638e-06
7463,4.9776843899915374e-05
7464,2.6232464898206492e-05
7465,9.745259171031923e-06
7466,7.548761950666645e-06
7467,3.24166722962543e-05
7468,1.1106870906897075e-05
7469,6.836553548397571e-07
7470,3.3391968294401246e-06
7471,3.2445422920513604e-05
7472,2.212503139575054e-05
7473,8.461195848300982e-06
7474,0.000156888690028447
7475,8.518218154287182e-06
7476,4.8396089896826185e-05
7477,9.431955161798364e-06
7478,3.4309626227901355e-05
7479,8.740163952449388e-05
7480,2.6232464898206492e-05
7481,2.247698884609109e-05
7482,8.814487070446426e-05
7483,6.632624483857994e-06
7484,2.212503139575054e-05
7485,1.8538364677761307e-05
7486,6.7349596039378535e-06
7487,1.6709694019828036e-05
7488,6.03146442030491e-06
7489,2.1744228134562504e-06
7490,2.590536458695729e-06
7491,1.4804205694828154e-07
7492,3.926828147199314e-05
7493,7.505313940780551e-06
7494,8.848531643494043e-08
7495,3.6854845048586053e-06
7496,5.469711135728868e-06
7497,3.543302466457338e-05
7498,4.8948281830987534e-06
7499,5.654785705839419e-05
7500,2.7287685254722223e-05
7501,1.56237812375348e-05
7502,4.816207041740651e-08
7503,6.076666691901281e-06
7504,3.266393380684312e-05
7505,3.857321283308478e-05
7506,7.396874021106275e-06
7507,8.875492892439632e-06
7508,6.743385351881545e-06
7509,3.857321283308478e-05
7510,2.0546943845754746e-05
7511,1.926045809992359e-06
7512,3.372658128826371e-05
7513,9.903911426043947e-06
7514,4.687336814084638e-06
7515,3.309667459598288e-05
7516,1.60280005887528e-06
7517,1.1657463000347894e-05
7518,2.6232464898206492e-05
7519,5.874221594061904e-06
7520,5.241875531581324e-06
7521,1.1875799467932967e-05
7522,9.07018650083362e-06
7523,1.7629656216829875e-06
7524,2.584831228827607e-05
7525,2.785041548221168e-05
7526,0.0003525202809122712
7527,1.688453550037461e-05
7528,9.171883042288666e-05
7529,1.113194098409082e-05
7530,1.1668668853090769e-05
7531,6.529378768633689e-05
7532,8.981221596183088e-06
7533,1.1863193057143497e-05
7534,5.917116457175449e-06
7535,3.6844690569497e-05
7536,2.9317407158261725e-06
7537,2.759090009399326e-05
7538,5.874221594061904e-06
7539,4.0713939947986925e-05
7540,5.241875531581324e-06
7541,5.241875531581324e-06
7542,3.457546241666303e-06
7543,2.257859274798186e-05
7544,1.0438274842770595e-05
7545,3.0701358246878705e-05
7546,3.2732220146593606e-05
7547,1.0991002387294113e-05
7548,1.6317084700870212e-05
7549,1.092057938326124e-06
7550,1.0434514848307231e-06
7551,4.545762176800581e-06
7552,5.574238617669124e-06
7553,3.682437588552389e-06
7554,6.03146442030491e-06
7555,4.721706381822767e-06
7556,3.551742868154992e-05
7557,1.634994038941602e-05
7558,8.278891074482927e-06
7559,9.318008668577259e-06
7560,1.8805946600225752e-05
7561,1.4947297656023093e-05
7562,3.131895506811054e-05
7563,2.212503139575054e-05
7564,0.0002318246694243623
7565,9.464477023516024e-06
7566,4.326588404811176e-05
7567,1.56237812375348e-05
7568,4.758563856264241e-06
7569,3.926828147199314e-05
7570,4.560784389598212e-07
7571,0.00021133306606097106
7572,1.0732221739885705e-05
7573,4.88001542070682e-06
7574,6.750704342346228e-05
7575,4.8062581530261184e-06
7576,3.664593741986196e-05
7577,6.554281523405338e-05
7578,2.027191674439275e-05
7579,1.1187858695687232e-05
7580,2.8638297407765024e-05
7581,2.1307483297458105e-05
7582,9.16577641018437e-06
7583,3.567289358800989e-06
7584,1.60280005887528e-06
7585,2.7656118982464673e-05
7586,4.959171011122166e-05
7587,1.6778098339098316e-05
7588,2.181603069920773e-05
7589,5.119913791204008e-06
7590,4.5775438163565755e-05
7591,4.329423341602036e-06
7592,4.085985549326954e-06
7593,1.1234078322616408e-05
7594,2.860481584536588e-05
7595,1.8805946600225752e-05
7596,4.934744648180636e-05
7597,4.531044181113482e-06
7598,1.2067721342763668e-05
7599,6.06522758407846e-06
7600,1.8460090098661703e-06
7601,1.56237812375348e-05
7602,3.457546241666303e-06
7603,1.8805946600225752e-05
7604,5.574238617669124e-06
7605,3.54898591020141e-06
7606,7.04087630940213e-06
7607,1.1875799467932967e-05
7608,3.2445422920513604e-05
7609,5.574238617669124e-06
7610,2.07697428397212e-05
7611,5.469711135728868e-06
7612,5.574238617669124e-06
7613,2.8686640669163455e-05
7614,4.608186076416633e-05
7615,5.161544136908722e-05
7616,2.365495546382737e-05
7617,8.710795972996155e-06
7618,2.4139773424162623e-05
7619,5.0293074800004746e-05
7620,3.869217156195683e-05
7621,1.0948484236713208e-05
7622,6.0812585611422054e-06
7623,3.5606009976195343e-05
7624,4.721706381822767e-06
7625,4.68476637197657e-06
7626,1.66801693039325e-05
7627,0.00012390723332742434
7628,2.830821965713573e-05
7629,1.3928659026206814e-05
7630,2.9942813123276e-05
7631,2.6232464898206492e-05
7632,0.00010928376585437886
7633,2.962259777531686e-05
7634,1.0416189543517678e-05
7635,2.1744228134562504e-06
7636,1.1657463000347894e-05
7637,4.7641157993465865e-06
7638,2.5341379931947438e-05
7639,1.4168278080111728e-05
7640,8.278891074482927e-06
7641,1.2504365465339304e-05
7642,3.309667459598288e-05
7643,3.605882813076874e-05
7644,1.5349215394351133e-05
7645,5.029250761221413e-07
7646,5.383248378260794e-05
7647,9.515108067451576e-06
7648,2.6319758826481655e-05
7649,0.000237271343731294
7650,4.235617425797655e-06
7651,8.461195848300982e-06
7652,6.77801328557527e-06
7653,3.8080103426847254e-05
7654,9.327322292990302e-06
7655,2.6555609470949175e-05
7656,0.00010093444148481849
7657,4.5308172437022635e-05
7658,2.3841957788260876e-06
7659,9.273329360391642e-06
7660,0.0005711534337188552
7661,3.963898173127816e-05
7662,2.21837480136604e-05
7663,6.830633588881178e-06
7664,9.594154120435579e-06
7665,5.469711135728868e-06
7666,3.2445422920513604e-05
7667,3.19289330797509e-05
7668,2.0757133668082077e-05
7669,6.604102156649155e-06
7670,7.226360711145934e-06
7671,9.983179633554033e-06
7672,2.0549076217869553e-05
7673,5.733999244647437e-06
7674,2.6232464898206492e-05
7675,3.9454505125940437e-05
7676,2.590536458695729e-06
7677,4.1139556932875035e-05
7678,4.174676359678029e-05
7679,9.89800748622995e-06
7680,1.1657463000347894e-05
7681,4.712418813254684e-06
7682,5.119913791204008e-06
7683,5.119913791204008e-06
7684,3.5606009976195343e-05
7685,1.2668639946208822e-05
7686,6.784292077741517e-06
7687,6.836553548397571e-07
7688,3.646874802707865e-06
7689,4.062869395555356e-05
7690,3.857321283308478e-05
7691,3.2445422920513604e-05
7692,8.18763536864292e-06
7693,2.8790229233890866e-05
7694,2.0549076217869553e-05
7695,4.5482636554757394e-05
7696,5.325699665149081e-05
7697,2.0638684596530982e-05
7698,3.903056025989452e-05
7699,2.510603690142444e-06
7700,1.357636909726148e-06
7701,7.65439688810413e-06
7702,5.509607098696422e-06
7703,5.509607098696422e-06
7704,1.5462754272636223e-06
7705,2.5345955738682367e-05
7706,2.7944541724214375e-05
7707,2.638324172073524e-06
7708,6.076666691901281e-06
7709,1.1657463000347894e-05
7710,7.227686254926452e-06
7711,6.82409992708528e-05
7712,1.3349129601543963e-05
7713,6.0840958569564226e-05
7714,1.831794873121906e-05
7715,0.00010493830426415168
7716,1.983514438457021e-05
7717,6.84267396992714e-07
7718,1.0284362096297685e-05
7719,9.77699499185846e-06
7720,3.682437588552389e-06
7721,9.318008668577259e-06
7722,6.784292077741517e-06
7723,3.579259214609329e-05
7724,1.4168278080111728e-05
7725,4.11692903617539e-06
7726,5.119913791204008e-06
7727,5.251659001242805e-05
7728,9.89800748622995e-06
7729,1.1657463000347894e-05
7730,4.207408501786292e-06
7731,5.334826769086843e-05
7732,8.710795972996155e-06
7733,9.16577641018437e-06
7734,4.613911216587017e-05
7735,3.6384885364149834e-06
7736,1.6452166147152925e-05
7737,3.096609344774479e-05
7738,2.887091540022053e-06
7739,6.784292077741517e-06
7740,8.461195848300982e-06
7741,9.318008668577259e-06
7742,1.4971745306798602e-05
7743,3.730526776013561e-05
7744,1.672950417942042e-05
7745,2.8097158503885515e-05
7746,2.5145120912616573e-05
7747,1.9756906355571455e-05
7748,1.8538364677761307e-05
7749,3.2446151946335693e-06
7750,4.754748103679141e-06
7751,0.0001675388856283295
7752,1.6549725166295783e-05
7753,1.6158350421145453e-05
7754,2.5178919391819344e-06
7755,7.893355441986291e-06
7756,8.779840414085029e-06
7757,7.351019792492224e-06
7758,9.203026484241224e-05
7759,2.998394405356989e-06
7760,1.6709694019828036e-05
7761,9.318008668577259e-06
7762,5.977473636206564e-06
7763,3.309667459598288e-05
7764,7.124176368197579e-06
7765,3.35446049676635e-05
7766,1.3339912127562176e-05
7767,1.6723997866334754e-05
7768,2.3079566049958632e-05
7769,1.5781681550487915e-05
7770,6.9763925007491356e-06
7771,1.1875799467932967e-05
7772,6.968368106932211e-06
7773,8.008686514790829e-05
7774,2.7149084543122447e-06
7775,3.956470858802347e-05
7776,8.548017629526084e-06
7777,2.124438723017059e-06
7778,1.0416189543517678e-05
7779,7.351019792492224e-06
7780,4.983428830864382e-06
7781,9.77699499185846e-06
7782,4.983428830864382e-06
7783,3.763345586062534e-05
7784,6.249110241859464e-06
7785,1.893496425357775e-05
7786,2.964523558465838e-05
7787,7.124176368197579e-06
7788,1.595632506928783e-05
7789,7.499015165752427e-06
7790,1.567964616032283e-06
7791,3.2046644028201107e-06
7792,4.816207041740651e-08
7793,3.699073383855719e-06
7794,0.0002556662402931887
7795,2.42372724272078e-05
7796,2.6405515613465107e-05
7797,1.2547158450459412e-05
7798,1.8805946600225752e-05
7799,1.9496757374554444e-05
7800,3.9076572250535617e-05
7801,1.8460090098661703e-06
7802,1.676284052403741e-05
7803,1.1676394396410102e-05
7804,1.56237812375348e-05
7805,2.126698071275947e-06
7806,2.590536458695729e-06
7807,2.5457024326321722e-05
7808,3.3334057599760894e-06
7809,9.360161008768145e-06
7810,1.3188503747714118e-05
7811,1.7256637679571568e-06
7812,3.3517840892729225e-05
7813,1.1657463000347894e-05
7814,1.1657463000347894e-05
7815,6.076666691901281e-06
7816,1.1228630646643265e-05
7817,4.8062581530261184e-06
7818,1.3017902920343285e-05
7819,1.2451007501704985e-05
7820,2.9541220195556257e-05
7821,3.177854711857542e-05
7822,1.0948484236713208e-05
7823,3.309667459598288e-05
7824,1.0313207022366888e-05
7825,8.881973286371031e-06
7826,5.509607098696422e-06
7827,5.516587598239083e-06
7828,9.753306518785305e-06
7829,3.441980255446141e-05
7830,2.30968996604061e-05
7831,1.1445049771455828e-05
7832,6.187527430052336e-06
7833,8.881973286371031e-06
7834,3.550170591009911e-05
7835,5.241875531581324e-06
7836,4.860733435329752e-07
7837,7.072924066519659e-07
7838,3.672000061494683e-05
7839,3.727382220091563e-06
7840,1.8538364677761307e-05
7841,2.334576004201447e-09
7842,1.1431510889505303e-05
7843,1.4827662626650407e-05
7844,2.0549076217869553e-05
7845,7.206440890938093e-07
7846,7.353929444195366e-06
7847,2.0549076217869553e-05
7848,2.124438723017059e-06
7849,7.548761950666645e-06
7850,4.155291665508147e-05
7851,2.965465063654154e-07
7852,0.00014045938151614656
7853,1.6627177907637575e-06
7854,7.737804809619329e-06
7855,2.8638297407765024e-05
7856,2.472446640117757e-05
7857,9.802835711729158e-07
7858,8.839194184872607e-05
7859,2.7565363963386534e-05
7860,2.0940793139358538e-05
7861,8.244613255882126e-06
7862,1.4204854799958857e-05
7863,2.3079566049958632e-05
7864,7.124176368197579e-06
7865,1.0679981774516916e-05
7866,8.881973286371031e-06
7867,9.318008668577259e-06
7868,4.713739897756149e-06
7869,1.7058731488567955e-05
7870,1.4306934671683392e-06
7871,2.3870990874140348e-05
7872,4.001471698364516e-05
7873,4.344563232312016e-06
7874,1.8805946600225752e-05
7875,4.791395248311862e-07
7876,6.124069513030571e-05
7877,2.0549076217869553e-05
7878,5.791375776054895e-06
7879,0.0001763780852433362
7880,2.1744228134562504e-06
7881,1.4476538444386613e-05
7882,2.050514546180153e-06
7883,5.469711135728868e-06
7884,2.1744228134562504e-06
7885,2.1083274392483527e-07
7886,7.04087630940213e-06
7887,7.04087630940213e-06
7888,2.0549076217869553e-05
7889,7.548761950666645e-06
7890,8.28663599998875e-06
7891,5.819100281622349e-06
7892,2.102987914936156e-06
7893,6.466167127861589e-06
7894,2.4662631681292474e-05
7895,9.453638976246291e-05
7896,1.357636909726148e-06
7897,5.606493715984668e-06
7898,2.1744228134562504e-06
7899,1.2547158450459412e-05
7900,1.1997764685598476e-05
7901,1.1657463000347894e-05
7902,2.6232464898206492e-05
7903,9.622365479210942e-06
7904,4.433994353239081e-06
7905,7.793014496445853e-07
7906,6.61166667575323e-07
7907,1.4804205694828154e-07
7908,7.124176368197579e-06
7909,4.712418813254684e-06
7910,6.784292077741517e-06
7911,5.411920146463227e-08
7912,5.58754818697949e-05
7913,9.983179633554033e-06
7914,3.080654430191315e-05
7915,1.8024136615215226e-05
7916,1.8024136615215226e-05
7917,3.5658849319845725e-05
7918,4.816207041740651e-08
7919,1.9701531379482796e-06
7920,1.166205935181289e-05
7921,6.92327018921932e-05
7922,9.16577641018437e-06
7923,7.982253181663708e-05
7924,1.1997764685598476e-05
7925,4.029682507399302e-05
7926,4.055903684972532e-05
7927,3.438100163726608e-05
7928,2.1744228134562504e-06
7929,0.0001265748036815494
7930,1.8313309055910421e-06
7931,5.469079616141989e-07
7932,9.318008668577259e-06
7933,2.1145056985208625e-06
7934,2.5768554376914242e-05
7935,3.732502733561478e-05
7936,8.834503849860859e-05
7937,1.1995280057508101e-05
7938,1.1187858695687232e-05
7939,9.263726349490309e-06
7940,2.6232464898206492e-05
7941,2.7438396170263845e-05
7942,2.590536458695729e-06
7943,1.0754660573650312e-05
7944,3.926828147199314e-05
7945,2.3864504086896777e-05
7946,6.187527430052336e-06
7947,3.543302466457338e-05
7948,0.00014221725478104772
7949,2.900311323100914e-05
7950,5.75782365263234e-06
7951,1.27461581573846e-05
7952,2.432065291512163e-06
7953,9.318008668577259e-06
7954,4.763658862776077e-06
7955,0.0001169765093743888
7956,1.8460090098661703e-06
7957,1.763317027055864e-05
7958,1.1657463000347894e-05
7959,7.016287745516977e-06
7960,2.6366617112429715e-05
7961,2.1744228134562504e-06
7962,1.494714340958803e-05
7963,2.169404167873425e-05
7964,1.357636909726148e-06
7965,3.021177243000086e-05
7966,3.482860346885739e-06
7967,3.90544869512827e-05
7968,1.3409376265318766e-05
7969,1.2547158450459412e-05
7970,1.7868134581463303e-05
7971,2.0549076217869553e-05
7972,6.281152722403681e-05
7973,3.242539243325393e-05
7974,2.5446357135840056e-05
7975,1.1398962943092915e-06
7976,2.2852699445448386e-05
7977,3.486226944499971e-05
7978,1.847106690969064e-05
7979,2.5826453593806244e-06
7980,1.577955613586142e-06
7981,4.1219291643324216e-05
7982,3.618342647178606e-05
7983,4.803662796882721e-05
7984,8.491704704360493e-06
7985,3.3871979865072824e-05
7986,5.359455975736333e-06
7987,4.8586290140570395e-05
7988,2.3505339014249164e-05
7989,6.160143469850202e-05
7990,2.1744228134562504e-06
7991,1.5597427615731944e-05
7992,0.0001548916144440792
7993,2.8667443349988375e-06
7994,1.5217656917777877e-05
7995,1.2989488466567677e-05
7996,7.016287745516977e-06
7997,3.08952167712862e-06
7998,3.135883120286297e-05
7999,1.8460090098661703e-06
8000,1.3026461063621571e-05
8001,2.831695413021001e-05
8002,1.1836670161158395e-05
8003,8.026384669343944e-05
8004,1.1612869131610867e-06
8005,9.351981496536039e-06
8006,8.036484690182954e-05
8007,0.00011634086715287707
8008,2.1744228134562504e-06
8009,1.3570828613486872e-05
8010,7.158790933296574e-05
8011,4.035362184388446e-06
8012,5.469711135728868e-06
8013,8.865359047952257e-06
8014,1.8713004811053294e-05
8015,4.2440422220109895e-05
8016,6.660113175588203e-06
8017,1.6723997866334754e-05
8018,4.329423341602036e-06
8019,5.413019088975771e-06
8020,1.6723997866334754e-05
8021,1.1657463000347894e-05
8022,2.1744228134562504e-06
8023,2.6232464898206492e-05
8024,1.1676394396410102e-05
8025,2.079854819816605e-06
8026,2.6232464898206492e-05
8027,1.702317337865512e-05
8028,1.737039905029174e-06
8029,2.2310971707965365e-05
8030,1.318295659019849e-05
8031,1.0313207022366888e-05
8032,2.7149084543122447e-06
8033,5.571318467870778e-05
8034,3.67416378925471e-05
8035,2.9738914915356406e-05
8036,7.826144026318789e-06
8037,2.6366617112429715e-05
8038,5.900895157352535e-06
8039,2.544141093801404e-06
8040,2.1744228134562504e-06
8041,5.298149501858836e-05
8042,1.998884419326811e-05
8043,1.3209787494218742e-05
8044,6.964760405926793e-05
8045,4.040817776630243e-05
8046,3.965881140217324e-06
8047,1.8166081128325065e-05
8048,2.6232464898206492e-05
8049,1.1050065501815846e-05
8050,3.3577468101269214e-06
8051,2.5409458264529133e-06
8052,1.56237812375348e-05
8053,8.878634946425904e-06
8054,5.364575081385243e-05
8055,0.00018214991549097875
8056,0.00019938411420797496
8057,4.605999127739615e-05
8058,1.4804205694828154e-07
8059,1.3076101402879266e-05
8060,3.550170591009911e-05
8061,3.309667459598288e-05
8062,2.970484298828663e-05
8063,2.1969038830883993e-05
8064,2.1744228134562504e-06
8065,8.881973286371031e-06
8066,9.7950553838749e-06
8067,4.11692903617539e-06
8068,7.124176368197579e-06
8069,7.124176368197579e-06
8070,5.241875531581324e-06
8071,1.1050065501815846e-05
8072,2.0549076217869553e-05
8073,2.1999249249935867e-05
8074,6.466167127861589e-06
8075,1.1187858695687232e-05
8076,1.1657463000347894e-05
8077,6.466167127861589e-06
8078,2.6232464898206492e-05
8079,3.567289358800989e-06
8080,1.8805946600225752e-05
8081,3.9333518521227214e-05
8082,8.865359047952257e-06
8083,3.036675529955818e-05
8084,1.1998960120416144e-05
8085,7.65439688810413e-06
8086,6.632624483857994e-06
8087,2.3079566049958632e-05
8088,4.5642877980907465e-06
8089,4.294367593565218e-05
8090,6.879364539130577e-06
8091,9.823787234911673e-06
8092,2.0940793139358538e-05
8093,1.9756906355571455e-05
8094,1.9808946972104943e-05
8095,1.0952789725319169e-05
8096,4.715349910022319e-05
8097,1.251223385066012e-05
8098,1.0337713714226663e-05
8099,2.9928691624076443e-05
8100,1.2727432446450108e-06
8101,1.0679981774516916e-05
8102,3.3768103584713837e-06
8103,0.00011060368944588654
8104,2.5515775695340235e-05
8105,9.16577641018437e-06
8106,4.545762176800581e-06
8107,9.006527703519867e-07
8108,9.07863485674152e-05
8109,2.9320528483521212e-06
8110,1.1657463000347894e-05
8111,1.8538364677761307e-05
8112,3.2007694033451925e-05
8113,1.0750650353866867e-05
8114,5.0048308924551134e-05
8115,2.363035128339922e-05
8116,9.273329360391642e-06
8117,9.318008668577259e-06
8118,3.87049507913686e-06
8119,2.7149084543122447e-06
8120,4.265938537571931e-05
8121,1.1152414258539597e-05
8122,2.2160100060212612e-05
8123,2.0389030618798876e-05
8124,1.8868111523841994e-06
8125,2.889334277513483e-05
8126,7.1674002833495074e-06
8127,8.792883002101444e-08
8128,3.677236689887333e-05
8129,6.660113175588203e-06
8130,3.489693626393209e-06
8131,4.715648469132916e-05
8132,1.0948484236713208e-05
8133,2.5341379931947438e-05
8134,1.0754660573650312e-05
8135,1.3656663751615575e-05
8136,1.357636909726148e-06
8137,2.5409458264529133e-06
8138,1.8868111523841994e-06
8139,9.006527703519867e-07
8140,1.8581267500807902e-05
8141,1.3770504055067856e-05
8142,1.529962178010783e-05
8143,3.1411234714316764e-05
8144,2.5515775695340235e-05
8145,4.5642877980907465e-06
8146,2.5727195700756993e-06
8147,2.413925311372255e-05
8148,1.8805946600225752e-05
8149,4.373458287193397e-07
8150,7.537753692313061e-05
8151,7.505313940780551e-06
8152,6.234262328422155e-05
8153,5.7116476633837345e-05
8154,2.257859274798186e-05
8155,2.949378723989552e-06
8156,1.2547158450459412e-05
8157,1.1152414258539597e-05
8158,4.331090976725245e-05
8159,3.0495527855264824e-06
8160,4.087606797113331e-05
8161,1.8868111523841994e-06
8162,2.8638297407765024e-05
8163,8.191150244508629e-08
8164,1.883049294007352e-05
8165,1.8667014493856614e-06
8166,7.437244003108579e-05
8167,5.821636477661691e-06
8168,4.754748103679141e-06
8169,1.3633226964491853e-07
8170,9.318008668577259e-06
8171,4.344563232312016e-06
8172,1.2508986890623746e-06
8173,1.7003310126164444e-05
8174,1.357636909726148e-06
8175,5.874221594061904e-06
8176,7.351019792492224e-06
8177,7.21102177461305e-05
8178,4.892170940625938e-05
8179,2.8638297407765024e-05
8180,1.0754660573650312e-05
8181,1.5889935300051865e-05
8182,2.4325949590224075e-05
8183,3.309667459598288e-05
8184,1.672969901953444e-05
8185,1.357636909726148e-06
8186,1.6549725166295783e-05
8187,3.806293414579964e-05
8188,1.1644992356732589e-05
8189,4.646086757607567e-06
8190,2.1744228134562504e-06
8191,1.1050065501815846e-05
8192,5.979855402886186e-05
8193,2.9255510582291053e-05
8194,3.550170591009911e-05
8195,4.19786478823539e-05
8196,5.572044761914606e-05
8197,1.0273732253466651e-05
8198,4.373458287193397e-07
8199,2.834078365345221e-06
8200,7.65439688810413e-06
8201,8.35396901245353e-06
8202,7.505313940780551e-06
8203,3.0227536931873553e-05
8204,5.407085019549763e-06
8205,6.576257489526771e-06
8206,3.3391968294401246e-06
8207,1.0313207022366888e-05
8208,6.076666691901281e-06
8209,2.888679714221536e-05
8210,3.550170591009911e-05
8211,9.464477023516024e-06
8212,3.550170591009911e-05
8213,2.638324172073524e-06
8214,1.763317027055864e-05
8215,4.739205207123671e-06
8216,1.3026461063621571e-05
8217,3.4490092542069734e-05
8218,1.3164571200336707e-05
8219,5.819100281622349e-06
8220,3.4761940085923354e-05
8221,5.874221594061904e-06
8222,2.2977567506047806e-07
8223,2.569745318314875e-05
8224,1.0377534339301461e-05
8225,1.1439436660058208e-05
8226,7.135582024188823e-06
8227,1.0169209452128884e-05
8228,2.544141093801404e-06
8229,2.0240433936474616e-05
8230,7.393679681782657e-07
8231,6.193499748701765e-06
8232,7.325903801898597e-06
8233,5.606493715984668e-06
8234,2.224458335753996e-06
8235,2.925494279518498e-05
8236,6.03146442030491e-06
8237,2.6232464898206492e-05
8238,5.119913791204008e-06
8239,9.585825207823223e-07
8240,5.1642300886248376e-05
8241,2.39372234713232e-05
8242,1.0350169585889774e-05
8243,1.7058731488567955e-05
8244,2.324106206228486e-05
8245,7.124176368197579e-06
8246,2.6232464898206492e-05
8247,9.430581330701934e-06
8248,2.0389030618798876e-05
8249,3.3002804081806606e-08
8250,1.1977683811673024e-05
8251,1.56237812375348e-05
8252,1.1050065501815846e-05
8253,9.16577641018437e-06
8254,5.606493715984668e-06
8255,1.746942083106186e-06
8256,2.5515775695340235e-05
8257,6.370020730301737e-06
8258,1.1918676508060773e-05
8259,1.1863193057143497e-05
8260,4.687336814084638e-06
8261,2.9809537974636077e-06
8262,2.0162736375412088e-05
8263,1.2256602613069663e-05
8264,1.2859160646836952e-05
8265,6.784292077741517e-06
8266,2.2716593844187217e-06
8267,4.358559506378812e-05
8268,0.00036392613020363475
8269,1.1676394396410102e-05
8270,5.981531900235198e-06
8271,2.9429745159228694e-07
8272,3.720979273025152e-05
8273,1.8024136615215226e-05
8274,2.8638297407765024e-05
8275,7.246137907221526e-05
8276,7.969171882218515e-06
8277,1.6723997866334754e-05
8278,7.923891911885377e-06
8279,2.5727195700756993e-06
8280,3.0495527855264824e-06
8281,3.2021007702808205e-06
8282,4.344563232312016e-06
8283,2.9107647898022363e-05
8284,1.419003048345428e-06
8285,1.8889678134822136e-05
8286,2.98737211413672e-06
8287,3.170217603393536e-05
8288,1.2752228797459337e-05
8289,5.1953872057252035e-05
8290,2.5457024326321722e-05
8291,2.9320528483521212e-06
8292,5.264421442559795e-05
8293,3.7160634000884236e-06
8294,3.1095001173099195e-05
8295,1.102911624623662e-05
8296,5.25669431310136e-05
8297,3.252859130671301e-06
8298,3.309667459598288e-05
8299,2.0389030618798876e-05
8300,7.682893847554348e-06
8301,5.46746317790583e-06
8302,5.574238617669124e-06
8303,8.548017629526084e-06
8304,2.3919192275125884e-05
8305,4.966210136356972e-07
8306,4.4992581370973016e-05
8307,2.6297972504586757e-05
8308,2.0457038571064346e-05
8309,9.916974053584797e-05
8310,5.516587598239083e-06
8311,1.9291393649121203e-05
8312,0.00016023553511111292
8313,1.2278602865101693e-06
8314,6.076666691901281e-06
8315,1.2499106818882815e-05
8316,1.1050065501815846e-05
8317,2.569745318314875e-05
8318,8.244613255882126e-06
8319,2.889334277513483e-05
8320,3.550170591009911e-05
8321,1.6685613070036195e-05
8322,2.0135845149225238e-05
8323,8.881973286371031e-06
8324,6.9394427988923505e-06
8325,3.857321283308478e-05
8326,1.2508986890623746e-06
8327,1.66801693039325e-05
8328,1.0976766595274669e-05
8329,3.751224716838277e-05
8330,3.309667459598288e-05
8331,2.5564309877486323e-05
8332,3.309667459598288e-05
8333,3.54898591020141e-06
8334,3.213379942452869e-05
8335,1.8024136615215226e-05
8336,1.763317027055864e-05
8337,1.30931742195772e-05
8338,5.243603981745458e-06
8339,2.8638297407765024e-05
8340,5.8748879900591625e-05
8341,1.8024136615215226e-05
8342,1.09231490319743e-05
8343,3.867717958524739e-05
8344,1.0857419387940288e-05
8345,6.6917943966740295e-06
8346,3.5928740641544363e-05
8347,3.125764238125984e-05
8348,1.4500779276824444e-05
8349,5.066824247869157e-06
8350,5.066824247869157e-06
8351,7.1425223471174586e-06
8352,6.65968826910499e-06
8353,1.0416189543517678e-05
8354,0.00018502053101161403
8355,5.509607098696422e-06
8356,2.6037594566572234e-05
8357,1.6685613070036195e-05
8358,3.354153459986863e-06
8359,6.03146442030491e-06
8360,5.509607098696422e-06
8361,2.6232464898206492e-05
8362,1.6207951476376402e-05
8363,6.3391743123908195e-06
8364,5.874221594061904e-06
8365,2.0389030618798876e-05
8366,1.0952789725319169e-05
8367,7.206440890938093e-07
8368,3.233412369349746e-05
8369,2.4390218093148686e-05
8370,1.0169209452128884e-05
8371,1.7774616526518243e-05
8372,2.2516581503162367e-05
8373,8.710795972996155e-06
8374,4.247051750936118e-05
8375,1.8313309055910421e-06
8376,2.6232464898206492e-05
8377,1.0377534339301461e-05
8378,9.983179633554033e-06
8379,1.9610381661912632e-05
8380,8.881973286371031e-06
8381,1.6549725166295783e-05
8382,2.124438723017059e-06
8383,2.3962063984507022e-05
8384,4.200484154866769e-06
8385,3.54898591020141e-06
8386,2.0420658256241298e-05
8387,2.0231258384286043e-05
8388,9.765848831507055e-06
8389,4.791395248311862e-07
8390,2.7911491191413743e-06
8391,1.8581267500807902e-05
8392,1.8373466828841e-07
8393,5.469711135728868e-06
8394,2.6232464898206492e-05
8395,4.7641157993465865e-06
8396,6.047390258570638e-06
8397,8.461195848300982e-06
8398,1.0982417837884746e-05
8399,2.6232464898206492e-05
8400,2.0389030618798876e-05
8401,2.1135022209280455e-06
8402,7.353929444195366e-06
8403,1.8805946600225752e-05
8404,5.74256060132945e-06
8405,9.823787234911673e-06
8406,2.646034348832988e-05
8407,7.42599310001043e-07
8408,3.3334057599760894e-06
8409,1.2499106818882815e-05
8410,4.3958309318186836e-05
8411,2.9320528483521212e-06
8412,7.616518060370745e-05
8413,7.548761950666645e-06
8414,4.721706381822767e-06
8415,1.5070411850590818e-05
8416,2.5457024326321722e-05
8417,1.1644992356732589e-05
8418,2.544141093801404e-06
8419,2.970325875375545e-06
8420,2.279887060561325e-06
8421,7.682893847554348e-06
8422,2.9317407158261725e-06
8423,0.00017330082350088175
8424,0.000514909638462199
8425,7.383412113819585e-06
8426,2.1744228134562504e-06
8427,3.334494171015652e-08
8428,6.526444299177292e-05
8429,7.124176368197579e-06
8430,4.560784389598212e-07
8431,3.1983628560930373e-07
8432,1.419003048345428e-06
8433,1.0746372353168317e-05
8434,0.0004159605509289605
8435,2.0549076217869553e-05
8436,3.914471421391755e-05
8437,3.457546241666303e-06
8438,4.560784389598212e-07
8439,1.646660053057472e-05
8440,5.3297663669851925e-05
8441,3.699492750702724e-05
8442,1.1663973207448035e-05
8443,1.6723997866334754e-05
8444,3.367122987356735e-06
8445,1.5913583206061245e-05
8446,3.4492028806771755e-05
8447,2.7209850260935155e-05
8448,4.559286947554696e-05
8449,4.1557194655780015e-05
8450,5.2795902272257734e-05
8451,1.66801693039325e-05
8452,2.3730182734958023e-05
8453,7.89755808065313e-06
8454,6.1625001707478135e-06
8455,1.6549725166295783e-05
8456,2.4931142814107558e-05
8457,1.8477412318562694e-05
8458,3.889663216446158e-06
8459,1.243764195123349e-05
8460,6.03146442030491e-06
8461,0.00018835004668684146
8462,2.8866157627734278e-05
8463,9.263726349490309e-06
8464,9.997735756541447e-05
8465,2.163528756319693e-06
8466,2.0549076217869553e-05
8467,1.6709694019828036e-05
8468,1.2013322342028058e-05
8469,1.3530675008421058e-05
8470,1.6894602605992524e-06
8471,1.0094592901705242e-06
8472,3.54898591020141e-06
8473,4.560784389598212e-07
8474,1.66801693039325e-05
8475,2.9985371526548482e-06
8476,5.1699839138381205e-06
8477,2.4036820533904668e-05
8478,4.7149901238174786e-05
8479,1.1676394396410102e-05
8480,1.0530087595168231e-05
8481,0.00012142057056521005
8482,1.2085578189964074e-05
8483,5.74256060132945e-06
8484,1.1644992356732589e-05
8485,1.1106870906897075e-05
8486,6.950369928419836e-07
8487,0.00011007685159574385
8488,1.0518816817563894e-05
8489,7.548761950666645e-06
8490,2.1821759074427033e-05
8491,1.1892848413678559e-07
8492,4.517264451286071e-06
8493,7.563648150546626e-05
8494,1.0313207022366888e-05
8495,1.1657463000347894e-05
8496,5.241875531581324e-06
8497,5.358975863827442e-06
8498,1.1657463000347894e-05
8499,4.387974460970874e-05
8500,2.1889635175949354e-05
8501,1.6709694019828036e-05
8502,1.0377534339301461e-05
8503,3.926828147199314e-05
8504,1.0556034767919641e-05
8505,2.3895855388216243e-07
8506,9.263726349490309e-06
8507,5.469711135728868e-06
8508,1.1721173360041573e-05
8509,2.5341379931947438e-05
8510,3.87049507913686e-06
8511,2.39372234713232e-05
8512,1.2013322342028058e-05
8513,5.874221594061904e-06
8514,4.331090976725245e-05
8515,2.6481364565124606e-05
8516,5.726319896952129e-06
8517,0.0001301373969729202
8518,6.071012169049506e-05
8519,8.668654700728208e-05
8520,1.0313207022366888e-05
8521,5.637976846777472e-06
8522,1.5300986451373842e-05
8523,8.459172804383765e-05
8524,5.676911395694545e-05
8525,1.6685613070036195e-05
8526,1.6685613070036195e-05
8527,3.543302466457338e-05
8528,2.9228363331674055e-05
8529,7.227686254926452e-06
8530,1.2279115364674386e-05
8531,3.2445422920513604e-05
8532,7.053024805542537e-07
8533,4.223512266542004e-05
8534,5.167543924003077e-06
8535,1.2013322342028058e-05
8536,3.5606009976195343e-05
8537,8.048644407518156e-06
8538,7.227686254926452e-06
8539,3.252859130671301e-06
8540,7.548761950666645e-06
8541,1.1351891818827818e-05
8542,7.548761950666645e-06
8543,4.916102037362976e-05
8544,2.7090952015066443e-05
8545,1.0377534339301461e-05
8546,2.4273409778131582e-05
8547,6.631820171986217e-05
8548,3.350270842248316e-05
8549,6.892934477289263e-05
8550,5.637976846777472e-06
8551,9.037310875955778e-06
8552,2.6804656159227517e-06
8553,1.102911624623662e-05
8554,4.758563856264241e-06
8555,1.2515389649824462e-05
8556,5.377591186363026e-06
8557,3.260417433694867e-06
8558,8.26509631161632e-06
8559,4.531017302208149e-05
8560,1.166205935181289e-05
8561,2.2959626645920492e-05
8562,2.3765283885415858e-06
8563,0.00016080970143652978
8564,2.3841957788260876e-06
8565,3.886874601569726e-05
8566,2.8122888056417614e-05
8567,7.04087630940213e-06
8568,2.6426239786395252e-05
8569,2.3841957788260876e-06
8570,2.079854819816605e-06
8571,1.996617764914752e-05
8572,8.780644174654242e-06
8573,6.879364539130577e-06
8574,5.140101639591605e-06
8575,1.2085578189964074e-05
8576,1.1152414258539597e-05
8577,1.0377534339301461e-05
8578,1.0377534339301461e-05
8579,3.409719701304325e-05
8580,2.767691883844998e-05
8581,3.172312495002965e-06
8582,1.9496757374554444e-05
8583,4.6857359174473524e-05
8584,1.1997764685598476e-05
8585,3.4309626227901355e-05
8586,3.5461693726315654e-06
8587,8.518218154287182e-06
8588,1.984509836899081e-05
8589,2.7209850260935155e-05
8590,6.7349596039378535e-06
8591,4.326588404811176e-05
8592,9.89800748622995e-06
8593,1.3073514415799466e-05
8594,3.889663216446158e-06
8595,2.270282098024166e-06
8596,4.073983997847451e-06
8597,2.2826293894016997e-05
8598,5.799588233115551e-06
8599,1.5058198040082812e-05
8600,2.472446640117757e-05
8601,3.794762843547894e-06
8602,3.2264178265403336e-05
8603,4.496647434593277e-06
8604,2.8133367462005743e-05
8605,1.0169209452128884e-05
8606,1.0313207022366888e-05
8607,2.493579098592948e-05
8608,2.646034348832988e-05
8609,4.449671676898806e-06
8610,1.953241908562414e-05
8611,3.903056025989452e-05
8612,5.3703442696568806e-05
8613,1.6709694019828036e-05
8614,5.45127994303658e-06
8615,5.606493715984668e-06
8616,1.162420917086892e-05
8617,4.531044181113482e-06
8618,1.4168278080111728e-05
8619,4.560784389598212e-07
8620,5.874221594061904e-06
8621,1.4624942451694457e-05
8622,0.0001693349426751769
8623,2.1258019776055202e-05
8624,1.983676114667277e-05
8625,1.6723997866334754e-05
8626,3.5138045007016863e-06
8627,4.147879229873875e-05
8628,1.1294166041408608e-05
8629,0.0001029048918550024
8630,8.897902493071623e-05
8631,8.18763536864292e-06
8632,4.646086757607567e-06
8633,1.166205935181289e-05
8634,4.015419028639798e-06
8635,2.1889635175949354e-05
8636,2.472446640117757e-05
8637,4.560784389598212e-07
8638,8.710795972996155e-06
8639,3.869608908322636e-05
8640,1.6723997866334754e-05
8641,2.6232464898206492e-05
8642,7.1469930078055945e-06
8643,5.885402106392879e-05
8644,2.9341294369012892e-05
8645,3.903056025989452e-05
8646,1.7058731488567955e-05
8647,1.1657463000347894e-05
8648,3.726055405653195e-06
8649,8.518218154287182e-06
8650,2.5860824581182672e-05
8651,2.4095184533698823e-05
8652,1.1657463000347894e-05
8653,2.1708319085585668e-05
8654,7.05178144205831e-05
8655,7.004897664747096e-05
8656,1.0754660573650312e-05
8657,3.653961794288408e-06
8658,2.6232464898206492e-05
8659,7.548761950666645e-06
8660,1.1106870906897075e-05
8661,1.950897543364397e-05
8662,1.3409376265318766e-05
8663,1.7058731488567955e-05
8664,1.0213215316709365e-05
8665,1.6723997866334754e-05
8666,7.393679681782657e-07
8667,7.166504002948725e-05
8668,2.0231258384286043e-05
8669,1.636270920083065e-05
8670,6.830633588881178e-06
8671,1.4843062759665073e-05
8672,5.9117501360328634e-06
8673,2.659622245315451e-05
8674,5.791375776054895e-06
8675,1.581172572146157e-05
8676,6.394915097574035e-05
8677,1.3354410378223386e-06
8678,2.8483417257409518e-06
8679,2.1479004335347747e-05
8680,1.7058731488567955e-05
8681,2.39372234713232e-05
8682,5.377591186363026e-06
8683,5.46746317790583e-06
8684,2.5515775695340235e-05
8685,3.096609344774479e-05
8686,1.4407812311942765e-05
8687,2.7764847668470993e-05
8688,0.00012684898381478584
8689,2.058081967969294e-06
8690,7.980566194797668e-05
8691,3.3971788552169116e-05
8692,2.8995874549878936e-05
8693,8.792883002101444e-08
8694,0.0001407095922013783
8695,4.9903578556202756e-05
8696,8.792883002101444e-08
8697,1.7899930375502357e-05
8698,3.1979267514072275e-05
8699,1.3682291138838215e-05
8700,1.7205603829535308e-05
8701,8.792883002101444e-08
8702,3.569393880621636e-05
8703,4.000144839462267e-05
8704,0.0001383785635451056
8705,4.967944250727834e-06
8706,2.9116890942596812e-05
8707,4.079612631771639e-05
8708,6.66049196467703e-05
8709,1.2085693515619492e-05
8710,8.792883002101444e-08
8711,3.754350694995779e-05
8712,0.00015442940896267452
8713,8.779840414085029e-06
8714,1.787198627966038e-05
8715,1.1836670161158395e-05
8716,3.43469467976956e-05
8717,3.3002804081806606e-08
8718,5.068267220371054e-06
8719,1.983676114667277e-05
8720,2.063891891055464e-05
8721,1.1050065501815846e-05
8722,1.1050065501815846e-05
8723,1.1050065501815846e-05
8724,1.2502128903267543e-05
8725,6.159938392639314e-05
8726,4.3365516547162664e-05
8727,1.6723997866334754e-05
8728,7.57704299531573e-05
8729,1.8805946600225752e-05
8730,5.574238617669124e-06
8731,5.469711135728868e-06
8732,1.9756906355571455e-05
8733,2.8387504461222355e-05
8734,4.8948281830987534e-06
8735,2.079854819816605e-06
8736,1.6452166147152925e-05
8737,1.1050065501815846e-05
8738,2.0167755210234932e-06
8739,2.8629733835137425e-05
8740,1.0703807592315925e-06
8741,2.079854819816605e-06
8742,2.079854819816605e-06
8743,1.0377534339301461e-05
8744,3.309667459598288e-05
8745,2.3841957788260876e-06
8746,2.4964504144519124e-05
8747,1.2547158450459412e-05
8748,1.0924115674501308e-05
8749,1.3017902920343285e-05
8750,1.6709694019828036e-05
8751,4.8062581530261184e-06
8752,4.0063190858350506e-05
8753,1.1241887436493843e-05
8754,8.548017629526084e-06
8755,3.2446151946335693e-06
8756,3.172312495002965e-06
8757,1.5623712047274186e-05
8758,2.6867799412359272e-05
8759,4.7641157993465865e-06
8760,1.092057938326124e-06
8761,1.7816055804660877e-05
8762,1.9671334818656993e-05
8763,9.273329360391642e-06
8764,6.047390258570638e-06
8765,8.710795972996155e-06
8766,3.54898591020141e-06
8767,4.895495790997916e-06
8768,5.0315909012817885e-06
8769,5.747470433016294e-05
8770,5.874221594061904e-06
8771,1.5822479104540874e-06
8772,5.080966135614927e-06
8773,7.124176368197579e-06
8774,9.983179633554033e-06
8775,2.9320528483521212e-06
8776,2.6232464898206492e-05
8777,3.4130022978859626e-05
8778,1.1050065501815846e-05
8779,2.6366617112429715e-05
8780,3.498728897313904e-05
8781,1.1050065501815846e-05
8782,5.606493715984668e-06
8783,8.710795972996155e-06
8784,3.065053388181716e-05
8785,2.9658433015577584e-05
8786,8.848391161914401e-05
8787,1.1995691515828823e-06
8788,2.6232464898206492e-05
8789,5.094381667434789e-06
8790,3.3334057599760894e-06
8791,4.442903406166313e-05
8792,3.54898591020141e-06
8793,7.293191880507838e-06
8794,5.469711135728868e-06
8795,4.877079831525178e-05
8796,7.04087630940213e-06
8797,1.1676394396410102e-05
8798,1.319727961776752e-05
8799,3.156793480187798e-06
8800,4.010636931158351e-05
8801,1.1613880138557385e-05
8802,2.0167755210234932e-06
8803,1.6685613070036195e-05
8804,2.028186680917287e-05
8805,1.1676394396410102e-05
8806,7.1063867990134775e-06
8807,6.12345740611081e-05
8808,2.904968846243878e-05
8809,6.784292077741517e-06
8810,1.2547158450459412e-05
8811,1.438262506160836e-05
8812,2.4071323369014814e-05
8813,4.531044181113482e-06
8814,6.9763925007491356e-06
8815,2.9320528483521212e-06
8816,4.9131166243979826e-05
8817,3.1487575740412226e-05
8818,1.228708439718689e-05
8819,1.1152414258539597e-05
8820,7.206440890938093e-07
8821,5.181318091976536e-05
8822,6.999761589827134e-05
8823,1.2451007501704985e-05
8824,5.480405858776192e-07
8825,4.721706381822767e-06
8826,1.102911624623662e-05
8827,2.472446640117757e-05
8828,3.5113298592996134e-05
8829,7.351019792492224e-06
8830,9.384010758805615e-05
8831,7.347760832167804e-07
8832,2.324106206228486e-05
8833,6.807153939081614e-06
8834,1.1836670161158395e-05
8835,4.589045614981699e-05
8836,1.1050065501815846e-05
8837,7.449902406129431e-06
8838,1.0363242073420407e-05
8839,1.9081327479201104e-05
8840,1.4817840201958975e-05
8841,1.6894602605992524e-06
8842,4.861888954931837e-05
8843,9.263726349490309e-06
8844,3.919953362856588e-06
8845,7.768739567358174e-05
8846,4.643592523500436e-05
8847,2.7090952015066443e-05
8848,1.9756906355571455e-05
8849,9.622365479210942e-06
8850,4.632062811224349e-05
8851,2.0940793139358538e-05
8852,2.6593223825421567e-05
8853,2.6194160118823413e-05
8854,3.2021007702808205e-06
8855,1.2499106818882815e-05
8856,3.7141258337041547e-05
8857,5.819100281622349e-06
8858,6.03146442030491e-06
8859,6.193499748701765e-06
8860,1.99154245497681e-05
8861,2.5341379931947438e-05
8862,2.9654860686001054e-05
8863,1.855454899694211e-05
8864,3.7259482505932196e-06
8865,0.00025752373146034017
8866,2.4217636363916988e-05
8867,1.8538364677761307e-05
8868,5.819100281622349e-06
8869,3.7188049535163085e-06
8870,1.7905032155057229e-06
8871,1.634994038941602e-05
8872,5.637976846777472e-06
8873,1.1187858695687232e-05
8874,2.0098976654912413e-07
8875,5.489708419760574e-06
8876,1.9756906355571455e-05
8877,2.2977567506047806e-07
8878,2.5555002687419208e-05
8879,1.2723632394160848e-05
8880,6.784292077741517e-06
8881,6.589552189728345e-06
8882,6.193499748701765e-06
8883,1.477201713082602e-05
8884,1.4647576440266506e-05
8885,4.493775914960714e-05
8886,6.8159086330367304e-06
8887,1.0341492697675664e-05
8888,0.0002928380885966455
8889,6.91878220940606e-05
8890,4.536229527409977e-05
8891,5.604197410951215e-05
8892,1.1294166041408608e-05
8893,1.1124271968307852e-05
8894,3.080654430191315e-05
8895,2.2959626645920492e-05
8896,5.819100281622349e-06
8897,2.5798193606812087e-05
8898,4.754748103679141e-06
8899,4.712418813254684e-06
8900,8.780644174654242e-06
8901,1.60280005887528e-06
8902,1.2451007501704985e-05
8903,1.56237812375348e-05
8904,3.080654430191315e-05
8905,5.606493715984668e-06
8906,3.550170591009911e-05
8907,7.329428962093246e-06
8908,1.0419316881349636e-05
8909,1.6452166147152925e-05
8910,7.793014496445853e-07
8911,0.00014955196511379408
8912,1.1995280057508101e-05
8913,7.124176368197579e-06
8914,3.6782801768958904e-05
8915,5.855222805569599e-06
8916,9.844233795786024e-06
8917,1.1997764685598476e-05
8918,7.506700702357182e-05
8919,8.865359047952257e-06
8920,4.432349955177846e-05
8921,5.977473636206564e-06
8922,1.1050065501815846e-05
8923,6.153828503002137e-05
8924,4.022922972300222e-05
8925,0.00019117520011363866
8926,1.8805946600225752e-05
8927,2.2077851613907315e-08
8928,6.0812585611422054e-06
8929,2.5341379931947438e-05
8930,9.260221771632981e-07
8931,1.6452166147152925e-05
8932,1.9004063843858377e-07
8933,2.095958766987768e-05
8934,1.4335623204532013e-07
8935,7.329428962093246e-06
8936,9.622365479210942e-06
8937,5.874221594061904e-06
8938,1.56237812375348e-05
8939,3.215933103704493e-05
8940,2.1353327146408268e-05
8941,2.6366617112429715e-05
8942,4.816207041740651e-08
8943,1.1050065501815846e-05
8944,2.6232464898206492e-05
8945,1.7754759714681112e-06
8946,2.638324172073524e-06
8947,3.2445422920513604e-05
8948,9.89800748622995e-06
8949,3.204959376288487e-05
8950,5.469079616141989e-07
8951,7.124176368197579e-06
8952,7.548761950666645e-06
8953,3.870738452136883e-06
8954,1.6709694019828036e-05
8955,1.1676394396410102e-05
8956,4.5642877980907465e-06
8957,1.128061277732567e-05
8958,2.77740633681506e-05
8959,4.5642877980907465e-06
8960,1.7905032155057229e-06
8961,1.0438274842770595e-05
8962,1.0331353779356072e-05
8963,0.00016020133814701742
8964,1.0764819362444284e-07
8965,1.0746372353168317e-05
8966,1.2547158450459412e-05
8967,2.5564309877486323e-05
8968,2.1744228134562504e-06
8969,2.7011911825601253e-05
8970,4.115723422327361e-05
8971,1.6452166147152925e-05
8972,6.967466844231566e-05
8973,6.712092823702034e-05
8974,2.1744228134562504e-06
8975,7.504579177470626e-05
8976,2.39372234713232e-05
8977,9.844233795786024e-06
8978,2.628776034335032e-05
8979,7.227686254926452e-06
8980,6.076666691901281e-06
8981,5.255304396475011e-07
8982,1.64678838550595e-05
8983,1.8460090098661703e-06
8984,4.721706381822767e-06
8985,1.9496757374554444e-05
8986,1.9546854292914827e-05
8987,3.252859130671301e-06
8988,3.54898591020141e-06
8989,0.0008106082097063697
8990,1.2859160646836952e-05
8991,1.092057938326124e-06
8992,1.9756906355571455e-05
8993,1.2859160646836952e-05
8994,1.0169209452128884e-05
8995,3.204486789176218e-05
8996,3.695096769782893e-05
8997,7.836300353088823e-06
8998,1.8024136615215226e-05
8999,1.1187858695687232e-05
9000,1.1187858695687232e-05
9001,1.9463943070828603e-05
9002,2.934989401299397e-05
9003,1.9496757374554444e-05
9004,1.2085578189964074e-05
9005,9.292821007131642e-06
9006,7.548761950666645e-06
9007,1.0313207022366888e-05
9008,1.1605164107492876e-05
9009,2.767691883844998e-05
9010,4.8586290140570395e-05
9011,1.6723997866334754e-05
9012,2.4199374356353516e-06
9013,3.450524008320794e-05
9014,2.5457024326321722e-05
9015,1.0754660573650312e-05
9016,3.3517840892729225e-05
9017,1.2085578189964074e-05
9018,2.6366617112429715e-05
9019,6.076666691901281e-06
9020,1.2085578189964074e-05
9021,5.819100281622349e-06
9022,3.2445422920513604e-05
9023,1.1152414258539597e-05
9024,7.885987455904431e-05
9025,3.551742868154992e-05
9026,2.0940793139358538e-05
9027,5.900895157352535e-06
9028,4.983428830864382e-06
9029,7.805217374622108e-06
9030,1.6685613070036195e-05
9031,1.9766402380370655e-05
9032,1.0976766595274669e-05
9033,4.85768703133639e-05
9034,6.632624483857994e-06
9035,1.7003310126164444e-05
9036,3.550170591009911e-05
9037,9.318008668577259e-06
9038,1.2499106818882815e-05
9039,3.7141258337041547e-05
9040,6.784292077741517e-06
9041,3.543302466457338e-05
9042,2.6366617112429715e-05
9043,1.2451007501704985e-05
9044,2.790975706658451e-05
9045,1.4168278080111728e-05
9046,2.7368186376012692e-05
9047,7.557043069252736e-05
9048,4.721706381822767e-06
9049,1.589717506121413e-05
9050,5.411920146463227e-08
9051,3.842264219097388e-05
9052,1.2668639946208822e-05
9053,2.0549076217869553e-05
9054,4.204497004715636e-05
9055,6.0150038120910466e-05
9056,3.6625644583535496e-05
9057,8.518218154287182e-06
9058,1.1152414258539597e-05
9059,1.034559768044681e-05
9060,8.923409068108718e-06
9061,2.2184372183236395e-05
9062,3.080654430191315e-05
9063,5.26623736331172e-06
9064,6.573574202026105e-05
9065,1.8567505637338847e-05
9066,1.5845526237844237e-06
9067,1.1836670161158395e-05
9068,1.6685613070036195e-05
9069,3.6854845048586053e-06
9070,6.168645804637282e-05
9071,2.279887060561325e-06
9072,3.1046279436906964e-05
9073,2.4141999391821982e-05
9074,8.244613255882126e-06
9075,8.28663599998875e-06
9076,5.791375776054895e-06
9077,5.733999244647437e-06
9078,5.46746317790583e-06
9079,2.6232464898206492e-05
9080,1.1050065501815846e-05
9081,5.377591186363026e-06
9082,3.860533715957635e-05
9083,1.092057938326124e-06
9084,4.591789545361679e-05
9085,1.4106971016317815e-05
9086,1.7210865888480484e-05
9087,2.7911491191413743e-06
9088,4.5866828550871925e-05
9089,1.737039905029174e-06
9090,9.55275740673188e-05
9091,1.4311660856011443e-05
9092,2.569745318314875e-05
9093,4.085803688443996e-06
9094,4.5125863449460225e-05
9095,3.9976039135113456e-05
9096,6.589552189728345e-06
9097,5.119913791204008e-06
9098,4.646086757607567e-06
9099,2.0457038571064346e-05
9100,7.65439688810413e-06
9101,5.415407310310525e-05
9102,2.1083274392483527e-07
9103,1.9977029603934174e-05
9104,1.2257380386600075e-05
9105,1.634994038941602e-05
9106,9.360161008768145e-06
9107,0.00010826808927063113
9108,6.466167127861589e-06
9109,2.279887060561325e-06
9110,1.9496757374554444e-05
9111,2.1744228134562504e-06
9112,1.1106870906897075e-05
9113,1.1657463000347894e-05
9114,1.3706031896906176e-06
9115,1.369814157940644e-05
9116,1.8805946600225752e-05
9117,6.136823421048072e-06
9118,1.8805946600225752e-05
9119,3.309667459598288e-05
9120,4.085985549326954e-06
9121,1.751794261627377e-05
9122,7.027896036227112e-05
9123,3.0368307421393614e-05
9124,2.1083274392483527e-07
9125,3.096609344774479e-05
9126,1.9004063843858377e-07
9127,1.5462754272636223e-06
9128,4.141702227762065e-05
9129,7.65439688810413e-06
9130,1.2547158450459412e-05
9131,4.373458287193397e-07
9132,1.983676114667277e-05
9133,1.1875799467932967e-05
9134,3.2446151946335693e-06
9135,6.77801328557527e-06
9136,1.6894602605992524e-06
9137,5.255304396475011e-07
9138,4.6464044026724094e-05
9139,1.0438274842770595e-05
9140,8.069640355834237e-07
9141,3.579259214609329e-05
9142,3.84009401919479e-05
9143,5.469079616141989e-07
9144,2.3147390505172322e-06
9145,3.868096933813669e-05
9146,1.2279115364674386e-05
9147,3.2446151946335693e-06
9148,4.2025402603815525e-05
9149,1.021448006272426e-05
9150,5.45127994303658e-06
9151,6.447090023274891e-05
9152,8.18763536864292e-06
9153,1.0750650353866867e-05
9154,2.0457038571064346e-05
9155,1.6723997866334754e-05
9156,7.351019792492224e-06
9157,5.846831896216602e-06
9158,1.4409324960482912e-05
9159,4.010636931158351e-05
9160,1.5217656917777877e-05
9161,1.5257937536661627e-05
9162,5.509607098696422e-06
9163,6.425492834839654e-05
9164,9.320916175383899e-06
9165,2.569745318314875e-05
9166,1.092057938326124e-06
9167,4.519421055770319e-05
9168,1.398545076197968e-05
9169,8.074332191088167e-06
9170,3.596371148601416e-05
9171,2.39372234713232e-05
9172,1.983676114667277e-05
9173,2.39372234713232e-05
9174,1.1050065501815846e-05
9175,2.0457038571064346e-05
9176,2.843344540047521e-05
9177,1.0857419387940288e-05
9178,2.9985371526548482e-06
9179,2.6319758826481655e-05
9180,2.8651832717260435e-05
9181,1.0026530187256368e-06
9182,1.9004063843858377e-07
9183,1.166205935181289e-05
9184,1.1676394396410102e-05
9185,5.241875531581324e-06
9186,4.06837572634452e-05
9187,1.0059362024695415e-05
9188,2.1744228134562504e-06
9189,7.449902406129431e-06
9190,4.305506070831409e-06
9191,2.1744228134562504e-06
9192,1.3073514415799466e-05
9193,3.309667459598288e-05
9194,9.753306518785305e-06
9195,5.819100281622349e-06
9196,1.9766402380370655e-05
9197,1.092057938326124e-06
9198,1.1050065501815846e-05
9199,5.377591186363026e-06
9200,1.2352936250083483e-05
9201,1.3492983640704942e-05
9202,1.1988169966819532e-05
9203,8.548017629526084e-06
9204,2.889334277513483e-05
9205,3.543302466457338e-05
9206,9.88526947235807e-06
9207,2.5029281409649324e-05
9208,1.873468588051175e-05
9209,1.4515881844721867e-06
9210,9.594154120435579e-06
9211,8.244613255882126e-06
9212,1.9614822058067304e-05
9213,2.8125910140802343e-05
9214,2.6863108147192027e-07
9215,8.017952798416311e-05
9216,1.1187858695687232e-05
9217,8.865359047952257e-06
9218,6.6503344310080355e-06
9219,2.1744228134562504e-06
9220,1.4265719148486392e-05
9221,9.903911426043947e-06
9222,3.488747284342332e-05
9223,3.4672189846209956e-05
9224,3.926828147199314e-05
9225,5.377591186363026e-06
9226,5.9117501360328634e-06
9227,1.1152414258539597e-05
9228,1.66801693039325e-05
9229,8.865359047952257e-06
9230,2.015276161720031e-05
9231,2.569745318314875e-05
9232,7.226360711145934e-06
9233,4.7154338943082845e-05
9234,1.8805946600225752e-05
9235,2.1744228134562504e-06
9236,2.6232464898206492e-05
9237,3.2446151946335693e-06
9238,2.324106206228486e-05
9239,2.0457038571064346e-05
9240,1.9004063843858377e-07
9241,5.167543924003077e-06
9242,2.5409458264529133e-06
9243,1.1918676508060773e-05
9244,1.4388007057442994e-05
9245,3.309667459598288e-05
9246,1.1918676508060773e-05
9247,1.1918676508060773e-05
9248,7.42599310001043e-07
9249,1.1106870906897075e-05
9250,5.2847817737904806e-05
9251,6.8012151300323124e-06
9252,1.6549725166295783e-05
9253,1.7270456792472627e-05
9254,4.359113735173657e-06
9255,1.0857419387940288e-05
9256,9.037310875955778e-06
9257,1.249134883351103e-05
9258,9.16577641018437e-06
9259,1.166205935181289e-05
9260,2.9681218888916076e-05
9261,6.366458921651357e-06
9262,1.1187858695687232e-05
9263,2.502000455374999e-05
9264,6.77801328557527e-06
9265,6.8012151300323124e-06
9266,2.569745318314875e-05
9267,1.0763509094312007e-05
9268,6.879364539130577e-06
9269,1.6549725166295783e-05
9270,3.919953362856588e-06
9271,9.16577641018437e-06
9272,8.865359047952257e-06
9273,1.0319925847946167e-06
9274,4.0666455286694006e-05
9275,7.019676581212095e-07
9276,1.2013322342028058e-05
9277,5.377591186363026e-06
9278,3.6638880243045436e-05
9279,5.574238617669124e-06
9280,1.585511234057204e-05
9281,1.0094592901705242e-06
9282,1.1918676508060773e-05
9283,1.0274166338583712e-05
9284,2.9320528483521212e-06
9285,1.0857419387940288e-05
9286,1.6842305749521852e-06
9287,2.6319758826481655e-05
9288,2.257859274798186e-05
9289,1.9701531379482796e-06
9290,3.926828147199314e-05
9291,0.00012862942515022354
9292,6.540870542171396e-05
9293,4.261699030998209e-05
9294,9.037310875955778e-06
9295,5.574238617669124e-06
9296,2.39372234713232e-05
9297,2.257859274798186e-05
9298,2.5826453593806244e-06
9299,3.2384788410159465e-05
9300,2.39372234713232e-05
9301,1.1152414258539597e-05
9302,2.257859274798186e-05
9303,1.4984344095455856e-05
9304,2.1832527467737792e-05
9305,5.090491525130026e-06
9306,3.859543218567857e-05
9307,7.987426101751962e-06
9308,1.3972202050865125e-05
9309,7.063549449832523e-07
9310,2.8368990223067348e-05
9311,2.6232464898206492e-05
9312,2.7911491191413743e-06
9313,1.2499106818882815e-05
9314,1.3770504055067856e-05
9315,6.8012151300323124e-06
9316,4.268370181329992e-05
9317,9.412318564362622e-06
9318,4.983428830864382e-06
9319,2.0167755210234932e-06
9320,3.54898591020141e-06
9321,7.659459786509953e-05
9322,1.924862939177421e-05
9323,9.690216145024168e-06
9324,1.3439470220033674e-05
9325,8.486416061209232e-07
9326,3.096609344774479e-05
9327,5.800852537066014e-05
9328,1.1644992356732589e-05
9329,9.318008668577259e-06
9330,0.0001067467282109558
9331,1.1863193057143497e-05
9332,1.034559768044681e-05
9333,2.1744228134562504e-06
9334,1.6268595255204886e-05
9335,3.926828147199314e-05
9336,4.085985549326954e-06
9337,9.055780093375292e-08
9338,2.1744228134562504e-06
9339,1.529962178010783e-05
9340,3.965881140217324e-06
9341,1.0857419387940288e-05
9342,2.127608035902596e-05
9343,5.469711135728868e-06
9344,9.273329360391642e-06
9345,1.6116889749685004e-05
9346,6.589552189728345e-06
9347,1.6778098339098316e-05
9348,6.466167127861589e-06
9349,3.309667459598288e-05
9350,6.57689347461345e-05
9351,8.278891074482927e-06
9352,6.660113175588203e-06
9353,3.6854845048586053e-06
9354,3.602944940030038e-05
9355,4.3077823208957626e-05
9356,5.819100281622349e-06
9357,1.3130183076319016e-06
9358,6.0517276086091855e-06
9359,6.490178552997004e-06
9360,3.252859130671301e-06
9361,6.249110241859464e-06
9362,4.284333248344852e-05
9363,3.9512969026290007e-05
9364,4.8948281830987534e-06
9365,2.324106206228486e-05
9366,1.4780495544012343e-05
9367,1.6549725166295783e-05
9368,3.489693626393209e-06
9369,8.518218154287182e-06
9370,9.24949696876159e-06
9371,1.589293991723611e-05
9372,2.172899659165772e-06
9373,1.9766402380370655e-05
9374,2.5178919391819344e-06
9375,3.857321283308478e-05
9376,2.5515775695340235e-05
9377,6.7349596039378535e-06
9378,9.585825207823223e-07
9379,4.501681397755068e-05
9380,1.3409376265318766e-05
9381,1.8805946600225752e-05
9382,6.055180942341243e-06
9383,1.5217656917777877e-05
9384,1.6709694019828036e-05
9385,6.03146442030491e-06
9386,6.987749118798851e-05
9387,4.11692903617539e-06
9388,7.698525158811343e-06
9389,1.2547158450459412e-05
9390,2.1744228134562504e-06
9391,3.252859130671301e-06
9392,9.255783930672972e-07
9393,7.449902406129431e-06
9394,2.1744228134562504e-06
9395,4.807632222904557e-06
9396,2.212503139575054e-05
9397,2.42408910192794e-05
9398,5.819100281622349e-06
9399,4.721706381822767e-06
9400,9.778810579746498e-06
9401,7.227686254926452e-06
9402,2.6319758826481655e-05
9403,1.3409376265318766e-05
9404,4.230419136558548e-05
9405,2.8483417257409518e-06
9406,4.344563232312016e-06
9407,4.028634372856666e-05
9408,9.318008668577259e-06
9409,4.0365846510440063e-05
9410,5.255304396475011e-07
9411,8.978134333363058e-05
9412,3.1196722668107706e-05
9413,9.89800748622995e-06
9414,1.9127943619010178e-05
9415,2.7911491191413743e-06
9416,1.2857782005483696e-05
9417,1.7968817954611684e-05
9418,2.0167755210234932e-06
9419,3.8659350327565843e-07
9420,5.432039358138641e-05
9421,1.983676114667277e-05
9422,7.736600293093713e-06
9423,5.855222805569599e-06
9424,8.816744339209902e-05
9425,9.037310875955778e-06
9426,1.8024136615215226e-05
9427,8.045670426799642e-05
9428,6.9763925007491356e-06
9429,6.754746640239695e-05
9430,2.6319758826481655e-05
9431,6.950369928419836e-07
9432,7.528254876373468e-06
9433,4.763658862776077e-06
9434,1.0169209452128884e-05
9435,1.339996171333577e-05
9436,2.2354932510427163e-05
9437,1.3820753173689307e-06
9438,6.718053416672682e-05
9439,4.555316261564715e-05
9440,4.267056752593378e-05
9441,2.9486848914474515e-05
9442,8.623907287242201e-08
9443,8.911392371301425e-05
9444,6.604102156649155e-06
9445,1.0857419387940288e-05
9446,7.1063867990134775e-06
9447,2.257859274798186e-05
9448,2.9108022988906765e-05
9449,3.2355650454283e-05
9450,5.094381667434789e-06
9451,7.053024805542537e-07
9452,1.9977029603934174e-05
9453,1.5750822628059388e-05
9454,1.1657463000347894e-05
9455,3.550170591009911e-05
9456,0.000137319125737543
9457,1.1439436660058208e-05
9458,1.1187858695687232e-05
9459,3.889663216446158e-06
9460,6.901831596025185e-05
9461,5.171263921999344e-05
9462,2.5457024326321722e-05
9463,1.092057938326124e-06
9464,3.141428588883285e-07
9465,3.611992363121502e-05
9466,1.869692556428401e-05
9467,2.8122888056417614e-05
9468,0.00013367220607361853
9469,4.5642877980907465e-06
9470,7.449902406129431e-06
9471,4.207408501786292e-06
9472,2.8795272209792106e-05
9473,1.2581422448040681e-05
9474,6.84267396992714e-07
9475,1.1707257548997665e-05
9476,3.096609344774479e-05
9477,7.053024805542537e-07
9478,5.900895157352535e-06
9479,4.373458287193397e-07
9480,2.0046409093116632e-05
9481,1.5845526237844237e-06
9482,2.638324172073524e-06
9483,2.638324172073524e-06
9484,5.306868214407795e-07
9485,1.0377534339301461e-05
9486,1.3770504055067856e-05
9487,1.1892848413678559e-07
9488,1.0169209452128884e-05
9489,4.7692406739799295e-06
9490,3.550170591009911e-05
9491,8.923409068108718e-06
9492,2.3079566049958632e-05
9493,2.472446640117757e-05
9494,2.39372234713232e-05
9495,1.5300986451373842e-05
9496,8.881973286371031e-06
9497,5.377591186363026e-06
9498,4.4222052852659e-05
9499,1.9081327479201104e-05
9500,1.3073514415799466e-05
9501,3.2445422920513604e-05
9502,5.791375776054895e-06
9503,2.4139773424162623e-05
9504,5.259343197053732e-05
9505,5.306868214407795e-07
9506,3.543302466457338e-05
9507,7.499015165752427e-06
9508,7.795624630076884e-06
9509,1.997239349144412e-08
9510,3.2445422920513604e-05
9511,4.387974460970874e-05
9512,3.309667459598288e-05
9513,3.5510589384076324e-05
9514,1.9496757374554444e-05
9515,2.257859274798186e-05
9516,7.89755808065313e-06
9517,3.921231089405238e-06
9518,4.4442984633366376e-05
9519,1.1657463000347894e-05
9520,1.6723997866334754e-05
9521,5.9117501360328634e-06
9522,2.6232464898206492e-05
9523,4.581888343216996e-05
9524,2.013654808155056e-05
9525,3.334494171015652e-08
9526,4.049419854104956e-05
9527,4.241468326456013e-05
9528,6.5978221155706415e-06
9529,6.466167127861589e-06
9530,8.779840414085029e-06
9531,9.844233795786024e-06
9532,1.6685613070036195e-05
9533,2.1744228134562504e-06
9534,3.309667459598288e-05
9535,1.6242387855028196e-05
9536,2.1744228134562504e-06
9537,9.900003390596268e-07
9538,2.0863123733550732e-05
9539,1.0341492697675664e-05
9540,3.698845678546419e-07
9541,6.187527430052336e-06
9542,1.2826728180849438e-07
9543,1.9496757374554444e-05
9544,4.77892663152843e-06
9545,6.306632850805595e-06
9546,5.3303448994889045e-09
9547,3.6841368053580044e-07
9548,1.7207844604559312e-05
9549,5.8761591970826953e-05
9550,4.952588130692019e-05
9551,7.689064682654146e-05
9552,4.577210032825078e-05
9553,4.0674844283920795e-05
9554,4.0357594944912136e-05
9555,3.5359389859033786e-06
9556,1.128068154034809e-05
9557,3.631063772639913e-05
9558,1.2826728180849438e-07
9559,3.322494187779137e-05
9560,1.2826728180849438e-07
9561,1.2826728180849438e-07
9562,1.2826728180849438e-07
9563,1.2826728180849438e-07
9564,1.2826728180849438e-07
9565,1.2826728180849438e-07
9566,3.36275253165392e-05
9567,1.681388035184469e-05
9568,1.2826728180849438e-07
9569,1.128068154034809e-05
9570,3.182975775821765e-05
9571,1.2826728180849438e-07
9572,2.3159674737160629e-07
9573,0.00012364054252746843
9574,5.2017993165188674e-05
9575,1.128068154034809e-05
9576,1.2826728180849438e-07
9577,1.7104630673018994e-05
9578,1.123513818870557e-05
9579,1.128068154034809e-05
9580,1.2826728180849438e-07
9581,1.2826728180849438e-07
9582,1.128068154034809e-05
9583,1.3455104353804341e-05
9584,1.2826728180849438e-07
9585,7.073973555398148e-05
9586,1.2055637450881392e-05
9587,8.779840414085029e-06
9588,6.255919785507577e-05
9589,8.779840414085029e-06
9590,5.264421442559795e-05
9591,1.9983239473757188e-05
9592,3.665425943419378e-06
9593,1.09231490319743e-05
9594,3.7160634000884236e-06
9595,1.8892686881158635e-05
9596,6.807153939081614e-06
9597,2.172899659165772e-06
9598,1.9496757374554444e-05
9599,3.919953362856588e-06
9600,9.16577641018437e-06
9601,1.1713700773693209e-05
9602,6.466167127861589e-06
9603,2.1744228134562504e-06
9604,8.779840414085029e-06
9605,3.543302466457338e-05
9606,2.970325875375545e-06
9607,7.124176368197579e-06
9608,1.438262506160836e-05
9609,1.2451007501704985e-05
9610,9.753306518785305e-06
9611,5.9950344377867755e-06
9612,2.4738802147141678e-05
9613,6.7349596039378535e-06
9614,1.983676114667277e-05
9615,1.6797119349840586e-06
9616,4.4584967945331904e-05
9617,2.1744228134562504e-06
9618,9.749567236788527e-06
9619,1.9630594760982557e-05
9620,6.660113175588203e-06
9621,2.22946859373374e-05
9622,8.518218154287182e-06
9623,8.865359047952257e-06
9624,6.660113175588203e-06
9625,7.293191880507838e-06
9626,6.660113175588203e-06
9627,6.660113175588203e-06
9628,2.3147390505172322e-06
9629,1.6685613070036195e-05
9630,2.6366617112429715e-05
9631,7.795624630076884e-06
9632,7.329428962093246e-06
9633,1.6452166147152925e-05
9634,4.778207455551521e-05
9635,1.5432682739893884e-07
9636,3.551742868154992e-05
9637,6.632624483857994e-06
9638,1.2547158450459412e-05
9639,3.080654430191315e-05
9640,3.3334057599760894e-06
9641,1.4917781376493295e-05
9642,5.066824247869157e-06
9643,2.785041548221168e-05
9644,5.819100281622349e-06
9645,1.8024136615215226e-05
9646,5.1102373216590465e-05
9647,1.6778098339098316e-05
9648,2.814480122753761e-06
9649,1.0754660573650312e-05
9650,1.6685613070036195e-05
9651,3.5517004061818853e-06
9652,9.753306518785305e-06
9653,2.2102201581406152e-05
9654,1.6321563674865662e-06
9655,2.1148339715375857e-05
9656,9.736558757118512e-06
9657,5.819100281622349e-06
9658,2.171238991836809e-05
9659,1.8974895579305917e-05
9660,6.420973318852451e-05
9661,2.39372234713232e-05
9662,3.713716697124566e-05
9663,4.743758450282588e-05
9664,8.779840414085029e-06
9665,1.5065050389641347e-05
9666,6.076666691901281e-06
9667,3.498728897313904e-05
9668,6.47964763296422e-06
9669,1.5217656917777877e-05
9670,2.1085199044252708e-05
9671,3.223478423162025e-06
9672,1.2085578189964074e-05
9673,5.469711135728868e-06
9674,8.881973286371031e-06
9675,1.6723997866334754e-05
9676,5.977473636206564e-06
9677,1.609295047937465e-05
9678,4.68476637197657e-06
9679,4.209101365370889e-05
9680,2.6319758826481655e-05
9681,2.516881107902692e-05
9682,2.1889635175949354e-05
9683,2.0097953573495384e-05
9684,3.156793480187798e-06
9685,2.8027439416200134e-05
9686,1.0377534339301461e-05
9687,1.1657463000347894e-05
9688,4.6289511093297265e-05
9689,1.2547158450459412e-05
9690,1.1910881953536607e-08
9691,3.4309626227901355e-05
9692,5.255304396475011e-07
9693,3.2445422920513604e-05
9694,8.865359047952257e-06
9695,6.967293369151591e-06
9696,4.88001542070682e-06
9697,1.3800180473538824e-06
9698,1.8041646386656818e-05
9699,6.0517276086091855e-06
9700,9.037310875955778e-06
9701,6.604102156649155e-06
9702,3.3768103584713837e-06
9703,5.411920146463227e-08
9704,1.0377534339301461e-05
9705,1.0377534339301461e-05
9706,4.39557625303539e-06
9707,2.279887060561325e-06
9708,3.8659350327565843e-07
9709,2.5409458264529133e-06
9710,1.1152414258539597e-05
9711,2.8683235772374483e-05
9712,6.95709462097379e-06
9713,1.8805946600225752e-05
9714,3.2446151946335693e-06
9715,1.950897543364397e-05
9716,3.78235516341809e-08
9717,1.1050065501815846e-05
9718,9.393426364736886e-05
9719,4.3786364221770044e-05
9720,2.4662631681292474e-05
9721,4.109437974576261e-05
9722,2.1744228134562504e-06
9723,2.9356756708307578e-05
9724,3.4309626227901355e-05
9725,1.3192612057836064e-05
9726,7.993519340531444e-06
9727,4.040817776630243e-05
9728,2.0389030618798876e-05
9729,2.132662709000139e-05
9730,5.46746317790583e-06
9731,7.222246744533212e-05
9732,1.933137036212068e-05
9733,5.574238617669124e-06
9734,3.677236689887333e-05
9735,2.0549076217869553e-05
9736,5.567577351542234e-05
9737,4.085985549326954e-06
9738,5.627654220276661e-05
9739,2.1744228134562504e-06
9740,8.865359047952257e-06
9741,1.1910881953536607e-08
9742,3.921231089405238e-06
9743,3.203945355099699e-05
9744,2.8638297407765024e-05
9745,9.696507380199414e-06
9746,5.574238617669124e-06
9747,2.5345955738682367e-05
9748,8.934498412082308e-06
9749,7.353929444195366e-06
9750,2.4662631681292474e-05
9751,1.8667014493856614e-06
9752,3.7160634000884236e-06
9753,1.113194098409082e-05
9754,1.9496757374554444e-05
9755,1.6677852347121068e-05
9756,1.0377534339301461e-05
9757,1.6268595255204886e-05
9758,1.2859160646836952e-05
9759,3.2446151946335693e-06
9760,2.224458335753996e-06
9761,6.57689347461345e-05
9762,1.8538364677761307e-05
9763,2.1744228134562504e-06
9764,0.0001184200493562077
9765,3.2446151946335693e-06
9766,1.4168278080111728e-05
9767,0.00010014899059608161
9768,1.6549725166295783e-05
9769,1.196947819733115e-05
9770,3.064261676138415e-05
9771,1.763317027055864e-05
9772,7.063549449832523e-07
9773,3.2446151946335693e-06
9774,1.56237812375348e-05
9775,1.1351891818827818e-05
9776,4.054371514030285e-05
9777,7.548761950666645e-06
9778,5.606493715984668e-06
9779,3.8841059757354795e-05
9780,1.9756906355571455e-05
9781,2.7972345719129013e-05
9782,6.830633588881178e-06
9783,6.879364539130577e-06
9784,5.017119101867898e-05
9785,7.009694715600637e-06
9786,1.9496757374554444e-05
9787,7.682893847554348e-06
9788,3.550170591009911e-05
9789,2.6232464898206492e-05
9790,2.842831207943669e-05
9791,1.634994038941602e-05
9792,4.161169242771564e-05
9793,6.394751258378813e-05
9794,3.550170591009911e-05
9795,2.1106197809912866e-05
9796,5.090491525130026e-06
9797,3.1788965616361516e-05
9798,3.579259214609329e-05
9799,2.5826453593806244e-06
9800,5.574238617669124e-06
9801,4.8062581530261184e-06
9802,9.037310875955778e-06
9803,3.539311530167583e-06
9804,9.252750562936249e-06
9805,5.977473636206564e-06
9806,3.818482648280578e-05
9807,7.383412113819585e-06
9808,7.449902406129431e-06
9809,2.5515775695340235e-05
9810,1.2085578189964074e-05
9811,5.574238617669124e-06
9812,4.750268108589107e-06
9813,7.548761950666645e-06
9814,3.172312495002965e-06
9815,3.172312495002965e-06
9816,8.339856419006043e-06
9817,3.172312495002965e-06
9818,1.529962178010783e-05
9819,8.339856419006043e-06
9820,2.5826453593806244e-06
9821,3.172312495002965e-06
9822,7.124176368197579e-06
9823,1.0991002387294113e-05
9824,1.8581267500807902e-05
9825,4.9889846763987835e-05
9826,3.172312495002965e-06
9827,4.750268108589107e-06
9828,3.172312495002965e-06
9829,4.995117563042747e-06
9830,9.823787234911673e-06
9831,3.2446151946335693e-06
9832,3.309667459598288e-05
9833,4.085803688443996e-06
9834,3.172312495002965e-06
9835,8.35396901245353e-06
9836,2.387542953248399e-05
9837,2.257859274798186e-05
9838,2.0278891203424817e-05
9839,4.589045614981699e-05
9840,1.0857419387940288e-05
9841,1.2547158450459412e-05
9842,2.212503139575054e-05
9843,6.426076672132803e-06
9844,2.279887060561325e-06
9845,6.076666691901281e-06
9846,2.4139773424162623e-05
9847,1.0377534339301461e-05
9848,1.9496757374554444e-05
9849,1.595032209177168e-05
9850,8.278891074482927e-06
9851,3.172312495002965e-06
9852,5.4125129074163475e-05
9853,2.0389030618798876e-05
9854,4.471852908305972e-05
9855,9.360161008768145e-06
9856,2.171238991836809e-05
9857,3.8659350327565843e-07
9858,9.983179633554033e-06
9859,1.1050065501815846e-05
9860,3.6692675793913946e-05
9861,3.745233824687746e-05
9862,1.1988169966819532e-05
9863,3.6854845048586053e-06
9864,3.8659350327565843e-07
9865,3.682437588552389e-06
9866,3.550170591009911e-05
9867,2.0940793139358538e-05
9868,0.00012927450987601296
9869,3.682437588552389e-06
9870,3.903056025989452e-05
9871,1.3706031896906176e-06
9872,1.1663973207448035e-05
9873,3.3768103584713837e-06
9874,6.01501341814787e-05
9875,1.763317027055864e-05
9876,3.080654430191315e-05
9877,1.1837595950026183e-06
9878,2.6232464898206492e-05
9879,3.309667459598288e-05
9880,1.1050065501815846e-05
9881,6.659440181795481e-05
9882,3.385246361375856e-05
9883,9.753306518785305e-06
9884,2.5341379931947438e-05
9885,3.2956871964294125e-05
9886,1.5402660422554425e-05
9887,8.278891074482927e-06
9888,3.3002804081806606e-08
9889,8.461195848300982e-06
9890,2.279887060561325e-06
9891,1.7998438393495994e-05
9892,2.5341379931947438e-05
9893,4.032184360898317e-06
9894,3.919953362856588e-06
9895,3.543302466457338e-05
9896,3.309667459598288e-05
9897,2.6232464898206492e-05
9898,3.783877585480361e-05
9899,3.194085573009884e-05
9900,6.426076672132803e-06
9901,1.0169209452128884e-05
9902,1.8974895579305917e-05
9903,4.344563232312016e-06
9904,2.7090952015066443e-05
9905,5.094381667434789e-06
9906,1.6685613070036195e-05
9907,1.9666359397104428e-05
9908,1.2734134122950854e-05
9909,8.015396440524703e-05
9910,3.2446151946335693e-06
9911,5.819100281622349e-06
9912,1.1593853286770191e-05
9913,2.5495388051928084e-05
9914,8.518218154287182e-06
9915,2.5352407415485975e-05
9916,1.6268595255204886e-05
9917,7.42599310001043e-07
9918,3.5138045007016863e-06
9919,1.634994038941602e-05
9920,2.350153789067077e-06
9921,3.5138045007016863e-06
9922,1.8974895579305917e-05
9923,6.649177504595206e-06
9924,3.172312495002965e-06
9925,6.784292077741517e-06
9926,4.88001542070682e-06
9927,5.516587598239083e-06
9928,1.0746372353168317e-05
9929,8.623907287242201e-08
9930,1.876974011073491e-05
9931,7.016287745516977e-06
9932,8.244613255882126e-06
9933,5.46746317790583e-06
9934,1.5217656917777877e-05
9935,1.6894602605992524e-06
9936,3.0124750901375535e-05
9937,9.753306518785305e-06
9938,1.3026461063621571e-05
9939,3.244943259852425e-06
9940,8.069640355834237e-07
9941,4.0497839162489106e-05
9942,3.7521152634236e-05
9943,1.1152414258539597e-05
9944,5.900895157352535e-06
9945,2.212503139575054e-05
9946,1.5414893463325384e-05
9947,3.2446151946335693e-06
9948,2.04595324493592e-05
9949,4.9214941622170996e-05
9950,0.0004033323289111778
9951,1.398545076197968e-05
9952,2.4199374356353516e-06
9953,2.2324974131249506e-05
9954,2.3919192275125884e-05
9955,9.037310875955778e-06
9956,1.1644992356732589e-05
9957,1.6268595255204886e-05
9958,2.5457024326321722e-05
9959,1.4548901199461954e-05
9960,4.234127563326326e-05
9961,3.550170591009911e-05
9962,1.8974895579305917e-05
9963,3.543302466457338e-05
9964,2.1258019776055202e-05
9965,7.89755808065313e-06
9966,1.4947297656023093e-05
9967,3.3334057599760894e-06
9968,4.229496115938059e-05
9969,7.28407120273877e-07
9970,3.412804190167035e-05
9971,7.563557852451471e-05
9972,1.2752228797459337e-05
9973,1.4395214338450827e-05
9974,7.04087630940213e-06
9975,5.45127994303658e-06
9976,1.6685613070036195e-05
9977,6.0517276086091855e-06
9978,8.714326330362438e-06
9979,4.035362184388446e-06
9980,1.1743900489535227e-05
9981,1.4179314817945976e-05
9982,6.8012151300323124e-06
9983,1.6778098339098316e-05
9984,2.5784703932905597e-05
9985,2.3047830187414322e-05
9986,1.9971688459737037e-05
9987,1.8805946600225752e-05
9988,1.1644992356732589e-05
9989,1.8460090098661703e-06
9990,1.1995280057508101e-05
9991,2.212503139575054e-05
9992,1.763317027055864e-05
9993,1.6495205372277616e-05
9994,9.844233795786024e-06
9995,1.09231490319743e-05
9996,9.318008668577259e-06
9997,4.054310305903166e-05
9998,1.969500015287302e-05
9999,5.509607098696422e-06
10000,1.787198627966038e-05
10001,1.1187858695687232e-05
10002,3.2445422920513604e-05
10003,2.5515775695340235e-05
10004,2.6799465940757194e-05
10005,7.016287745516977e-06
10006,2.5108139073124444e-05
10007,0.00010330823374948039
10008,2.6232464898206492e-05
10009,5.661419413386359e-06
10010,2.9320528483521212e-06
10011,5.509607098696422e-06
10012,1.0857419387940288e-05
10013,2.051228209882086e-05
10014,2.1744228134562504e-06
10015,7.58656642477928e-05
10016,2.07697428397212e-05
10017,9.360161008768145e-06
10018,9.74986566672189e-06
10019,2.785041548221168e-05
10020,9.753306518785305e-06
10021,1.4515881844721867e-06
10022,6.9763925007491356e-06
10023,1.5337066680550214e-06
10024,3.54898591020141e-06
10025,1.634994038941602e-05
10026,1.0223882808417082e-05
10027,7.04087630940213e-06
10028,1.1836670161158395e-05
10029,2.6232464898206492e-05
10030,4.331090976725245e-05
10031,0.00016216631161408313
10032,2.7471378098867538e-05
10033,3.085142068328405e-05
10034,3.172312495002965e-06
10035,2.1083274392483527e-07
10036,2.970325875375545e-06
10037,1.3004067900267795e-05
10038,9.844233795786024e-06
10039,6.03146442030491e-06
10040,3.5924094361989424e-05
10041,3.448154569515423e-05
10042,9.360161008768145e-06
10043,4.170085057168363e-06
10044,4.373458287193397e-07
10045,6.632624483857994e-06
10046,1.4306934671683392e-06
10047,3.244943259852425e-06
10048,1.2504365465339304e-05
10049,6.65968826910499e-06
10050,1.5693750809479076e-05
10051,5.472916298355091e-05
10052,3.6854845048586053e-06
10053,1.0952789725319169e-05
10054,3.5606009976195343e-05
10055,2.0032377977968407e-05
10056,1.617182182341242e-05
10057,2.6504725639476515e-05
10058,3.309667459598288e-05
10059,2.6232464898206492e-05
10060,3.886874601569726e-05
10061,4.200484154866769e-06
10062,1.9546854292914827e-05
10063,1.0377534339301461e-05
10064,1.2502128903267543e-05
10065,1.6723997866334754e-05
10066,3.543302466457338e-05
10067,1.0313207022366888e-05
10068,4.6817043422659785e-05
10069,4.331090976725245e-05
10070,1.0750650353866867e-05
10071,1.1644992356732589e-05
10072,6.660113175588203e-06
10073,9.883460640919919e-06
10074,3.080654430191315e-05
10075,3.353402042470222e-05
10076,1.4782810473594473e-05
10077,4.7796544046224305e-05
10078,6.879364539130577e-06
10079,3.349723721723166e-05
10080,5.638264639183681e-05
10081,2.866706163374872e-05
10082,2.3147390505172322e-06
10083,3.70448303394345e-05
10084,7.449902406129431e-06
10085,9.515108067451576e-06
10086,8.79219889454674e-06
10087,2.0231258384286043e-05
10088,6.751962653844218e-05
10089,5.180233250655122e-05
10090,4.5642877980907465e-06
10091,5.819100281622349e-06
10092,3.8715501240222665e-05
10093,5.388611035187178e-05
10094,2.6504725639476515e-05
10095,5.388611035187178e-05
10096,1.1152414258539597e-05
10097,1.9971688459737037e-05
10098,7.449902406129431e-06
10099,1.0341492697675664e-05
10100,2.7090952015066443e-05
10101,1.0341492697675664e-05
10102,1.5295836882807518e-05
10103,3.550170591009911e-05
10104,3.943916441882302e-05
10105,7.42599310001043e-07
10106,5.255304396475011e-07
10107,4.028634372856666e-05
10108,2.9658433015577584e-05
10109,5.171263921999344e-05
10110,1.7256637679571568e-06
10111,2.0549076217869553e-05
10112,3.6854845048586053e-06
10113,5.574238617669124e-06
10114,3.727382220091563e-06
10115,3.646874802707865e-06
10116,1.56237812375348e-05
10117,4.807632222904557e-06
10118,7.548761950666645e-06
10119,2.767691883844998e-05
10120,1.6549725166295783e-05
10121,1.5796790094208438e-05
10122,3.0973611924560803e-05
10123,3.172312495002965e-06
10124,4.2251594073368975e-05
10125,2.0549076217869553e-05
10126,1.1050065501815846e-05
10127,1.6685613070036195e-05
10128,1.1050065501815846e-05
10129,3.543302466457338e-05
10130,3.926828147199314e-05
10131,1.711751513265184e-05
10132,6.533037179739474e-06
10133,5.606493715984668e-06
10134,2.4662631681292474e-05
10135,5.562806857776379e-05
10136,1.8024136615215226e-05
10137,9.844233795786024e-06
10138,3.889663216446158e-06
10139,5.606493715984668e-06
10140,5.733999244647437e-06
10141,2.6232464898206492e-05
10142,3.172312495002965e-06
10143,3.8286912444970416e-05
10144,3.954508836709437e-05
10145,1.997239349144412e-08
10146,4.919984748950554e-05
10147,7.04087630940213e-06
10148,6.610531226102005e-05
10149,1.0754660573650312e-05
10150,9.883460640919919e-06
10151,2.6232464898206492e-05
10152,1.3160600112368369e-06
10153,6.182917342235427e-06
10154,2.0041682360560576e-05
10155,1.8321994875649893e-05
10156,1.2085578189964074e-05
10157,1.2547158450459412e-05
10158,1.4356225117765506e-05
10159,1.1445049771455828e-05
10160,6.254636139933383e-05
10161,9.585825207823223e-07
10162,2.8638297407765024e-05
10163,1.5768015778516462e-05
10164,5.729396405193655e-06
10165,4.7750269302292355e-05
10166,1.4782810473594473e-05
10167,6.9763925007491356e-06
10168,9.903911426043947e-06
10169,2.0167755210234932e-06
10170,1.9237700870458765e-05
10171,1.2559014505728757e-05
10172,7.1674002833495074e-06
10173,3.512508216701043e-05
10174,1.3530675008421058e-05
10175,5.46746317790583e-06
10176,2.7090952015066443e-05
10177,1.1836670161158395e-05
10178,2.2191422124624146e-05
10179,4.739205207123671e-06
10180,1.1050065501815846e-05
10181,1.8024136615215226e-05
10182,1.1863193057143497e-05
10183,5.469079616141989e-07
10184,4.7641157993465865e-06
10185,1.1918676508060773e-05
10186,3.354153459986863e-06
10187,1.6549725166295783e-05
10188,2.072621582391635e-05
10189,3.543302466457338e-05
10190,5.213400978016001e-05
10191,9.502394115977423e-05
10192,1.0332946556311193e-07
10193,7.449902406129431e-06
10194,3.5517004061818853e-06
10195,7.42599310001043e-07
10196,7.449902406129431e-06
10197,1.3264221031090434e-05
10198,1.2859874348402628e-06
10199,2.324106206228486e-05
10200,2.1744228134562504e-06
10201,4.681639050175399e-05
10202,6.40919635673922e-05
10203,2.307917306063572e-05
10204,1.5110544139588908e-05
10205,5.255304396475011e-07
10206,7.335864176706211e-05
10207,2.848262057657306e-06
10208,9.327322292990302e-06
10209,2.691058366893191e-05
10210,3.539311530167583e-06
10211,3.2445422920513604e-05
10212,2.4738802147141678e-05
10213,5.167543924003077e-06
10214,5.469079616141989e-07
10215,0.0003012008080546713
10216,8.182505895492985e-06
10217,1.3530675008421058e-05
10218,1.6723997866334754e-05
10219,1.0857419387940288e-05
10220,6.076666691901281e-06
10221,6.082023622827154e-05
10222,7.009694715600637e-06
10223,5.026800438822624e-05
10224,7.34086530016428e-06
10225,3.727382220091563e-06
10226,1.2109583648756465e-05
10227,1.092057938326124e-06
10228,1.5623712047274186e-05
10229,3.665425943419378e-06
10230,7.135582024188823e-06
10231,3.727382220091563e-06
10232,1.6709694019828036e-05
10233,1.6709694019828036e-05
10234,3.554986798051652e-05
10235,0.00014722332276317741
10236,7.12942980561924e-05
10237,7.476998738209224e-05
10238,5.1353859661957215e-05
10239,3.926828147199314e-05
10240,4.496647434593277e-06
10241,3.550170591009911e-05
10242,3.469366074650748e-05
10243,2.3860957742741975e-05
10244,3.563512639334722e-05
10245,2.233190065385766e-06
10246,1.374569692416358e-05
10247,3.489693626393209e-06
10248,2.7752393604832932e-05
10249,2.39372234713232e-05
10250,1.6723997866334754e-05
10251,3.543302466457338e-05
10252,6.076666691901281e-06
10253,3.2445422920513604e-05
10254,1.6723997866334754e-05
10255,1.432991736039496e-05
10256,1.66801693039325e-05
10257,2.8638297407765024e-05
10258,1.1918676508060773e-05
10259,2.39372234713232e-05
10260,6.918042387662285e-06
10261,2.1744228134562504e-06
10262,3.9138679880512834e-05
10263,2.1744228134562504e-06
10264,3.6954725355878477e-06
10265,1.0948484236713208e-05
10266,7.325903801898597e-06
10267,3.05296517498408e-05
10268,9.318008668577259e-06
10269,5.574238617669124e-06
10270,1.1106870906897075e-05
10271,1.1863193057143497e-05
10272,6.721298405204375e-06
10273,8.28663599998875e-06
10274,9.318008668577259e-06
10275,2.1747521375337708e-06
10276,6.632624483857994e-06
10277,5.76498409903974e-05
10278,7.89755808065313e-06
10279,5.6112676785690825e-05
10280,1.6709694019828036e-05
10281,1.3275898473646204e-08
10282,1.2668639946208822e-05
10283,3.0088186159035802e-05
10284,9.903911426043947e-06
10285,5.469711135728868e-06
10286,4.587018369256587e-05
10287,7.548761950666645e-06
10288,4.646086757607567e-06
10289,1.0341492697675664e-05
10290,1.0952789725319169e-05
10291,1.128061277732567e-05
10292,1.3130183076319016e-06
10293,2.7471378098867538e-05
10294,8.710795972996155e-06
10295,5.669863303675035e-05
10296,4.200484154866769e-06
10297,7.072924066519659e-07
10298,8.79219889454674e-06
10299,1.0332946556311193e-07
10300,3.543302466457338e-05
10301,5.377591186363026e-06
10302,5.094381667434789e-06
10303,1.0952789725319169e-05
10304,2.5345955738682367e-05
10305,1.2105987869083227e-05
10306,6.784292077741517e-06
10307,1.1836670161158395e-05
10308,1.737039905029174e-06
10309,7.019676581212095e-07
10310,1.1918676508060773e-05
10311,2.6232464898206492e-05
10312,1.2013322342028058e-05
10313,1.8806259176824244e-05
10314,4.470987226450658e-05
10315,5.977473636206564e-06
10316,2.279887060561325e-06
10317,1.8024136615215226e-05
10318,2.1154844585677428e-05
10319,3.0495527855264824e-06
10320,4.7641157993465865e-06
10321,2.4139773424162623e-05
10322,1.5217656917777877e-05
10323,1.4571977729669638e-05
10324,2.324106206228486e-05
10325,5.900895157352535e-06
10326,2.9896175264004988e-06
10327,4.3530725578001814e-05
10328,3.153846166276133e-05
10329,2.4199374356353516e-06
10330,4.545762176800581e-06
10331,7.929458567503428e-05
10332,2.1678880322795934e-05
10333,5.090491525130026e-06
10334,4.5282178075710886e-05
10335,6.794712883061273e-05
10336,8.35396901245353e-06
10337,1.3409376265318766e-05
10338,5.799588233115551e-06
10339,2.7367394188848447e-05
10340,3.339179810838402e-07
10341,1.9125058776324357e-05
10342,2.8122888056417614e-05
10343,4.739205207123671e-06
10344,3.429499089725316e-05
10345,5.9117501360328634e-06
10346,6.115777068064974e-06
10347,6.77801328557527e-06
10348,2.763295902925167e-05
10349,3.146064030269686e-05
10350,4.064586307329517e-05
10351,1.0419316881349636e-05
10352,1.5217656917777877e-05
10353,1.4571977729669638e-05
10354,3.579259214609329e-05
10355,2.257859274798186e-05
10356,7.009694715600637e-06
10357,1.5217656917777877e-05
10358,8.137564451293906e-06
10359,7.04087630940213e-06
10360,1.0169209452128884e-05
10361,8.18763536864292e-06
10362,2.691058366893191e-05
10363,4.5642877980907465e-06
10364,2.6232464898206492e-05
10365,1.1050065501815846e-05
10366,7.309234041166485e-05
10367,2.1889635175949354e-05
10368,2.3753496190316385e-05
10369,3.543302466457338e-05
10370,1.6723997866334754e-05
10371,3.903056025989452e-05
10372,2.834078365345221e-06
10373,1.2508986890623746e-06
10374,9.273329360391642e-06
10375,2.6184604585501326e-06
10376,2.569745318314875e-05
10377,2.034456061555826e-05
10378,2.7149084543122447e-06
10379,9.983179633554033e-06
10380,2.629530764480067e-05
10381,4.7641157993465865e-06
10382,5.606493715984668e-06
10383,1.0416189543517678e-05
10384,9.802835711729158e-07
10385,7.04087630940213e-06
10386,1.1676394396410102e-05
10387,1.1676394396410102e-05
10388,1.0169209452128884e-05
10389,3.3002804081806606e-08
10390,2.660217967027748e-05
10391,7.04087630940213e-06
10392,1.4027354394394078e-05
10393,4.816207041740651e-08
10394,1.0857419387940288e-05
10395,4.243025169600808e-05
10396,4.560784389598212e-07
10397,7.936428294349552e-06
10398,1.7207844604559312e-05
10399,1.8538364677761307e-05
10400,1.0750650353866867e-05
10401,2.0940793139358538e-05
10402,1.6723997866334754e-05
10403,8.058595813874896e-07
10404,7.610926042252592e-05
10405,1.838157437195713e-05
10406,1.2569710443649203e-05
10407,5.090491525130026e-06
10408,4.344563232312016e-06
10409,4.207408501786292e-06
10410,2.8836667373714444e-05
10411,1.8024136615215226e-05
10412,1.6452166147152925e-05
10413,5.119913791204008e-06
10414,2.590536458695729e-06
10415,1.6723997866334754e-05
10416,1.0169209452128884e-05
10417,9.753306518785305e-06
10418,1.312186006600996e-05
10419,7.795624630076884e-06
10420,4.331090976725245e-05
10421,6.181092978368984e-05
10422,7.009694715600637e-06
10423,2.1301840545742355e-05
10424,1.567964616032283e-06
10425,6.589552189728345e-06
10426,7.802880237795365e-06
10427,1.0750650353866867e-05
10428,2.9414532597051834e-06
10429,2.4749130238164413e-05
10430,1.6723997866334754e-05
10431,1.9546854292914827e-05
10432,3.2445422920513604e-05
10433,5.46746317790583e-06
10434,1.419003048345428e-06
10435,4.00234823086672e-05
10436,1.6723997866334754e-05
10437,1.1918676508060773e-05
10438,2.7090952015066443e-05
10439,6.7349596039378535e-06
10440,9.883460640919919e-06
10441,1.8538364677761307e-05
10442,2.970325875375545e-06
10443,2.2452821402933614e-05
10444,5.020948492982558e-06
10445,5.020948492982558e-06
10446,1.811354175366345e-05
10447,2.9375701076333617e-05
10448,6.115791664794248e-05
10449,1.5462754272636223e-06
10450,8.35396901245353e-06
10451,8.577436867846635e-05
10452,7.643284340167901e-06
10453,3.309667459598288e-05
10454,2.8223148110554146e-05
10455,1.8538364677761307e-05
10456,1.1445049771455828e-05
10457,1.1187858695687232e-05
10458,3.2446151946335693e-06
10459,1.0169209452128884e-05
10460,1.5462754272636223e-06
10461,5.606493715984668e-06
10462,2.7854596861199544e-05
10463,0.00017097185898144968
10464,5.900895157352535e-06
10465,5.469711135728868e-06
10466,1.1644992356732589e-05
10467,1.3160600112368369e-06
10468,9.360161008768145e-06
10469,1.0342324493586855e-06
10470,1.0416189543517678e-05
10471,1.66801693039325e-05
10472,6.86058440739252e-05
10473,3.481718533508987e-05
10474,6.7349596039378535e-06
10475,1.3541437360323454e-05
10476,5.090491525130026e-06
10477,3.3334057599760894e-06
10478,3.2446151946335693e-06
10479,0.00043516789940398155
10480,1.1050065501815846e-05
10481,1.2752228797459337e-05
10482,1.0377534339301461e-05
10483,1.2367586921859152e-07
10484,2.4139773424162623e-05
10485,1.1644992356732589e-05
10486,2.124438723017059e-06
10487,7.89755808065313e-06
10488,7.393679681782657e-07
10489,3.2445422920513604e-05
10490,1.6723997866334754e-05
10491,2.9429745159228694e-07
10492,2.8638297407765024e-05
10493,2.5457024326321722e-05
10494,3.309667459598288e-05
10495,1.01543399723174e-05
10496,7.42599310001043e-07
10497,7.548761950666645e-06
10498,1.1187858695687232e-05
10499,1.1668668853090769e-05
10500,6.9394427988923505e-06
10501,1.3073514415799466e-05
10502,1.983676114667277e-05
10503,9.983179633554033e-06
10504,6.9394427988923505e-06
10505,2.619417418520204e-05
10506,3.153846166276133e-05
10507,2.7745157078987607e-05
10508,1.4507022011684647e-05
10509,1.3409376265318766e-05
10510,1.398545076197968e-05
10511,4.2052022463226324e-05
10512,2.6232464898206492e-05
10513,7.548761950666645e-06
10514,9.753306518785305e-06
10515,9.239391415410769e-06
10516,3.903056025989452e-05
10517,1.6778098339098316e-05
10518,9.351981496536039e-06
10519,2.6232464898206492e-05
10520,0.0001767090892853629
10521,1.6685613070036195e-05
10522,1.1050065501815846e-05
10523,9.407063067183733e-05
10524,2.212503139575054e-05
10525,3.595630018882933e-05
10526,5.97244131638451e-07
10527,1.1050065501815846e-05
10528,1.1050065501815846e-05
10529,3.678081659200565e-05
10530,2.9856310738822924e-05
10531,2.8814771136448644e-05
10532,8.865359047952257e-06
10533,3.5517004061818853e-06
10534,1.6709694019828036e-05
10535,9.919786681163563e-06
10536,1.6723997866334754e-05
10537,5.659867290427026e-06
10538,1.60280005887528e-06
10539,1.0416189543517678e-05
10540,6.076666691901281e-06
10541,1.2502128903267543e-05
10542,8.28663599998875e-06
10543,3.3334057599760894e-06
10544,8.865359047952257e-06
10545,2.5409458264529133e-06
10546,6.076666691901281e-06
10547,7.1063867990134775e-06
10548,7.04087630940213e-06
10549,3.567289358800989e-06
10550,1.8024136615215226e-05
10551,2.6366617112429715e-05
10552,3.3768103584713837e-06
10553,9.844233795786024e-06
10554,5.751995000299135e-05
10555,9.360161008768145e-06
10556,5.574238617669124e-06
10557,2.0940793139358538e-05
10558,1.0026530187256368e-06
10559,5.138653595547432e-06
10560,9.903911426043947e-06
10561,2.633215052308214e-05
10562,1.983676114667277e-05
10563,5.574238617669124e-06
10564,2.8223148110554146e-05
10565,5.306868214407795e-07
10566,2.171238991836809e-05
10567,3.350718062331357e-05
10568,2.970325875375545e-06
10569,1.7207844604559312e-05
10570,4.517264451286071e-06
10571,7.800535464882456e-06
10572,2.214729960571749e-05
10573,9.366906566485347e-07
10574,2.39372234713232e-05
10575,9.983179633554033e-06
10576,9.318008668577259e-06
10577,1.2013322342028058e-05
10578,1.2857782005483696e-05
10579,3.2021007702808205e-06
10580,2.8638297407765024e-05
10581,3.4440072848508773e-06
10582,3.919953362856588e-06
10583,4.436458860913968e-05
10584,1.812264325998655e-05
10585,4.8062581530261184e-06
10586,1.1657463000347894e-05
10587,6.094630448141416e-06
10588,2.569745318314875e-05
10589,5.094381667434789e-06
10590,8.35396901245353e-06
10591,2.569745318314875e-05
10592,8.28663599998875e-06
10593,2.259834263729867e-05
10594,1.1050065501815846e-05
10595,5.819100281622349e-06
10596,1.56237812375348e-05
10597,2.4139773424162623e-05
10598,7.32978270058411e-05
10599,3.867119208105382e-06
10600,7.499015165752427e-06
10601,3.1557934506714345e-05
10602,5.094381667434789e-06
10603,3.9575531637024036e-05
10604,1.577955613586142e-06
10605,2.8686640669163455e-05
10606,1.6685613070036195e-05
10607,9.537576131746052e-05
10608,4.983428830864382e-06
10609,6.9394427988923505e-06
10610,2.171238991836809e-05
10611,6.9394427988923505e-06
10612,3.799050191326974e-05
10613,1.1836670161158395e-05
10614,2.6460556623453266e-05
10615,6.0517276086091855e-06
10616,2.4139773424162623e-05
10617,2.5178919391819344e-06
10618,4.445958100117404e-05
10619,1.3073514415799466e-05
10620,2.270282098024166e-06
10621,4.5858065738877606e-05
10622,3.080654430191315e-05
10623,2.7149084543122447e-06
10624,1.577955613586142e-06
10625,1.1398962943092915e-06
10626,6.950369928419836e-07
10627,1.1644992356732589e-05
10628,8.865359047952257e-06
10629,5.259343197053732e-05
10630,2.9611286687676638e-05
10631,1.4548620907436203e-05
10632,2.3841957788260876e-06
10633,7.519317609008332e-05
10634,7.89755808065313e-06
10635,7.398500988640813e-06
10636,3.309667459598288e-05
10637,1.1187858695687232e-05
10638,2.1744228134562504e-06
10639,0.00014443197342759893
10640,3.080654430191315e-05
10641,4.2910286191627946e-05
10642,4.496647434593277e-06
10643,7.993519340531444e-06
10644,5.900895157352535e-06
10645,2.6232464898206492e-05
10646,3.252859130671301e-06
10647,7.548761950666645e-06
10648,1.5300986451373842e-05
10649,1.8403024060620077e-05
10650,1.1439436660058208e-05
10651,1.5462754272636223e-06
10652,2.6232464898206492e-05
10653,1.1152414258539597e-05
10654,1.1644992356732589e-05
10655,1.0331353779356072e-05
10656,2.6232464898206492e-05
10657,6.589552189728345e-06
10658,1.983676114667277e-05
10659,7.1063867990134775e-06
10660,3.2445422920513604e-05
10661,4.816207041740651e-08
10662,2.249111936793878e-05
10663,1.9977029603934174e-05
10664,1.6797119349840586e-06
10665,2.569745318314875e-05
10666,1.369814157940644e-05
10667,1.1863193057143497e-05
10668,1.369814157940644e-05
10669,6.918042387662285e-06
10670,3.579259214609329e-05
10671,2.6232464898206492e-05
10672,7.824346149213654e-06
10673,2.1744228134562504e-06
10674,1.8825913646389278e-05
10675,2.6232464898206492e-05
10676,5.46746317790583e-06
10677,4.715648469132916e-05
10678,2.212503139575054e-05
10679,1.3913685855226386e-05
10680,2.5098335131120705e-06
10681,1.0679981774516916e-05
10682,5.020948492982558e-06
10683,3.0495527855264824e-06
10684,1.474304049612051e-05
10685,1.2451007501704985e-05
10686,1.1997764685598476e-05
10687,4.361463544814087e-07
10688,5.791375776054895e-06
10689,2.3765283885415858e-06
10690,2.763295902925167e-05
10691,9.16577641018437e-06
10692,1.4571977729669638e-05
10693,2.0389030618798876e-05
10694,1.8024136615215226e-05
10695,5.469711135728868e-06
10696,2.127608035902596e-05
10697,1.0341492697675664e-05
10698,5.45127994303658e-06
10699,2.7327653994471755e-05
10700,3.726055405653195e-06
10701,2.171238991836809e-05
10702,5.45127994303658e-06
10703,1.4525491265732647e-05
10704,2.4662631681292474e-05
10705,5.504856020301394e-05
10706,2.6366617112429715e-05
10707,3.3334057599760894e-06
10708,7.226360711145934e-06
10709,2.4100803307116508e-05
10710,2.2077851613907315e-08
10711,3.124840010237662e-05
10712,2.1744228134562504e-06
10713,2.763295902925167e-05
10714,3.494480858131128e-05
10715,5.532802532192813e-05
10716,6.836553548397571e-07
10717,4.223512266542004e-05
10718,1.3770504055067856e-05
10719,3.9376119200308834e-05
10720,7.818827647991067e-05
10721,4.9324026997851556e-05
10722,2.1608646112187092e-05
10723,3.7160634000884236e-06
10724,9.903911426043947e-06
10725,5.094381667434789e-06
10726,7.2214223551860016e-06
10727,3.2445422920513604e-05
10728,9.883460640919919e-06
10729,3.391972767000361e-05
10730,1.6723997866334754e-05
10731,5.574238617669124e-06
10732,4.8822872132851114e-05
10733,3.677236689887333e-05
10734,1.5217656917777877e-05
10735,5.190688658710333e-05
10736,3.7505006564053196e-05
10737,6.187527430052336e-06
10738,2.39372234713232e-05
10739,3.579259214609329e-05
10740,6.77801328557527e-06
10741,2.0457038571064346e-05
10742,4.944873304667805e-05
10743,5.1474281531295356e-05
10744,4.739205207123671e-06
10745,1.1349751154455693e-05
10746,7.89755808065313e-06
10747,5.874221594061904e-06
10748,5.7831619930797935e-05
10749,4.035362184388446e-06
10750,1.3055237459573532e-05
10751,1.2504365465339304e-05
10752,3.185842071101888e-05
10753,2.966713873441766e-05
10754,1.6452166147152925e-05
10755,1.6452166147152925e-05
10756,3.2445422920513604e-05
10757,2.082101493700631e-05
10758,4.7641157993465865e-06
10759,1.587607735487706e-05
10760,7.064761105281768e-05
10761,7.795624630076884e-06
10762,2.6232464898206492e-05
10763,2.5409458264529133e-06
10764,7.019676581212095e-07
10765,2.8638297407765024e-05
10766,3.926828147199314e-05
10767,5.8426963040527694e-05
10768,2.6637684600076863e-05
10769,1.0759658866639317e-05
10770,4.687336814084638e-06
10771,1.6723997866334754e-05
10772,1.2504365465339304e-05
10773,7.009694715600637e-06
10774,6.047390258570638e-06
10775,5.574238617669124e-06
10776,6.589552189728345e-06
10777,3.550170591009911e-05
10778,2.7090952015066443e-05
10779,2.558703604225156e-05
10780,6.34425763788027e-05
10781,2.740908612522993e-05
10782,7.124176368197579e-06
10783,3.1355624430587695e-05
10784,5.7080293608444326e-06
10785,5.469711135728868e-06
10786,4.035362184388446e-06
10787,7.505313940780551e-06
10788,3.929042202959956e-05
10789,3.550170591009911e-05
10790,1.2049530842431626e-05
10791,4.559286947554696e-05
10792,1.2511167855280891e-05
10793,5.090491525130026e-06
10794,2.6232464898206492e-05
10795,4.79476327412885e-06
10796,1.7962221898216986e-05
10797,5.821636477661691e-06
10798,3.579259214609329e-05
10799,1.4515881844721867e-06
10800,1.1668668853090769e-05
10801,6.249110241859464e-06
10802,1.0952789725319169e-05
10803,1.3022408209637327e-05
10804,1.2499106818882815e-05
10805,1.6709694019828036e-05
10806,1.983676114667277e-05
10807,6.976006832924745e-05
10808,4.035362184388446e-06
10809,4.739205207123671e-06
10810,2.212503139575054e-05
10811,3.54898591020141e-06
10812,9.006527703519867e-07
10813,2.5178919391819344e-06
10814,5.900895157352535e-06
10815,7.124176368197579e-06
10816,1.0948484236713208e-05
10817,1.7655121100762674e-05
10818,8.58487116859954e-07
10819,6.807153939081614e-06
10820,1.9977029603934174e-05
10821,4.449939282796524e-05
10822,3.550170591009911e-05
10823,1.8942998186870606e-06
10824,1.260325685298144e-05
10825,9.844233795786024e-06
10826,5.819100281622349e-06
10827,1.5217656917777877e-05
10828,9.74865477770789e-06
10829,4.081953044758512e-06
10830,1.847106690969064e-05
10831,2.3841957788260876e-06
10832,2.7516827690029232e-05
10833,2.569745318314875e-05
10834,6.790657887975816e-05
10835,3.442967318381992e-05
10836,3.3517840892729225e-05
10837,3.2445422920513604e-05
10838,5.241875531581324e-06
10839,5.204559051681119e-05
10840,6.182917342235427e-06
10841,2.8618816576329005e-05
10842,1.1863193057143497e-05
10843,6.7349596039378535e-06
10844,1.1657463000347894e-05
10845,1.8805946600225752e-05
10846,5.469079616141989e-07
10847,7.04087630940213e-06
10848,1.1152414258539597e-05
10849,1.8460090098661703e-06
10850,2.2162308122144074e-05
10851,5.090491525130026e-06
10852,7.449902406129431e-06
10853,1.9081327479201104e-05
10854,3.2119393217522706e-05
10855,7.016287745516977e-06
10856,3.1824931113492304e-05
10857,2.638324172073524e-06
10858,3.309667459598288e-05
10859,1.1187858695687232e-05
10860,3.926828147199314e-05
10861,3.543302466457338e-05
10862,2.1533998994161078e-05
10863,5.874221594061904e-06
10864,5.1125487147633914e-05
10865,1.0991002387294113e-05
10866,2.124438723017059e-06
10867,3.3334057599760894e-06
10868,6.784292077741517e-06
10869,5.509607098696422e-06
10870,3.726055405653195e-06
10871,7.86375023253337e-06
10872,3.57234908280529e-06
10873,9.318008668577259e-06
10874,1.0169830418321303e-05
10875,1.0213215316709365e-05
10876,7.548761950666645e-06
10877,1.8498196931095886e-05
10878,1.6778098339098316e-05
10879,1.6452166147152925e-05
10880,3.645929415243441e-05
10881,1.8581267500807902e-05
10882,2.5341379931947438e-05
10883,5.469079616141989e-07
10884,2.0940793139358538e-05
10885,8.548017629526084e-06
10886,5.469079616141989e-07
10887,7.42599310001043e-07
10888,3.096609344774479e-05
10889,0.00011469686971635963
10890,2.970325875375545e-06
10891,2.2148486700164493e-05
10892,4.807632222904557e-06
10893,4.807632222904557e-06
10894,5.2561529384327414e-06
10895,6.234937843055909e-06
10896,4.521106271797039e-05
10897,6.187527430052336e-06
10898,2.8638297407765024e-05
10899,0.00014838057146284608
10900,9.753306518785305e-06
10901,2.1744228134562504e-06
10902,5.012946269904452e-05
10903,2.324106206228486e-05
10904,5.018297451843411e-05
10905,6.649177504595206e-06
10906,8.779840414085029e-06
10907,3.309667459598288e-05
10908,9.983179633554033e-06
10909,7.42599310001043e-07
10910,1.6723997866334754e-05
10911,1.369814157940644e-05
10912,1.1439436660058208e-05
10913,5.259343197053732e-05
10914,8.865359047952257e-06
10915,9.882125813236932e-06
10916,3.2073470955216925e-05
10917,1.2581422448040681e-05
10918,7.749559105333016e-07
10919,9.912542290172567e-05
10920,6.193499748701765e-06
10921,1.5341973238643723e-06
10922,1.0341492697675664e-05
10923,1.8805946600225752e-05
10924,2.1744228134562504e-06
10925,2.1744228134562504e-06
10926,2.1744228134562504e-06
10927,1.1939520935864292e-06
10928,4.344563232312016e-06
10929,3.172312495002965e-06
10930,2.1744228134562504e-06
10931,1.6187428616428793e-05
10932,6.076666691901281e-06
10933,6.879364539130577e-06
10934,7.749559105333016e-07
10935,4.139861060959332e-05
10936,6.115777068064974e-06
10937,1.0169830418321303e-05
10938,4.807632222904557e-06
10939,5.574238617669124e-06
10940,1.784178363150239e-05
10941,1.1863193057143497e-05
10942,2.3895855388216243e-07
10943,5.109913352583105e-05
10944,8.881973286371031e-06
10945,4.3094266329907455e-06
10946,1.577955613586142e-06
10947,1.42288407137887e-07
10948,6.77404548902501e-05
10949,3.8659350327565843e-07
10950,3.6954725355878477e-06
10951,2.4199374356353516e-06
10952,8.994834815403396e-05
10953,1.2499106818882815e-05
10954,2.0549076217869553e-05
10955,2.542305277579183e-05
10956,3.457546241666303e-06
10957,2.1744228134562504e-06
10958,1.8805946600225752e-05
10959,1.6723997866334754e-05
10960,1.0991002387294113e-05
10961,7.04087630940213e-06
10962,2.6232464898206492e-05
10963,1.1663973207448035e-05
10964,1.8024136615215226e-05
10965,4.7692406739799295e-06
10966,2.1744228134562504e-06
10967,1.1657463000347894e-05
10968,5.819100281622349e-06
10969,2.970325875375545e-06
10970,1.1050065501815846e-05
10971,1.1997764685598476e-05
10972,1.8790181814095803e-05
10973,4.7641157993465865e-06
10974,1.9701531379482796e-06
10975,2.224458335753996e-06
10976,8.196038947293414e-05
10977,2.889334277513483e-05
10978,3.3517840892729225e-05
10979,1.1106870906897075e-05
10980,1.0750650353866867e-05
10981,6.790657887975816e-05
10982,5.606493715984668e-06
10983,7.009694715600637e-06
10984,1.8805946600225752e-05
10985,5.377591186363026e-06
10986,9.305173354433555e-06
10987,4.739205207123671e-06
10988,1.8129085397442568e-05
10989,1.2730670084182247e-05
10990,1.4947297656023093e-05
10991,3.223478423162025e-06
10992,5.45127994303658e-06
10993,2.3293063574538973e-05
10994,5.60732974255746e-06
10995,1.1644992356732589e-05
10996,2.1744228134562504e-06
10997,2.2077851613907315e-08
10998,4.983428830864382e-06
10999,3.9693228209437785e-05
11000,2.3841957788260876e-06
11001,7.65439688810413e-06
11002,3.550170591009911e-05
11003,1.5065050389641347e-05
11004,4.754748103679141e-06
11005,2.472446640117757e-05
11006,1.0332946556311193e-07
11007,1.2547158450459412e-05
11008,3.3768103584713837e-06
11009,5.819100281622349e-06
11010,2.0652268186690417e-05
11011,3.197007371508808e-06
11012,2.517112962302082e-05
11013,1.4427507776095923e-05
11014,1.9546854292914827e-05
11015,7.7712881933026e-06
11016,8.851037022999384e-06
11017,7.1063867990134775e-06
11018,1.8942998186870606e-06
11019,1.2445641855394608e-05
11020,9.360161008768145e-06
11021,3.197479428953265e-05
11022,3.869217156195683e-05
11023,3.094688145761901e-06
11024,1.0679981774516916e-05
11025,1.1050065501815846e-05
11026,1.8567505637338847e-05
11027,1.86379855094247e-05
11028,4.9148804906259785e-05
11029,2.2980839729551533e-05
11030,1.2499106818882815e-05
11031,1.647584230293448e-05
11032,1.398545076197968e-05
11033,6.249110241859464e-06
11034,8.165645272576856e-06
11035,3.919953362856588e-06
11036,2.279887060561325e-06
11037,7.351019792492224e-06
11038,1.1152414258539597e-05
11039,1.0169209452128884e-05
11040,2.8840253664498855e-05
11041,1.8373466828841e-07
11042,2.4308983981655462e-05
11043,4.522946657913822e-05
11044,1.0273732253466651e-05
11045,3.619998332975386e-05
11046,1.0377534339301461e-05
11047,3.824461163360816e-05
11048,2.2186165391800364e-05
11049,1.8805946600225752e-05
11050,1.1187858695687232e-05
11051,1.526698936580078e-05
11052,3.474353925740667e-05
11053,3.047461545331652e-05
11054,1.1050065501815846e-05
11055,3.6854845048586053e-06
11056,8.251762306238922e-05
11057,8.18763536864292e-06
11058,6.193499748701765e-06
11059,8.18763536864292e-06
11060,1.684969398931066e-05
11061,5.105673671184757e-05
11062,1.0754660573650312e-05
11063,6.490178552997004e-06
11064,2.1744228134562504e-06
11065,3.3517840892729225e-05
11066,5.255304396475011e-07
11067,1.369814157940644e-05
11068,1.6778098339098316e-05
11069,4.88001542070682e-06
11070,2.5341379931947438e-05
11071,1.763317027055864e-05
11072,2.7570526547249767e-05
11073,5.22723437316227e-05
11074,1.75856283615666e-05
11075,5.574238617669124e-06
11076,2.557838228476347e-06
11077,1.847106690969064e-05
11078,3.579259214609329e-05
11079,6.784292077741517e-06
11080,1.3745374468659075e-05
11081,1.86188622045068e-05
11082,1.0341492697675664e-05
11083,1.1050065501815846e-05
11084,2.7149084543122447e-06
11085,2.7149084543122447e-06
11086,2.324106206228486e-05
11087,2.1744228134562504e-06
11088,0.0002866215182395579
11089,2.9896175264004988e-06
11090,2.6232464898206492e-05
11091,1.2499106818882815e-05
11092,1.983676114667277e-05
11093,1.1298618288485303e-05
11094,8.865359047952257e-06
11095,5.167543924003077e-06
11096,5.119913791204008e-06
11097,2.5457024326321722e-05
11098,1.0991002387294113e-05
11099,1.763317027055864e-05
11100,3.579259214609329e-05
11101,1.1676394396410102e-05
11102,2.39372234713232e-05
11103,7.795624630076884e-06
11104,1.0213215316709365e-05
11105,3.309667459598288e-05
11106,3.1640275916112384e-06
11107,3.550170591009911e-05
11108,1.6723997866334754e-05
11109,3.2446151946335693e-06
11110,1.0679981774516916e-05
11111,1.557438452679202e-05
11112,4.407094325797385e-05
11113,5.606493715984668e-06
11114,1.0991002387294113e-05
11115,9.318008668577259e-06
11116,3.550170591009911e-05
11117,1.6452166147152925e-05
11118,2.1744228134562504e-06
11119,4.8658302777370335e-05
11120,3.2446151946335693e-06
11121,1.4607919649281706e-05
11122,1.128061277732567e-05
11123,1.3160600112368369e-06
11124,3.550170591009911e-05
11125,1.3275898473646204e-08
11126,1.5110544139588908e-05
11127,1.1503683220025781e-05
11128,7.795624630076884e-06
11129,5.509607098696422e-06
11130,2.862950603150087e-05
11131,2.5457024326321722e-05
11132,1.4179314817945976e-05
11133,3.593989023564611e-05
11134,6.660113175588203e-06
11135,2.1744228134562504e-06
11136,7.86375023253337e-06
11137,3.0434352759797485e-05
11138,7.17503415798815e-05
11139,3.946442858425871e-07
11140,1.8511169811884216e-05
11141,1.6723997866334754e-05
11142,8.772430160406888e-05
11143,1.2969472703692227e-05
11144,2.472446640117757e-05
11145,1.0924115674501308e-05
11146,1.2836019686350701e-05
11147,1.0377534339301461e-05
11148,2.6319758826481655e-05
11149,1.8805946600225752e-05
11150,5.090491525130026e-06
11151,2.57891896342811e-07
11152,1.3510556190963273e-06
11153,2.1587664326035112e-05
11154,1.783334204856849e-06
11155,3.718695251344177e-05
11156,1.6549725166295783e-05
11157,9.189841482806602e-06
11158,6.8012151300323124e-06
11159,2.6232464898206492e-05
11160,5.094381667434789e-06
11161,3.551742868154992e-05
11162,3.667910590881074e-05
11163,5.637976846777472e-06
11164,9.273329360391642e-06
11165,3.969928166415697e-05
11166,6.466167127861589e-06
11167,4.305506070831409e-06
11168,2.279887060561325e-06
11169,3.223478423162025e-06
11170,9.753306518785305e-06
11171,5.74256060132945e-06
11172,4.305506070831409e-06
11173,2.350153789067077e-06
11174,1.1995280057508101e-05
11175,2.7088526775520514e-06
11176,6.660113175588203e-06
11177,4.407094325797385e-05
11178,4.012018805522999e-05
11179,1.452061552415318e-05
11180,5.119913791204008e-06
11181,1.7536733072176136e-05
11182,1.1187858695687232e-05
11183,9.119710574987358e-05
11184,2.557505306778029e-05
11185,9.983179633554033e-06
11186,1.419003048345428e-06
11187,3.2445422920513604e-05
11188,3.550170591009911e-05
11189,8.881973286371031e-06
11190,9.883460640919919e-06
11191,5.806609816803655e-08
11192,2.39372234713232e-05
11193,2.8097158503885515e-05
11194,1.8805946600225752e-05
11195,1.3130183076319016e-06
11196,3.3334057599760894e-06
11197,1.1050065501815846e-05
11198,7.805217374622108e-06
11199,3.579259214609329e-05
11200,1.1918676508060773e-05
11201,1.6797119349840586e-06
11202,1.6723997866334754e-05
11203,1.185654726129916e-05
11204,1.2322569890372169e-05
11205,3.096609344774479e-05
11206,2.395885868717093e-05
11207,1.2508986890623746e-06
11208,9.16577641018437e-06
11209,1.0816912648696365e-05
11210,2.4662631681292474e-05
11211,0.00017514373863950899
11212,8.414194348984525e-09
11213,3.515674607157695e-05
11214,1.8974895579305917e-05
11215,4.88001542070682e-06
11216,6.855460570760981e-06
11217,1.634994038941602e-05
11218,1.7003310126164444e-05
11219,1.0341492697675664e-05
11220,4.120947431804206e-05
11221,1.1637557728337855e-05
11222,3.2445422920513604e-05
11223,1.1875799467932967e-05
11224,2.569745318314875e-05
11225,2.3079566049958632e-05
11226,1.9325423146981137e-05
11227,1.0754660573650312e-05
11228,3.3391968294401246e-06
11229,5.509607098696422e-06
11230,9.352222912638675e-06
11231,6.04968054366963e-06
11232,1.6175221243039778e-05
11233,1.1836670161158395e-05
11234,3.886874601569726e-05
11235,7.89755808065313e-06
11236,5.509607098696422e-06
11237,7.86375023253337e-06
11238,9.327322292990302e-06
11239,1.369814157940644e-05
11240,1.1187858695687232e-05
11241,1.0313207022366888e-05
11242,9.883460640919919e-06
11243,1.838712070131109e-05
11244,3.080654430191315e-05
11245,4.207408501786292e-06
11246,7.89755808065313e-06
11247,5.516587598239083e-06
11248,2.0549076217869553e-05
11249,3.2445422920513604e-05
11250,1.847577907678703e-05
11251,2.763295902925167e-05
11252,3.309667459598288e-05
11253,6.533037179739474e-06
11254,5.469079616141989e-07
11255,6.795297206503943e-05
11256,1.56237812375348e-05
11257,2.1744228134562504e-06
11258,5.549010010872713e-07
11259,6.115777068064974e-06
11260,1.2502128903267543e-05
11261,5.26623736331172e-06
11262,9.802835711729158e-07
11263,7.94494273945074e-06
11264,1.2499106818882815e-05
11265,3.357195381523347e-05
11266,2.3906168048110063e-05
11267,5.791375776054895e-06
11268,6.807153939081614e-06
11269,7.795624630076884e-06
11270,1.2125375942240715e-05
11271,1.8386715657098513e-05
11272,1.0754660573650312e-05
11273,7.139326936626449e-06
11274,6.032727802399924e-06
11275,5.306868214407795e-07
11276,1.4901359538286225e-05
11277,7.476998738209224e-05
11278,6.632624483857994e-06
11279,4.643527958588671e-05
11280,5.574238617669124e-06
11281,1.0331353779356072e-05
11282,4.754748103679141e-06
11283,4.687336814084638e-06
11284,8.851037022999384e-06
11285,2.6232464898206492e-05
11286,2.638324172073524e-06
11287,6.9465162483342705e-06
11288,1.0750650353866867e-05
11289,1.9766402380370655e-05
11290,3.309667459598288e-05
11291,1.398545076197968e-05
11292,0.00020164877811916295
11293,1.09231490319743e-05
11294,6.216246558395697e-06
11295,6.65968826910499e-06
11296,5.080966135614927e-06
11297,1.9977029603934174e-05
11298,1.6723997866334754e-05
11299,6.589552189728345e-06
11300,1.567964616032283e-06
11301,2.9650877933148105e-05
11302,7.795624630076884e-06
11303,4.085985549326954e-06
11304,2.7090952015066443e-05
11305,1.0213215316709365e-05
11306,1.1050065501815846e-05
11307,4.353124116904961e-05
11308,4.6817043422659785e-05
11309,5.5304996418018595e-05
11310,4.085985549326954e-06
11311,1.3558551992383874e-05
11312,5.066824247869157e-06
11313,5.574238617669124e-06
11314,2.569745318314875e-05
11315,1.634994038941602e-05
11316,3.172312495002965e-06
11317,9.88526947235807e-06
11318,5.509607098696422e-06
11319,1.9766402380370655e-05
11320,1.3319960717843243e-06
11321,7.383412113819585e-06
11322,9.594154120435579e-06
11323,5.497934897061366e-05
11324,4.398077317176066e-06
11325,9.351981496536039e-06
11326,1.8460090098661703e-06
11327,1.587607735487706e-05
11328,0.0001542191407849249
11329,1.0331353779356072e-05
11330,6.9394427988923505e-06
11331,1.0377534339301461e-05
11332,7.575718666053638e-06
11333,5.090491525130026e-06
11334,2.763295902925167e-05
11335,2.992611580770034e-05
11336,1.1875799467932967e-05
11337,3.5517004061818853e-06
11338,8.486416061209232e-07
11339,1.2502128903267543e-05
11340,6.836553548397571e-07
11341,5.1699839138381205e-06
11342,2.1145056985208625e-06
11343,1.983676114667277e-05
11344,1.0857419387940288e-05
11345,5.066824247869157e-06
11346,2.171238991836809e-05
11347,3.54898591020141e-06
11348,4.7641157993465865e-06
11349,8.278351111880556e-06
11350,1.6956583952362405e-05
11351,1.9756906355571455e-05
11352,0.00011811258850642463
11353,2.4371944723404067e-05
11354,8.35396901245353e-06
11355,1.9496757374554444e-05
11356,3.550170591009911e-05
11357,1.1676394396410102e-05
11358,8.632232152270172e-06
11359,3.094688145761901e-06
11360,5.1953872057252035e-05
11361,3.163994309481519e-05
11362,3.192560523507745e-05
11363,1.2547158450459412e-05
11364,2.0940793139358538e-05
11365,1.8214502367086287e-05
11366,8.28663599998875e-06
11367,3.699073383855719e-06
11368,4.589045614981699e-05
11369,4.202699300198363e-05
11370,1.0948484236713208e-05
11371,1.1533936377384345e-05
11372,1.0416189543517678e-05
11373,2.3147390505172322e-06
11374,1.8974895579305917e-05
11375,5.726319896952129e-06
11376,4.223512266542004e-05
11377,1.1439436660058208e-05
11378,1.2016300185503001e-05
11379,2.42372724272078e-05
11380,1.6452166147152925e-05
11381,2.0231258384286043e-05
11382,1.950897543364397e-05
11383,1.6723997866334754e-05
11384,8.491704704360493e-06
11385,9.263726349490309e-06
11386,5.574238617669124e-06
11387,7.227686254926452e-06
11388,3.3334057599760894e-06
11389,5.855222805569599e-06
11390,2.1744228134562504e-06
11391,1.6709694019828036e-05
11392,2.172899659165772e-06
11393,1.6549725166295783e-05
11394,6.179444015447542e-05
11395,3.550170591009911e-05
11396,2.9438397126616e-05
11397,6.7349596039378535e-06
11398,2.9985371526548482e-06
11399,4.035362184388446e-06
11400,9.796918072925368e-06
11401,9.318008668577259e-06
11402,1.092057938326124e-06
11403,3.080654430191315e-05
11404,5.819100281622349e-06
11405,3.768473684913745e-05
11406,3.550170591009911e-05
11407,7.89755808065313e-06
11408,2.329534123290461e-05
11409,4.433994353239081e-06
11410,9.16577641018437e-06
11411,1.658495497062072e-05
11412,1.634994038941602e-05
11413,3.094688145761901e-06
11414,1.1836670161158395e-05
11415,7.993519340531444e-06
11416,1.9701531379482796e-06
11417,1.9701531379482796e-06
11418,1.9701531379482796e-06
11419,9.318008668577259e-06
11420,4.431394178563233e-05
11421,1.9701531379482796e-06
11422,1.8024136615215226e-05
11423,7.072924066519659e-07
11424,2.4199374356353516e-06
11425,1.6804341117319938e-05
11426,1.890950961409288e-05
11427,1.9701531379482796e-06
11428,1.0213215316709365e-05
11429,4.6032992819704194e-07
11430,1.2547158450459412e-05
11431,8.923409068108718e-06
11432,1.6797119349840586e-06
11433,2.2191529443199275e-05
11434,5.638264639183681e-05
11435,2.814480122753761e-06
11436,1.8805946600225752e-05
11437,3.5606009976195343e-05
11438,1.4051642297572316e-05
11439,1.1187858695687232e-05
11440,8.215196952460724e-05
11441,2.900439593488112e-05
11442,9.273329360391642e-06
11443,9.931516052581361e-06
11444,7.499015165752427e-06
11445,3.3794562882412964e-05
11446,3.5461693726315654e-06
11447,4.758205572207227e-05
11448,3.457546241666303e-06
11449,3.080654430191315e-05
11450,1.6452166147152925e-05
11451,3.0066358930821615e-05
11452,5.2153683342448836e-05
11453,2.1744228134562504e-06
11454,1.6113677491546702e-05
11455,8.659949602361886e-05
11456,1.6723997866334754e-05
11457,3.93415780562947e-05
11458,1.7256637679571568e-06
11459,2.633398930783819e-05
11460,9.252750562936249e-06
11461,6.193499748701765e-06
11462,1.0750650353866867e-05
11463,2.1744228134562504e-06
11464,1.5217656917777877e-05
11465,7.548761950666645e-06
11466,7.1674002833495074e-06
11467,3.2021007702808205e-06
11468,1.0274166338583712e-05
11469,3.0645959756924124e-05
11470,6.533037179739474e-06
11471,1.4780495544012343e-05
11472,7.124176368197579e-06
11473,0.00015578340821433874
11474,9.16577641018437e-06
11475,4.687336814084638e-06
11476,1.9461460086313095e-05
11477,1.0169830418321303e-05
11478,1.3409376265318766e-05
11479,1.1152414258539597e-05
11480,1.6638248333643028e-06
11481,4.0363958337693707e-05
11482,4.842035380334198e-06
11483,6.918042387662285e-06
11484,9.273329360391642e-06
11485,2.0940793139358538e-05
11486,3.926828147199314e-05
11487,9.640825058192401e-06
11488,1.4571977729669638e-05
11489,4.481318182179645e-05
11490,8.461195848300982e-06
11491,4.721706381822767e-06
11492,2.6232464898206492e-05
11493,1.2752228797459337e-05
11494,3.3391968294401246e-06
11495,5.74256060132945e-06
11496,1.8936221026801777e-06
11497,2.8638297407765024e-05
11498,3.965881140217324e-06
11499,9.753306518785305e-06
11500,1.536507465114561e-05
11501,4.999034193626072e-05
11502,6.426076672132803e-06
11503,6.47964763296422e-06
11504,3.2414007371000354e-05
11505,2.6366617112429715e-05
11506,2.6366617112429715e-05
11507,9.006527703519867e-07
11508,2.6366617112429715e-05
11509,3.371763690492194e-05
11510,2.5378271010512365e-05
11511,2.6366617112429715e-05
11512,3.726055405653195e-06
11513,1.128061277732567e-05
11514,3.886874601569726e-05
11515,5.029250761221413e-07
11516,3.080654430191315e-05
11517,3.3577468101269214e-06
11518,3.194085573009884e-05
11519,3.3517840892729225e-05
11520,1.2547158450459412e-05
11521,1.2752228797459337e-05
11522,3.080654430191315e-05
11523,4.8557900828684785e-06
11524,1.763317027055864e-05
11525,5.001353162260229e-05
11526,1.6549725166295783e-05
11527,2.1135022209280455e-06
11528,0.0001232536162230591
11529,1.3265335765805753e-05
11530,6.419908245659318e-05
11531,1.60280005887528e-06
11532,3.2445422920513604e-05
11533,1.8024136615215226e-05
11534,4.054883656866124e-06
11535,1.9756906355571455e-05
11536,1.9624004691746432e-05
11537,1.1285318256470092e-05
11538,4.8980530673415986e-05
11539,2.3822360588768544e-05
11540,0.00010657581021212631
11541,7.383412113819585e-06
11542,3.2445422920513604e-05
11543,2.1889635175949354e-05
11544,9.273329360391642e-06
11545,2.964523558465838e-05
11546,5.469711135728868e-06
11547,1.6549725166295783e-05
11548,3.857321283308478e-05
11549,1.0377534339301461e-05
11550,8.278351111880556e-06
11551,7.476998738209224e-05
11552,4.791395248311862e-07
11553,1.1910881953536607e-08
11554,8.278891074482927e-06
11555,7.795624630076884e-06
11556,1.0952789725319169e-05
11557,4.715648469132916e-05
11558,6.7349596039378535e-06
11559,8.137564451293906e-06
11560,5.469711135728868e-06
11561,1.1663973207448035e-05
11562,4.081953044758512e-06
11563,2.9429745159228694e-07
11564,4.687336814084638e-06
11565,2.6232464898206492e-05
11566,5.874221594061904e-06
11567,7.009694715600637e-06
11568,2.793779256946552e-05
11569,2.5341379931947438e-05
11570,9.883460640919919e-06
11571,2.6232464898206492e-05
11572,4.6032992819704194e-07
11573,5.167543924003077e-06
11574,4.593337733230668e-06
11575,1.1863193057143497e-05
11576,6.187527430052336e-06
11577,4.816207041740651e-08
11578,1.0377534339301461e-05
11579,1.6452166147152925e-05
11580,2.5341379931947438e-05
11581,9.640825058192401e-06
11582,1.4782810473594473e-05
11583,1.0754660573650312e-05
11584,9.16577641018437e-06
11585,6.65968826910499e-06
11586,6.249110241859464e-06
11587,1.6723997866334754e-05
11588,6.229396957021664e-06
11589,2.212503139575054e-05
11590,2.1744228134562504e-06
11591,1.6797119349840586e-06
11592,2.3124829128856637e-05
11593,4.739205207123671e-06
11594,2.079854819816605e-06
11595,6.7349596039378535e-06
11596,4.739205207123671e-06
11597,1.5597427615731944e-05
11598,1.1187858695687232e-05
11599,6.047390258570638e-06
11600,4.739205207123671e-06
11601,3.816842810740284e-08
11602,3.816842810740284e-08
11603,1.5597427615731944e-05
11604,2.1397015848847498e-05
11605,2.5441661411517968e-05
11606,2.969385578523622e-05
11607,3.207633953588529e-05
11608,3.665425943419378e-06
11609,1.9766402380370655e-05
11610,2.1744228134562504e-06
11611,2.1744228134562504e-06
11612,2.0231258384286043e-05
11613,2.1744228134562504e-06
11614,7.399467048669051e-05
11615,7.124176368197579e-06
11616,1.5334208349073928e-05
11617,1.5095726626325515e-07
11618,2.1744228134562504e-06
11619,1.0976766595274669e-05
11620,6.784292077741517e-06
11621,6.249110241859464e-06
11622,2.0278891203424817e-05
11623,5.020948492982558e-06
11624,3.926828147199314e-05
11625,2.1744228134562504e-06
11626,3.8659350327565843e-07
11627,1.0754660573650312e-05
11628,3.543302466457338e-05
11629,2.0389030618798876e-05
11630,2.1744228134562504e-06
11631,3.6007442170622114e-05
11632,2.6366617112429715e-05
11633,3.886874601569726e-05
11634,2.6366617112429715e-05
11635,3.886874601569726e-05
11636,2.6366617112429715e-05
11637,6.432577034201898e-05
11638,4.6508679848818066e-05
11639,2.6366617112429715e-05
11640,2.6366617112429715e-05
11641,3.886874601569726e-05
11642,6.545764773702377e-05
11643,9.366660034987106e-05
11644,3.551742868154992e-05
11645,2.8638297407765024e-05
11646,1.950897543364397e-05
11647,1.567964616032283e-06
11648,2.0389030618798876e-05
11649,1.56237812375348e-05
11650,1.950897543364397e-05
11651,1.66801693039325e-05
11652,7.309234041166485e-05
11653,1.3501405286671685e-05
11654,2.922732775439191e-05
11655,5.874221594061904e-06
11656,1.711751513265184e-05
11657,1.711751513265184e-05
11658,4.073343261311811e-05
11659,1.3073514415799466e-05
11660,1.4026169766246097e-05
11661,7.351019792492224e-06
11662,1.711751513265184e-05
11663,9.318008668577259e-06
11664,1.2504365465339304e-05
11665,1.9754488051165292e-05
11666,6.0870060132409216e-05
11667,7.135582024188823e-06
11668,6.7349596039378535e-06
11669,4.223512266542004e-05
11670,1.9627187912524503e-05
11671,1.2504365465339304e-05
11672,0.00011987780684976917
11673,7.499015165752427e-06
11674,3.2445422920513604e-05
11675,5.45127994303658e-06
11676,3.4995484833278084e-05
11677,3.3391968294401246e-06
11678,1.2504365465339304e-05
11679,1.2504365465339304e-05
11680,1.950897543364397e-05
11681,7.644702900271535e-06
11682,1.5110544139588908e-05
11683,2.1744228134562504e-06
11684,2.071816290496959e-05
11685,1.7609391079132664e-05
11686,5.094381667434789e-06
11687,2.532564005172083e-05
11688,5.819100281622349e-06
11689,7.1674002833495074e-06
11690,3.433108684263578e-05
11691,4.816207041740651e-08
11692,3.498728897313904e-05
11693,2.3765283885415858e-06
11694,7.548761950666645e-06
11695,1.6723997866334754e-05
11696,6.957548073844731e-05
11697,1.1050065501815846e-05
11698,1.2504365465339304e-05
11699,2.000338063109173e-05
11700,1.2504365465339304e-05
11701,1.2504365465339304e-05
11702,1.2504365465339304e-05
11703,1.618984997019791e-05
11704,4.399004078350629e-05
11705,1.2504365465339304e-05
11706,1.2504365465339304e-05
11707,1.2504365465339304e-05
11708,8.981221596183088e-06
11709,1.806599864351883e-05
11710,3.112543329376113e-05
11711,4.687336814084638e-06
11712,9.753306518785305e-06
11713,1.9496757374554444e-05
11714,7.548761950666645e-06
11715,1.6723997866334754e-05
11716,3.080654430191315e-05
11717,5.0456140167680366e-05
11718,8.935188134618561e-06
11719,8.35396901245353e-06
11720,1.1050065501815846e-05
11721,8.35396901245353e-06
11722,3.080654430191315e-05
11723,1.3594206595617249e-05
11724,1.634994038941602e-05
11725,9.640825058192401e-06
11726,1.1050065501815846e-05
11727,1.6723997866334754e-05
11728,1.1050065501815846e-05
11729,2.6232464898206492e-05
11730,5.236114750762844e-06
11731,8.506270405901654e-05
11732,9.983179633554033e-06
11733,2.3079566049958632e-05
11734,2.2544814965634988e-05
11735,1.1050065501815846e-05
11736,2.1744228134562504e-06
11737,5.0938177160767263e-05
11738,1.2857782005483696e-05
11739,2.6906499630950283e-05
11740,1.1050065501815846e-05
11741,1.6685613070036195e-05
11742,1.9461460086313095e-05
11743,5.776701955397867e-05
11744,1.1050065501815846e-05
11745,3.080654430191315e-05
11746,5.45127994303658e-06
11747,3.6338396511195733e-06
11748,8.052092445206704e-05
11749,4.085985549326954e-06
11750,1.6709694019828036e-05
11751,1.0341492697675664e-05
11752,1.1050065501815846e-05
11753,7.980436115015088e-06
11754,6.337353969492244e-06
11755,7.795624630076884e-06
11756,8.710795972996155e-06
11757,1.1050065501815846e-05
11758,2.1744228134562504e-06
11759,1.1863193057143497e-05
11760,7.795624630076884e-06
11761,7.795624630076884e-06
11762,1.19936596478617e-06
11763,1.955968937964881e-05
11764,2.0389030618798876e-05
11765,0.00010238600317649342
11766,1.6452166147152925e-05
11767,4.721706381822767e-06
11768,3.5138650815867535e-05
11769,1.4796935746218303e-05
11770,7.499015165752427e-06
11771,5.874221594061904e-06
11772,2.1744228134562504e-06
11773,1.6867743870140347e-06
11774,1.56237812375348e-05
11775,1.419003048345428e-06
11776,8.452364503512109e-06
11777,1.4515881844721867e-06
11778,7.353929444195366e-06
11779,1.6685613070036195e-05
11780,1.1644992356732589e-05
11781,1.2508986890623746e-06
11782,1.4179314817945976e-05
11783,4.085985549326954e-06
11784,5.0612250049688016e-05
11785,1.2504365465339304e-05
11786,1.2504365465339304e-05
11787,1.1836670161158395e-05
11788,1.1050065501815846e-05
11789,2.39372234713232e-05
11790,1.1050065501815846e-05
11791,2.8070304857971008e-05
11792,2.07608095790253e-05
11793,4.3365516547162664e-05
11794,1.128061277732567e-05
11795,1.2322569890372169e-05
11796,1.128061277732567e-05
11797,2.5345955738682367e-05
11798,5.306868214407795e-07
11799,3.919953362856588e-06
11800,3.1095001173099195e-05
11801,9.273329360391642e-06
11802,1.6723997866334754e-05
11803,1.128061277732567e-05
11804,1.128061277732567e-05
11805,2.4139773424162623e-05
11806,1.6452166147152925e-05
11807,0.0002454514691247476
11808,1.4406269508056996e-06
11809,6.95709462097379e-06
11810,3.153846166276133e-05
11811,6.95709462097379e-06
11812,9.622365479210942e-06
11813,1.0377534339301461e-05
11814,2.39372234713232e-05
11815,1.9766402380370655e-05
11816,3.698179107377497e-05
11817,3.806293414579964e-05
11818,1.6797119349840586e-06
11819,1.6797119349840586e-06
11820,1.6797119349840586e-06
11821,8.070339702627365e-05
11822,1.0341492697675664e-05
11823,2.1744228134562504e-06
11824,2.1744228134562504e-06
11825,3.2445422920513604e-05
11826,1.66801693039325e-05
11827,1.5560160427350102e-05
11828,1.2504365465339304e-05
11829,1.6709694019828036e-05
11830,4.433994353239081e-06
11831,2.6232464898206492e-05
11832,2.586561146722749e-05
11833,2.0231258384286043e-05
11834,1.2788871892706285e-06
11835,6.249110241859464e-06
11836,9.77699499185846e-06
11837,1.8024136615215226e-05
11838,6.794712883061273e-05
11839,3.309667459598288e-05
11840,3.204515710083472e-05
11841,6.632624483857994e-06
11842,9.006527703519867e-07
11843,1.950897543364397e-05
11844,1.7410893811685548e-05
11845,1.6709694019828036e-05
11846,1.4782810473594473e-05
11847,3.457546241666303e-06
11848,6.784292077741517e-06
11849,1.6709694019828036e-05
11850,1.5217656917777877e-05
11851,5.1699839138381205e-06
11852,1.983676114667277e-05
11853,2.725592152132388e-05
11854,1.6709694019828036e-05
11855,2.1744228134562504e-06
11856,1.4289811960486495e-05
11857,1.0754660573650312e-05
11858,1.8538364677761307e-05
11859,2.1197095847538996e-05
11860,8.623907287242201e-08
11861,6.794712883061273e-05
11862,6.076666691901281e-06
11863,2.8814200697366136e-07
11864,2.1258019776055202e-05
11865,2.1744228134562504e-06
11866,4.7641157993465865e-06
11867,1.0169209452128884e-05
11868,2.1744228134562504e-06
11869,7.383412113819585e-06
11870,4.189961830531277e-07
11871,3.3391968294401246e-06
11872,1.60280005887528e-06
11873,5.874221594061904e-06
11874,7.227686254926452e-06
11875,1.1050065501815846e-05
11876,2.1244457102023247e-05
11877,1.6124673690182643e-06
11878,2.0933526142735768e-05
11879,2.9429745159228694e-07
11880,1.56237812375348e-05
11881,3.3391968294401246e-06
11882,1.3026461063621571e-05
11883,2.5341379931947438e-05
11884,6.604102156649155e-06
11885,3.080654430191315e-05
11886,2.6232464898206492e-05
11887,9.640825058192401e-06
11888,3.3024904747861657e-06
11889,3.550170591009911e-05
11890,1.2547158450459412e-05
11891,1.1863193057143497e-05
11892,1.1050065501815846e-05
11893,5.606493715984668e-06
11894,2.325361006110479e-05
11895,2.4775935546167854e-05
11896,5.0074156750981256e-05
11897,1.2752228797459337e-05
11898,2.8894941648883774e-05
11899,1.2504365465339304e-05
11900,3.2445422920513604e-05
11901,1.1439436660058208e-05
11902,8.886629634601034e-05
11903,2.763295902925167e-05
11904,4.730374625536294e-06
11905,4.207408501786292e-06
11906,3.080654430191315e-05
11907,5.029250761221413e-07
11908,3.726055405653195e-06
11909,4.170914927000391e-05
11910,3.090100039720888e-05
11911,2.913594373915911e-05
11912,9.424998189881839e-06
11913,2.9658433015577584e-05
11914,2.5548744324944307e-05
11915,2.832796561508589e-05
11916,1.5217656917777877e-05
11917,1.6620333300628406e-05
11918,1.401070837462167e-05
11919,2.1135022209280455e-06
11920,1.4284350699898786e-05
11921,2.7209850260935155e-05
11922,2.569745318314875e-05
11923,5.45127994303658e-06
11924,4.373458287193397e-07
11925,3.3112656243192825e-06
11926,1.377546840990069e-05
11927,2.1744228134562504e-06
11928,5.45127994303658e-06
11929,4.739205207123671e-06
11930,8.491704704360493e-06
11931,1.983676114667277e-05
11932,4.506347069754548e-05
11933,2.1744228134562504e-06
11934,1.983676114667277e-05
11935,0.00010844360012618557
11936,7.735978143501772e-06
11937,1.2859160646836952e-05
11938,5.637976846777472e-06
11939,2.763295902925167e-05
11940,1.8805946600225752e-05
11941,1.5300986451373842e-05
11942,1.2502128903267543e-05
11943,1.398545076197968e-05
11944,1.0952789725319169e-05
11945,9.515108067451576e-06
11946,1.8024136615215226e-05
11947,9.753306518785305e-06
11948,1.0341492697675664e-05
11949,6.830633588881178e-06
11950,1.8868111523841994e-06
11951,3.080654430191315e-05
11952,2.212503139575054e-05
11953,3.317039219602782e-05
11954,1.983676114667277e-05
11955,1.6471837375168771e-06
11956,3.534672361307686e-05
11957,1.983676114667277e-05
11958,0.00010729826248934652
11959,2.1744228134562504e-06
11960,3.370055988518762e-05
11961,4.7641157993465865e-06
11962,2.1744228134562504e-06
11963,2.1744228134562504e-06
11964,1.128061277732567e-05
11965,2.1744228134562504e-06
11966,1.6723997866334754e-05
11967,4.496647434593277e-06
11968,9.263726349490309e-06
11969,1.9756906355571455e-05
11970,3.6667477874612385e-05
11971,1.3530675008421058e-05
11972,8.865359047952257e-06
11973,6.229396957021664e-06
11974,1.8024136615215226e-05
11975,1.2547158450459412e-05
11976,1.9971688459737037e-05
11977,9.594154120435579e-06
11978,9.594154120435579e-06
11979,1.6894602605992524e-06
11980,7.016287745516977e-06
11981,1.0857419387940288e-05
11982,1.7998438393495994e-05
11983,6.249110241859464e-06
11984,4.7641157993465865e-06
11985,8.244613255882126e-06
11986,1.0679981774516916e-05
11987,0.00011741184731525834
11988,3.646874802707865e-06
11989,1.9000986066960545e-05
11990,5.874221594061904e-06
11991,4.25982543148096e-05
11992,2.8638297407765024e-05
11993,9.844233795786024e-06
11994,3.646874802707865e-06
11995,3.579259214609329e-05
11996,1.3769421570613145e-05
11997,2.1258019776055202e-05
11998,5.1953872057252035e-05
11999,3.646874802707865e-06
12000,1.3354122746510646e-05
12001,3.646874802707865e-06
12002,5.879412777913162e-05
12003,7.124176368197579e-06
12004,3.646874802707865e-06
12005,2.5826453593806244e-06
12006,0.00010588533889918581
12007,8.339856419006043e-06
12008,1.711751513265184e-05
12009,1.3656663751615575e-05
12010,1.3239239757982497e-05
12011,1.0416189543517678e-05
12012,7.04087630940213e-06
12013,2.8638297407765024e-05
12014,3.646874802707865e-06
12015,5.791375776054895e-06
12016,8.865359047952257e-06
12017,1.1836670161158395e-05
12018,0.00014389651890404814
12019,1.2502128903267543e-05
12020,3.038457152299556e-05
12021,7.1063867990134775e-06
12022,9.318008668577259e-06
12023,8.865359047952257e-06
12024,5.819100281622349e-06
12025,3.175887188320849e-05
12026,3.646874802707865e-06
12027,4.966210136356972e-07
12028,3.646874802707865e-06
12029,3.080654430191315e-05
12030,2.1841639914304756e-05
12031,2.107131933660715e-05
12032,7.227686254926452e-06
12033,3.646874802707865e-06
12034,3.646874802707865e-06
12035,3.646874802707865e-06
12036,2.9320528483521212e-06
12037,1.1663973207448035e-05
12038,1.737039905029174e-06
12039,6.047390258570638e-06
12040,1.7331855086001657e-05
12041,1.0924115674501308e-05
12042,9.762518034422243e-06
12043,1.6247989133588992e-05
12044,6.9763925007491356e-06
12045,9.844233795786024e-06
12046,6.047390258570638e-06
12047,6.784292077741517e-06
12048,3.1848642769375144e-05
12049,1.8936221026801777e-06
12050,1.0313207022366888e-05
12051,2.2279846758546806e-05
12052,7.1674002833495074e-06
12053,8.710795972996155e-06
12054,2.9320528483521212e-06
12055,1.2248267749890956e-05
12056,1.8538364677761307e-05
12057,2.7330563572308044e-05
12058,7.795624630076884e-06
12059,1.5217656917777877e-05
12060,2.9174733769780192e-05
12061,1.0313207022366888e-05
12062,2.1285440858093094e-05
12063,8.168994563561382e-05
12064,1.2752228797459337e-05
12065,1.8538364677761307e-05
12066,4.387974460970874e-05
12067,1.8538364677761307e-05
12068,1.8538364677761307e-05
12069,1.8538364677761307e-05
12070,6.2874994358261164e-06
12071,4.477503527049075e-05
12072,1.8538364677761307e-05
12073,1.8538364677761307e-05
12074,1.8538364677761307e-05
12075,2.212503139575054e-05
12076,5.509607098696422e-06
12077,1.0331353779356072e-05
12078,1.8538364677761307e-05
12079,1.8538364677761307e-05
12080,1.1152414258539597e-05
12081,2.7330563572308044e-05
12082,4.098722732392362e-05
12083,2.1840855152547472e-05
12084,7.548761950666645e-06
12085,3.2021007702808205e-06
12086,1.0313207022366888e-05
12087,2.6232464898206492e-05
12088,4.305506070831409e-06
12089,1.0313207022366888e-05
12090,7.226360711145934e-06
12091,1.8805946600225752e-05
12092,9.622365479210942e-06
12093,3.214045035162978e-05
12094,3.320094982081351e-05
12095,1.1995280057508101e-05
12096,5.296092686471426e-05
12097,1.0313207022366888e-05
12098,2.5515775695340235e-05
12099,3.717643397193217e-05
12100,1.339996171333577e-05
12101,8.710795972996155e-06
12102,1.5597427615731944e-05
12103,4.966210136356972e-07
12104,3.886874601569726e-05
12105,1.4509444111154486e-05
12106,1.0754660573650312e-05
12107,1.2547158450459412e-05
12108,1.3960841667804273e-05
12109,4.4162905202159765e-05
12110,1.0642579125832395e-05
12111,1.2502128903267543e-05
12112,2.5341379931947438e-05
12113,8.137564451293906e-06
12114,1.0313207022366888e-05
12115,1.2857782005483696e-05
12116,3.223478423162025e-06
12117,7.476998738209224e-05
12118,6.61166667575323e-07
12119,7.86375023253337e-06
12120,2.0231258384286043e-05
12121,4.131078196846586e-05
12122,1.2085578189964074e-05
12123,2.0498536050248406e-05
12124,1.2547158450459412e-05
12125,0.00010215964432629429
12126,5.733999244647437e-06
12127,1.0857419387940288e-05
12128,3.54898591020141e-06
12129,6.71090935569397e-08
12130,5.167543924003077e-06
12131,2.5148312983412808e-05
12132,4.816207041740651e-08
12133,3.646874802707865e-06
12134,8.79219889454674e-06
12135,1.5110544139588908e-05
12136,1.5623712047274186e-05
12137,2.6866599389242134e-05
12138,3.080654430191315e-05
12139,5.574238617669124e-06
12140,3.2446151946335693e-06
12141,9.208853200628436e-06
12142,1.1863193057143497e-05
12143,5.469711135728868e-06
12144,1.1997764685598476e-05
12145,1.42288407137887e-07
12146,1.1863193057143497e-05
12147,3.172312495002965e-06
12148,3.080654430191315e-05
12149,1.6867743870140347e-06
12150,5.241875531581324e-06
12151,1.5110544139588908e-05
12152,8.865359047952257e-06
12153,1.658495497062072e-05
12154,1.1657463000347894e-05
12155,7.226360711145934e-06
12156,3.646874802707865e-06
12157,2.3147390505172322e-06
12158,6.047390258570638e-06
12159,5.094381667434789e-06
12160,3.137099850090983e-05
12161,2.889334277513483e-05
12162,1.2547158450459412e-05
12163,4.310147262586575e-05
12164,8.35396901245353e-06
12165,1.835714019710302e-05
12166,3.2446151946335693e-06
12167,8.137564451293906e-06
12168,2.0549076217869553e-05
12169,3.2446151946335693e-06
12170,7.485926624902738e-06
12171,3.2446151946335693e-06
12172,1.2502128903267543e-05
12173,3.2446151946335693e-06
12174,9.640825058192401e-06
12175,5.6734063194408185e-05
12176,3.2446151946335693e-06
12177,6.807153939081614e-06
12178,3.2446151946335693e-06
12179,2.971921562435618e-05
12180,8.461195848300982e-06
12181,3.080654430191315e-05
12182,2.212555152909348e-05
12183,6.047390258570638e-06
12184,3.309667459598288e-05
12185,6.533037179739474e-06
12186,2.594205894735048e-05
12187,1.0754660573650312e-05
12188,2.0389030618798876e-05
12189,1.2504365465339304e-05
12190,9.640825058192401e-06
12191,7.325903801898597e-06
12192,2.0389030618798876e-05
12193,2.3841957788260876e-06
12194,4.496221929152011e-06
12195,9.360161008768145e-06
12196,2.0457038571064346e-05
12197,2.302639513604305e-05
12198,2.5483412286233663e-05
12199,2.0389030618798876e-05
12200,4.589293354368253e-05
12201,2.8686640669163455e-05
12202,1.5110544139588908e-05
12203,6.193499748701765e-06
12204,1.6801512513602894e-05
12205,6.193499748701765e-06
12206,2.1889635175949354e-05
12207,4.531044181113482e-06
12208,5.791375776054895e-06
12209,2.9658433015577584e-05
12210,5.167543924003077e-06
12211,2.4190927010816746e-05
12212,1.1152414258539597e-05
12213,5.167543924003077e-06
12214,1.102911624623662e-05
12215,1.950897543364397e-05
12216,5.167543924003077e-06
12217,9.16577641018437e-06
12218,3.550170591009911e-05
12219,5.167543924003077e-06
12220,9.273329360391642e-06
12221,2.5341379931947438e-05
12222,4.807632222904557e-06
12223,5.167543924003077e-06
12224,8.881973286371031e-06
12225,5.819100281622349e-06
12226,1.7998438393495994e-05
12227,2.0389030618798876e-05
12228,9.360161008768145e-06
12229,4.444318760611208e-05
12230,4.200484154866769e-06
12231,9.108199672143852e-06
12232,5.900895157352535e-06
12233,2.0231258384286043e-05
12234,8.710795972996155e-06
12235,1.0700875383419456e-05
12236,1.0700875383419456e-05
12237,1.6685613070036195e-05
12238,3.309667459598288e-05
12239,1.2013322342028058e-05
12240,8.645725362219405e-05
12241,1.0331353779356072e-05
12242,2.1889635175949354e-05
12243,2.5457024326321722e-05
12244,6.7349596039378535e-06
12245,1.1920712118753727e-05
12246,3.919953362856588e-06
12247,1.1204600872324263e-05
12248,3.3768103584713837e-06
12249,1.6723997866334754e-05
12250,2.0389030618798876e-05
12251,5.066824247869157e-06
12252,5.9117501360328634e-06
12253,2.6366617112429715e-05
12254,3.3334057599760894e-06
12255,1.8805946600225752e-05
12256,4.88001542070682e-06
12257,1.419003048345428e-06
12258,2.889334277513483e-05
12259,2.1889635175949354e-05
12260,1.2279115364674386e-05
12261,1.56237812375348e-05
12262,1.6268595255204886e-05
12263,1.6685613070036195e-05
12264,3.682437588552389e-06
12265,3.926828147199314e-05
12266,1.2502128903267543e-05
12267,1.2013322342028058e-05
12268,3.98796695120821e-06
12269,1.2502128903267543e-05
12270,1.092057938326124e-06
12271,1.5623712047274186e-05
12272,1.0824517366958941e-05
12273,1.1050065501815846e-05
12274,1.0007043994297665e-05
12275,3.664593741986196e-05
12276,6.153175448959328e-05
12277,1.419003048345428e-06
12278,1.1657463000347894e-05
12279,1.0377534339301461e-05
12280,6.807153939081614e-06
12281,1.6685613070036195e-05
12282,3.457546241666303e-06
12283,2.1307483297458105e-05
12284,1.847106690969064e-05
12285,6.632624483857994e-06
12286,3.2446151946335693e-06
12287,2.571717599489152e-05
12288,3.2446151946335693e-06
12289,1.0377534339301461e-05
12290,3.2446151946335693e-06
12291,3.2446151946335693e-06
12292,3.2446151946335693e-06
12293,1.0377534339301461e-05
12294,3.2446151946335693e-06
12295,3.2446151946335693e-06
12296,3.2446151946335693e-06
12297,1.2504365465339304e-05
12298,5.029250761221413e-07
12299,1.3779902594593163e-05
12300,4.807632222904557e-06
12301,1.0518816817563894e-05
12302,3.6606132535028696e-05
12303,6.807153939081614e-06
12304,5.917116457175449e-06
12305,3.172312495002965e-06
12306,4.394964557582805e-05
12307,1.0438274842770595e-05
12308,1.0341492697675664e-05
12309,6.076666691901281e-06
12310,2.3147390505172322e-06
12311,2.9746366451737616e-05
12312,3.845871898006274e-05
12313,1.8054741068791643e-05
12314,2.6232464898206492e-05
12315,2.0231258384286043e-05
12316,6.03146442030491e-06
12317,2.0940793139358538e-05
12318,1.9766402380370655e-05
12319,6.076666691901281e-06
12320,2.6021019309663816e-05
12321,1.0438274842770595e-05
12322,1.2502128903267543e-05
12323,1.2502128903267543e-05
12324,7.89755808065313e-06
12325,6.076666691901281e-06
12326,2.171238991836809e-05
12327,5.090491525130026e-06
12328,4.0363958337693707e-05
12329,6.076666691901281e-06
12330,1.1050065501815846e-05
12331,5.066824247869157e-06
12332,1.5623712047274186e-05
12333,5.469711135728868e-06
12334,8.518218154287182e-06
12335,1.0377534339301461e-05
12336,1.9756906355571455e-05
12337,6.807153939081614e-06
12338,5.094381667434789e-06
12339,1.8868111523841994e-06
12340,1.0377534339301461e-05
12341,2.324106206228486e-05
12342,3.309667459598288e-05
12343,7.65439688810413e-06
12344,1.0416189543517678e-05
12345,5.733999244647437e-06
12346,5.259343197053732e-05
12347,1.3682253017409752e-05
12348,1.9630671394254677e-07
12349,5.900895157352535e-06
12350,3.2446151946335693e-06
12351,1.5300986451373842e-05
12352,2.8683377755634668e-05
12353,3.080654430191315e-05
12354,2.079854819816605e-06
12355,1.09231490319743e-05
12356,6.0812585611422054e-06
12357,4.862221329608501e-05
12358,1.2979789749578732e-05
12359,1.8024136615215226e-05
12360,3.926828147199314e-05
12361,6.03146442030491e-06
12362,8.865359047952257e-06
12363,7.108268848999824e-06
12364,9.318008668577259e-06
12365,1.3779902594593163e-05
12366,1.5197246225802988e-05
12367,7.1674002833495074e-06
12368,1.763317027055864e-05
12369,3.926828147199314e-05
12370,8.137564451293906e-06
12371,3.54898591020141e-06
12372,2.1889635175949354e-05
12373,5.819100281622349e-06
12374,1.2322569890372169e-05
12375,2.6232464898206492e-05
12376,4.807632222904557e-06
12377,0.00013595012191789456
12378,2.0549076217869553e-05
12379,5.819100281622349e-06
12380,1.1152414258539597e-05
12381,2.0389030618798876e-05
12382,2.1889635175949354e-05
12383,7.440745656444873e-05
12384,3.837918783006646e-05
12385,1.186338157532125e-05
12386,7.009694715600637e-06
12387,2.3942804208497165e-05
12388,2.0498244446132687e-05
12389,1.42288407137887e-07
12390,9.273329360391642e-06
12391,9.273329360391642e-06
12392,3.5606009976195343e-05
12393,8.244613255882126e-06
12394,1.9496757374554444e-05
12395,4.054883656866124e-06
12396,7.749559105333016e-07
12397,9.982870031182823e-05
12398,1.3962645858864306e-05
12399,1.2547158450459412e-05
12400,1.9756906355571455e-05
12401,7.325903801898597e-06
12402,0.00011973396437027
12403,7.89755808065313e-06
12404,4.807632222904557e-06
12405,7.548761950666645e-06
12406,3.646874802707865e-06
12407,2.569745318314875e-05
12408,2.0389030618798876e-05
12409,1.0169209452128884e-05
12410,3.550170591009911e-05
12411,1.6804341117319938e-05
12412,1.3073514415799466e-05
12413,2.234684377619111e-05
12414,1.3073514415799466e-05
12415,1.6723997866334754e-05
12416,1.1445049771455828e-05
12417,2.1566564439680247e-05
12418,3.302682555070803e-05
12419,6.715170920369419e-08
12420,1.8538364677761307e-05
12421,1.128061277732567e-05
12422,8.58487116859954e-07
12423,5.819100281622349e-06
12424,6.968368106932211e-06
12425,2.6232464898206492e-05
12426,3.153846166276133e-05
12427,1.8805946600225752e-05
12428,9.903911426043947e-06
12429,7.527872020429317e-05
12430,1.8805946600225752e-05
12431,1.8805946600225752e-05
12432,1.8805946600225752e-05
12433,3.508757374352308e-05
12434,6.234262328422155e-05
12435,2.6232464898206492e-05
12436,4.816207041740651e-08
12437,5.167543924003077e-06
12438,2.2981747433510808e-05
12439,3.2445422920513604e-05
12440,1.4406269508056996e-06
12441,1.2547158450459412e-05
12442,5.4701094604321546e-05
12443,9.318008668577259e-06
12444,8.555326173475618e-05
12445,1.6797119349840586e-06
12446,3.3517840892729225e-05
12447,9.318008668577259e-06
12448,7.505313940780551e-06
12449,1.0976766595274669e-05
12450,3.080654430191315e-05
12451,4.0363958337693707e-05
12452,3.926828147199314e-05
12453,9.640825058192401e-06
12454,7.351019792492224e-06
12455,5.1370726893307925e-06
12456,9.983179633554033e-06
12457,4.9683173949250944e-05
12458,9.360161008768145e-06
12459,4.754748103679141e-06
12460,2.0389030618798876e-05
12461,0.0001693498763241771
12462,2.5768405379989066e-05
12463,5.574238617669124e-06
12464,1.1050065501815846e-05
12465,5.319163833776195e-05
12466,1.0341492697675664e-05
12467,1.128061277732567e-05
12468,5.819100281622349e-06
12469,1.3073514415799466e-05
12470,1.8805946600225752e-05
12471,4.8399745474076324e-05
12472,1.2547158450459412e-05
12473,1.0341492697675664e-05
12474,1.8974895579305917e-05
12475,1.369814157940644e-05
12476,1.6709694019828036e-05
12477,5.874221594061904e-06
12478,5.874221594061904e-06
12479,6.168519045654191e-06
12480,5.874221594061904e-06
12481,6.95709462097379e-06
12482,1.092057938326124e-06
12483,1.369814157940644e-05
12484,1.2504365465339304e-05
12485,3.3391968294401246e-06
12486,5.874221594061904e-06
12487,1.398545076197968e-05
12488,6.784292077741517e-06
12489,9.16577641018437e-06
12490,9.823787234911673e-06
12491,3.926828147199314e-05
12492,5.306868214407795e-07
12493,3.646874802707865e-06
12494,2.212503139575054e-05
12495,1.0679981774516916e-05
12496,2.6232464898206492e-05
12497,1.3073514415799466e-05
12498,2.5345955738682367e-05
12499,9.823787234911673e-06
12500,5.029250761221413e-07
12501,1.9766402380370655e-05
12502,1.9756906355571455e-05
12503,3.5355671766521536e-05
12504,2.6232464898206492e-05
12505,5.819100281622349e-06
12506,2.8629733835137425e-05
12507,2.8638297407765024e-05
12508,7.1063867990134775e-06
12509,3.309667459598288e-05
12510,3.309667459598288e-05
12511,3.54898591020141e-06
12512,9.640825058192401e-06
12513,1.0857419387940288e-05
12514,3.677236689887333e-05
12515,5.039785125405461e-06
12516,8.058595813874896e-07
12517,4.6032992819704194e-07
12518,8.35396901245353e-06
12519,8.35396901245353e-06
12520,1.0952789725319169e-05
12521,4.8948281830987534e-06
12522,1.5623712047274186e-05
12523,5.359455975736333e-06
12524,2.1889635175949354e-05
12525,2.6366617112429715e-05
12526,2.6366617112429715e-05
12527,6.249110241859464e-06
12528,6.8012151300323124e-06
12529,1.4690015598710014e-05
12530,9.77699499185846e-06
12531,1.2502128903267543e-05
12532,2.0576683539933003e-05
12533,2.8694080513005947e-05
12534,8.058595813874896e-07
12535,5.306868214407795e-07
12536,5.3167083436194705e-06
12537,5.778127654208962e-06
12538,3.5606009976195343e-05
12539,7.175241506624174e-05
12540,1.1863193057143497e-05
12541,0.0002410931478210328
12542,1.4827662626650407e-05
12543,2.7007990599396396e-05
12544,3.081109106767631e-05
12545,1.9756906355571455e-05
12546,1.09231490319743e-05
12547,1.8024136615215226e-05
12548,1.1863193057143497e-05
12549,3.353402042470222e-05
12550,3.2445422920513604e-05
12551,7.218513044153808e-05
12552,1.1439436660058208e-05
12553,2.6232464898206492e-05
12554,3.3391968294401246e-06
12555,2.0389030618798876e-05
12556,2.830950648400034e-05
12557,3.543302466457338e-05
12558,2.279887060561325e-06
12559,6.187527430052336e-06
12560,6.187527430052336e-06
12561,6.187527430052336e-06
12562,3.579259214609329e-05
12563,8.518218154287182e-06
12564,1.1863193057143497e-05
12565,6.0517276086091855e-06
12566,1.0682592743159117e-07
12567,1.0991002387294113e-05
12568,1.1657463000347894e-05
12569,1.6317084700870212e-05
12570,4.739205207123671e-06
12571,5.819100281622349e-06
12572,1.1050065501815846e-05
12573,2.5341379931947438e-05
12574,1.9455241676979142e-05
12575,2.124438723017059e-06
12576,2.472446640117757e-05
12577,1.2504365465339304e-05
12578,1.1988169966819532e-05
12579,9.871437000059156e-06
12580,1.5110544139588908e-05
12581,2.8667443349988375e-06
12582,5.606493715984668e-06
12583,1.1863193057143497e-05
12584,3.3988224452894036e-05
12585,2.212503139575054e-05
12586,4.8948281830987534e-06
12587,3.3334057599760894e-06
12588,1.2668639946208822e-05
12589,1.6473460858221552e-05
12590,4.754748103679141e-06
12591,3.543302466457338e-05
12592,2.3841957788260876e-06
12593,1.0754660573650312e-05
12594,1.0274166338583712e-05
12595,6.193499748701765e-06
12596,1.2013322342028058e-05
12597,6.660113175588203e-06
12598,3.3391968294401246e-06
12599,2.0389030618798876e-05
12600,8.518218154287182e-06
12601,1.9756906355571455e-05
12602,3.5606009976195343e-05
12603,1.357636909726148e-06
12604,3.727382220091563e-06
12605,7.499015165752427e-06
12606,2.3841957788260876e-06
12607,3.2446151946335693e-06
12608,3.886874601569726e-05
12609,1.1152414258539597e-05
12610,9.753306518785305e-06
12611,1.8024136615215226e-05
12612,2.7149084543122447e-06
12613,1.8500756511093587e-06
12614,5.029250761221413e-07
12615,2.8483417257409518e-06
12616,2.6366617112429715e-05
12617,1.763317027055864e-05
12618,6.03146442030491e-06
12619,5.977473636206564e-06
12620,3.646874802707865e-06
12621,1.60280005887528e-06
12622,4.754748103679141e-06
12623,7.04087630940213e-06
12624,3.874725167786775e-05
12625,1.6452166147152925e-05
12626,3.438266203082314e-05
12627,3.5606009976195343e-05
12628,2.0389030618798876e-05
12629,1.4509444111154486e-05
12630,4.816207041740651e-08
12631,1.1997764685598476e-05
12632,1.1663973207448035e-05
12633,2.39372234713232e-05
12634,1.0924115674501308e-05
12635,2.6232464898206492e-05
12636,4.6875123074126315e-06
12637,9.273329360391642e-06
12638,1.0763509094312007e-05
12639,3.080654430191315e-05
12640,1.1050065501815846e-05
12641,5.7209888666585564e-05
12642,1.6059882775764516e-05
12643,1.0273732253466651e-05
12644,1.1187858695687232e-05
12645,3.682437588552389e-06
12646,7.124176368197579e-06
12647,1.0332946556311193e-07
12648,5.874221594061904e-06
12649,1.0703807592315925e-06
12650,7.124176368197579e-06
12651,1.8024136615215226e-05
12652,6.56463727413271e-05
12653,3.3334057599760894e-06
12654,1.4406269508056996e-06
12655,1.9496757374554444e-05
12656,4.0063190858350506e-05
12657,4.758563856264241e-06
12658,8.851037022999384e-06
12659,2.1744228134562504e-06
12660,2.5178919391819344e-06
12661,7.1674002833495074e-06
12662,3.550170591009911e-05
12663,2.2977567506047806e-07
12664,2.2977567506047806e-07
12665,5.39693937790813e-07
12666,2.2977567506047806e-07
12667,8.518218154287182e-06
12668,5.39693937790813e-07
12669,5.39693937790813e-07
12670,1.4947297656023093e-05
12671,5.029250761221413e-07
12672,1.1793599166083536e-05
12673,3.5606009976195343e-05
12674,5.74256060132945e-06
12675,9.983179633554033e-06
12676,9.903911426043947e-06
12677,2.4459441767134613e-05
12678,9.41856742490243e-06
12679,9.903911426043947e-06
12680,1.0331353779356072e-05
12681,2.9429745159228694e-07
12682,2.468720265048537e-06
12683,3.54898591020141e-06
12684,1.658495497062072e-05
12685,4.34704589130841e-05
12686,7.04087630940213e-06
12687,1.1037794820304397e-05
12688,2.763295902925167e-05
12689,2.8698340168838036e-05
12690,2.1744228134562504e-06
12691,8.865359047952257e-06
12692,7.206440890938093e-07
12693,2.3424546046613533e-05
12694,6.784292077741517e-06
12695,1.737039905029174e-06
12696,3.926828147199314e-05
12697,2.6366617112429715e-05
12698,1.3530675008421058e-05
12699,2.2977567506047806e-07
12700,1.950897543364397e-05
12701,3.869217156195683e-05
12702,2.9351060476007036e-05
12703,3.726055405653195e-06
12704,1.4947297656023093e-05
12705,3.196557135987845e-05
12706,4.0063190858350506e-05
12707,1.8272434782354366e-05
12708,2.6232464898206492e-05
12709,1.6778098339098316e-05
12710,4.028634372856666e-05
12711,5.020948492982558e-06
12712,1.4306934671683392e-06
12713,2.676885160204584e-05
12714,4.7641157993465865e-06
12715,8.244613255882126e-06
12716,1.2013322342028058e-05
12717,1.1187858695687232e-05
12718,3.748205240669254e-05
12719,2.8638297407765024e-05
12720,2.7088526775520514e-06
12721,7.393679681782657e-07
12722,1.2504365465339304e-05
12723,3.6384885364149834e-06
12724,3.646874802707865e-06
12725,1.1187858695687232e-05
12726,8.881973286371031e-06
12727,8.710795972996155e-06
12728,3.5517004061818853e-06
12729,2.975866059144367e-05
12730,3.2445422920513604e-05
12731,6.235623708772635e-05
12732,2.2977567506047806e-07
12733,8.19590231595249e-05
12734,3.3024904747861657e-06
12735,9.594154120435579e-06
12736,1.1152414258539597e-05
12737,1.6709694019828036e-05
12738,1.5065050389641347e-05
12739,2.1744228134562504e-06
12740,3.2445422920513604e-05
12741,5.731538008422674e-05
12742,7.1063867990134775e-06
12743,1.763317027055864e-05
12744,1.369814157940644e-05
12745,1.8024136615215226e-05
12746,1.8936221026801777e-06
12747,2.2977567506047806e-07
12748,5.819100281622349e-06
12749,1.853705570988195e-05
12750,9.318008668577259e-06
12751,9.24949696876159e-06
12752,1.8194561531808996e-05
12753,9.823787234911673e-06
12754,7.548761950666645e-06
12755,1.1187858695687232e-05
12756,4.715648469132916e-05
12757,2.5178919391819344e-06
12758,1.6709694019828036e-05
12759,5.10233564823014e-05
12760,0.00018858612339409144
12761,1.419003048345428e-06
12762,2.2977567506047806e-07
12763,1.0341492697675664e-05
12764,3.3334057599760894e-06
12765,2.028186680917287e-05
12766,4.739205207123671e-06
12767,2.9317407158261725e-06
12768,1.0047315855937796e-06
12769,6.830633588881178e-06
12770,3.889663216446158e-06
12771,2.5341379931947438e-05
12772,1.2407228576889031e-05
12773,3.926828147199314e-05
12774,3.372659938211961e-05
12775,1.1784024723653693e-05
12776,9.7950553838749e-06
12777,1.1050065501815846e-05
12778,4.200484154866769e-06
12779,7.325903801898597e-06
12780,1.1836670161158395e-05
12781,1.6685613070036195e-05
12782,1.2668639946208822e-05
12783,1.9756906355571455e-05
12784,4.318728061330904e-09
12785,2.5341379931947438e-05
12786,3.080654430191315e-05
12787,2.0389030618798876e-05
12788,2.1744228134562504e-06
12789,3.434290240805453e-05
12790,5.45127994303658e-06
12791,3.3024904747861657e-06
12792,1.1646928621465483e-05
12793,2.0549076217869553e-05
12794,3.3768103584713837e-06
12795,1.1434113166491868e-05
12796,2.257859274798186e-05
12797,3.857321283308478e-05
12798,2.703274858780354e-05
12799,7.009694715600637e-06
12800,2.8629733835137425e-05
12801,3.2445422920513604e-05
12802,1.8024136615215226e-05
12803,2.8638297407765024e-05
12804,9.640825058192401e-06
12805,2.9320528483521212e-06
12806,1.8936221026801777e-06
12807,1.1152414258539597e-05
12808,4.200484154866769e-06
12809,3.726055405653195e-06
12810,3.752397272875659e-05
12811,2.1744228134562504e-06
12812,1.56237812375348e-05
12813,2.6605546155114192e-06
12814,3.309667459598288e-05
12815,9.903911426043947e-06
12816,9.818921970275342e-05
12817,5.574238617669124e-06
12818,4.88001542070682e-06
12819,2.3079566049958632e-05
12820,4.754748103679141e-06
12821,1.6471357550571814e-05
12822,5.469711135728868e-06
12823,1.9756906355571455e-05
12824,1.5623712047274186e-05
12825,5.606493715984668e-06
12826,5.659867290427026e-06
12827,1.6871701979477535e-05
12828,1.3608369069113926e-05
12829,5.821636477661691e-06
12830,4.081953044758512e-06
12831,1.534746048678256e-05
12832,6.143430690026327e-05
12833,1.0411634475215878e-05
12834,4.1947711618982264e-05
12835,9.318008668577259e-06
12836,9.883460640919919e-06
12837,4.88001542070682e-06
12838,1.56237812375348e-05
12839,7.749559105333016e-07
12840,2.472446640117757e-05
12841,1.1644992356732589e-05
12842,2.212503139575054e-05
12843,6.076666691901281e-06
12844,6.394809527926693e-05
12845,1.9766402380370655e-05
12846,5.029250761221413e-07
12847,2.5457024326321722e-05
12848,1.634994038941602e-05
12849,5.821636477661691e-06
12850,1.9977029603934174e-05
12851,3.807248024675827e-05
12852,1.8805946600225752e-05
12853,4.475413759633077e-05
12854,1.419003048345428e-06
12855,1.4338613943696126e-05
12856,2.3177039503785722e-05
12857,4.373458287193397e-07
12858,7.476998738209224e-05
12859,1.0416189543517678e-05
12860,7.1674002833495074e-06
12861,2.838783084420895e-05
12862,1.8805946600225752e-05
12863,2.0443562671787954e-05
12864,5.430765251032486e-05
12865,5.377591186363026e-06
12866,2.1012295879790654e-05
12867,1.0331353779356072e-05
12868,2.212503139575054e-05
12869,1.3629474847298844e-05
12870,5.637976846777472e-06
12871,8.865359047952257e-06
12872,1.3770504055067856e-05
12873,3.252859130671301e-06
12874,1.4947297656023093e-05
12875,4.9716831410061e-07
12876,1.2859160646836952e-05
12877,8.278891074482927e-06
12878,1.128061277732567e-05
12879,4.3077823208957626e-05
12880,1.165816397591964e-06
12881,1.546727816626953e-08
12882,2.544141093801404e-06
12883,1.3629474847298844e-05
12884,6.0812585611422054e-06
12885,0.00010699621244260174
12886,3.682437588552389e-06
12887,3.2446151946335693e-06
12888,1.8974895579305917e-05
12889,2.2977567506047806e-07
12890,3.310858547793641e-05
12891,1.981075314136309e-05
12892,1.1152414258539597e-05
12893,1.6685613070036195e-05
12894,8.865359047952257e-06
12895,6.076666691901281e-06
12896,1.5110544139588908e-05
12897,3.543302466457338e-05
12898,2.4199374356353516e-06
12899,2.638324172073524e-06
12900,8.865359047952257e-06
12901,1.0750650353866867e-05
12902,1.0341492697675664e-05
12903,5.606493715984668e-06
12904,8.865359047952257e-06
12905,6.444292437266785e-05
12906,4.88001542070682e-06
12907,1.2013322342028058e-05
12908,1.1187858695687232e-05
12909,4.2262451006167243e-05
12910,2.7327459594682476e-05
12911,2.544141093801404e-06
12912,8.461195848300982e-06
12913,7.805217374622108e-06
12914,3.6384885364149834e-06
12915,2.5040424360732204e-05
12916,1.2752228797459337e-05
12917,1.1204600872324263e-05
12918,2.5740447782014326e-05
12919,3.309667459598288e-05
12920,2.225543542205285e-05
12921,1.2085578189964074e-05
12922,8.865359047952257e-06
12923,1.128061277732567e-05
12924,6.95709462097379e-06
12925,4.6154491754213094e-05
12926,2.212503139575054e-05
12927,6.076666691901281e-06
12928,3.6667477874612385e-05
12929,5.991680101938115e-05
12930,1.737039905029174e-06
12931,7.1063867990134775e-06
12932,9.273329360391642e-06
12933,1.2859160646836952e-05
12934,1.0638822838998215e-05
12935,5.819100281622349e-06
12936,2.3193142384091184e-05
12937,3.249825029915394e-05
12938,1.6109854581067774e-05
12939,5.090491525130026e-06
12940,1.0419316881349636e-05
12941,6.8012151300323124e-06
12942,4.085803688443996e-06
12943,5.209219082843985e-06
12944,2.5457024326321722e-05
12945,1.3929017890209698e-05
12946,6.249110241859464e-06
12947,1.2752228797459337e-05
12948,1.2668639946208822e-05
12949,2.9658433015577584e-05
12950,3.926828147199314e-05
12951,2.0940793139358538e-05
12952,3.926828147199314e-05
12953,1.2451007501704985e-05
12954,9.823787234911673e-06
12955,1.0916020228859768e-05
12956,3.727382220091563e-06
12957,1.1918676508060773e-05
12958,4.8948281830987534e-06
12959,2.785041548221168e-05
12960,2.9654860686001054e-05
12961,1.5066231066599417e-06
12962,7.692258913811535e-05
12963,1.6858310620186246e-05
12964,9.903911426043947e-06
12965,1.1875799467932967e-05
12966,3.532905615857614e-07
12967,1.0438274842770595e-05
12968,2.0389030618798876e-05
12969,5.962840511478436e-06
12970,1.2451007501704985e-05
12971,6.84267396992714e-07
12972,4.043755051391298e-05
12973,6.830633588881178e-06
12974,1.4567954541434623e-05
12975,8.779840414085029e-06
12976,4.9820672462317636e-05
12977,2.763295902925167e-05
12978,9.16577641018437e-06
12979,6.047390258570638e-06
12980,1.6778098339098316e-05
12981,4.2251594073368975e-05
12982,3.727382220091563e-06
12983,2.1744228134562504e-06
12984,9.753306518785305e-06
12985,1.0341492697675664e-05
12986,2.5341379931947438e-05
12987,8.865359047952257e-06
12988,6.03146442030491e-06
12989,4.455622677490409e-05
12990,3.0514256787900154e-05
12991,6.589552189728345e-06
12992,3.253093075942549e-05
12993,8.278891074482927e-06
12994,5.874221594061904e-06
12995,4.11013539948514e-05
12996,5.874221594061904e-06
12997,1.75856283615666e-05
12998,3.6384885364149834e-06
12999,0.0001465894744957796
13000,6.187527430052336e-06
13001,6.8012151300323124e-06
13002,1.0976766595274669e-05
13003,1.5383518406001088e-05
13004,2.6754594449154416e-05
13005,2.687517363821461e-05
13006,5.377591186363026e-06
13007,2.39372234713232e-05
13008,8.28663599998875e-06
13009,7.124176368197579e-06
13010,5.377591186363026e-06
13011,5.377591186363026e-06
13012,2.889334277513483e-05
13013,1.2013322342028058e-05
13014,9.983179633554033e-06
13015,1.6120333649322246e-05
13016,8.244613255882126e-06
13017,6.95709462097379e-06
13018,4.3357559326842626e-05
13019,2.0389030618798876e-05
13020,3.3002804081806606e-08
13021,4.146945752964598e-06
13022,6.03146442030491e-06
13023,1.419003048345428e-06
13024,0.00010453684336291599
13025,2.0278891203424817e-05
13026,5.981531900235198e-06
13027,3.831220070692776e-06
13028,1.6685613070036195e-05
13029,3.309667459598288e-05
13030,1.787198627966038e-05
13031,1.4146290556399693e-05
13032,4.318728061330904e-09
13033,1.4251162496887397e-05
13034,7.89755808065313e-06
13035,5.5478222357933796e-05
13036,2.0389030618798876e-05
13037,1.1050065501815846e-05
13038,4.189568090497815e-05
13039,9.983179633554033e-06
13040,1.013595112033028e-05
13041,2.171238991836809e-05
13042,5.119913791204008e-06
13043,8.35396901245353e-06
13044,4.496221929152011e-06
13045,9.823787234911673e-06
13046,6.879364539130577e-06
13047,3.550170591009911e-05
13048,2.889334277513483e-05
13049,2.1744228134562504e-06
13050,1.5462754272636223e-06
13051,1.0169209452128884e-05
13052,1.9756906355571455e-05
13053,4.496221929152011e-06
13054,1.1106870906897075e-05
13055,9.903911426043947e-06
13056,6.7349596039378535e-06
13057,3.667449306141018e-05
13058,1.56237812375348e-05
13059,9.360161008768145e-06
13060,9.983179633554033e-06
13061,1.4409361381683242e-05
13062,1.0952789725319169e-05
13063,8.188312567413413e-05
13064,7.682893847554348e-06
13065,2.0389030618798876e-05
13066,1.0274166338583712e-05
13067,9.800427301352461e-05
13068,1.6778098339098316e-05
13069,1.3361580977104268e-05
13070,2.8122888056417614e-05
13071,6.488254803256167e-05
13072,5.167543924003077e-06
13073,2.6232464898206492e-05
13074,2.0549076217869553e-05
13075,1.8271261485169273e-05
13076,1.2547158450459412e-05
13077,7.795624630076884e-06
13078,6.466167127861589e-06
13079,5.5379132852049606e-05
13080,1.0952789725319169e-05
13081,8.710795972996155e-06
13082,1.6685613070036195e-05
13083,2.5515775695340235e-05
13084,5.377591186363026e-06
13085,3.325408669671847e-05
13086,1.3770504055067856e-05
13087,9.360161008768145e-06
13088,3.727382220091563e-06
13089,2.942832515890542e-05
13090,1.9766402380370655e-05
13091,9.883460640919919e-06
13092,5.439382620397657e-07
13093,5.377591186363026e-06
13094,2.5457024326321722e-05
13095,5.819100281622349e-06
13096,4.7692406739799295e-06
13097,4.916942078684836e-05
13098,5.038652918021237e-05
13099,9.736558757118512e-06
13100,2.6232464898206492e-05
13101,6.8012151300323124e-06
13102,8.461195848300982e-06
13103,2.7003299753585342e-05
13104,3.096609344774479e-05
13105,4.739205207123671e-06
13106,7.227686254926452e-06
13107,1.128061277732567e-05
13108,3.5512823101964576e-06
13109,3.919953362856588e-06
13110,4.200484154866769e-06
13111,1.0952789725319169e-05
13112,5.509607098696422e-06
13113,5.377591186363026e-06
13114,5.637976846777472e-06
13115,9.844233795786024e-06
13116,3.543302466457338e-05
13117,9.823787234911673e-06
13118,1.369814157940644e-05
13119,1.1875799467932967e-05
13120,1.763317027055864e-05
13121,1.9766402380370655e-05
13122,1.8565169707944382e-05
13123,1.6723997866334754e-05
13124,4.200484154866769e-06
13125,2.4003889246176545e-05
13126,3.914953700528716e-05
13127,2.5457024326321722e-05
13128,2.0389030618798876e-05
13129,2.1744228134562504e-06
13130,9.95374059264251e-06
13131,2.0549076217869553e-05
13132,2.1744228134562504e-06
13133,8.892737362243828e-06
13134,8.851037022999384e-06
13135,1.398545076197968e-05
13136,1.369814157940644e-05
13137,1.2668639946208822e-05
13138,1.1152414258539597e-05
13139,1.0991002387294113e-05
13140,2.1396666738217784e-05
13141,2.8483417257409518e-06
13142,2.3209498375010505e-05
13143,7.682893847554348e-06
13144,2.212503139575054e-05
13145,1.5623712047274186e-05
13146,8.865359047952257e-06
13147,1.6723997866334754e-05
13148,6.784292077741517e-06
13149,4.446099517620253e-05
13150,1.0746372353168317e-05
13151,2.7471378098867538e-05
13152,6.391459276503222e-05
13153,7.698525158811343e-06
13154,0.00010783349544656168
13155,3.5474473764379764e-05
13156,3.727382220091563e-06
13157,6.65968826910499e-06
13158,4.9716831410061e-07
13159,1.2547158450459412e-05
13160,1.3040206456908124e-05
13161,1.5623712047274186e-05
13162,5.119913791204008e-06
13163,2.0389030618798876e-05
13164,3.3334057599760894e-06
13165,9.622365479210942e-06
13166,0.0001154975641681967
13167,4.035027695994553e-05
13168,2.5457024326321722e-05
13169,6.193499748701765e-06
13170,1.0746372353168317e-05
13171,3.64291957510871e-05
13172,1.1650905309570404e-05
13173,2.5515775695340235e-05
13174,4.054883656866124e-06
13175,5.574238617669124e-06
13176,4.280276360890319e-05
13177,6.7349596039378535e-06
13178,2.1204602213527633e-05
13179,7.124176368197579e-06
13180,1.2085578189964074e-05
13181,1.5623712047274186e-05
13182,9.77699499185846e-06
13183,1.0764411278233133e-06
13184,2.6232464898206492e-05
13185,7.124176368197579e-06
13186,2.2324974131249506e-05
13187,9.022693763120349e-05
13188,4.983428830864382e-06
13189,8.518218154287182e-06
13190,2.7698632777037943e-05
13191,8.865359047952257e-06
13192,2.124438723017059e-06
13193,6.533037179739474e-06
13194,3.646874802707865e-06
13195,4.646086757607567e-06
13196,7.36518355206574e-05
13197,9.823787234911673e-06
13198,5.806609816803655e-08
13199,3.0081413126616527e-05
13200,1.8974895579305917e-05
13201,1.1736533982328307e-05
13202,2.1744228134562504e-06
13203,5.637976846777472e-06
13204,1.0169209452128884e-05
13205,8.851037022999384e-06
13206,1.1657463000347894e-05
13207,1.0274220693172593e-07
13208,1.8805946600225752e-05
13209,1.8805946600225752e-05
13210,8.923409068108718e-06
13211,1.6723997866334754e-05
13212,2.6232464898206492e-05
13213,2.0549076217869553e-05
13214,2.0047868769549457e-05
13215,1.4727724294723268e-05
13216,1.5623712047274186e-05
13217,6.306632850805595e-06
13218,1.1152414258539597e-05
13219,1.8217407312265217e-05
13220,1.8024136615215226e-05
13221,2.8638297407765024e-05
13222,2.529455633762316e-05
13223,5.469079616141989e-07
13224,9.983179633554033e-06
13225,1.6372957117980573e-05
13226,4.50621783641508e-05
13227,1.1676353353838588e-05
13228,9.89800748622995e-06
13229,2.9320528483521212e-06
13230,1.9278697434279715e-05
13231,4.46055431273506e-05
13232,3.309667459598288e-05
13233,2.124438723017059e-06
13234,6.77801328557527e-06
13235,1.0313207022366888e-05
13236,1.0274166338583712e-05
13237,2.5720557676180047e-05
13238,4.035362184388446e-06
13239,9.318008668577259e-06
13240,2.3150509832537767e-05
13241,2.1744228134562504e-06
13242,8.278891074482927e-06
13243,4.015419028639798e-06
13244,5.874221594061904e-06
13245,5.498661551660582e-05
13246,2.567756127444846e-06
13247,7.795624630076884e-06
13248,2.477479003099277e-05
13249,5.74256060132945e-06
13250,2.5341379931947438e-05
13251,1.1696871679711022e-05
13252,3.2445422920513604e-05
13253,1.737039905029174e-06
13254,2.2977567506047806e-07
13255,5.11626732395017e-05
13256,9.515108067451576e-06
13257,5.516587598239083e-06
13258,3.5512823101964576e-06
13259,1.102911624623662e-05
13260,1.56237812375348e-05
13261,3.774415114420645e-05
13262,4.0063190858350506e-05
13263,4.0063190858350506e-05
13264,1.0169209452128884e-05
13265,1.1439436660058208e-05
13266,1.737039905029174e-06
13267,7.383412113819585e-06
13268,7.351019792492224e-06
13269,1.763317027055864e-05
13270,1.983676114667277e-05
13271,2.324106206228486e-05
13272,7.40870597226443e-05
13273,3.579259214609329e-05
13274,6.076666691901281e-06
13275,3.550170591009911e-05
13276,2.224458335753996e-06
13277,2.638324172073524e-06
13278,2.0389030618798876e-05
13279,5.439382620397657e-07
13280,7.505313940780551e-06
13281,1.128061277732567e-05
13282,2.1744228134562504e-06
13283,1.2504365465339304e-05
13284,1.0169209452128884e-05
13285,6.047390258570638e-06
13286,3.550170591009911e-05
13287,2.0940793139358538e-05
13288,1.6709694019828036e-05
13289,2.0549076217869553e-05
13290,5.080966135614927e-06
13291,7.10851792926315e-06
13292,3.096609344774479e-05
13293,1.529962178010783e-05
13294,1.6452166147152925e-05
13295,6.578822091502056e-05
13296,2.155172923659519e-05
13297,5.2974634177315105e-05
13298,1.0952789725319169e-05
13299,1.5623712047274186e-05
13300,8.851037022999384e-06
13301,1.9766402380370655e-05
13302,4.75889116180279e-05
13303,8.137564451293906e-06
13304,1.1695172375991367e-05
13305,3.727382220091563e-06
13306,1.0169830418321303e-05
13307,8.923409068108718e-06
13308,3.309667459598288e-05
13309,1.983676114667277e-05
13310,1.5768015778516462e-05
13311,7.476998738209224e-05
13312,4.7641157993465865e-06
13313,2.4379928999751206e-05
13314,3.414701828000589e-05
13315,3.196557135987845e-05
13316,5.574238617669124e-06
13317,1.926045809992359e-06
13318,1.983676114667277e-05
13319,3.309667459598288e-05
13320,2.777744313400053e-05
13321,8.923409068108718e-06
13322,2.0231258384286043e-05
13323,7.476998738209224e-05
13324,1.3113433131735454e-05
13325,1.1836670161158395e-05
13326,5.46746317790583e-06
13327,4.7692406739799295e-06
13328,6.784292077741517e-06
13329,3.947487553402876e-05
13330,3.4798398522953628e-06
13331,7.1469930078055945e-06
13332,1.0169209452128884e-05
13333,2.1744228134562504e-06
13334,2.5341379931947438e-05
13335,1.0857419387940288e-05
13336,8.710795972996155e-06
13337,2.6232464898206492e-05
13338,5.259343197053732e-05
13339,9.263726349490309e-06
13340,5.606493715984668e-06
13341,2.1744228134562504e-06
13342,1.0857419387940288e-05
13343,0.0001407127659197132
13344,1.5462754272636223e-06
13345,6.976006832924745e-05
13346,3.726055405653195e-06
13347,3.338997615814036e-05
13348,1.4967095886094765e-05
13349,4.433994353239081e-06
13350,1.6723997866334754e-05
13351,2.763295902925167e-05
13352,4.373458287193397e-07
13353,7.86375023253337e-06
13354,2.5345955738682367e-05
13355,1.4947297656023093e-05
13356,1.2407228576889031e-05
13357,1.66801693039325e-05
13358,6.03146442030491e-06
13359,7.449902406129431e-06
13360,2.2339121950446355e-05
13361,7.65439688810413e-06
13362,2.0389030618798876e-05
13363,6.784292077741517e-06
13364,4.085985549326954e-06
13365,7.449902406129431e-06
13366,1.8956853843553393e-07
13367,1.9682547987404882e-05
13368,2.5869235231063516e-05
13369,6.187527430052336e-06
13370,4.8062581530261184e-06
13371,7.476998738209224e-05
13372,7.016287745516977e-06
13373,2.8638297407765024e-05
13374,3.421692223015965e-05
13375,9.102147064284113e-05
13376,1.8667014493856614e-06
13377,1.102911624623662e-05
13378,0.00013044692239857838
13379,5.0784999149591534e-05
13380,9.318008668577259e-06
13381,4.962122234245789e-05
13382,2.5341379931947438e-05
13383,5.855222805569599e-06
13384,9.983179633554033e-06
13385,7.854034142151177e-05
13386,9.7950553838749e-06
13387,1.0169209452128884e-05
13388,4.8415721744175855e-05
13389,6.968368106932211e-06
13390,7.126059693050967e-05
13391,1.4485552592580338e-05
13392,2.0389030618798876e-05
13393,2.2746523881971955e-05
13394,4.040817776630243e-05
13395,2.6673846739350646e-05
13396,8.865359047952257e-06
13397,5.167543924003077e-06
13398,2.5457024326321722e-05
13399,7.325903801898597e-06
13400,1.2451007501704985e-05
13401,3.976894762553559e-05
13402,2.0389030618798876e-05
13403,1.2547158450459412e-05
13404,3.308625834965863e-05
13405,7.016287745516977e-06
13406,4.0363958337693707e-05
13407,2.2949993065131104e-06
13408,9.823787234911673e-06
13409,1.1439436660058208e-05
13410,2.3079566049958632e-05
13411,5.0643305448585915e-05
13412,1.56237812375348e-05
13413,1.0169209452128884e-05
13414,7.548761950666645e-06
13415,3.926828147199314e-05
13416,4.9820672462317636e-05
13417,5.855222805569599e-06
13418,3.7154359976487994e-05
13419,1.7774616526518243e-05
13420,9.360161008768145e-06
13421,2.7005546136022304e-05
13422,4.721706381822767e-06
13423,9.273329360391642e-06
13424,1.2668639946208822e-05
13425,2.385536642401955e-06
13426,7.698525158811343e-06
13427,3.550170591009911e-05
13428,1.0952789725319169e-05
13429,6.879364539130577e-06
13430,2.1744228134562504e-06
13431,2.1744228134562504e-06
13432,2.1744228134562504e-06
13433,2.6232464898206492e-05
13434,1.891415441858404e-05
13435,2.6232464898206492e-05
13436,2.8795272209792106e-05
13437,2.171238991836809e-05
13438,6.985336152135407e-05
13439,3.809482402376712e-05
13440,5.637976846777472e-06
13441,1.6723997866334754e-05
13442,2.6232464898206492e-05
13443,2.0389030618798876e-05
13444,2.5826453593806244e-06
13445,3.2445422920513604e-05
13446,9.883460640919919e-06
13447,3.5491310673889713e-05
13448,1.320298452626375e-05
13449,7.74198157103231e-05
13450,6.830633588881178e-06
13451,2.6232464898206492e-05
13452,2.5341379931947438e-05
13453,2.171238991836809e-05
13454,3.550170591009911e-05
13455,2.0389030618798876e-05
13456,2.6232464898206492e-05
13457,5.900895157352535e-06
13458,5.955517271434288e-06
13459,1.0169209452128884e-05
13460,5.606493715984668e-06
13461,2.0389030618798876e-05
13462,2.6232464898206492e-05
13463,1.0169209452128884e-05
13464,2.6232464898206492e-05
13465,1.6797119349840586e-06
13466,2.6724443629480895e-05
13467,4.5642877980907465e-06
13468,3.080654430191315e-05
13469,7.124176368197579e-06
13470,5.259343197053732e-05
13471,2.163981978002154e-05
13472,3.583179484741797e-05
13473,7.04087630940213e-06
13474,2.9014340479889952e-05
13475,6.490178552997004e-06
13476,1.2502128903267543e-05
13477,3.2445422920513604e-05
13478,1.8805946600225752e-05
13479,1.7256637679571568e-06
13480,3.550170591009911e-05
13481,4.073343261311811e-05
13482,1.7548931148862187e-05
13483,1.567964616032283e-06
13484,3.8642707746898516e-05
13485,4.8557900828684785e-06
13486,3.57234908280529e-06
13487,8.632232152270172e-06
13488,2.5409458264529133e-06
13489,2.0389030618798876e-05
13490,6.193499748701765e-06
13491,1.1152414258539597e-05
13492,2.39372234713232e-05
13493,7.476998738209224e-05
13494,9.8162622946691e-06
13495,2.5341379931947438e-05
13496,2.324106206228486e-05
13497,3.579259214609329e-05
13498,1.0377534339301461e-05
13499,2.233190065385766e-06
13500,1.0169209452128884e-05
13501,9.753306518785305e-06
13502,2.5341379931947438e-05
13503,2.0549076217869553e-05
13504,4.0063190858350506e-05
13505,1.369814157940644e-05
13506,2.544141093801404e-06
13507,3.309667459598288e-05
13508,6.918042387662285e-06
13509,1.6357842609525352e-05
13510,4.919822491271722e-05
13511,1.1997764685598476e-05
13512,8.710795972996155e-06
13513,2.8264698769981452e-05
13514,2.0389030618798876e-05
13515,2.6481364565124606e-05
13516,6.957548073844731e-05
13517,3.498956401431501e-05
13518,7.563648150546626e-05
13519,2.6481364565124606e-05
13520,2.8264698769981452e-05
13521,2.6481364565124606e-05
13522,2.544141093801404e-06
13523,5.797000224472705e-06
13524,1.1152414258539597e-05
13525,6.187527430052336e-06
13526,3.096609344774479e-05
13527,2.0389030618798876e-05
13528,5.259343197053732e-05
13529,8.851037022999384e-06
13530,2.0389030618798876e-05
13531,5.090491525130026e-06
13532,3.2445422920513604e-05
13533,1.1836670161158395e-05
13534,1.128061277732567e-05
13535,9.255783930672972e-07
13536,1.66801693039325e-05
13537,5.509607098696422e-06
13538,2.0549076217869553e-05
13539,2.0389030618798876e-05
13540,1.0332946556311193e-07
13541,1.4261832099994878e-06
13542,2.3675844191314614e-05
13543,2.9658433015577584e-05
13544,1.763317027055864e-05
13545,4.237957364902411e-05
13546,4.7163742354016834e-06
13547,6.04968054366963e-06
13548,5.119913791204008e-06
13549,2.0389030618798876e-05
13550,5.574238617669124e-06
13551,1.1364829904266021e-05
13552,2.5108139073124444e-05
13553,1.8805946600225752e-05
13554,2.6232464898206492e-05
13555,2.0549076217869553e-05
13556,2.0389030618798876e-05
13557,9.16577641018437e-06
13558,3.0495527855264824e-06
13559,8.870924039665127e-05
13560,2.8538878343014478e-05
13561,5.7418378709488104e-05
13562,1.2668639946208822e-05
13563,2.0389030618798876e-05
13564,2.0389030618798876e-05
13565,2.0389030618798876e-05
13566,1.1152414258539597e-05
13567,2.0389030618798876e-05
13568,5.306868214407795e-07
13569,1.1728411233759597e-05
13570,3.579259214609329e-05
13571,1.3409376265318766e-05
13572,1.0679981774516916e-05
13573,5.306868214407795e-07
13574,4.8557900828684785e-06
13575,1.950673386960382e-05
13576,5.377591186363026e-06
13577,2.382059058253e-05
13578,5.167543924003077e-06
13579,1.2858809114195875e-05
13580,1.0169209452128884e-05
13581,3.382230023316691e-05
13582,2.0389030618798876e-05
13583,9.640825058192401e-06
13584,2.0389030618798876e-05
13585,8.28663599998875e-06
13586,2.6232464898206492e-05
13587,2.5898637717495295e-05
13588,4.329152927777895e-05
13589,4.681375912419083e-07
13590,1.0331353779356072e-05
13591,1.4922898421299677e-05
13592,5.8302519843667894e-05
13593,3.309667459598288e-05
13594,2.949294426463304e-05
13595,9.88526947235807e-06
13596,2.0389030618798876e-05
13597,3.926828147199314e-05
13598,1.0754660573650312e-05
13599,3.080654430191315e-05
13600,5.241875531581324e-06
13601,3.309667459598288e-05
13602,1.7331855086001657e-05
13603,4.646086757607567e-06
13604,2.0389030618798876e-05
13605,9.263726349490309e-06
13606,1.7515951556710825e-05
13607,3.7160634000884236e-06
13608,8.339856419006043e-06
13609,4.2885118023918696e-05
13610,1.587607735487706e-05
13611,4.111320331107218e-05
13612,4.7641157993465865e-06
13613,4.6875123074126315e-06
13614,2.475909621915308e-05
13615,3.713012140425662e-05
13616,9.823787234911673e-06
13617,2.5898637717495295e-05
13618,1.2370741278873244e-06
13619,1.0948484236713208e-05
13620,1.2105987869083227e-05
13621,4.715648469132916e-05
13622,4.1557194655780015e-05
13623,2.6232464898206492e-05
13624,1.4485552592580338e-05
13625,1.9496757374554444e-05
13626,2.0389030618798876e-05
13627,1.4515881844721867e-06
13628,1.5750822628059388e-05
13629,2.48202444656803e-05
13630,1.998378004053559e-05
13631,0.0005697842427322926
13632,1.2085578189964074e-05
13633,3.4672189846209956e-05
13634,1.9496757374554444e-05
13635,1.8483895268790314e-05
13636,5.74256060132945e-06
13637,2.0389030618798876e-05
13638,1.0273732253466651e-05
13639,2.6232464898206492e-05
13640,1.419003048345428e-06
13641,7.124176368197579e-06
13642,3.926828147199314e-05
13643,7.293191880507838e-06
13644,1.0169209452128884e-05
13645,5.997283515626224e-06
13646,4.064691749115123e-05
13647,1.1152414258539597e-05
13648,8.710795972996155e-06
13649,2.0549076217869553e-05
13650,2.0389030618798876e-05
13651,5.090491525130026e-06
13652,3.627919007750314e-06
13653,2.5304716025057378e-05
13654,9.239391415410769e-06
13655,1.1657463000347894e-05
13656,1.8974895579305917e-05
13657,1.419003048345428e-06
13658,7.124176368197579e-06
13659,6.95709462097379e-06
13660,1.369814157940644e-05
13661,2.9320528483521212e-06
13662,1.3409376265318766e-05
13663,2.0389030618798876e-05
13664,4.966210136356972e-07
13665,9.983179633554033e-06
13666,1.0273732253466651e-05
13667,4.646086757607567e-06
13668,2.1889635175949354e-05
13669,6.7349596039378535e-06
13670,3.727382220091563e-06
13671,1.1279196673341013e-05
13672,6.187527430052336e-06
13673,2.0389030618798876e-05
13674,8.981221596183088e-06
13675,2.0389030618798876e-05
13676,7.548761950666645e-06
13677,2.0389030618798876e-05
13678,7.89755808065313e-06
13679,4.862221329608501e-05
13680,3.579259214609329e-05
13681,1.6452166147152925e-05
13682,6.660113175588203e-06
13683,2.6232464898206492e-05
13684,5.606493715984668e-06
13685,3.979983152707127e-05
13686,2.0389030618798876e-05
13687,2.0389030618798876e-05
13688,1.092057938326124e-06
13689,2.0354144775705098e-05
13690,6.533037179739474e-06
13691,3.965881140217324e-06
13692,2.0389030618798876e-05
13693,9.594154120435579e-06
13694,3.223478423162025e-06
13695,2.1744228134562504e-06
13696,3.252859130671301e-06
13697,2.097404340523741e-06
13698,6.8012151300323124e-06
13699,1.7774616526518243e-05
13700,1.357636909726148e-06
13701,4.22669011611873e-05
13702,2.7911491191413743e-06
13703,1.1948081444755293e-05
13704,2.0389030618798876e-05
13705,0.0002395978416539626
13706,1.1644992356732589e-05
13707,2.39372234713232e-05
13708,1.0213215316709365e-05
13709,1.0916020228859768e-05
13710,2.1744228134562504e-06
13711,9.263726349490309e-06
13712,5.183714081974362e-05
13713,7.548761950666645e-06
13714,3.3024904747861657e-06
13715,2.5178919391819344e-06
13716,4.028634372856666e-05
13717,2.42372724272078e-05
13718,1.5110544139588908e-05
13719,2.834078365345221e-06
13720,2.569745318314875e-05
13721,5.516587598239083e-06
13722,2.224458335753996e-06
13723,1.4571977729669638e-05
13724,1.0679981774516916e-05
13725,2.7471378098867538e-05
13726,1.4223464290942506e-05
13727,3.1443422504878594e-05
13728,5.090491525130026e-06
13729,6.938538612802837e-06
13730,2.905185406956333e-05
13731,1.0169209452128884e-05
13732,7.476998738209224e-05
13733,1.536507465114561e-05
13734,4.7674004713794945e-06
13735,4.739205207123671e-06
13736,3.30466935943032e-05
13737,4.081953044758512e-06
13738,0.00012091544092188923
13739,2.0389030618798876e-05
13740,1.5462754272636223e-06
13741,2.9320528483521212e-06
13742,1.950897543364397e-05
13743,2.1744228134562504e-06
13744,2.6297972504586757e-05
13745,1.440803729440851e-05
13746,4.065678759796024e-05
13747,1.6778098339098316e-05
13748,2.9985371526548482e-06
13749,4.646086757607567e-06
13750,9.875778245152228e-05
13751,3.2445422920513604e-05
13752,2.0549076217869553e-05
13753,2.324106206228486e-05
13754,1.0169830418321303e-05
13755,5.606493715984668e-06
13756,2.4662631681292474e-05
13757,7.548761950666645e-06
13758,2.7090952015066443e-05
13759,2.3765283885415858e-06
13760,1.8747155276745602e-05
13761,2.3765283885415858e-06
13762,1.0313207022366888e-05
13763,2.1744228134562504e-06
13764,7.548761950666645e-06
13765,1.0169209452128884e-05
13766,2.0577989260746867e-05
13767,5.74256060132945e-06
13768,2.1145056985208625e-06
13769,3.543302466457338e-05
13770,1.1187858695687232e-05
13771,4.758563856264241e-06
13772,3.7160634000884236e-06
13773,1.3409376265318766e-05
13774,2.2977567506047806e-07
13775,5.900895157352535e-06
13776,3.794762843547894e-06
13777,2.1258019776055202e-05
13778,1.8581267500807902e-05
13779,3.54898591020141e-06
13780,4.754748103679141e-06
13781,2.638324172073524e-06
13782,2.1744228134562504e-06
13783,9.273329360391642e-06
13784,3.727382220091563e-06
13785,4.081953044758512e-06
13786,2.638324172073524e-06
13787,2.3087956827558456e-05
13788,6.8012151300323124e-06
13789,9.263726349490309e-06
13790,5.606493715984668e-06
13791,2.5341379931947438e-05
13792,6.660113175588203e-06
13793,2.124438723017059e-06
13794,3.7521152634236e-05
13795,2.6232464898206492e-05
13796,2.4662631681292474e-05
13797,3.2445422920513604e-05
13798,1.1657463000347894e-05
13799,9.823787234911673e-06
13800,1.6709694019828036e-05
13801,1.7207844604559312e-05
13802,1.357636909726148e-06
13803,1.1298618288485303e-05
13804,2.6969524098641468e-05
13805,3.9695090513286216e-05
13806,3.5670610144539556e-05
13807,3.206566211189582e-05
13808,2.565774037694744e-05
13809,2.3147390505172322e-06
13810,1.7420389153252973e-05
13811,2.3150509832537767e-05
13812,1.1997764685598476e-05
13813,7.449902406129431e-06
13814,5.637976846777472e-06
13815,9.351981496536039e-06
13816,4.1737179666841914e-05
13817,3.2445422920513604e-05
13818,2.0606425709841903e-06
13819,7.597877299228423e-06
13820,3.2445422920513604e-05
13821,1.743275574555541e-05
13822,2.2663656326276875e-05
13823,1.2367586921859152e-07
13824,9.318008668577259e-06
13825,7.50213579393911e-05
13826,3.2445422920513604e-05
13827,4.494177150590377e-06
13828,1.0273732253466651e-05
13829,3.8659350327565843e-07
13830,2.5409458264529133e-06
13831,3.929128211308483e-06
13832,2.5457024326321722e-05
13833,1.275972812152776e-05
13834,2.637004389533131e-05
13835,6.34115163682584e-05
13836,2.5564309877486323e-05
13837,4.494177150590377e-06
13838,7.802330459858438e-06
13839,3.3090419031122995e-05
13840,2.212503139575054e-05
13841,6.182917342235427e-06
13842,1.1676394396410102e-05
13843,1.6723997866334754e-05
13844,9.360161008768145e-06
13845,6.03146442030491e-06
13846,7.548761950666645e-06
13847,2.6232464898206492e-05
13848,1.5402745712214017e-05
13849,2.5341379931947438e-05
13850,1.2547158450459412e-05
13851,1.3073514415799466e-05
13852,1.1106870906897075e-05
13853,4.0486948637618984e-05
13854,5.819100281622349e-06
13855,1.0916020228859768e-05
13856,2.3079566049958632e-05
13857,1.5623712047274186e-05
13858,3.2445422920513604e-05
13859,1.763317027055864e-05
13860,7.795624630076884e-06
13861,5.851723887722903e-05
13862,4.494177150590377e-06
13863,5.619378922678293e-05
13864,7.499015165752427e-06
13865,3.287174405783558e-05
13866,3.208731571645134e-05
13867,2.785041548221168e-05
13868,3.309667459598288e-05
13869,1.2361026867119473e-05
13870,3.2445422920513604e-05
13871,1.2547158450459412e-05
13872,4.712418813254684e-06
13873,6.0994206741428704e-05
13874,3.5138045007016863e-06
13875,1.574472651662082e-05
13876,7.548761950666645e-06
13877,7.135582024188823e-06
13878,8.108619866580161e-06
13879,1.9766402380370655e-05
13880,1.6866770619243904e-05
13881,7.219888497634823e-05
13882,6.443271645484376e-05
13883,6.076666691901281e-06
13884,1.8805946600225752e-05
13885,5.606493715984668e-06
13886,3.999418487118025e-05
13887,1.6723997866334754e-05
13888,9.16577641018437e-06
13889,1.2013322342028058e-05
13890,2.814480122753761e-06
13891,2.6481364565124606e-05
13892,1.5822479104540874e-06
13893,6.8012151300323124e-06
13894,4.983428830864382e-06
13895,2.212503139575054e-05
13896,9.883460640919919e-06
13897,7.124176368197579e-06
13898,3.3024904747861657e-06
13899,3.309667459598288e-05
13900,1.6685613070036195e-05
13901,1.2752228797459337e-05
13902,3.309667459598288e-05
13903,4.758563856264241e-06
13904,6.9173688125188754e-06
13905,6.572410650911332e-05
13906,1.7132194066581498e-05
13907,7.329428962093246e-06
13908,1.9461460086313095e-05
13909,2.212503139575054e-05
13910,4.251406201454942e-05
13911,1.181541629667325e-05
13912,4.754748103679141e-06
13913,1.0342324493586855e-06
13914,3.965881140217324e-06
13915,5.726319896952129e-06
13916,4.081953044758512e-06
13917,1.7256637679571568e-06
13918,2.3765283885415858e-06
13919,9.318008668577259e-06
13920,1.983676114667277e-05
13921,3.196557135987845e-05
13922,1.6549725166295783e-05
13923,9.585825207823223e-07
13924,3.0701358246878705e-05
13925,3.416599620899114e-05
13926,1.0924115674501308e-05
13927,1.128061277732567e-05
13928,1.1152414258539597e-05
13929,8.881973286371031e-06
13930,6.65968826910499e-06
13931,2.079854819816605e-06
13932,2.4486673741592893e-05
13933,4.642857862012177e-05
13934,2.8638297407765024e-05
13935,5.119913791204008e-06
13936,6.533037179739474e-06
13937,1.9496757374554444e-05
13938,9.318008668577259e-06
13939,2.1139176639676687e-06
13940,3.391777944494396e-05
13941,2.8483417257409518e-06
13942,1.9756906355571455e-05
13943,1.7737283458462845e-05
13944,1.0416189543517678e-05
13945,3.598931720025725e-05
13946,2.1135022209280455e-06
13947,2.0389030618798876e-05
13948,1.6723997866334754e-05
13949,4.133483009463558e-05
13950,3.6854845048586053e-06
13951,3.550170591009911e-05
13952,4.7641157993465865e-06
13953,3.407435069977751e-06
13954,9.296342803242756e-06
13955,1.6549725166295783e-05
13956,9.791018637495273e-07
13957,1.2788871892706285e-06
13958,3.339023130189613e-05
13959,5.74256060132945e-06
13960,1.1644992356732589e-05
13961,1.1668668853090769e-05
13962,2.6297972504586757e-05
13963,3.096609344774479e-05
13964,8.865359047952257e-06
13965,1.1668668853090769e-05
13966,2.0231258384286043e-05
13967,7.383412113819585e-06
13968,5.517744569350549e-05
13969,1.8942998186870606e-06
13970,1.8942998186870606e-06
13971,2.516487749104192e-05
13972,5.1953872057252035e-05
13973,5.606493715984668e-06
13974,5.4950266525602174e-05
13975,9.263726349490309e-06
13976,2.5457024326321722e-05
13977,5.791375776054895e-06
13978,0.0002160027366261065
13979,3.926828147199314e-05
13980,2.9855101643497785e-05
13981,9.318008668577259e-06
13982,1.3026461063621571e-05
13983,1.977787892203908e-05
13984,5.566705488918546e-05
13985,7.476998738209224e-05
13986,5.072617338272199e-05
13987,8.80832901125887e-05
13988,1.4169028871598816e-05
13989,5.574238617669124e-06
13990,2.100903269383277e-05
13991,6.3391743123908195e-06
13992,2.5457024326321722e-05
13993,1.357636909726148e-06
13994,2.069502196205906e-06
13995,6.968368106932211e-06
13996,5.516587598239083e-06
13997,9.983179633554033e-06
13998,1.1988169966819532e-05
13999,9.273329360391642e-06
14000,7.795624630076884e-06
14001,2.646034348832988e-05
14002,9.844233795786024e-06
14003,3.665425943419378e-06
14004,1.3682434730093787e-05
14005,1.0213215316709365e-05
14006,1.1918676508060773e-05
14007,2.0912203350005965e-05
14008,1.0111314705267786e-05
14009,3.3024904747861657e-06
14010,1.414422733260351e-05
14011,2.8795272209792106e-05
14012,4.531044181113482e-06
14013,2.212503139575054e-05
14014,2.2490694513186768e-05
14015,5.509607098696422e-06
14016,4.7641157993465865e-06
14017,2.4662631681292474e-05
14018,5.659867290427026e-06
14019,3.0414262830728797e-05
14020,6.40320835448208e-05
14021,2.8330605426768785e-05
14022,1.2547158450459412e-05
14023,1.4618125079829882e-05
14024,4.983428830864382e-06
14025,6.115777068064974e-06
14026,4.983428830864382e-06
14027,4.531044181113482e-06
14028,1.0857419387940288e-05
14029,1.56237812375348e-05
14030,4.170914927000391e-05
14031,5.119913791204008e-06
14032,7.449902406129431e-06
14033,7.505313940780551e-06
14034,7.314978899182296e-06
14035,2.212503139575054e-05
14036,5.900895157352535e-06
14037,3.0451393363935958e-05
14038,6.03146442030491e-06
14039,1.3160600112368369e-06
14040,4.8557900828684785e-06
14041,9.753306518785305e-06
14042,1.763317027055864e-05
14043,1.2279115364674386e-05
14044,1.1187858695687232e-05
14045,8.865359047952257e-06
14046,9.983179633554033e-06
14047,6.55540996410501e-05
14048,7.04087630940213e-06
14049,1.8538364677761307e-05
14050,1.1836670161158395e-05
14051,1.1644992356732589e-05
14052,2.3147390505172322e-06
14053,7.124176368197579e-06
14054,3.4619519573232876e-05
14055,1.4179314817945976e-05
14056,2.569745318314875e-05
14057,5.879412777913162e-05
14058,6.879364539130577e-06
14059,7.50214636719293e-05
14060,6.047390258570638e-06
14061,5.574238617669124e-06
14062,1.0193549347953153e-05
14063,2.39372234713232e-05
14064,7.548761950666645e-06
14065,1.4838454136674458e-05
14066,6.901297097714021e-05
14067,1.4948648237994909e-05
14068,3.0701358246878705e-05
14069,1.2547158450459412e-05
14070,3.919953362856588e-06
14071,2.3654390300010523e-05
14072,2.3564696331672285e-05
14073,7.337840760522393e-06
14074,1.0273732253466651e-05
14075,2.5457024326321722e-05
14076,3.2445422920513604e-05
14077,1.1663489996518243e-05
14078,6.660113175588203e-06
14079,9.823787234911673e-06
14080,4.146945752964598e-06
14081,2.124438723017059e-06
14082,1.0351001993647046e-05
14083,1.6685613070036195e-05
14084,8.710795972996155e-06
14085,1.0388011584919104e-05
14086,1.737039905029174e-06
14087,7.548761950666645e-06
14088,8.632232152270172e-06
14089,1.6723997866334754e-05
14090,1.5110544139588908e-05
14091,9.263726349490309e-06
14092,5.125801332294944e-05
14093,2.763295902925167e-05
14094,2.350153789067077e-06
14095,7.351019792492224e-06
14096,1.2547158450459412e-05
14097,3.309667459598288e-05
14098,1.8538364677761307e-05
14099,7.1063867990134775e-06
14100,6.799612101758045e-06
14101,1.7331855086001657e-05
14102,1.0679981774516916e-05
14103,1.369814157940644e-05
14104,3.080654430191315e-05
14105,2.212503139575054e-05
14106,1.1443152425254087e-07
14107,1.6723997866334754e-05
14108,1.3005602123070396e-05
14109,2.5178919391819344e-06
14110,1.0976766595274669e-05
14111,4.433994353239081e-06
14112,4.015419028639798e-06
14113,3.309667459598288e-05
14114,6.805084061816456e-05
14115,2.4199374356353516e-06
14116,1.369814157940644e-05
14117,2.569745318314875e-05
14118,3.677236689887333e-05
14119,6.0517276086091855e-06
14120,1.0991002387294113e-05
14121,5.469079616141989e-07
14122,1.842603429545479e-05
14123,3.3517840892729225e-05
14124,2.8638297407765024e-05
14125,1.5065050389641347e-05
14126,9.736558757118512e-06
14127,6.193499748701765e-06
14128,1.1644992356732589e-05
14129,2.8638297407765024e-05
14130,2.1775294672648564e-05
14131,2.1139176639676687e-06
14132,2.638324172073524e-06
14133,4.545656208203404e-05
14134,2.612173193014131e-06
14135,1.0274166338583712e-05
14136,1.0924115674501308e-05
14137,3.233412369349746e-05
14138,5.259343197053732e-05
14139,2.8328465851033263e-05
14140,3.682437588552389e-06
14141,7.682893847554348e-06
14142,8.35396901245353e-06
14143,2.5178919391819344e-06
14144,7.183965645408706e-06
14145,6.076666691901281e-06
14146,3.845871898006274e-05
14147,8.759602464821085e-05
14148,1.2013322342028058e-05
14149,1.4571977729669638e-05
14150,5.67338538194055e-06
14151,3.926828147199314e-05
14152,1.5217656917777877e-05
14153,5.469711135728868e-06
14154,5.637976846777472e-06
14155,6.589552189728345e-06
14156,1.5623712047274186e-05
14157,1.1152414258539597e-05
14158,5.977473636206564e-06
14159,5.819100281622349e-06
14160,2.2949993065131104e-06
14161,3.549751890416304e-05
14162,4.983428830864382e-06
14163,4.7641157993465865e-06
14164,2.472446640117757e-05
14165,4.200484154866769e-06
14166,1.1187858695687232e-05
14167,5.377591186363026e-06
14168,2.763295902925167e-05
14169,3.550170591009911e-05
14170,5.0682302957549476e-05
14171,1.9496757374554444e-05
14172,7.805217374622108e-06
14173,3.952843274302446e-05
14174,1.5750822628059388e-05
14175,2.4139773424162623e-05
14176,3.726055405653195e-06
14177,1.6953186439611605e-05
14178,8.28663599998875e-06
14179,3.5517004061818853e-06
14180,8.35396901245353e-06
14181,2.569745318314875e-05
14182,6.47964763296422e-06
14183,1.4169028871598816e-05
14184,1.0169209452128884e-05
14185,4.829080667005708e-05
14186,2.6890578748568236e-05
14187,1.658495497062072e-05
14188,3.54898591020141e-06
14189,3.8659350327565843e-07
14190,1.9971688459737037e-05
14191,2.0549076217869553e-05
14192,2.3147390505172322e-06
14193,6.523227683004787e-05
14194,8.35396901245353e-06
14195,2.382501964009842e-05
14196,7.449902406129431e-06
14197,4.035362184388446e-06
14198,1.9304073528586326e-05
14199,1.0857419387940288e-05
14200,3.543302466457338e-05
14201,1.0341492697675664e-05
14202,5.5475820626820356e-05
14203,1.1014893251169292e-05
14204,1.8974895579305917e-05
14205,8.865359047952257e-06
14206,1.4947297656023093e-05
14207,9.844233795786024e-06
14208,1.102911624623662e-05
14209,1.2547158450459412e-05
14210,2.071917105837621e-05
14211,4.816207041740651e-08
14212,1.6321563674865662e-06
14213,4.983428830864382e-06
14214,1.1668668853090769e-05
14215,1.1657463000347894e-05
14216,1.0273732253466651e-05
14217,2.8122888056417614e-05
14218,6.77801328557527e-06
14219,1.0331353779356072e-05
14220,2.2208495374217468e-05
14221,2.212503139575054e-05
14222,4.103600562820956e-05
14223,4.5366093458035404e-05
14224,1.1743900489535227e-05
14225,1.1668668853090769e-05
14226,4.983428830864382e-06
14227,6.076666691901281e-06
14228,1.1988169966819532e-05
14229,2.5409458264529133e-06
14230,3.768909274491404e-05
14231,3.550170591009911e-05
14232,6.177649432412802e-05
14233,1.3706031896906176e-06
14234,1.2451007501704985e-05
14235,2.124438723017059e-06
14236,1.4782810473594473e-05
14237,1.2451007501704985e-05
14238,1.6709694019828036e-05
14239,1.1914014720877016e-06
14240,2.0389030618798876e-05
14241,2.0389030618798876e-05
14242,2.8795272209792106e-05
14243,6.830633588881178e-06
14244,2.233190065385766e-06
14245,1.0273732253466651e-05
14246,1.763317027055864e-05
14247,6.830633588881178e-06
14248,2.6379038348803238e-05
14249,1.1657463000347894e-05
14250,3.869217156195683e-05
14251,9.844233795786024e-06
14252,1.9756906355571455e-05
14253,1.7207844604559312e-05
14254,4.433994353239081e-06
14255,5.977473636206564e-06
14256,4.983428830864382e-06
14257,5.917163764654927e-07
14258,9.903911426043947e-06
14259,1.2013322342028058e-05
14260,1.2451007501704985e-05
14261,7.325903801898597e-06
14262,6.234937843055909e-06
14263,7.548761950666645e-06
14264,8.58487116859954e-07
14265,1.8538364677761307e-05
14266,4.305506070831409e-06
14267,6.830633588881178e-06
14268,1.0169209452128884e-05
14269,4.983428830864382e-06
14270,1.8805946600225752e-05
14271,4.7641157993465865e-06
14272,9.844233795786024e-06
14273,4.952362352419042e-08
14274,3.543302466457338e-05
14275,6.449562945385037e-05
14276,1.3073514415799466e-05
14277,6.9763925007491356e-06
14278,2.8922760198483568e-05
14279,8.191150244508629e-08
14280,3.567289358800989e-06
14281,2.8102652738090697e-05
14282,5.134803603733657e-08
14283,3.309667459598288e-05
14284,1.2322569890372169e-05
14285,2.212503139575054e-05
14286,4.816207041740651e-08
14287,2.282179484298177e-05
14288,2.6232464898206492e-05
14289,6.115777068064974e-06
14290,1.8805946600225752e-05
14291,2.3147390505172322e-06
14292,1.8805946600225752e-05
14293,3.2955201245182164e-07
14294,1.0016842449286495e-06
14295,9.585825207823223e-07
14296,2.0549076217869553e-05
14297,2.5008277911951978e-05
14298,3.903056025989452e-05
14299,1.6723997866334754e-05
14300,2.0389030618798876e-05
14301,4.373458287193397e-07
14302,1.7911169593672353e-05
14303,0.00019684873793854597
14304,9.89800748622995e-06
14305,6.77801328557527e-06
14306,1.1997764685598476e-05
14307,1.102911624623662e-05
14308,6.0517276086091855e-06
14309,2.5503285347931146e-05
14310,3.377776339038963e-05
14311,1.536507465114561e-05
14312,1.2875013867144554e-05
14313,3.096609344774479e-05
14314,2.4199374356353516e-06
14315,1.6723997866334754e-05
14316,4.8586290140570395e-05
14317,7.548761950666645e-06
14318,3.2446151946335693e-06
14319,1.8460090098661703e-06
14320,1.8538364677761307e-05
14321,4.476543225958941e-05
14322,5.572535395588691e-05
14323,4.3847324949849745e-05
14324,1.1392319154604372e-06
14325,2.9320528483521212e-06
14326,1.369814157940644e-05
14327,1.9766402380370655e-05
14328,9.255783930672972e-07
14329,2.8667443349988375e-06
14330,1.2859160646836952e-05
14331,5.420318322054459e-05
14332,5.733999244647437e-06
14333,2.212503139575054e-05
14334,6.589552189728345e-06
14335,1.2788871892706285e-06
14336,2.8483417257409518e-06
14337,1.3479098273635207e-05
14338,7.476998738209224e-05
14339,2.1744228134562504e-06
14340,9.335667575384632e-05
14341,3.5138045007016863e-06
14342,3.3334057599760894e-06
14343,3.926828147199314e-05
14344,1.1925938141676377e-05
14345,2.39372234713232e-05
14346,2.171238991836809e-05
14347,1.6508599257843104e-05
14348,1.0147790383484083e-05
14349,2.0549076217869553e-05
14350,1.8581267500807902e-05
14351,1.4771559352813931e-05
14352,3.9686456898540424e-05
14353,2.5178919391819344e-06
14354,1.1657463000347894e-05
14355,6.249110241859464e-06
14356,7.499015165752427e-06
14357,7.5337485112994785e-06
14358,2.0549076217869553e-05
14359,1.6780151994818853e-05
14360,1.9766402380370655e-05
14361,1.6723997866334754e-05
14362,3.153846166276133e-05
14363,7.347760832167804e-07
14364,1.746942083106186e-06
14365,2.900311323100914e-05
14366,9.318008668577259e-06
14367,2.6799465940757194e-05
14368,1.8805946600225752e-05
14369,1.3770504055067856e-05
14370,2.6232464898206492e-05
14371,1.1741076483577032e-05
14372,1.1152414258539597e-05
14373,4.387974460970874e-05
14374,3.926828147199314e-05
14375,1.369814157940644e-05
14376,3.2445422920513604e-05
14377,6.533037179739474e-06
14378,1.8805946600225752e-05
14379,8.278891074482927e-06
14380,3.926828147199314e-05
14381,1.3409376265318766e-05
14382,1.8805946600225752e-05
14383,2.6232464898206492e-05
14384,6.9763925007491356e-06
14385,5.090491525130026e-06
14386,2.39372234713232e-05
14387,5.977473636206564e-06
14388,2.646034348832988e-05
14389,2.6232464898206492e-05
14390,3.8659350327565843e-07
14391,1.4406269508056996e-06
14392,7.347760832167804e-07
14393,1.2547158450459412e-05
14394,2.6232464898206492e-05
14395,7.1063867990134775e-06
14396,1.199180205427304e-05
14397,1.3682434730093787e-05
14398,5.46746317790583e-06
14399,4.223977356167499e-05
14400,0.00022224585093484048
14401,4.9318350485422976e-05
14402,1.4571977729669638e-05
14403,4.305506070831409e-06
14404,4.8641322023286614e-05
14405,3.2446151946335693e-06
14406,5.206751265626041e-05
14407,2.5457024326321722e-05
14408,1.3530675008421058e-05
14409,1.0169209452128884e-05
14410,4.665632634194996e-06
14411,1.2547158450459412e-05
14412,1.128061277732567e-05
14413,2.687517363821461e-05
14414,2.6366617112429715e-05
14415,1.1657463000347894e-05
14416,4.739205207123671e-06
14417,3.6196279472689087e-06
14418,7.941615211194213e-07
14419,3.550170591009911e-05
14420,1.2279115364674386e-05
14421,1.6723997866334754e-05
14422,1.128061277732567e-05
14423,1.8868111523841994e-06
14424,5.509607098696422e-06
14425,1.128061277732567e-05
14426,1.9756906355571455e-05
14427,1.1443152425254087e-07
14428,3.982486810353248e-05
14429,7.193837673648607e-06
14430,2.212503139575054e-05
14431,6.080083855717636e-05
14432,6.3391743123908195e-06
14433,4.717817132719374e-06
14434,4.081953044758512e-06
14435,4.545762176800581e-06
14436,2.638324172073524e-06
14437,1.0169209452128884e-05
14438,1.1333449935902163e-05
14439,2.3147390505172322e-06
14440,4.665632634194996e-06
14441,4.8948281830987534e-06
14442,2.6232464898206492e-05
14443,9.983179633554033e-06
14444,1.4780495544012343e-05
14445,2.9568353350831642e-05
14446,7.455651846729867e-06
14447,8.734237526615108e-06
14448,1.529962178010783e-05
14449,1.5597427615731944e-05
14450,3.551742868154992e-05
14451,1.6778098339098316e-05
14452,3.543302466457338e-05
14453,2.472446640117757e-05
14454,4.6085931961682214e-05
14455,1.9496757374554444e-05
14456,1.0169209452128884e-05
14457,2.5341379931947438e-05
14458,1.5502396218360687e-05
14459,3.550170591009911e-05
14460,1.2502128903267543e-05
14461,2.0097953573495384e-05
14462,2.767691883844998e-05
14463,1.634994038941602e-05
14464,1.0169209452128884e-05
14465,2.4139773424162623e-05
14466,3.970562730071248e-05
14467,1.102508068194103e-05
14468,3.78235516341809e-08
14469,2.831761514340123e-06
14470,1.6685613070036195e-05
14471,0.0001415048364199266
14472,7.124176368197579e-06
14473,1.8024136615215226e-05
14474,2.7090952015066443e-05
14475,1.8538364677761307e-05
14476,1.9546854292914827e-05
14477,6.115777068064974e-06
14478,1.8619970707943492e-05
14479,2.638324172073524e-06
14480,2.7911491191413743e-06
14481,2.7632696006911046e-05
14482,5.67338538194055e-06
14483,3.550170591009911e-05
14484,2.0389030618798876e-05
14485,4.560784389598212e-07
14486,3.252859130671301e-06
14487,3.7160634000884236e-06
14488,2.39372234713232e-05
14489,1.577955613586142e-06
14490,1.0313207022366888e-05
14491,2.1343432555850942e-05
14492,1.8129085397442568e-05
14493,2.832796561508589e-05
14494,1.0169209452128884e-05
14495,2.6232464898206492e-05
14496,2.6232464898206492e-05
14497,7.347760832167804e-07
14498,1.0331353779356072e-05
14499,1.5110544139588908e-05
14500,7.1063867990134775e-06
14501,1.7207844604559312e-05
14502,4.207408501786292e-06
14503,1.8868111523841994e-06
14504,4.9820672462317636e-05
14505,5.080966135614927e-06
14506,4.545762176800581e-06
14507,1.9756906355571455e-05
14508,4.028634372856666e-05
14509,2.0389030618798876e-05
14510,8.572230803179015e-06
14511,4.754748103679141e-06
14512,4.035362184388446e-06
14513,7.347268714254066e-06
14514,4.5642877980907465e-06
14515,3.721232060762215e-06
14516,1.1663973207448035e-05
14517,2.5826453593806244e-06
14518,3.539311530167583e-06
14519,5.388611035187178e-05
14520,2.5358267465719765e-05
14521,2.4662631681292474e-05
14522,3.543302466457338e-05
14523,9.918719595550152e-06
14524,1.6685613070036195e-05
14525,1.0213215316709365e-05
14526,1.0750650353866867e-05
14527,1.4571977729669638e-05
14528,1.2748098425244838e-05
14529,2.5457024326321722e-05
14530,4.3665929090460785e-05
14531,1.0341492697675664e-05
14532,0.00011761797343561339
14533,2.913594373915911e-05
14534,2.0389030618798876e-05
14535,5.827841532301616e-05
14536,6.306632850805595e-06
14537,1.984509836899081e-05
14538,2.1832170514423353e-06
14539,2.0389030618798876e-05
14540,3.309667459598288e-05
14541,1.0026530187256368e-06
14542,4.344563232312016e-06
14543,1.9953311134908558e-05
14544,1.0169209452128884e-05
14545,2.0389030618798876e-05
14546,3.935438766135427e-06
14547,2.0389030618798876e-05
14548,1.203531847783101e-05
14549,2.0389030618798876e-05
14550,2.0389030618798876e-05
14551,1.0991002387294113e-05
14552,6.8012151300323124e-06
14553,3.726055405653195e-06
14554,5.469079616141989e-07
14555,3.694164484966562e-05
14556,1.0026871549982492e-05
14557,3.926828147199314e-05
14558,3.309667459598288e-05
14559,1.246915600311297e-05
14560,1.6723997866334754e-05
14561,2.0389030618798876e-05
14562,7.1469930078055945e-06
14563,9.318008668577259e-06
14564,2.0389030618798876e-05
14565,1.8460090098661703e-06
14566,4.170914927000391e-05
14567,1.2859160646836952e-05
14568,2.694446471251021e-05
14569,2.7090952015066443e-05
14570,2.6232464898206492e-05
14571,1.8538364677761307e-05
14572,1.0679981774516916e-05
14573,7.09308805105492e-05
14574,3.543302466457338e-05
14575,1.3770504055067856e-05
14576,4.7641157993465865e-06
14577,2.6232464898206492e-05
14578,1.2504365465339304e-05
14579,2.1343432555850942e-05
14580,3.543302466457338e-05
14581,1.1644992356732589e-05
14582,4.352760343104097e-05
14583,1.5956653060549118e-05
14584,3.721232060762215e-06
14585,4.739205207123671e-06
14586,6.784292077741517e-06
14587,2.6232464898206492e-05
14588,1.5497484818910476e-05
14589,5.516587598239083e-06
14590,1.3409376265318766e-05
14591,1.9766402380370655e-05
14592,2.5341379931947438e-05
14593,1.5623712047274186e-05
14594,8.518218154287182e-06
14595,4.7641157993465865e-06
14596,2.257859274798186e-05
14597,1.7001802941719574e-06
14598,2.6232464898206492e-05
14599,5.574238617669124e-06
14600,6.8012151300323124e-06
14601,2.6232464898206492e-05
14602,4.028634372856666e-05
14603,5.160389810712661e-05
14604,6.3771928804116785e-06
14605,8.452364503512109e-06
14606,2.0389030618798876e-05
14607,9.16577641018437e-06
14608,2.4802149900790495e-05
14609,2.3005192241576584e-05
14610,8.137564451293906e-06
14611,6.115777068064974e-06
14612,4.580422033302956e-05
14613,4.983428830864382e-06
14614,1.763317027055864e-05
14615,2.3255881959949056e-05
14616,2.0940793139358538e-05
14617,8.243848403349646e-06
14618,1.6778098339098316e-05
14619,6.490178552997004e-06
14620,1.1668668853090769e-05
14621,7.124176368197579e-06
14622,9.302704876671597e-06
14623,1.2499106818882815e-05
14624,3.926828147199314e-05
14625,4.7641157993465865e-06
14626,9.263726349490309e-06
14627,1.8460090098661703e-06
14628,5.900895157352535e-06
14629,2.08404297549014e-06
14630,2.0619096481598485e-05
14631,4.085985549326954e-06
14632,7.339811089967801e-05
14633,1.1106870906897075e-05
14634,2.6232464898206492e-05
14635,5.255304396475011e-07
14636,3.806293414579964e-05
14637,1.6894602605992524e-06
14638,4.9155116940341646e-05
14639,1.5597427615731944e-05
14640,1.0750650353866867e-05
14641,4.054883656866124e-06
14642,1.8129085397442568e-05
14643,0.00022825589970117222
14644,8.892737362243828e-06
14645,7.89755808065313e-06
14646,5.259343197053732e-05
14647,8.491704704360493e-06
14648,5.489708419760574e-06
14649,2.3813012557247126e-05
14650,8.137564451293906e-06
14651,1.0857419387940288e-05
14652,2.052000419273644e-05
14653,7.293191880507838e-06
14654,3.539311530167583e-06
14655,3.2445422920513604e-05
14656,4.9461252958325124e-05
14657,2.0389030618798876e-05
14658,7.548761950666645e-06
14659,1.7585791962924055e-05
14660,4.7903693743577333e-05
14661,5.2946251810429825e-06
14662,1.4782810473594473e-05
14663,4.131078196846586e-05
14664,1.9640028409157332e-05
14665,6.589552189728345e-06
14666,1.75856283615666e-05
14667,4.028634372856666e-05
14668,4.207789619216596e-05
14669,4.028634372856666e-05
14670,4.028634372856666e-05
14671,2.3147390505172322e-06
14672,3.682437588552389e-06
14673,1.5070411850590818e-05
14674,1.4782810473594473e-05
14675,8.865359047952257e-06
14676,3.2445422920513604e-05
14677,5.574238617669124e-06
14678,5.706719001279561e-05
14679,9.753306518785305e-06
14680,4.028634372856666e-05
14681,3.320094982081351e-05
14682,3.2445422920513604e-05
14683,3.2445422920513604e-05
14684,3.2046644028201107e-06
14685,1.146457883300977e-07
14686,6.076666691901281e-06
14687,2.785008603381835e-05
14688,5.8483463140363126e-05
14689,8.461195848300982e-06
14690,1.0857419387940288e-05
14691,1.1657463000347894e-05
14692,2.3290945595271432e-05
14693,7.89755808065313e-06
14694,1.4782810473594473e-05
14695,9.255783930672972e-07
14696,8.35396901245353e-06
14697,2.5457024326321722e-05
14698,1.0169209452128884e-05
14699,1.9766402380370655e-05
14700,1.1152414258539597e-05
14701,3.57234908280529e-06
14702,5.516587598239083e-06
14703,1.636834818495958e-05
14704,3.320074201731721e-05
14705,2.5457024326321722e-05
14706,7.124176368197579e-06
14707,5.574238617669124e-06
14708,6.950369928419836e-07
14709,6.310391226610209e-06
14710,1.8805946600225752e-05
14711,1.2451007501704985e-05
14712,5.469711135728868e-06
14713,5.574238617669124e-06
14714,1.6723997866334754e-05
14715,4.387974460970874e-05
14716,5.236114750762844e-06
14717,9.318008668577259e-06
14718,1.0213215316709365e-05
14719,1.7998438393495994e-05
14720,1.1294166041408608e-05
14721,1.4616660646665316e-05
14722,1.75856283615666e-05
14723,6.589552189728345e-06
14724,1.3629474847298844e-05
14725,1.5110544139588908e-05
14726,7.347760832167804e-07
14727,5.255304396475011e-07
14728,7.325903801898597e-06
14729,4.739205207123671e-06
14730,2.0389030618798876e-05
14731,4.0822227397828516e-05
14732,2.5457024326321722e-05
14733,5.510314101827301e-05
14734,1.3409376265318766e-05
14735,8.865359047952257e-06
14736,5.236114750762844e-06
14737,3.682437588552389e-06
14738,2.2561930277964646e-05
14739,4.895495790997916e-06
14740,2.9414532597051834e-06
14741,1.4782810473594473e-05
14742,2.5457024326321722e-05
14743,2.4662631681292474e-05
14744,9.318008668577259e-06
14745,2.9658433015577584e-05
14746,1.1836670161158395e-05
14747,9.844233795786024e-06
14748,2.7471378098867538e-05
14749,2.905185406956333e-05
14750,8.087827391659344e-06
14751,7.305876662188933e-05
14752,4.344563232312016e-06
14753,5.606493715984668e-06
14754,2.4662631681292474e-05
14755,3.0230608072655268e-05
14756,1.4571977729669638e-05
14757,2.6561922325278466e-06
14758,9.318008668577259e-06
14759,1.1644992356732589e-05
14760,3.682437588552389e-06
14761,2.5081209402621253e-05
14762,2.779847819444759e-05
14763,4.5281461291609405e-05
14764,2.5341379931947438e-05
14765,2.5515775695340235e-05
14766,2.5515775695340235e-05
14767,3.829580664360325e-05
14768,2.324106206228486e-05
14769,3.682437588552389e-06
14770,1.1443152425254087e-07
14771,3.682437588552389e-06
14772,5.574238617669124e-06
14773,1.0948484236713208e-05
14774,5.509607098696422e-06
14775,5.879696264026517e-05
14776,7.124176368197579e-06
14777,3.620125859462419e-05
14778,1.9766402380370655e-05
14779,1.5623712047274186e-05
14780,6.193499748701765e-06
14781,2.39372234713232e-05
14782,1.4262723787080902e-05
14783,1.1875799467932967e-05
14784,1.1657463000347894e-05
14785,1.8538364677761307e-05
14786,4.7641157993465865e-06
14787,6.494657565432081e-05
14788,3.550170591009911e-05
14789,1.6685613070036195e-05
14790,4.739205207123671e-06
14791,1.8538364677761307e-05
14792,1.919784533550959e-05
14793,5.606493715984668e-06
14794,1.8581267500807902e-05
14795,1.8581267500807902e-05
14796,1.1050065501815846e-05
14797,2.544141093801404e-06
14798,3.309667459598288e-05
14799,6.03146442030491e-06
14800,4.966210136356972e-07
14801,2.4585519918042398e-05
14802,1.9004063843858377e-07
14803,4.8948281830987534e-06
14804,1.0169209452128884e-05
14805,2.7090952015066443e-05
14806,1.8024136615215226e-05
14807,1.8024136615215226e-05
14808,3.646874802707865e-06
14809,2.0549076217869553e-05
14810,3.57234908280529e-06
14811,1.9496757374554444e-05
14812,2.1153987070883602e-05
14813,8.881973286371031e-06
14814,3.896490464109626e-05
14815,2.5727195700756993e-06
14816,5.446790104456752e-05
14817,5.874221594061904e-06
14818,3.708240184937696e-05
14819,2.7911491191413743e-06
14820,2.5409458264529133e-06
14821,3.665425943419378e-06
14822,2.3079566049958632e-05
14823,7.795624630076884e-06
14824,6.533037179739474e-06
14825,6.715170920369419e-08
14826,7.124176368197579e-06
14827,5.606493715984668e-06
14828,4.8948281830987534e-06
14829,4.816207041740651e-08
14830,4.816207041740651e-08
14831,1.850787776410391e-05
14832,1.6723997866334754e-05
14833,3.78235516341809e-08
14834,3.550170591009911e-05
14835,4.739205207123671e-06
14836,2.5700189093006188e-05
14837,1.3682434730093787e-05
14838,4.37289809834042e-05
14839,5.855222805569599e-06
14840,4.232888356143353e-05
14841,1.2451007501704985e-05
14842,5.3447596289939116e-05
14843,8.137564451293906e-06
14844,3.309667459598288e-05
14845,1.1644992356732589e-05
14846,3.926828147199314e-05
14847,4.7641157993465865e-06
14848,2.4244915502021957e-05
14849,3.889663216446158e-06
14850,2.1307483297458105e-05
14851,7.347760832167804e-07
14852,7.347760832167804e-07
14853,5.119913791204008e-06
14854,6.42911683978055e-05
14855,2.5457024326321722e-05
14856,1.0750650353866867e-05
14857,2.7941428509576047e-05
14858,3.309667459598288e-05
14859,4.305506070831409e-06
14860,1.3682434730093787e-05
14861,5.090491525130026e-06
14862,1.8024136615215226e-05
14863,1.8129085397442568e-05
14864,1.763317027055864e-05
14865,1.763317027055864e-05
14866,1.763317027055864e-05
14867,7.325903801898597e-06
14868,5.234179588779261e-05
14869,1.8974895579305917e-05
14870,4.960547993200092e-05
14871,2.2676283488054084e-05
14872,5.690145174255178e-05
14873,1.2451007501704985e-05
14874,2.171238991836809e-05
14875,6.879364539130577e-06
14876,3.190326998781408e-05
14877,1.4179314817945976e-05
14878,2.889334277513483e-05
14879,6.663125920859241e-05
14880,1.1106870906897075e-05
14881,2.6319758826481655e-05
14882,1.8024136615215226e-05
14883,1.6778098339098316e-05
14884,3.926828147199314e-05
14885,2.2274735313271023e-05
14886,9.8162622946691e-06
14887,1.763317027055864e-05
14888,1.8435784222215333e-05
14889,1.983676114667277e-05
14890,8.746542147825664e-06
14891,2.081620937834691e-05
14892,1.1644992356732589e-05
14893,2.0549076217869553e-05
14894,2.3765283885415858e-06
14895,2.2031247587734707e-05
14896,6.47964763296422e-06
14897,9.844233795786024e-06
14898,7.65439688810413e-06
14899,1.8129085397442568e-05
14900,1.4146699101441198e-05
14901,1.0857419387940288e-05
14902,2.6076568044998916e-05
14903,5.733999244647437e-06
14904,2.5727195700756993e-06
14905,1.8581267500807902e-05
14906,3.926828147199314e-05
14907,2.221107474046999e-05
14908,4.7641157993465865e-06
14909,1.4780495544012343e-05
14910,3.3024904747861657e-06
14911,2.767691883844998e-05
14912,6.115777068064974e-06
14913,2.9985371526548482e-06
14914,4.787717013999522e-05
14915,2.171238991836809e-05
14916,0.00013289003239992742
14917,4.5537757643729275e-06
14918,3.4698728492963665e-05
14919,5.167543924003077e-06
14920,6.533037179739474e-06
14921,2.2487345828901388e-05
14922,9.983179633554033e-06
14923,6.830633588881178e-06
14924,2.6232464898206492e-05
14925,1.6685613070036195e-05
14926,6.830633588881178e-06
14927,1.8024136615215226e-05
14928,1.1677952132570508e-05
14929,6.879364539130577e-06
14930,5.26623736331172e-06
14931,2.5515775695340235e-05
14932,3.409719701304325e-05
14933,6.784292077741517e-06
14934,7.795624630076884e-06
14935,2.691058366893191e-05
14936,1.0750650353866867e-05
14937,6.047390258570638e-06
14938,1.8460090098661703e-06
14939,1.0454254038375944e-05
14940,1.5956653060549118e-05
14941,9.844233795786024e-06
14942,1.1836670161158395e-05
14943,1.1439436660058208e-05
14944,4.754748103679141e-06
14945,9.7950553838749e-06
14946,5.726319896952129e-06
14947,1.2547158450459412e-05
14948,1.2547158450459412e-05
14949,1.6867743870140347e-06
14950,5.791375776054895e-06
14951,1.2451007501704985e-05
14952,3.1215601526009347e-05
14953,3.196557135987845e-05
14954,1.4179314817945976e-05
14955,2.6319758826481655e-05
14956,1.2826023326288584e-05
14957,1.2279115364674386e-05
14958,2.0389030618798876e-05
14959,6.819528760337553e-08
14960,4.398077317176066e-06
14961,1.784178363150239e-05
14962,3.926828147199314e-05
14963,1.6709694019828036e-05
14964,8.865359047952257e-06
14965,2.2839774934399727e-05
14966,2.01427544029629e-05
14967,1.7998438393495994e-05
14968,7.329428962093246e-06
14969,3.831220070692776e-06
14970,1.4515881844721867e-06
14971,6.7349596039378535e-06
14972,1.0948484236713208e-05
14973,2.1139176639676687e-06
14974,2.4662631681292474e-05
14975,5.509607098696422e-06
14976,8.243848403349646e-06
14977,1.4515881844721867e-06
14978,3.2776939576963764e-05
14979,2.0278891203424817e-05
14980,3.252859130671301e-06
14981,3.677236689887333e-05
14982,8.137564451293906e-06
14983,8.79219889454674e-06
14984,2.6319758826481655e-05
14985,1.4782810473594473e-05
14986,7.682893847554348e-06
14987,2.472446640117757e-05
14988,3.567289358800989e-06
14989,2.6297972504586757e-05
14990,4.681706123643443e-05
14991,2.5457024326321722e-05
14992,1.0679981774516916e-05
14993,1.763317027055864e-05
14994,2.544141093801404e-06
14995,3.096609344774479e-05
14996,3.5960908736418886e-05
14997,1.8974895579305917e-05
14998,3.7160634000884236e-06
14999,5.900895157352535e-06
15000,9.823787234911673e-06
15001,3.080654430191315e-05
15002,2.4662631681292474e-05
15003,9.983179633554033e-06
15004,2.3997630090300777e-05
15005,3.309667459598288e-05
15006,9.823787234911673e-06
15007,8.518218154287182e-06
15008,3.457546241666303e-06
15009,2.4940012581025277e-05
15010,2.0389030618798876e-05
15011,1.0754660573650312e-05
15012,5.553687672719803e-05
15013,1.1863193057143497e-05
15014,2.39372234713232e-05
15015,6.044401551024445e-05
15016,1.4571977729669638e-05
15017,1.9756906355571455e-05
15018,3.926828147199314e-05
15019,1.8024136615215226e-05
15020,9.346768684555354e-06
15021,1.568203584627761e-05
15022,2.324106206228486e-05
15023,1.9004063843858377e-07
15024,3.550170591009911e-05
15025,8.18763536864292e-06
15026,9.639974340426525e-05
15027,2.472446640117757e-05
15028,3.926828147199314e-05
15029,1.6685613070036195e-05
15030,1.8024136615215226e-05
15031,3.6611492350975046e-05
15032,5.606493715984668e-06
15033,2.9429745159228694e-07
15034,3.903056025989452e-05
15035,3.682437588552389e-06
15036,1.1997764685598476e-05
15037,2.1744228134562504e-06
15038,1.9630594760982557e-05
15039,1.8805946600225752e-05
15040,4.7641157993465865e-06
15041,1.0948484236713208e-05
15042,3.2445422920513604e-05
15043,4.0363958337693707e-05
15044,1.0213215316709365e-05
15045,2.0389030618798876e-05
15046,6.360502039997857e-05
15047,7.093473057467248e-05
15048,1.9756906355571455e-05
15049,8.851037022999384e-06
15050,1.763317027055864e-05
15051,3.5517004061818853e-06
15052,9.88842290502726e-05
15053,1.369814157940644e-05
15054,9.239391415410769e-06
15055,8.031641710132544e-08
15056,1.2013322342028058e-05
15057,5.733999244647437e-06
15058,3.919953362856588e-06
15059,4.7692406739799295e-06
15060,1.4104712994278682e-07
15061,1.8805946600225752e-05
15062,6.40247174245721e-05
15063,2.0549076217869553e-05
15064,2.9445014051550298e-05
15065,6.167009188748751e-06
15066,9.594154120435579e-06
15067,1.1657463000347894e-05
15068,4.826660337532158e-05
15069,2.8638297407765024e-05
15070,1.8805946600225752e-05
15071,1.1663973207448035e-05
15072,1.369814157940644e-05
15073,5.606493715984668e-06
15074,3.513643531582234e-05
15075,1.2752228797459337e-05
15076,9.318008668577259e-06
15077,6.167009188748751e-06
15078,7.993519340531444e-06
15079,4.2067759240722076e-07
15080,4.223512266542004e-05
15081,6.076666691901281e-06
15082,1.8538364677761307e-05
15083,6.660113175588203e-06
15084,9.037310875955778e-06
15085,1.0416189543517678e-05
15086,4.318728061330904e-09
15087,1.3530675008421058e-05
15088,1.8581267500807902e-05
15089,1.9496757374554444e-05
15090,3.889663216446158e-06
15091,1.2547158450459412e-05
15092,1.4571977729669638e-05
15093,1.0377534339301461e-05
15094,9.037310875955778e-06
15095,2.1448433127586255e-05
15096,2.569745318314875e-05
15097,3.721232060762215e-06
15098,1.0377534339301461e-05
15099,3.3966947663269634e-05
15100,1.7270964975051677e-05
15101,2.5341379931947438e-05
15102,1.6709694019828036e-05
15103,2.4199374356353516e-06
15104,2.6232464898206492e-05
15105,5.9014982280256294e-05
15106,2.0148575338232288e-05
15107,6.784292077741517e-06
15108,1.6797119349840586e-06
15109,3.6507089828137565e-05
15110,1.2547158450459412e-05
15111,3.489693626393209e-06
15112,1.6728641075111128e-05
15113,3.56872110546786e-05
15114,1.9496757374554444e-05
15115,0.0004133814748204297
15116,2.5345955738682367e-05
15117,1.56237812375348e-05
15118,9.736558757118512e-06
15119,2.3841957788260876e-06
15120,1.7998438393495994e-05
15121,4.896182214544913e-07
15122,3.2119393217522706e-05
15123,2.4103830483351125e-05
15124,2.1203166824777452e-06
15125,2.5405269042018534e-05
15126,5.574238617669124e-06
15127,9.903911426043947e-06
15128,3.2954115481386596e-05
15129,1.4515881844721867e-06
15130,1.851909871488892e-05
15131,1.2547158450459412e-05
15132,1.1644992356732589e-05
15133,9.16577641018437e-06
15134,1.0169209452128884e-05
15135,2.8638297407765024e-05
15136,1.2499106818882815e-05
15137,5.469711135728868e-06
15138,2.3895855388216243e-07
15139,0.0001335555889819833
15140,2.628994353531093e-05
15141,2.5515775695340235e-05
15142,1.2547158450459412e-05
15143,2.6574786841339348e-05
15144,2.0940793139358538e-05
15145,9.736558757118512e-06
15146,2.5877783526440767e-05
15147,6.328344014678506e-05
15148,2.5341379931947438e-05
15149,4.727389207494311e-05
15150,1.3239210500608966e-05
15151,1.3820753173689307e-06
15152,2.1832170514423353e-06
15153,3.3241769721805644e-05
15154,1.2547158450459412e-05
15155,5.975153659323618e-05
15156,3.857321283308478e-05
15157,1.952037296544089e-05
15158,1.7619111858258318e-05
15159,1.6709694019828036e-05
15160,1.369814157940644e-05
15161,5.029250761221413e-07
15162,0.00014507930521771872
15163,5.46746317790583e-06
15164,1.2547158450459412e-05
15165,3.612312478750076e-06
15166,1.2547158450459412e-05
15167,9.823787234911673e-06
15168,5.733999244647437e-06
15169,1.2499106818882815e-05
15170,3.223478423162025e-06
15171,3.7160634000884236e-06
15172,1.1032129511762224e-05
15173,1.634994038941602e-05
15174,5.103883311509619e-05
15175,7.548761950666645e-06
15176,1.3640601960511575e-05
15177,1.357636909726148e-06
15178,4.3663704358214805e-05
15179,2.0389030618798876e-05
15180,9.784432919432065e-05
15181,4.754748103679141e-06
15182,1.763317027055864e-05
15183,6.076666691901281e-06
15184,4.9570580827866335e-05
15185,1.634994038941602e-05
15186,4.424539677862009e-06
15187,2.9320528483521212e-06
15188,7.86375023253337e-06
15189,1.2752228797459337e-05
15190,3.309667459598288e-05
15191,6.0812585611422054e-06
15192,3.5512823101964576e-06
15193,6.076666691901281e-06
15194,5.306868214407795e-07
15195,2.6232464898206492e-05
15196,6.8116197884448095e-06
15197,2.7090952015066443e-05
15198,1.5623712047274186e-05
15199,1.1721173360041573e-05
15200,3.309667459598288e-05
15201,7.325903801898597e-06
15202,2.324106206228486e-05
15203,6.84267396992714e-07
15204,7.183965645408706e-06
15205,3.3183219578655996e-05
15206,3.440845031356311e-05
15207,4.602420121969102e-05
15208,8.332518779767747e-05
15209,3.2445422920513604e-05
15210,3.926828147199314e-05
15211,3.550170591009911e-05
15212,1.6778098339098316e-05
15213,8.911061552311184e-06
15214,1.4780495544012343e-05
15215,6.794712883061273e-05
15216,1.3262288154246855e-05
15217,2.4662631681292474e-05
15218,4.170085057168363e-06
15219,9.736558757118512e-06
15220,1.2857782005483696e-05
15221,4.983428830864382e-06
15222,5.1633498186512244e-05
15223,3.080654430191315e-05
15224,9.622365479210942e-06
15225,7.016287745516977e-06
15226,1.6723997866334754e-05
15227,2.4662631681292474e-05
15228,3.7521152634236e-05
15229,1.3414876534124496e-05
15230,1.6237863075886144e-05
15231,3.3768103584713837e-06
15232,0.00010052345217395942
15233,2.1216657251149676e-05
15234,2.3079566049958632e-05
15235,9.006527703519867e-07
15236,3.550170591009911e-05
15237,2.8638297407765024e-05
15238,5.509607098696422e-06
15239,3.579259214609329e-05
15240,4.535040166274021e-05
15241,1.6627177907637575e-06
15242,1.2752228797459337e-05
15243,4.754748103679141e-06
15244,9.318008668577259e-06
15245,1.2569710443649203e-05
15246,5.090491525130026e-06
15247,6.784292077741517e-06
15248,1.1152414258539597e-05
15249,1.587607735487706e-05
15250,2.0940793139358538e-05
15251,7.548761950666645e-06
15252,1.763317027055864e-05
15253,1.7682175400113824e-05
15254,1.5217656917777877e-05
15255,3.096609344774479e-05
15256,2.8638297407765024e-05
15257,8.923409068108718e-06
15258,1.2752228797459337e-05
15259,5.094381667434789e-06
15260,4.966210136356972e-07
15261,1.9971688459737037e-05
15262,2.3381015662990973e-05
15263,1.4782810473594473e-05
15264,1.6685613070036195e-05
15265,7.824258446679881e-06
15266,1.0331353779356072e-05
15267,1.4571977729669638e-05
15268,0.00020330234571423714
15269,1.763317027055864e-05
15270,7.124176368197579e-06
15271,1.6685613070036195e-05
15272,1.6723997866334754e-05
15273,1.0857419387940288e-05
15274,2.9414532597051834e-06
15275,4.758563856264241e-06
15276,3.309667459598288e-05
15277,2.6232464898206492e-05
15278,4.677379547139544e-05
15279,2.5936808542615944e-05
15280,9.318008668577259e-06
15281,4.620423155479639e-05
15282,7.89755808065313e-06
15283,2.5341379931947438e-05
15284,2.6232464898206492e-05
15285,2.5727195700756993e-06
15286,2.39372234713232e-05
15287,2.5727195700756993e-06
15288,1.2451007501704985e-05
15289,4.425660151342172e-05
15290,2.4438956080141132e-05
15291,4.3663704358214805e-05
15292,3.309667459598288e-05
15293,4.816207041740651e-08
15294,8.244613255882126e-06
15295,1.0313207022366888e-05
15296,4.289724943221587e-06
15297,3.794762843547894e-06
15298,1.2451007501704985e-05
15299,1.5623712047274186e-05
15300,1.0679981774516916e-05
15301,3.223478423162025e-06
15302,5.806609816803655e-08
15303,4.003904816484251e-05
15304,3.0595285720888214e-05
15305,4.373458287193397e-07
15306,3.543302466457338e-05
15307,2.6232464898206492e-05
15308,1.6685613070036195e-05
15309,3.726055405653195e-06
15310,9.263726349490309e-06
15311,9.753306518785305e-06
15312,6.3391743123908195e-06
15313,4.131850991177103e-05
15314,9.16577641018437e-06
15315,9.255783930672972e-07
15316,1.6340586738195945e-05
15317,3.611722680770969e-05
15318,3.9077551272554344e-05
15319,1.9756906355571455e-05
15320,2.5727195700756993e-06
15321,1.3409376265318766e-05
15322,3.257882986227646e-06
15323,5.8601534462784986e-05
15324,5.090491525130026e-06
15325,1.0679981774516916e-05
15326,1.1657463000347894e-05
15327,3.746432000039999e-05
15328,4.398077317176066e-06
15329,2.1258019776055202e-05
15330,2.6766601071172094e-05
15331,9.983179633554033e-06
15332,1.1693594350538298e-05
15333,1.5470601645397455e-05
15334,6.466167127861589e-06
15335,3.4812500862638803e-05
15336,1.634994038941602e-05
15337,3.721232060762215e-06
15338,2.7546568133116266e-05
15339,6.84267396992714e-07
15340,1.0377534339301461e-05
15341,1.6778098339098316e-05
15342,1.2547158450459412e-05
15343,9.398839347037353e-06
15344,1.1152414258539597e-05
15345,1.3991146493111018e-05
15346,1.752099089625571e-05
15347,1.1644992356732589e-05
15348,6.094709007819456e-05
15349,9.883460640919919e-06
15350,1.9867793566018648e-05
15351,1.56237812375348e-05
15352,1.6894602605992524e-06
15353,1.2547158450459412e-05
15354,3.6218568527523586e-05
15355,2.363035128339922e-05
15356,5.469711135728868e-06
15357,4.739205207123671e-06
15358,2.2274735313271023e-05
15359,4.721706381822767e-06
15360,4.739205207123671e-06
15361,2.1135022209280455e-06
15362,1.5058198040082812e-05
15363,2.097404340523741e-06
15364,1.754123023082405e-05
15365,1.277693412551989e-05
15366,2.4199374356353516e-06
15367,4.398077317176066e-06
15368,2.0940793139358538e-05
15369,1.8910317603938995e-05
15370,1.2857782005483696e-05
15371,2.5457024326321722e-05
15372,1.7005787364643117e-05
15373,4.995117563042747e-06
15374,0.0001303378530347307
15375,3.929128211308483e-06
15376,1.7255117087518805e-05
15377,2.4199374356353516e-06
15378,1.6562317264226353e-05
15379,1.1152414258539597e-05
15380,6.187527430052336e-06
15381,1.2752228797459337e-05
15382,3.809026981594237e-05
15383,3.646874802707865e-06
15384,1.0377534339301461e-05
15385,7.795624630076884e-06
15386,3.926828147199314e-05
15387,5.977473636206564e-06
15388,6.490178552997004e-06
15389,2.5457024326321722e-05
15390,1.6685613070036195e-05
15391,2.2977567506047806e-07
15392,3.2445422920513604e-05
15393,3.543302466457338e-05
15394,7.063549449832523e-07
15395,1.1918676508060773e-05
15396,9.263726349490309e-06
15397,1.1997764685598476e-05
15398,5.878509982830556e-05
15399,2.4662631681292474e-05
15400,1.8806259176824244e-05
15401,1.8129085397442568e-05
15402,8.461195848300982e-06
15403,1.60280005887528e-06
15404,7.505313940780551e-06
15405,7.227686254926452e-06
15406,2.257859274798186e-05
15407,1.2085578189964074e-05
15408,6.347358204061206e-06
15409,1.2451007501704985e-05
15410,3.2960346341285596e-05
15411,2.069980032870086e-08
15412,2.3244265466959907e-05
15413,1.1470056993588499e-05
15414,1.0924115674501308e-05
15415,3.7387763057114944e-05
15416,9.823787234911673e-06
15417,4.0063190858350506e-05
15418,1.7629656216829875e-06
15419,2.324106206228486e-05
15420,1.66801693039325e-05
15421,5.900895157352535e-06
15422,5.637976846777472e-06
15423,3.309667459598288e-05
15424,1.8460090098661703e-06
15425,6.632624483857994e-06
15426,3.3002804081806606e-08
15427,1.3073514415799466e-05
15428,2.1744228134562504e-06
15429,1.9496757374554444e-05
15430,1.197163925597876e-05
15431,9.883460640919919e-06
15432,3.6384885364149834e-06
15433,5.735372166097906e-05
15434,6.84267396992714e-07
15435,3.3673023383959165e-05
15436,2.927653805636633e-05
15437,1.529962178010783e-05
15438,3.3334057599760894e-06
15439,9.983179633554033e-06
15440,1.166205935181289e-05
15441,5.2012960364140266e-05
15442,0.00019253518223548465
15443,1.583218016113618e-05
15444,5.977473636206564e-06
15445,3.5806715145296697e-06
15446,6.807153939081614e-06
15447,4.7641157993465865e-06
15448,1.0169209452128884e-05
15449,1.6321563674865662e-06
15450,5.16508523954363e-06
15451,6.03146442030491e-06
15452,6.77801328557527e-06
15453,3.935438766135427e-06
15454,1.0341492697675664e-05
15455,9.883460640919919e-06
15456,4.216671834614975e-05
15457,1.0249927532421003e-05
15458,2.5515775695340235e-05
15459,2.5457024326321722e-05
15460,2.9654860686001054e-05
15461,5.2561529384327414e-06
15462,9.263726349490309e-06
15463,3.550170591009911e-05
15464,3.8105290210940635e-05
15465,1.2547158450459412e-05
15466,7.227686254926452e-06
15467,7.47946863768871e-05
15468,5.574238617669124e-06
15469,5.080966135614927e-06
15470,4.754748103679141e-06
15471,1.1050065501815846e-05
15472,1.950897543364397e-05
15473,6.660113175588203e-06
15474,2.097404340523741e-06
15475,1.8024136615215226e-05
15476,4.1382249783334205e-05
15477,9.594154120435579e-06
15478,5.951641545449994e-05
15479,2.6366617112429715e-05
15480,1.5828352488244737e-05
15481,3.3517840892729225e-05
15482,5.659867290427026e-06
15483,1.8538364677761307e-05
15484,1.0377534339301461e-05
15485,2.8638297407765024e-05
15486,7.353929444195366e-06
15487,1.1644992356732589e-05
15488,1.8974895579305917e-05
15489,3.618237044459064e-05
15490,1.1644992356732589e-05
15491,7.325903801898597e-06
15492,3.252859130671301e-06
15493,1.5217656917777877e-05
15494,4.88001542070682e-06
15495,6.391459276503222e-05
15496,0.00010352328025458499
15497,1.2547158450459412e-05
15498,0.001924917480149673
15499,2.7149084543122447e-06
15500,1.8024136615215226e-05
15501,1.0750650353866867e-05
15502,1.1657463000347894e-05
15503,1.1657463000347894e-05
15504,4.6134084843768955e-05
15505,1.0679981774516916e-05
15506,6.466167127861589e-06
15507,2.4586843977755617e-05
15508,2.900439593488112e-05
15509,1.6452166147152925e-05
15510,2.785041548221168e-05
15511,1.3160600112368369e-06
15512,7.04087630940213e-06
15513,1.7315661987836336e-05
15514,2.3841957788260876e-06
15515,1.2504365465339304e-05
15516,4.739205207123671e-06
15517,1.131836880456785e-05
15518,3.156293685947285e-05
15519,3.2445422920513604e-05
15520,1.75856283615666e-05
15521,4.344030950276581e-05
15522,2.0389030618798876e-05
15523,8.244613255882126e-06
15524,0.00010202250030471311
15525,1.462222241583002e-05
15526,3.471441429233232e-05
15527,3.682437588552389e-06
15528,5.821636477661691e-06
15529,1.6778098339098316e-05
15530,1.0377534339301461e-05
15531,3.806293414579964e-05
15532,2.324106206228486e-05
15533,1.8024136615215226e-05
15534,9.983179633554033e-06
15535,2.4771617679629762e-05
15536,1.1997764685598476e-05
15537,1.835077976800327e-05
15538,3.367122987356735e-06
15539,7.500813242128679e-07
15540,9.8162622946691e-06
15541,2.249111936793878e-05
15542,3.7160634000884236e-06
15543,8.244613255882126e-06
15544,3.309667459598288e-05
15545,9.24949696876159e-06
15546,1.997239349144412e-08
15547,6.076666691901281e-06
15548,9.77699499185846e-06
15549,3.2445422920513604e-05
15550,5.874221594061904e-06
15551,7.749559105333016e-07
15552,1.0332946556311193e-07
15553,1.6685613070036195e-05
15554,6.77801328557527e-06
15555,2.9429745159228694e-07
15556,1.2547158450459412e-05
15557,1.2823640579924234e-05
15558,8.461195848300982e-06
15559,1.3130183076319016e-06
15560,1.9756906355571455e-05
15561,6.3771928804116785e-06
15562,5.094381667434789e-06
15563,1.6685613070036195e-05
15564,4.177845259199399e-06
15565,5.2946251810429825e-06
15566,7.476998738209224e-05
15567,3.646874802707865e-06
15568,1.7207844604559312e-05
15569,2.5341379931947438e-05
15570,2.5727195700756993e-06
15571,3.3577468101269214e-06
15572,5.574238617669124e-06
15573,3.757864294348512e-05
15574,6.059943009524971e-05
15575,8.191150244508629e-08
15576,5.259343197053732e-05
15577,3.4523980045460227e-05
15578,2.785041548221168e-05
15579,1.9496757374554444e-05
15580,4.816207041740651e-08
15581,3.4060886699137904e-05
15582,2.5515775695340235e-05
15583,1.6685613070036195e-05
15584,1.2984504279178751e-05
15585,3.919953362856588e-06
15586,4.2833214625370395e-05
15587,1.6709694019828036e-05
15588,5.637976846777472e-06
15589,9.903911426043947e-06
15590,3.806293414579964e-05
15591,5.574238617669124e-06
15592,1.5217656917777877e-05
15593,1.408838715935918e-05
15594,1.5297973334879203e-05
15595,6.252206408697464e-06
15596,4.330721749127833e-06
15597,2.0167755210234932e-06
15598,2.5515775695340235e-05
15599,3.2445422920513604e-05
15600,3.096609344774479e-05
15601,3.721232060762215e-06
15602,1.1988169966819532e-05
15603,1.2547158450459412e-05
15604,3.379379846859113e-05
15605,2.9985371526548482e-06
15606,1.4901359538286225e-05
15607,2.472446640117757e-05
15608,1.847106690969064e-05
15609,1.1050065501815846e-05
15610,6.7349596039378535e-06
15611,1.1050065501815846e-05
15612,4.023291535536111e-05
15613,6.7349596039378535e-06
15614,2.970325875375545e-06
15615,1.1050065501815846e-05
15616,1.8129085397442568e-05
15617,4.465834674811342e-05
15618,1.2743693960248076e-05
15619,1.357636909726148e-06
15620,6.879364539130577e-06
15621,3.682437588552389e-06
15622,2.6232464898206492e-05
15623,1.1925938141676377e-05
15624,4.1557194655780015e-05
15625,1.3073514415799466e-05
15626,2.6232464898206492e-05
15627,1.1106870906897075e-05
15628,3.309667459598288e-05
15629,2.0549076217869553e-05
15630,2.6232464898206492e-05
15631,1.8024136615215226e-05
15632,6.428344504299157e-06
15633,1.8024136615215226e-05
15634,7.548761950666645e-06
15635,2.7139257000487615e-05
15636,7.016287745516977e-06
15637,6.660113175588203e-06
15638,1.1050065501815846e-05
15639,4.955218944887869e-05
15640,1.1050065501815846e-05
15641,1.2504365465339304e-05
15642,6.3391743123908195e-06
15643,1.128061277732567e-05
15644,4.373458287193397e-07
15645,1.1351891818827818e-05
15646,7.016287745516977e-06
15647,1.2984504279178751e-05
15648,1.0642274545656099e-05
15649,4.085803688443996e-06
15650,1.9782556808026496e-05
15651,8.676888214110763e-09
15652,6.9763925007491356e-06
15653,1.3409376265318766e-05
15654,5.119913791204008e-06
15655,1.9496757374554444e-05
15656,4.510532463645274e-06
15657,8.17231993298234e-06
15658,1.3134681157351406e-05
15659,4.7692406739799295e-06
15660,2.079854819816605e-06
15661,3.0881432029343416e-05
15662,8.865359047952257e-06
15663,4.8948281830987534e-06
15664,4.3530725578001814e-05
15665,7.548761950666645e-06
15666,8.491704704360493e-06
15667,7.576943496609821e-05
15668,4.388716655737353e-05
15669,1.5217656917777877e-05
15670,3.3334057599760894e-06
15671,1.9766402380370655e-05
15672,3.7160634000884236e-06
15673,4.8948281830987534e-06
15674,1.8577722156547877e-05
15675,1.8806259176824244e-05
15676,1.6709694019828036e-05
15677,1.1050065501815846e-05
15678,9.039279745298303e-05
15679,1.3635630496953508e-05
15680,8.137564451293906e-06
15681,7.016287745516977e-06
15682,2.257859274798186e-05
15683,1.863188248613669e-05
15684,1.0857419387940288e-05
15685,5.509607098696422e-06
15686,3.0906509857768925e-05
15687,7.04087630940213e-06
15688,2.1744228134562504e-06
15689,1.6097974149779165e-05
15690,3.309667459598288e-05
15691,3.158043429808391e-05
15692,3.926828147199314e-05
15693,1.0331353779356072e-05
15694,3.926828147199314e-05
15695,8.137564451293906e-06
15696,1.1644992356732589e-05
15697,8.137564451293906e-06
15698,7.89755808065313e-06
15699,5.574238617669124e-06
15700,1.2085578189964074e-05
15701,1.1663973207448035e-05
15702,2.257859274798186e-05
15703,1.2752228797459337e-05
15704,7.449902406129431e-06
15705,7.548761950666645e-06
15706,2.3909235063082196e-05
15707,1.0377534339301461e-05
15708,2.6232464898206492e-05
15709,4.816207041740651e-08
15710,1.8538364677761307e-05
15711,2.6232464898206492e-05
15712,3.857321283308478e-05
15713,9.983179633554033e-06
15714,3.0701358246878705e-05
15715,5.606493715984668e-06
15716,3.196557135987845e-05
15717,4.081953044758512e-06
15718,2.1744228134562504e-06
15719,1.1875799467932967e-05
15720,7.548761950666645e-06
15721,2.6232464898206492e-05
15722,2.5826453593806244e-06
15723,7.548761950666645e-06
15724,4.983428830864382e-06
15725,1.2859160646836952e-05
15726,1.6709694019828036e-05
15727,3.727382220091563e-06
15728,9.844233795786024e-06
15729,5.819100281622349e-06
15730,2.0389030618798876e-05
15731,1.5217656917777877e-05
15732,1.8538364677761307e-05
15733,4.373458287193397e-07
15734,2.6232464898206492e-05
15735,6.830633588881178e-06
15736,2.5178919391819344e-06
15737,5.5445237224291346e-05
15738,1.1836670161158395e-05
15739,5.855222805569599e-06
15740,1.357636909726148e-06
15741,3.889663216446158e-06
15742,3.0495527855264824e-06
15743,2.785041548221168e-05
15744,3.3768103584713837e-06
15745,8.243848403349646e-06
15746,2.5720303332723476e-05
15747,6.810288117168303e-05
15748,3.646874802707865e-06
15749,2.122392891394275e-06
15750,7.124176368197579e-06
15751,2.1957543154616732e-05
15752,8.058595813874896e-07
15753,0.0001005587637730375
15754,1.1863193057143497e-05
15755,6.0812585611422054e-06
15756,3.2445422920513604e-05
15757,7.325903801898597e-06
15758,8.851037022999384e-06
15759,1.4350374475205475e-05
15760,2.9351060476007036e-05
15761,1.835407875307546e-06
15762,3.0495527855264824e-06
15763,7.009694715600637e-06
15764,3.6954725355878477e-06
15765,3.727382220091563e-06
15766,2.8401670954516686e-05
15767,1.0368287126366704e-05
15768,4.983428830864382e-06
15769,1.5383518406001088e-05
15770,9.510541115154743e-06
15771,1.0377534339301461e-05
15772,7.795624630076884e-06
15773,9.337069076832287e-05
15774,1.0377534339301461e-05
15775,5.306868214407795e-07
15776,1.0213215316709365e-05
15777,2.7149084543122447e-06
15778,3.172312495002965e-06
15779,1.1918676508060773e-05
15780,9.736558757118512e-06
15781,3.2445422920513604e-05
15782,6.466167127861589e-06
15783,7.325903801898597e-06
15784,7.795624630076884e-06
15785,5.84734211973905e-05
15786,2.6232464898206492e-05
15787,4.8948281830987534e-06
15788,7.512318174483221e-06
15789,9.273329360391642e-06
15790,5.094381667434789e-06
15791,3.8659350327565843e-07
15792,1.0274166338583712e-05
15793,1.4335623204532013e-07
15794,1.0377534339301461e-05
15795,5.167543924003077e-06
15796,8.18763536864292e-06
15797,3.309667459598288e-05
15798,9.983179633554033e-06
15799,5.094381667434789e-06
15800,3.489693626393209e-06
15801,1.0377534339301461e-05
15802,9.823787234911673e-06
15803,3.816842810740284e-08
15804,2.6319758826481655e-05
15805,4.7641157993465865e-06
15806,7.548761950666645e-06
15807,5.574238617669124e-06
15808,1.2504365465339304e-05
15809,8.849308424856904e-06
15810,9.983179633554033e-06
15811,2.1889635175949354e-05
15812,3.539311530167583e-06
15813,4.545762176800581e-06
15814,5.236114750762844e-06
15815,3.7160634000884236e-06
15816,1.60280005887528e-06
15817,4.4994601368945265e-05
15818,5.236114750762844e-06
15819,8.446553387898975e-06
15820,9.910026307784097e-06
15821,7.682893847554348e-06
15822,8.865359047952257e-06
15823,5.509607098696422e-06
15824,8.35396901245353e-06
15825,1.1187858695687232e-05
15826,7.063549449832523e-07
15827,2.3895855388216243e-07
15828,1.3530675008421058e-05
15829,5.738200798260318e-05
15830,9.983179633554033e-06
15831,2.3895855388216243e-07
15832,2.324106206228486e-05
15833,1.8538364677761307e-05
15834,2.0389030618798876e-05
15835,1.2547158450459412e-05
15836,9.16577641018437e-06
15837,4.7641157993465865e-06
15838,1.974814522182997e-05
15839,1.529962178010783e-05
15840,4.433994353239081e-06
15841,6.84267396992714e-07
15842,2.0095920401126055e-05
15843,3.080654430191315e-05
15844,1.9766402380370655e-05
15845,1.1187858695687232e-05
15846,6.8012151300323124e-06
15847,1.9756906355571455e-05
15848,1.0341492697675664e-05
15849,1.0273732253466651e-05
15850,8.137564451293906e-06
15851,1.369814157940644e-05
15852,1.1187858695687232e-05
15853,7.795624630076884e-06
15854,2.058857195299889e-05
15855,1.615083782779101e-08
15856,1.0377534339301461e-05
15857,1.5291250412817503e-05
15858,0.00022393009737874217
15859,4.033277943519304e-05
15860,3.820445954964836e-05
15861,9.263726349490309e-06
15862,9.844233795786024e-06
15863,4.8557900828684785e-06
15864,3.3410025254836864e-05
15865,2.5727195700756993e-06
15866,2.324106206228486e-05
15867,1.3208914524594323e-05
15868,2.9985371526548482e-06
15869,5.020948492982558e-06
15870,5.020948492982558e-06
15871,8.865359047952257e-06
15872,1.658495497062072e-05
15873,9.983179633554033e-06
15874,4.0967789736245143e-07
15875,3.75426025162858e-05
15876,1.6778098339098316e-05
15877,5.46746317790583e-06
15878,0.0001259233715168474
15879,1.228708439718689e-05
15880,3.926828147199314e-05
15881,6.830633588881178e-06
15882,1.2984504279178751e-05
15883,1.0213215316709365e-05
15884,2.3841957788260876e-06
15885,3.550170591009911e-05
15886,4.7641157993465865e-06
15887,7.485926624902738e-06
15888,1.1050065501815846e-05
15889,3.096609344774479e-05
15890,2.4139773424162623e-05
15891,4.7641157993465865e-06
15892,3.926828147199314e-05
15893,5.574238617669124e-06
15894,4.685917832397219e-06
15895,3.223478423162025e-06
15896,8.273475451680754e-06
15897,9.823787234911673e-06
15898,2.8925781845312225e-05
15899,3.54898591020141e-06
15900,2.569745318314875e-05
15901,1.2013322342028058e-05
15902,1.1668668853090769e-05
15903,7.009694715600637e-06
15904,2.889334277513483e-05
15905,2.5515775695340235e-05
15906,1.8667014493856614e-06
15907,1.0273732253466651e-05
15908,8.865359047952257e-06
15909,1.228708439718689e-05
15910,1.5217656917777877e-05
15911,4.496221929152011e-06
15912,5.241875531581324e-06
15913,1.1644992356732589e-05
15914,6.9763925007491356e-06
15915,2.3331530686283503e-05
15916,1.1644992356732589e-05
15917,8.461195848300982e-06
15918,2.569745318314875e-05
15919,5.733999244647437e-06
15920,6.2661916049877445e-06
15921,1.777324006841287e-05
15922,3.853104167743302e-06
15923,9.7950553838749e-06
15924,1.9756906355571455e-05
15925,2.3147390505172322e-06
15926,1.1657463000347894e-05
15927,1.2085578189964074e-05
15928,4.207408501786292e-06
15929,4.758563856264241e-06
15930,5.574238617669124e-06
15931,2.2673102614809077e-05
15932,3.3768103584713837e-06
15933,2.279887060561325e-06
15934,6.200538544687757e-05
15935,3.489693626393209e-06
15936,1.0169209452128884e-05
15937,2.7911491191413743e-06
15938,1.369814157940644e-05
15939,6.789869364270025e-05
15940,3.309667459598288e-05
15941,3.579259214609329e-05
15942,1.8805946600225752e-05
15943,6.77801328557527e-06
15944,2.6232464898206492e-05
15945,1.763317027055864e-05
15946,4.085803688443996e-06
15947,4.983428830864382e-06
15948,1.4222944383962724e-05
15949,4.090210088280028e-05
15950,7.548761950666645e-06
15951,1.369814157940644e-05
15952,7.449902406129431e-06
15953,1.1997764685598476e-05
15954,4.712418813254684e-06
15955,2.7911491191413743e-06
15956,2.1083274392483527e-07
15957,3.309667459598288e-05
15958,5.915219660215463e-05
15959,2.1984777579395192e-05
15960,5.359455975736333e-06
15961,7.186036157380931e-05
15962,2.900311323100914e-05
15963,4.9091449453105106e-05
15964,7.836010813017346e-05
15965,1.6471837375168771e-06
15966,1.787198627966038e-05
15967,1.2547158450459412e-05
15968,1.8024136615215226e-05
15969,1.6709694019828036e-05
15970,3.230815376480354e-05
15971,3.3577468101269214e-06
15972,3.550170591009911e-05
15973,3.080654430191315e-05
15974,1.983676114667277e-05
15975,8.881973286371031e-06
15976,9.515108067451576e-06
15977,3.3024904747861657e-06
15978,1.180039933720464e-05
15979,3.2446151946335693e-06
15980,1.9766402380370655e-05
15981,2.9320528483521212e-06
15982,2.3841957788260876e-06
15983,1.1644992356732589e-05
15984,2.4903694178749316e-05
15985,1.6723997866334754e-05
15986,2.39372234713232e-05
15987,1.6723997866334754e-05
15988,6.533037179739474e-06
15989,1.8024136615215226e-05
15990,1.2508986890623746e-06
15991,4.983428830864382e-06
15992,4.7692406739799295e-06
15993,9.844233795786024e-06
15994,2.266811042642762e-05
15995,0.00022520704894377704
15996,9.603622280962351e-05
15997,9.823787234911673e-06
15998,3.0567348824779397e-08
15999,1.7774616526518243e-05
16000,2.638324172073524e-06
16001,1.4827662626650407e-05
16002,6.306632850805595e-06
16003,2.9414532597051834e-06
16004,2.897341680685135e-05
16005,7.07235437662937e-06
16006,2.785041548221168e-05
16007,2.785041548221168e-05
16008,6.630825021201226e-05
16009,6.892137571712611e-05
16010,7.795624630076884e-06
16011,3.0210844312353556e-05
16012,1.6685613070036195e-05
16013,5.119913791204008e-06
16014,0.00013731568633521655
16015,1.358798957247344e-06
16016,2.4662631681292474e-05
16017,5.10472997918318e-06
16018,2.767691883844998e-05
16019,3.806293414579964e-05
16020,2.7471378098867538e-05
16021,1.1863193057143497e-05
16022,3.926828147199314e-05
16023,1.8024136615215226e-05
16024,1.2857782005483696e-05
16025,3.260516358589082e-05
16026,4.085985549326954e-06
16027,2.6232464898206492e-05
16028,1.1050065501815846e-05
16029,3.096609344774479e-05
16030,3.677236689887333e-05
16031,7.722045819100435e-05
16032,2.2295241297491007e-05
16033,1.634994038941602e-05
16034,1.1836670161158395e-05
16035,3.3024904747861657e-06
16036,1.1152414258539597e-05
16037,2.6232464898206492e-05
16038,1.2884270418459834e-05
16039,2.0940793139358538e-05
16040,6.249110241859464e-06
16041,1.128061277732567e-05
16042,7.0192360625650635e-06
16043,3.721232060762215e-06
16044,2.0549076217869553e-05
16045,3.54898591020141e-06
16046,1.763317027055864e-05
16047,7.04087630940213e-06
16048,1.0438274842770595e-05
16049,3.196557135987845e-05
16050,3.682437588552389e-06
16051,7.124176368197579e-06
16052,2.5341379931947438e-05
16053,1.9756906355571455e-05
16054,2.2416084507162204e-06
16055,3.309667459598288e-05
16056,9.8162622946691e-06
16057,5.4741796416405667e-05
16058,7.795624630076884e-06
16059,3.080654430191315e-05
16060,3.158043429808391e-05
16061,5.606493715984668e-06
16062,2.5457024326321722e-05
16063,3.2445422920513604e-05
16064,5.74256060132945e-06
16065,2.8638297407765024e-05
16066,4.289724943221587e-06
16067,4.7641157993465865e-06
16068,1.8538364677761307e-05
16069,9.823787234911673e-06
16070,1.4406269508056996e-06
16071,3.919953362856588e-06
16072,3.926828147199314e-05
16073,1.1644992356732589e-05
16074,3.255665200474237e-05
16075,2.6232464898206492e-05
16076,1.983676114667277e-05
16077,4.68476637197657e-06
16078,2.0231258384286043e-05
16079,6.03146442030491e-06
16080,3.857321283308478e-05
16081,2.6232464898206492e-05
16082,2.1145056985208625e-06
16083,6.77801328557527e-06
16084,9.823787234911673e-06
16085,1.8024136615215226e-05
16086,4.816207041740651e-08
16087,1.0679981774516916e-05
16088,7.063549449832523e-07
16089,3.2445422920513604e-05
16090,8.865359047952257e-06
16091,2.6232464898206492e-05
16092,2.079854819816605e-06
16093,1.228708439718689e-05
16094,3.814475447386771e-05
16095,1.6471837375168771e-06
16096,8.518218154287182e-06
16097,4.122970275400578e-05
16098,2.1744228134562504e-06
16099,3.2445422920513604e-05
16100,4.326588404811176e-05
16101,3.309667459598288e-05
16102,3.2445422920513604e-05
16103,6.879364539130577e-06
16104,4.8062581530261184e-06
16105,2.324106206228486e-05
16106,7.698525158811343e-06
16107,5.509607098696422e-06
16108,4.995117563042747e-06
16109,5.080966135614927e-06
16110,1.1187858695687232e-05
16111,6.660113175588203e-06
16112,6.47964763296422e-06
16113,5.659867290427026e-06
16114,1.835407875307546e-06
16115,8.104466126337057e-06
16116,6.784292077741517e-06
16117,1.1644992356732589e-05
16118,4.326588404811176e-05
16119,3.2445422920513604e-05
16120,2.188688234302582e-05
16121,3.2445422920513604e-05
16122,1.2668639946208822e-05
16123,5.917116457175449e-06
16124,4.709003072464982e-06
16125,6.9763925007491356e-06
16126,3.682437588552389e-06
16127,6.47964763296422e-06
16128,1.301201372726162e-05
16129,6.533037179739474e-06
16130,1.8538364677761307e-05
16131,2.638324172073524e-06
16132,3.926828147199314e-05
16133,3.926828147199314e-05
16134,4.191450611820411e-05
16135,5.874221594061904e-06
16136,9.983179633554033e-06
16137,3.2445422920513604e-05
16138,1.4489925033088215e-06
16139,4.681375912419083e-07
16140,4.687336814084638e-06
16141,5.819100281622349e-06
16142,1.8925799316159206e-05
16143,6.047390258570638e-06
16144,8.865359047952257e-06
16145,3.857321283308478e-05
16146,1.8024136615215226e-05
16147,9.844233795786024e-06
16148,2.0389030618798876e-05
16149,2.3895855388216243e-07
16150,4.7641157993465865e-06
16151,0.0005100666743785831
16152,7.548761950666645e-06
16153,2.785041548221168e-05
16154,2.3147390505172322e-06
16155,3.682437588552389e-06
16156,2.3610010523314756e-05
16157,5.574238617669124e-06
16158,1.1657463000347894e-05
16159,2.687517363821461e-05
16160,5.574238617669124e-06
16161,1.5525346015510692e-05
16162,6.03146442030491e-06
16163,9.99333818238958e-06
16164,3.8659350327565843e-07
16165,9.360161008768145e-06
16166,6.076666691901281e-06
16167,5.606493715984668e-06
16168,7.548761950666645e-06
16169,0.00022389877408233365
16170,1.8726469540851526e-05
16171,3.919953362856588e-06
16172,6.03146442030491e-06
16173,3.6384885364149834e-06
16174,2.785041548221168e-05
16175,2.2977567506047806e-07
16176,6.076666691901281e-06
16177,1.7207844604559312e-05
16178,1.1644992356732589e-05
16179,2.8133268893216053e-05
16180,1.9756906355571455e-05
16181,7.548761950666645e-06
16182,5.119913791204008e-06
16183,4.022922972300222e-05
16184,9.983179633554033e-06
16185,4.3456133279418994e-05
16186,2.324106206228486e-05
16187,1.445947247948635e-05
16188,8.35396901245353e-06
16189,9.594154120435579e-06
16190,1.0319925847946167e-06
16191,1.3409376265318766e-05
16192,2.324106206228486e-05
16193,1.1863193057143497e-05
16194,1.1676394396410102e-05
16195,8.981221596183088e-06
16196,1.2547158450459412e-05
16197,1.4571977729669638e-05
16198,1.09231490319743e-05
16199,6.466167127861589e-06
16200,3.2446151946335693e-06
16201,2.686403399214543e-05
16202,5.516587598239083e-06
16203,1.7207844604559312e-05
16204,3.3334057599760894e-06
16205,1.0416189543517678e-05
16206,1.0545135110366103e-05
16207,1.0341492697675664e-05
16208,6.076666691901281e-06
16209,1.3409376265318766e-05
16210,3.926828147199314e-05
16211,9.16577641018437e-06
16212,3.080654430191315e-05
16213,6.256375858214761e-06
16214,4.807632222904557e-06
16215,9.169975587846749e-06
16216,2.1832170514423353e-06
16217,4.732398101933389e-05
16218,4.494177150590377e-06
16219,3.309667459598288e-05
16220,8.623907287242201e-08
16221,2.171238991836809e-05
16222,1.0750650353866867e-05
16223,4.763658862776077e-06
16224,1.0313207022366888e-05
16225,9.823787234911673e-06
16226,8.623907287242201e-08
16227,4.717817132719374e-06
16228,1.9496757374554444e-05
16229,8.865359047952257e-06
16230,1.5192230262639164e-05
16231,1.9953311134908558e-05
16232,7.124176368197579e-06
16233,3.172312495002965e-06
16234,1.9953311134908558e-05
16235,1.8990985609050442e-05
16236,2.6481364565124606e-05
16237,2.5341379931947438e-05
16238,1.19936596478617e-06
16239,4.291594985548728e-05
16240,6.589552189728345e-06
16241,4.5663184743752515e-05
16242,5.509607098696422e-06
16243,1.967106381437388e-05
16244,2.2913836601812253e-05
16245,3.309667459598288e-05
16246,9.884568588048212e-06
16247,1.1657463000347894e-05
16248,9.736558757118512e-06
16249,2.267783304438771e-05
16250,2.2404517274117614e-05
16251,9.844233795786024e-06
16252,1.1644992356732589e-05
16253,1.369814157940644e-05
16254,1.3598957219994709e-06
16255,1.8129085397442568e-05
16256,3.9728594815308495e-05
16257,2.659315466074795e-05
16258,2.39372234713232e-05
16259,4.081953044758512e-06
16260,1.4485552592580338e-05
16261,9.823787234911673e-06
16262,2.6232464898206492e-05
16263,6.076666691901281e-06
16264,6.7349596039378535e-06
16265,1.128061277732567e-05
16266,6.076666691901281e-06
16267,1.8538364677761307e-05
16268,1.5110544139588908e-05
16269,3.727382220091563e-06
16270,5.606493715984668e-06
16271,3.596371148601416e-05
16272,5.020948492982558e-06
16273,1.3409376265318766e-05
16274,1.7331855086001657e-05
16275,1.2502128903267543e-05
16276,5.689194055911114e-05
16277,9.515108067451576e-06
16278,2.785041548221168e-05
16279,5.377591186363026e-06
16280,2.6232464898206492e-05
16281,2.6232464898206492e-05
16282,6.0812585611422054e-06
16283,1.4135311870233739e-05
16284,8.865359047952257e-06
16285,2.0278891203424817e-05
16286,4.983428830864382e-06
16287,1.6075890395960336e-05
16288,3.926828147199314e-05
16289,3.8659350327565843e-07
16290,2.8599298038882866e-06
16291,2.5458057590644607e-05
16292,7.183965645408706e-06
16293,5.574238617669124e-06
16294,4.296174472627157e-05
16295,2.6561922325278466e-06
16296,2.6232464898206492e-05
16297,7.548761950666645e-06
16298,4.213476422364319e-05
16299,1.6762680528887596e-05
16300,7.995044018679765e-05
16301,1.3021388960597056e-05
16302,1.76816424558513e-05
16303,2.3805619838825533e-05
16304,1.8129085397442568e-05
16305,6.879364539130577e-06
16306,5.574238617669124e-06
16307,1.0169209452128884e-05
16308,1.9496757374554444e-05
16309,1.8581267500807902e-05
16310,1.784472765489752e-05
16311,9.594154120435579e-06
16312,3.682437588552389e-06
16313,4.054883656866124e-06
16314,1.0341492697675664e-05
16315,8.137564451293906e-06
16316,1.675059299096733e-05
16317,1.8804918624680093e-05
16318,4.715648469132916e-05
16319,1.8133758883621417e-05
16320,4.8948281830987534e-06
16321,7.04087630940213e-06
16322,2.127608035902596e-05
16323,3.550170591009911e-05
16324,1.1668668853090769e-05
16325,7.749559105333016e-07
16326,1.9081327479201104e-05
16327,1.1106870906897075e-05
16328,1.1663973207448035e-05
16329,3.6338396511195733e-06
16330,5.469079616141989e-07
16331,6.076666691901281e-06
16332,1.6709694019828036e-05
16333,4.373458287193397e-07
16334,1.8129085397442568e-05
16335,5.791375776054895e-06
16336,1.2451007501704985e-05
16337,1.0750650353866867e-05
16338,1.75856283615666e-05
16339,7.226360711145934e-06
16340,3.309667459598288e-05
16341,9.74986566672189e-06
16342,3.309667459598288e-05
16343,9.823787234911673e-06
16344,6.216246558395697e-06
16345,3.8841059757354795e-05
16346,1.2547158450459412e-05
16347,1.2508986890623746e-06
16348,7.749559105333016e-07
16349,3.926828147199314e-05
16350,2.900439593488112e-05
16351,3.869217156195683e-05
16352,1.2547158450459412e-05
16353,5.574238617669124e-06
16354,9.903911426043947e-06
16355,2.7007990599396396e-05
16356,1.1644992356732589e-05
16357,1.5623712047274186e-05
16358,1.6723997866334754e-05
16359,0.00011041992848758727
16360,3.713720914098464e-05
16361,0.0001253896496183397
16362,2.785041548221168e-05
16363,7.340830184944905e-05
16364,1.634994038941602e-05
16365,6.533037179739474e-06
16366,1.8586359684328045e-05
16367,3.550170591009911e-05
16368,2.171238991836809e-05
16369,1.763317027055864e-05
16370,2.1258019776055202e-05
16371,7.353929444195366e-06
16372,1.2547158450459412e-05
16373,7.700057653671751e-05
16374,6.249110241859464e-06
16375,5.354786866536043e-05
16376,2.3782741680593213e-05
16377,4.8948281830987534e-06
16378,1.7116391374134883e-05
16379,4.183159141153651e-05
16380,6.084308584204655e-05
16381,2.6319758826481655e-05
16382,3.54898591020141e-06
16383,6.280737421633721e-05
16384,2.5964679614627488e-05
16385,4.5642877980907465e-06
16386,1.0857419387940288e-05
16387,7.548761950666645e-06
16388,2.8638297407765024e-05
16389,1.1644992356732589e-05
16390,8.865359047952257e-06
16391,5.090491525130026e-06
16392,5.469711135728868e-06
16393,4.393362449335582e-05
16394,6.100828713752945e-05
16395,0.00010229421835128228
16396,3.132818766664275e-05
16397,4.3960061979224066e-05
16398,1.2547158450459412e-05
16399,2.324106206228486e-05
16400,7.548761950666645e-06
16401,8.892737362243828e-06
16402,8.865359047952257e-06
16403,9.360161008768145e-06
16404,4.7641157993465865e-06
16405,1.2668639946208822e-05
16406,5.981531900235198e-06
16407,3.682437588552389e-06
16408,1.5822479104540874e-06
16409,5.574238617669124e-06
16410,2.2673102614809077e-05
16411,8.031641710132544e-08
16412,3.550170591009911e-05
16413,1.2499106818882815e-05
16414,2.8946821830913585e-07
16415,2.6232464898206492e-05
16416,9.983179633554033e-06
16417,2.6799465940757194e-05
16418,2.9435568589229822e-05
16419,2.3079566049958632e-05
16420,4.501681397755068e-05
16421,2.7149084543122447e-06
16422,7.548761950666645e-06
16423,3.579259214609329e-05
16424,2.590536458695729e-06
16425,2.3505339014249164e-05
16426,1.8024136615215226e-05
16427,1.1106870906897075e-05
16428,8.881973286371031e-06
16429,5.574238617669124e-06
16430,6.167009188748751e-06
16431,1.813517090972959e-05
16432,1.9756906355571455e-05
16433,3.194643197520072e-05
16434,5.094381667434789e-06
16435,2.6232464898206492e-05
16436,7.986046741221723e-05
16437,1.76303498842157e-05
16438,2.638324172073524e-06
16439,3.628707377274229e-05
16440,8.58487116859954e-07
16441,7.548761950666645e-06
16442,5.377591186363026e-06
16443,2.224458335753996e-06
16444,1.2859160646836952e-05
16445,1.0750650353866867e-05
16446,1.2451007501704985e-05
16447,1.9971688459737037e-05
16448,2.097404340523741e-06
16449,3.54898591020141e-06
16450,2.4199374356353516e-06
16451,3.3334057599760894e-06
16452,1.0976766595274669e-05
16453,3.965881140217324e-06
16454,3.682437588552389e-06
16455,6.076666691901281e-06
16456,1.0416189543517678e-05
16457,2.569745318314875e-05
16458,3.682437588552389e-06
16459,1.8805946600225752e-05
16460,2.5341379931947438e-05
16461,1.128061277732567e-05
16462,1.2678312161131245e-05
16463,5.377591186363026e-06
16464,1.8538364677761307e-05
16465,4.7641157993465865e-06
16466,5.6085697761926176e-05
16467,1.2859160646836952e-05
16468,3.543302466457338e-05
16469,9.983179633554033e-06
16470,4.7641157993465865e-06
16471,1.1644992356732589e-05
16472,1.1644992356732589e-05
16473,1.8974895579305917e-05
16474,1.1110794333911147e-05
16475,1.5217656917777877e-05
16476,1.1644992356732589e-05
16477,2.785041548221168e-05
16478,2.785041548221168e-05
16479,2.785041548221168e-05
16480,2.909218599564828e-06
16481,3.551742868154992e-05
16482,8.865359047952257e-06
16483,1.8993402169541284e-05
16484,3.258509085404171e-06
16485,2.4555157363223673e-05
16486,2.2003121017105075e-05
16487,3.6954725355878477e-06
16488,1.6723997866334754e-05
16489,1.56237812375348e-05
16490,7.379832617016371e-06
16491,5.469711135728868e-06
16492,1.1644992356732589e-05
16493,3.7774337547790563e-06
16494,1.8805946600225752e-05
16495,1.6778098339098316e-05
16496,2.6232464898206492e-05
16497,6.466167127861589e-06
16498,5.733999244647437e-06
16499,2.5341379931947438e-05
16500,2.6799465940757194e-05
16501,1.1644992356732589e-05
16502,8.518218154287182e-06
16503,1.377546840990069e-05
16504,3.54898591020141e-06
16505,5.11208112111981e-05
16506,3.198851287792776e-05
16507,4.776396876098949e-07
16508,1.1988169966819532e-05
16509,1.0273732253466651e-05
16510,1.1997764685598476e-05
16511,1.0377534339301461e-05
16512,5.606493715984668e-06
16513,1.6723997866334754e-05
16514,7.795624630076884e-06
16515,1.0140862284186566e-05
16516,5.119913791204008e-06
16517,1.0976766595274669e-05
16518,1.319727961776752e-05
16519,3.309667459598288e-05
16520,3.643008035595897e-05
16521,2.324106206228486e-05
16522,9.273329360391642e-06
16523,1.2859160646836952e-05
16524,7.016287745516977e-06
16525,7.379832617016371e-06
16526,1.0991002387294113e-05
16527,5.2561529384327414e-06
16528,2.0525476229373998e-05
16529,2.3971873832873094e-05
16530,9.640825058192401e-06
16531,2.5515775695340235e-05
16532,2.6319758826481655e-05
16533,7.449902406129431e-06
16534,1.8581267500807902e-05
16535,1.1152414258539597e-05
16536,6.77801328557527e-06
16537,5.574238617669124e-06
16538,1.2547158450459412e-05
16539,1.0332946556311193e-07
16540,1.1644992356732589e-05
16541,5.0512616510864766e-05
16542,1.0515443735093134e-05
16543,3.579259214609329e-05
16544,2.517112962302082e-05
16545,2.0389030618798876e-05
16546,3.7259482505932196e-06
16547,2.1744228134562504e-06
16548,1.1836670161158395e-05
16549,2.7090952015066443e-05
16550,5.799588233115551e-06
16551,6.3391743123908195e-06
16552,2.6232464898206492e-05
16553,3.646874802707865e-06
16554,2.1832170514423353e-06
16555,2.569745318314875e-05
16556,9.903911426043947e-06
16557,6.575292910824757e-06
16558,2.0906328665528332e-05
16559,7.548761950666645e-06
16560,7.548761950666645e-06
16561,2.0389030618798876e-05
16562,7.135582024188823e-06
16563,1.8868111523841994e-06
16564,4.449671676898806e-06
16565,1.3896331339879167e-05
16566,1.369814157940644e-05
16567,1.6685613070036195e-05
16568,5.574238617669124e-06
16569,7.293191880507838e-06
16570,5.020948492982558e-06
16571,3.2445422920513604e-05
16572,7.124176368197579e-06
16573,2.785041548221168e-05
16574,1.8805946600225752e-05
16575,4.7641157993465865e-06
16576,1.8581267500807902e-05
16577,1.8868111523841994e-06
16578,9.037310875955778e-06
16579,9.903911426043947e-06
16580,4.352760343104097e-05
16581,5.5653462705358035e-05
16582,3.3334057599760894e-06
16583,8.881973286371031e-06
16584,7.124176368197579e-06
16585,1.1392319154604372e-06
16586,1.1663973207448035e-05
16587,5.119913791204008e-06
16588,1.2859160646836952e-05
16589,6.234937843055909e-06
16590,7.379832617016371e-06
16591,2.1889635175949354e-05
16592,1.8805946600225752e-05
16593,1.1644992356732589e-05
16594,1.6452166147152925e-05
16595,0.00013400559551382012
16596,3.621890269527342e-05
16597,1.1668668853090769e-05
16598,1.9169386962847204e-06
16599,7.351019792492224e-06
16600,6.90227921807607e-05
16601,2.4149895452583135e-05
16602,1.2547158450459412e-05
16603,1.2668639946208822e-05
16604,2.0543903172531938e-05
16605,3.096609344774479e-05
16606,1.1152414258539597e-05
16607,2.171238991836809e-05
16608,2.1744228134562504e-06
16609,9.16577641018437e-06
16610,2.6043301885932225e-05
16611,8.491704704360493e-06
16612,2.5826453593806244e-06
16613,4.754748103679141e-06
16614,1.566566585626957e-05
16615,3.094688145761901e-06
16616,1.1988169966819532e-05
16617,5.167543924003077e-06
16618,6.67535966029157e-06
16619,3.094688145761901e-06
16620,3.094688145761901e-06
16621,3.094688145761901e-06
16622,0.00014283078865975557
16623,3.0201742835616296e-05
16624,1.0313207022366888e-05
16625,2.7160701894485226e-05
16626,1.2547158450459412e-05
16627,1.763317027055864e-05
16628,3.886874601569726e-05
16629,3.54898591020141e-06
16630,1.577955613586142e-06
16631,2.8288836308311324e-05
16632,3.096609344774479e-05
16633,4.7641157993465865e-06
16634,1.369814157940644e-05
16635,8.029984395592103e-08
16636,1.0948484236713208e-05
16637,1.128061277732567e-05
16638,7.548761950666645e-06
16639,1.1997764685598476e-05
16640,1.1644992356732589e-05
16641,2.0231258384286043e-05
16642,6.166097019349964e-06
16643,8.881973286371031e-06
16644,3.78235516341809e-08
16645,2.6232464898206492e-05
16646,5.977473636206564e-06
16647,1.369814157940644e-05
16648,1.42288407137887e-07
16649,5.2561529384327414e-06
16650,4.7692406739799295e-06
16651,9.464518687006587e-06
16652,2.5341379931947438e-05
16653,8.865359047952257e-06
16654,1.0952789725319169e-05
16655,8.881973286371031e-06
16656,7.124176368197579e-06
16657,2.324106206228486e-05
16658,5.606493715984668e-06
16659,2.6232464898206492e-05
16660,5.167543924003077e-06
16661,4.5642877980907465e-06
16662,3.543302466457338e-05
16663,2.5515775695340235e-05
16664,1.357636909726148e-06
16665,1.0169209452128884e-05
16666,1.0313207022366888e-05
16667,5.874221594061904e-06
16668,3.6384885364149834e-06
16669,7.124176368197579e-06
16670,3.579259214609329e-05
16671,9.044115608437257e-05
16672,1.1997764685598476e-05
16673,1.763317027055864e-05
16674,2.279887060561325e-06
16675,2.9690778936300903e-05
16676,1.2547158450459412e-05
16677,3.08952167712862e-06
16678,1.0952789725319169e-05
16679,3.539311530167583e-06
16680,9.844233795786024e-06
16681,4.151891204304542e-05
16682,5.167543924003077e-06
16683,2.6366617112429715e-05
16684,6.8012151300323124e-06
16685,5.562935329276606e-05
16686,3.354153459986863e-06
16687,3.370055988518762e-05
16688,3.579259214609329e-05
16689,1.634994038941602e-05
16690,2.3147390505172322e-06
16691,3.2445422920513604e-05
16692,2.5341379931947438e-05
16693,5.469711135728868e-06
16694,4.952362352419042e-08
16695,4.8948281830987534e-06
16696,1.0438274842770595e-05
16697,2.279887060561325e-06
16698,7.598285574190836e-06
16699,2.4662631681292474e-05
16700,1.0342324493586855e-06
16701,1.1050065501815846e-05
16702,1.4780495544012343e-05
16703,7.795624630076884e-06
16704,2.0606425709841903e-06
16705,5.67338538194055e-06
16706,9.42956046155301e-06
16707,4.6875123074126315e-06
16708,1.5623712047274186e-05
16709,4.93068067104349e-05
16710,3.8530397256728596e-05
16711,2.679365884482859e-05
16712,1.536507465114561e-05
16713,1.2369442035116169e-05
16714,8.623907287242201e-08
16715,5.819100281622349e-06
16716,3.2445422920513604e-05
16717,3.5461693726315654e-06
16718,5.05964142401074e-06
16719,2.402807309752188e-05
16720,3.0492330917395593e-05
16721,9.844233795786024e-06
16722,8.865359047952257e-06
16723,1.56237812375348e-05
16724,9.883460640919919e-06
16725,5.167543924003077e-06
16726,3.54898591020141e-06
16727,5.167543924003077e-06
16728,2.212503139575054e-05
16729,3.926828147199314e-05
16730,1.777324006841287e-05
16731,5.892678748563821e-05
16732,8.58487116859954e-07
16733,1.3973668460027792e-05
16734,8.779840414085029e-06
16735,6.441021848376582e-07
16736,6.623956896648652e-05
16737,2.4885252547950888e-05
16738,4.035362184388446e-06
16739,5.874221594061904e-06
16740,5.167543924003077e-06
16741,1.1055048573606432e-05
16742,9.903911426043947e-06
16743,1.0991002387294113e-05
16744,4.68476637197657e-06
16745,1.1106870906897075e-05
16746,1.6778098339098316e-05
16747,1.6723997866334754e-05
16748,2.8904170316770544e-05
16749,8.491704704360493e-06
16750,5.119913791204008e-06
16751,2.6184604585501326e-06
16752,1.6778098339098316e-05
16753,5.819100281622349e-06
16754,3.543302466457338e-05
16755,5.080966135614927e-06
16756,1.6685613070036195e-05
16757,3.3024904747861657e-06
16758,3.579259214609329e-05
16759,3.857321283308478e-05
16760,4.015419028639798e-06
16761,8.851037022999384e-06
16762,5.094381667434789e-06
16763,5.359455975736333e-06
16764,5.819100281622349e-06
16765,1.1050065501815846e-05
16766,9.844233795786024e-06
16767,2.767691883844998e-05
16768,5.819100281622349e-06
16769,2.3451896544201983e-05
16770,9.594154120435579e-06
16771,4.860733435329752e-07
16772,2.7330563572308044e-05
16773,1.2013322342028058e-05
16774,1.2013322342028058e-05
16775,6.100828713752945e-05
16776,1.2857782005483696e-05
16777,4.7674004713794945e-06
16778,1.763317027055864e-05
16779,1.763317027055864e-05
16780,1.0976766595274669e-05
16781,8.881973286371031e-06
16782,8.491704704360493e-06
16783,1.0746372353168317e-05
16784,1.1644992356732589e-05
16785,1.1644992356732589e-05
16786,5.2762106886639914e-05
16787,7.993519340531444e-06
16788,4.807632222904557e-06
16789,1.6452166147152925e-05
16790,7.016287745516977e-06
16791,7.449902406129431e-06
16792,1.42288407137887e-07
16793,2.6232464898206492e-05
16794,3.189344883285709e-05
16795,5.574238617669124e-06
16796,1.1836670161158395e-05
16797,1.1204600872324263e-05
16798,9.823787234911673e-06
16799,3.57431909655524e-05
16800,2.767691883844998e-05
16801,8.35396901245353e-06
16802,1.5805413138382752e-07
16803,2.0877225189760035e-05
16804,1.0331353779356072e-05
16805,5.167543924003077e-06
16806,2.5826453593806244e-06
16807,1.3510556190963273e-06
16808,3.259825613970643e-05
16809,8.608302722153017e-06
16810,4.254532000447788e-05
16811,1.530679442179684e-05
16812,5.255304396475011e-07
16813,2.3841957788260876e-06
16814,4.449671676898806e-06
16815,2.771676373666069e-05
16816,1.6778098339098316e-05
16817,3.699073383855719e-06
16818,5.855222805569599e-06
16819,3.5138045007016863e-06
16820,1.6778098339098316e-05
16821,1.0313207022366888e-05
16822,5.219464941486159e-05
16823,2.86880881903432e-05
16824,2.3657153945380394e-05
16825,1.0991002387294113e-05
16826,2.5003469234636194e-05
16827,2.0549076217869553e-05
16828,3.0237770160436024e-05
16829,1.4571977729669638e-05
16830,7.124176368197579e-06
16831,3.2445422920513604e-05
16832,4.7692406739799295e-06
16833,2.6405515613465107e-05
16834,7.89755808065313e-06
16835,7.89755808065313e-06
16836,1.2508986890623746e-06
16837,2.85052377531863e-06
16838,1.737039905029174e-06
16839,2.0389030618798876e-05
16840,0.00011640777411018134
16841,5.779549857141937e-05
16842,1.1050065501815846e-05
16843,5.241445156549073e-06
16844,2.3079566049958632e-05
16845,9.983179633554033e-06
16846,4.207408501786292e-06
16847,4.6922678360097264e-05
16848,2.5457024326321722e-05
16849,5.855222805569599e-06
16850,7.89755808065313e-06
16851,6.187527430052336e-06
16852,8.244613255882126e-06
16853,3.926828147199314e-05
16854,7.614171095348619e-05
16855,1.6549725166295783e-05
16856,3.54898591020141e-06
16857,2.6232464898206492e-05
16858,1.6778098339098316e-05
16859,6.167009188748751e-06
16860,9.16577641018437e-06
16861,1.3468443286092528e-05
16862,1.1050065501815846e-05
16863,4.7641157993465865e-06
16864,1.8942998186870606e-06
16865,3.3391968294401246e-06
16866,1.6452166147152925e-05
16867,1.1050065501815846e-05
16868,2.0389030618798876e-05
16869,9.903911426043947e-06
16870,1.950897543364397e-05
16871,7.548761950666645e-06
16872,4.0045833592424004e-05
16873,5.167543924003077e-06
16874,3.677236689887333e-05
16875,7.548761950666645e-06
16876,3.806293414579964e-05
16877,6.557751965386037e-05
16878,1.2983019016135762e-05
16879,5.574238617669124e-06
16880,7.795624630076884e-06
16881,2.5178919391819344e-06
16882,3.989469329942864e-06
16883,6.391459276503222e-05
16884,1.0331353779356072e-05
16885,4.9517073808852144e-05
16886,4.189961830531277e-07
16887,2.6232464898206492e-05
16888,8.35396901245353e-06
16889,1.8805946600225752e-05
16890,9.7950553838749e-06
16891,5.806609816803655e-08
16892,2.6232464898206492e-05
16893,2.6232464898206492e-05
16894,2.484164509377651e-05
16895,6.115777068064974e-06
16896,1.8313309055910421e-06
16897,8.544576583091639e-05
16898,1.1050065501815846e-05
16899,2.442295791839238e-05
16900,1.4632000443051207e-06
16901,1.2752228797459337e-05
16902,1.7256637679571568e-06
16903,2.902506502162481e-05
16904,7.86375023253337e-06
16905,2.900439593488112e-05
16906,1.1204600872324263e-05
16907,3.801280085534897e-06
16908,2.1744228134562504e-06
16909,4.807632222904557e-06
16910,4.859708615433199e-05
16911,4.929109632318227e-06
16912,2.1599051410775964e-05
16913,1.1522824826450387e-05
16914,7.325903801898597e-06
16915,2.7911491191413743e-06
16916,3.551742868154992e-05
16917,1.1657463000347894e-05
16918,4.88001542070682e-06
16919,2.1840855152547472e-05
16920,2.4002885900335873e-05
16921,1.5432682739893884e-07
16922,2.6232464898206492e-05
16923,6.819991028567243e-05
16924,1.0416189543517678e-05
16925,2.6549442833676673e-05
16926,1.6452166147152925e-05
16927,6.234937843055909e-06
16928,7.351019792492224e-06
16929,4.207408501786292e-06
16930,2.0389030618798876e-05
16931,2.5341379931947438e-05
16932,1.0952789725319169e-05
16933,8.461195848300982e-06
16934,2.6232464898206492e-05
16935,2.0389030618798876e-05
16936,5.509607098696422e-06
16937,2.785041548221168e-05
16938,4.3365516547162664e-05
16939,1.8655879181018193e-05
16940,4.081953044758512e-06
16941,3.2445422920513604e-05
16942,3.336269366744937e-05
16943,3.3024904747861657e-06
16944,1.0313207022366888e-05
16945,1.0377534339301461e-05
16946,4.425660151342172e-05
16947,6.167009188748751e-06
16948,2.767691883844998e-05
16949,2.9705135966871704e-05
16950,8.278891074482927e-06
16951,1.3042598597320535e-05
16952,3.567289358800989e-06
16953,2.402807309752188e-05
16954,1.1997764685598476e-05
16955,2.1201881608726376e-05
16956,1.5805413138382752e-07
16957,4.7641157993465865e-06
16958,1.1997764685598476e-05
16959,8.881973286371031e-06
16960,8.881973286371031e-06
16961,7.383412113819585e-06
16962,1.1106870906897075e-05
16963,1.6778098339098316e-05
16964,5.577436282553081e-05
16965,8.881973286371031e-06
16966,5.193571156063683e-05
16967,1.1050065501815846e-05
16968,9.844233795786024e-06
16969,5.259343197053732e-05
16970,1.8974895579305917e-05
16971,7.548761950666645e-06
16972,9.585825207823223e-07
16973,6.076666691901281e-06
16974,9.360161008768145e-06
16975,8.981221596183088e-06
16976,2.1744228134562504e-06
16977,0.0002346917024660943
16978,2.785041548221168e-05
16979,3.2445422920513604e-05
16980,6.830633588881178e-06
16981,1.8024136615215226e-05
16982,1.1187858695687232e-05
16983,2.0389030618798876e-05
16984,1.0313207022366888e-05
16985,1.7207844604559312e-05
16986,4.517264451286071e-06
16987,5.874221594061904e-06
16988,9.983179633554033e-06
16989,2.1832170514423353e-06
16990,2.1744228134562504e-06
16991,9.753306518785305e-06
16992,3.946442858425871e-07
16993,1.1914014720877016e-06
16994,4.352760343104097e-05
16995,1.7207844604559312e-05
16996,4.685917832397219e-06
16997,3.037221025235291e-05
16998,2.0389030618798876e-05
16999,4.173486881781762e-06
17000,4.382819966499667e-07
17001,2.3147390505172322e-06
17002,4.433994353239081e-06
17003,5.74256060132945e-06
17004,3.0204133369462112e-05
17005,2.0389030618798876e-05
17006,1.763317027055864e-05
17007,7.1063867990134775e-06
17008,3.7471974222324877e-05
17009,3.579259214609329e-05
17010,6.7349596039378535e-06
17011,9.360161008768145e-06
17012,3.926828147199314e-05
17013,7.351019792492224e-06
17014,3.2445422920513604e-05
17015,4.721706381822767e-06
17016,1.763317027055864e-05
17017,3.890312973484886e-05
17018,2.8122888056417614e-05
17019,3.409719701304325e-05
17020,8.35396901245353e-06
17021,3.7160634000884236e-06
17022,1.0857419387940288e-05
17023,5.509607098696422e-06
17024,1.1997764685598476e-05
17025,3.3024904747861657e-06
17026,1.5597427615731944e-05
17027,1.3496835244577008e-05
17028,3.7774337547790563e-06
17029,3.2445422920513604e-05
17030,4.344563232312016e-06
17031,3.7774337547790563e-06
17032,4.344563232312016e-06
17033,2.257859274798186e-05
17034,1.2547158450459412e-05
17035,2.3666847256880394e-05
17036,1.2547158450459412e-05
17037,2.321798943531666e-05
17038,8.18763536864292e-06
17039,1.8538364677761307e-05
17040,5.222987658470035e-05
17041,2.5515775695340235e-05
17042,2.5457024326321722e-05
17043,5.977473636206564e-06
17044,1.2499106818882815e-05
17045,3.2445422920513604e-05
17046,6.167009188748751e-06
17047,7.383412113819585e-06
17048,2.5826453593806244e-06
17049,1.1997764685598476e-05
17050,2.3841957788260876e-06
17051,1.0438274842770595e-05
17052,6.115777068064974e-06
17053,1.8805946600225752e-05
17054,1.092057938326124e-06
17055,1.1152414258539597e-05
17056,1.1439436660058208e-05
17057,5.094381667434789e-06
17058,4.344563232312016e-06
17059,2.6232464898206492e-05
17060,6.4107527529182e-06
17061,4.081953044758512e-06
17062,3.096609344774479e-05
17063,1.983676114667277e-05
17064,5.74256060132945e-06
17065,2.6232464898206492e-05
17066,1.950897543364397e-05
17067,6.7349596039378535e-06
17068,1.1106870906897075e-05
17069,6.604102156649155e-06
17070,3.3024904747861657e-06
17071,8.851037022999384e-06
17072,3.3024904747861657e-06
17073,4.7641157993465865e-06
17074,4.373458287193397e-07
17075,3.543302466457338e-05
17076,3.3024904747861657e-06
17077,1.8805946600225752e-05
17078,3.0870071183310386e-05
17079,9.983179633554033e-06
17080,3.3024904747861657e-06
17081,1.0319925847946167e-06
17082,4.681375912419083e-07
17083,5.509607098696422e-06
17084,1.09231490319743e-05
17085,1.022230887027263e-05
17086,8.79219889454674e-06
17087,1.0924115674501308e-05
17088,6.187527430052336e-06
17089,2.795094434763188e-05
17090,7.86375023253337e-06
17091,3.172312495002965e-06
17092,1.8805946600225752e-05
17093,1.5462754272636223e-06
17094,7.548761950666645e-06
17095,6.807153939081614e-06
17096,3.952843274302446e-05
17097,7.795624630076884e-06
17098,2.785041548221168e-05
17099,1.5217656917777877e-05
17100,3.3024904747861657e-06
17101,2.8638297407765024e-05
17102,1.0754660573650312e-05
17103,1.1547098631997888e-06
17104,4.88001542070682e-06
17105,4.081953044758512e-06
17106,6.77801328557527e-06
17107,6.187527430052336e-06
17108,1.7639729989248503e-06
17109,5.0748776116061124e-05
17110,7.86375023253337e-06
17111,5.977473636206564e-06
17112,6.9394427988923505e-06
17113,2.5457024326321722e-05
17114,8.137564451293906e-06
17115,2.7471378098867538e-05
17116,2.1918724610199238e-05
17117,1.2857782005483696e-05
17118,3.1471239863107365e-06
17119,1.577955613586142e-06
17120,1.56237812375348e-05
17121,7.548761950666645e-06
17122,5.574238617669124e-06
17123,1.763317027055864e-05
17124,8.278891074482927e-06
17125,1.8024136615215226e-05
17126,2.6232464898206492e-05
17127,1.2085578189964074e-05
17128,6.589552189728345e-06
17129,6.589552189728345e-06
17130,3.348260902387674e-05
17131,6.34115163682584e-05
17132,2.6232464898206492e-05
17133,7.072924066519659e-07
17134,9.263726349490309e-06
17135,1.6142641307016296e-05
17136,9.318008668577259e-06
17137,3.682437588552389e-06
17138,2.7471378098867538e-05
17139,1.8024136615215226e-05
17140,3.3024904747861657e-06
17141,2.3079566049958632e-05
17142,1.5079940173344416e-05
17143,1.2547158450459412e-05
17144,1.6709694019828036e-05
17145,3.3024904747861657e-06
17146,1.1918676508060773e-05
17147,3.3024904747861657e-06
17148,2.6232464898206492e-05
17149,2.4054456562218252e-05
17150,3.2445422920513604e-05
17151,1.5793393604849898e-05
17152,2.6232464898206492e-05
17153,9.16577641018437e-06
17154,1.827310562001641e-05
17155,2.2977567506047806e-07
17156,2.0389030618798876e-05
17157,1.2547158450459412e-05
17158,3.539311530167583e-06
17159,2.050514546180153e-06
17160,7.86375023253337e-06
17161,2.4662631681292474e-05
17162,2.0389030618798876e-05
17163,2.1744228134562504e-06
17164,7.89755808065313e-06
17165,1.6471837375168771e-06
17166,3.857321283308478e-05
17167,1.737039905029174e-06
17168,2.6232464898206492e-05
17169,4.754748103679141e-06
17170,1.3409376265318766e-05
17171,3.196557135987845e-05
17172,3.196557135987845e-05
17173,2.249111936793878e-05
17174,9.594154120435579e-06
17175,8.18763536864292e-06
17176,4.098722732392362e-05
17177,2.39372234713232e-05
17178,4.8948281830987534e-06
17179,6.321860581738475e-05
17180,7.04087630940213e-06
17181,2.8814200697366136e-07
17182,1.2220840310468591e-05
17183,1.1204600872324263e-05
17184,2.212503139575054e-05
17185,1.2752228797459337e-05
17186,1.2547158450459412e-05
17187,3.903056025989452e-05
17188,7.009694715600637e-06
17189,3.646874802707865e-06
17190,2.8540985474685997e-05
17191,1.42288407137887e-07
17192,1.529962178010783e-05
17193,2.1744228134562504e-06
17194,5.574238617669124e-06
17195,1.950897543364397e-05
17196,1.0924115674501308e-05
17197,1.6571434735243875e-05
17198,1.787198627966038e-05
17199,9.239391415410769e-06
17200,1.1050065501815846e-05
17201,3.3024904747861657e-06
17202,7.86375023253337e-06
17203,1.369814157940644e-05
17204,4.234933434655755e-05
17205,2.9320528483521212e-06
17206,4.146945752964598e-06
17207,2.6232464898206492e-05
17208,4.7641157993465865e-06
17209,1.1439436660058208e-05
17210,1.369814157940644e-05
17211,3.4217316907134786e-05
17212,5.606493715984668e-06
17213,1.8024136615215226e-05
17214,2.0389030618798876e-05
17215,5.167543924003077e-06
17216,7.548761950666645e-06
17217,3.2445422920513604e-05
17218,4.8948281830987534e-06
17219,5.574238617669124e-06
17220,2.0389030618798876e-05
17221,3.0709295596577e-05
17222,2.4199374356353516e-06
17223,1.634994038941602e-05
17224,1.369814157940644e-05
17225,3.3024904747861657e-06
17226,3.3024904747861657e-06
17227,2.39372234713232e-05
17228,9.318008668577259e-06
17229,2.1288349331144957e-05
17230,1.2451007501704985e-05
17231,4.5642877980907465e-06
17232,4.791395248311862e-07
17233,8.780644174654242e-06
17234,1.2668639946208822e-05
17235,9.239391415410769e-06
17236,7.969798349920326e-06
17237,1.872161928351269e-07
17238,7.231618686094649e-06
17239,2.7471378098867538e-05
17240,1.6452166147152925e-05
17241,1.2547158450459412e-05
17242,5.821636477661691e-06
17243,5.480405858776192e-07
17244,2.6232464898206492e-05
17245,3.320094982081351e-05
17246,1.1995280057508101e-05
17247,2.1258019776055202e-05
17248,7.019883229219258e-06
17249,6.533037179739474e-06
17250,2.4139913683280202e-05
17251,8.069640355834237e-07
17252,4.344563232312016e-06
17253,2.0699370227768666e-05
17254,5.090491525130026e-06
17255,4.234277455326048e-05
17256,5.819100281622349e-06
17257,4.5537757643729275e-06
17258,1.0991002387294113e-05
17259,2.39372234713232e-05
17260,3.54898591020141e-06
17261,3.6338396511195733e-06
17262,5.236114750762844e-06
17263,1.2547158450459412e-05
17264,1.787198627966038e-05
17265,8.18763536864292e-06
17266,2.2186165391800364e-05
17267,3.926828147199314e-05
17268,7.739481720699669e-05
17269,3.3334057599760894e-06
17270,7.476998738209224e-05
17271,1.2859160646836952e-05
17272,1.5065050389641347e-05
17273,2.0549076217869553e-05
17274,4.8557900828684785e-06
17275,4.719436749535467e-05
17276,1.0754660573650312e-05
17277,5.574238617669124e-06
17278,6.632624483857994e-06
17279,7.682893847554348e-06
17280,3.579259214609329e-05
17281,3.727382220091563e-06
17282,7.89755808065313e-06
17283,5.574238617669124e-06
17284,1.6778098339098316e-05
17285,1.763317027055864e-05
17286,6.06522758407846e-06
17287,5.791375776054895e-06
17288,1.2502128903267543e-05
17289,3.660866299492098e-05
17290,5.574238617669124e-06
17291,2.785041548221168e-05
17292,6.466167127861589e-06
17293,5.241875531581324e-06
17294,5.509607098696422e-06
17295,2.212503139575054e-05
17296,1.2752228797459337e-05
17297,1.09231490319743e-05
17298,2.2835034313550693e-05
17299,3.309667459598288e-05
17300,4.531044181113482e-06
17301,8.865359047952257e-06
17302,4.976794772533424e-05
17303,1.3409376265318766e-05
17304,1.2547158450459412e-05
17305,2.171238991836809e-05
17306,1.0679981774516916e-05
17307,2.7471378098867538e-05
17308,1.0754660573650312e-05
17309,1.092057938326124e-06
17310,6.589552189728345e-06
17311,2.638324172073524e-06
17312,1.1152414258539597e-05
17313,6.533037179739474e-06
17314,4.0880748841011405e-05
17315,1.5462754272636223e-06
17316,2.39372234713232e-05
17317,5.10472997918318e-06
17318,8.18763536864292e-06
17319,9.622365479210942e-06
17320,1.6709694019828036e-05
17321,4.8948281830987534e-06
17322,1.0477695349251292e-05
17323,2.3147390505172322e-06
17324,8.461195848300982e-06
17325,1.536507465114561e-05
17326,8.28663599998875e-06
17327,1.6723997866334754e-05
17328,2.5515775695340235e-05
17329,1.0416189543517678e-05
17330,4.433994353239081e-06
17331,1.4922898421299677e-05
17332,2.8122888056417614e-05
17333,1.9496757374554444e-05
17334,3.919953362856588e-06
17335,3.926828147199314e-05
17336,1.5623712047274186e-05
17337,1.1663973207448035e-05
17338,5.1414425548725374e-05
17339,2.212503139575054e-05
17340,1.6709694019828036e-05
17341,1.8805946600225752e-05
17342,4.305506070831409e-06
17343,2.5686249402839568e-05
17344,6.076666691901281e-06
17345,3.3024904747861657e-06
17346,8.79219889454674e-06
17347,8.137564451293906e-06
17348,7.548761950666645e-06
17349,4.287366958784134e-05
17350,7.495042373385107e-05
17351,2.6232464898206492e-05
17352,3.5277216735522915e-05
17353,9.515108067451576e-06
17354,1.6723997866334754e-05
17355,9.360161008768145e-06
17356,2.1744228134562504e-06
17357,6.9763925007491356e-06
17358,2.2795291696651948e-05
17359,1.2859160646836952e-05
17360,4.816207041740651e-08
17361,2.6232464898206492e-05
17362,5.900895157352535e-06
17363,9.585825207823223e-07
17364,4.8948281830987534e-06
17365,1.357636909726148e-06
17366,1.357636909726148e-06
17367,9.656929196904333e-06
17368,2.6232464898206492e-05
17369,4.8948281830987534e-06
17370,7.1469930078055945e-06
17371,0.0006457571379030288
17372,9.89800748622995e-06
17373,3.3024904747861657e-06
17374,1.0948484236713208e-05
17375,2.3895855388216243e-07
17376,2.0549076217869553e-05
17377,1.2929150394461705e-05
17378,1.8868111523841994e-06
17379,2.2225923163577746e-06
17380,5.163503927374418e-05
17381,3.3024904747861657e-06
17382,1.2752228797459337e-05
17383,9.753306518785305e-06
17384,2.6232464898206492e-05
17385,2.0918477399289827e-05
17386,6.580202913519124e-05
17387,1.2504365465339304e-05
17388,6.8012151300323124e-06
17389,1.9977029603934174e-05
17390,1.0438274842770595e-05
17391,7.351019792492224e-06
17392,1.4485552592580338e-05
17393,3.447757890395385e-05
17394,5.549678090159091e-05
17395,4.545762176800581e-06
17396,7.548761950666645e-06
17397,5.080966135614927e-06
17398,2.1956087779508866e-05
17399,1.0169209452128884e-05
17400,4.207408501786292e-06
17401,1.6751363585832898e-05
17402,5.078357390584732e-05
17403,1.8936221026801777e-06
17404,1.0764411278233133e-06
17405,7.795624630076884e-06
17406,1.369814157940644e-05
17407,1.2756390628669485e-06
17408,1.66801693039325e-05
17409,6.968368106932211e-06
17410,2.492497796103238e-05
17411,2.1840855152547472e-05
17412,1.5782918158095756e-05
17413,3.2445422920513604e-05
17414,6.076666691901281e-06
17415,7.329428962093246e-06
17416,6.604102156649155e-06
17417,1.0596080425406686e-05
17418,6.9394427988923505e-06
17419,9.318008668577259e-06
17420,2.3079566049958632e-05
17421,3.579259214609329e-05
17422,1.8460090098661703e-06
17423,1.0952789725319169e-05
17424,3.49050352697329e-05
17425,4.494177150590377e-06
17426,3.080654430191315e-05
17427,8.243848403349646e-06
17428,5.377591186363026e-06
17429,8.137564451293906e-06
17430,1.5217656917777877e-05
17431,7.698525158811343e-06
17432,4.207408501786292e-06
17433,3.54898591020141e-06
17434,0.00015357212676871693
17435,5.574238617669124e-06
17436,2.7330563572308044e-05
17437,1.0416189543517678e-05
17438,5.574238617669124e-06
17439,4.097632573396617e-05
17440,1.8460090098661703e-06
17441,3.3024904747861657e-06
17442,4.433994353239081e-06
17443,4.433994353239081e-06
17444,3.252859130671301e-06
17445,3.919953362856588e-06
17446,7.548761950666645e-06
17447,8.865359047952257e-06
17448,3.3024904747861657e-06
17449,3.794762843547894e-06
17450,1.6142641307016296e-05
17451,1.8024136615215226e-05
17452,4.8557900828684785e-06
17453,1.1439436660058208e-05
17454,7.139326936626449e-06
17455,0.00013659542450905526
17456,2.579413287618561e-05
17457,1.1914014720877016e-06
17458,6.167009188748751e-06
17459,2.39372234713232e-05
17460,4.035362184388446e-06
17461,5.819100281622349e-06
17462,3.682437588552389e-06
17463,3.682437588552389e-06
17464,3.3024904747861657e-06
17465,3.3024904747861657e-06
17466,1.1663973207448035e-05
17467,1.092057938326124e-06
17468,2.6232464898206492e-05
17469,5.4309882655964545e-05
17470,5.67338538194055e-06
17471,1.1914014720877016e-06
17472,3.726055405653195e-06
17473,9.60912332559176e-06
17474,2.7952248714135702e-06
17475,7.548761950666645e-06
17476,3.550170591009911e-05
17477,4.758563856264241e-06
17478,1.6709694019828036e-05
17479,1.8460090098661703e-06
17480,9.983179633554033e-06
17481,1.2013322342028058e-05
17482,3.551742868154992e-05
17483,2.785041548221168e-05
17484,1.1644992356732589e-05
17485,3.3334057599760894e-06
17486,1.357636909726148e-06
17487,4.7674004713794945e-06
17488,1.2859160646836952e-05
17489,7.795624630076884e-06
17490,1.357636909726148e-06
17491,3.4346831880388515e-05
17492,3.583179484741797e-05
17493,4.494177150590377e-06
17494,1.5217656917777877e-05
17495,2.6232464898206492e-05
17496,2.171238991836809e-05
17497,1.1644992356732589e-05
17498,4.085985549326954e-06
17499,2.171238991836809e-05
17500,1.1997764685598476e-05
17501,2.7503467317626623e-05
17502,4.3663704358214805e-05
17503,2.0549076217869553e-05
17504,4.7674004713794945e-06
17505,3.2445422920513604e-05
17506,9.006527703519867e-07
17507,1.6867743870140347e-06
17508,1.4391580385067453e-05
17509,5.914412290115479e-05
17510,2.1840855152547472e-05
17511,5.874221594061904e-06
17512,1.5217656917777877e-05
17513,5.568719012315715e-05
17514,4.151891204304542e-05
17515,1.8538364677761307e-05
17516,2.4662631681292474e-05
17517,1.2984504279178751e-05
17518,2.9232771520495607e-05
17519,4.84410357519641e-05
17520,7.135582024188823e-06
17521,6.900976004373719e-05
17522,2.2530338084013445e-05
17523,5.574238617669124e-06
17524,6.01020371869039e-05
17525,4.7674004713794945e-06
17526,3.579259214609329e-05
17527,1.6723997866334754e-05
17528,4.05465770021123e-05
17529,3.309667459598288e-05
17530,5.7111577510846086e-05
17531,1.711751513265184e-05
17532,3.3024904747861657e-06
17533,1.6723997866334754e-05
17534,3.919953362856588e-06
17535,5.469711135728868e-06
17536,3.3517840892729225e-05
17537,2.557838228476347e-06
17538,2.557838228476347e-06
17539,2.0389030618798876e-05
17540,3.543302466457338e-05
17541,1.6723997866334754e-05
17542,2.7090952015066443e-05
17543,3.073327809674193e-05
17544,2.3114628140345252e-05
17545,2.6232464898206492e-05
17546,5.46746317790583e-06
17547,1.0169209452128884e-05
17548,5.109913352583105e-05
17549,4.949620996736937e-07
17550,5.509607098696422e-06
17551,2.1744228134562504e-06
17552,2.0549076217869553e-05
17553,2.270282098024166e-06
17554,1.2013322342028058e-05
17555,1.1152414258539597e-05
17556,1.1187858695687232e-05
17557,3.869217156195683e-05
17558,0.00012891905676483986
17559,1.4489925033088215e-06
17560,2.900311323100914e-05
17561,1.4780495544012343e-05
17562,3.646874802707865e-06
17563,6.193499748701765e-06
17564,7.351019792492224e-06
17565,1.0300426181448062e-05
17566,0.0006444810107294172
17567,1.1644992356732589e-05
17568,7.38142316143448e-05
17569,1.0273732253466651e-05
17570,3.354153459986863e-06
17571,1.56237812375348e-05
17572,2.7471378098867538e-05
17573,6.751922577225669e-06
17574,2.6366617112429715e-05
17575,7.698525158811343e-06
17576,3.3024904747861657e-06
17577,3.661056628307902e-05
17578,1.6723997866334754e-05
17579,3.911679945242867e-05
17580,3.3024904747861657e-06
17581,1.2547158450459412e-05
17582,9.263726349490309e-06
17583,4.496221929152011e-06
17584,2.6232464898206492e-05
17585,1.6788582644294776e-05
17586,7.016287745516977e-06
17587,1.1152414258539597e-05
17588,4.146945752964598e-06
17589,2.5573619514080983e-05
17590,2.0231258384286043e-05
17591,1.56237812375348e-05
17592,7.449902406129431e-06
17593,1.0746372353168317e-05
17594,5.469079616141989e-07
17595,1.1504464116189544e-05
17596,1.09231490319743e-05
17597,1.763317027055864e-05
17598,9.883460640919919e-06
17599,3.204813134046341e-05
17600,1.1997764685598476e-05
17601,2.5457024326321722e-05
17602,5.977473636206564e-06
17603,7.548761950666645e-06
17604,5.574238617669124e-06
17605,1.60280005887528e-06
17606,3.3024904747861657e-06
17607,5.726319896952129e-06
17608,7.506087361808643e-05
17609,2.5409458264529133e-06
17610,8.865359047952257e-06
17611,1.6471837375168771e-06
17612,1.1106870906897075e-05
17613,3.567289358800989e-06
17614,2.113191115463803e-05
17615,1.783334204856849e-06
17616,6.167009188748751e-06
17617,1.9756906355571455e-05
17618,4.7674004713794945e-06
17619,1.6723997866334754e-05
17620,3.3024904747861657e-06
17621,3.0567348824779397e-08
17622,2.1127018414584095e-06
17623,5.606493715984668e-06
17624,5.094381667434789e-06
17625,5.574238617669124e-06
17626,3.3024904747861657e-06
17627,2.6366617112429715e-05
17628,9.360161008768145e-06
17629,3.3517840892729225e-05
17630,2.42372724272078e-05
17631,2.1349956309183404e-05
17632,1.6685613070036195e-05
17633,1.5300986451373842e-05
17634,9.318008668577259e-06
17635,1.1644992356732589e-05
17636,8.18763536864292e-06
17637,4.289724943221587e-06
17638,4.151891204304542e-05
17639,4.7940565668812415e-05
17640,1.0754660573650312e-05
17641,3.3024904747861657e-06
17642,8.79219889454674e-06
17643,7.548761950666645e-06
17644,6.317425658029687e-07
17645,1.2547158450459412e-05
17646,7.206440890938093e-07
17647,7.071463039162711e-06
17648,3.926828147199314e-05
17649,4.645656883469877e-05
17650,1.9977029603934174e-05
17651,1.1152414258539597e-05
17652,6.076666691901281e-06
17653,7.548761950666645e-06
17654,5.090491525130026e-06
17655,8.319683378540458e-06
17656,3.3024904747861657e-06
17657,0.00013345445651524035
17658,2.5345955738682367e-05
17659,4.717817132719374e-06
17660,1.0377534339301461e-05
17661,3.3024904747861657e-06
17662,3.3024904747861657e-06
17663,5.388611035187178e-05
17664,2.472446640117757e-05
17665,7.911275701761347e-07
17666,3.579259214609329e-05
17667,1.2547158450459412e-05
17668,6.409591385179783e-05
17669,2.6561922325278466e-06
17670,1.783334204856849e-06
17671,5.74256060132945e-06
17672,4.094386136896494e-06
17673,1.0438274842770595e-05
17674,3.682437588552389e-06
17675,1.0377534339301461e-05
17676,5.1750272481022355e-05
17677,3.946442858425871e-07
17678,2.42372724272078e-05
17679,5.094381667434789e-06
17680,3.3024904747861657e-06
17681,1.591972745947278e-05
17682,1.2857782005483696e-05
17683,1.8667014493856614e-06
17684,2.0389030618798876e-05
17685,3.579259214609329e-05
17686,1.6723997866334754e-05
17687,8.35396901245353e-06
17688,3.2445422920513604e-05
17689,6.604102156649155e-06
17690,8.278891074482927e-06
17691,5.67338538194055e-06
17692,3.3024904747861657e-06
17693,2.124438723017059e-06
17694,1.56237812375348e-05
17695,5.359455975736333e-06
17696,1.0857419387940288e-05
17697,3.172312495002965e-06
17698,1.6723997866334754e-05
17699,4.637502159966056e-05
17700,1.42288407137887e-07
17701,3.3024904747861657e-06
17702,2.984944746184659e-07
17703,1.8538364677761307e-05
17704,1.008734927977216e-06
17705,5.469711135728868e-06
17706,8.865359047952257e-06
17707,6.328344014678506e-05
17708,7.449902406129431e-06
17709,1.0857419387940288e-05
17710,4.449671676898806e-06
17711,3.354153459986863e-06
17712,9.7950553838749e-06
17713,4.739205207123671e-06
17714,2.1744228134562504e-06
17715,7.379832617016371e-06
17716,3.3024904747861657e-06
17717,3.3024904747861657e-06
17718,4.028634372856666e-05
17719,2.785041548221168e-05
17720,3.3024904747861657e-06
17721,9.318008668577259e-06
17722,3.539311530167583e-06
17723,4.433418351860004e-05
17724,1.9766402380370655e-05
17725,3.3024904747861657e-06
17726,1.9705961870497306e-05
17727,1.4782810473594473e-05
17728,2.5639567742999582e-05
17729,1.6685613070036195e-05
17730,1.1657463000347894e-05
17731,3.3024904747861657e-06
17732,4.317007677669918e-05
17733,1.9792695525349584e-06
17734,2.4002885900335873e-05
17735,1.1644992356732589e-05
17736,2.2448862646162313e-05
17737,7.998327290798989e-06
17738,1.6723997866334754e-05
17739,1.2508986890623746e-06
17740,1.66801693039325e-05
17741,3.831220070692776e-06
17742,1.5371047762385785e-05
17743,3.3024904747861657e-06
17744,7.124176368197579e-06
17745,1.1187858695687232e-05
17746,1.2499106818882815e-05
17747,2.1840855152547472e-05
17748,1.128061277732567e-05
17749,4.983428830864382e-06
17750,3.3024904747861657e-06
17751,9.7950553838749e-06
17752,1.3112960962237099e-05
17753,9.640825058192401e-06
17754,4.2458386401058915e-05
17755,1.6723997866334754e-05
17756,1.5750822628059388e-05
17757,3.3024904747861657e-06
17758,6.143035814095432e-07
17759,3.0865877392909395e-05
17760,7.379832617016371e-06
17761,2.785041548221168e-05
17762,3.3024904747861657e-06
17763,3.1587336055725695e-05
17764,1.2499106818882815e-05
17765,7.993519340531444e-06
17766,6.968368106932211e-06
17767,7.379832617016371e-06
17768,3.579259214609329e-05
17769,1.2752228797459337e-05
17770,3.550170591009911e-05
17771,1.0857419387940288e-05
17772,8.79219889454674e-06
17773,1.1644992356732589e-05
17774,5.74256060132945e-06
17775,3.2446151946335693e-06
17776,3.3024904747861657e-06
17777,5.1699839138381205e-06
17778,3.7259482505932196e-06
17779,2.0940793139358538e-05
17780,3.3024904747861657e-06
17781,3.3024904747861657e-06
17782,3.3024904747861657e-06
17783,3.3024904747861657e-06
17784,3.3024904747861657e-06
17785,6.830633588881178e-06
17786,8.79219889454674e-06
17787,3.3024904747861657e-06
17788,0.00010321404662439799
17789,3.3024904747861657e-06
17790,1.1644992356732589e-05
17791,2.1840855152547472e-05
17792,3.710201668305431e-05
17793,2.763295902925167e-05
17794,2.0510335079345477e-05
17795,3.3024904747861657e-06
17796,1.2085578189964074e-05
17797,7.231618686094649e-06
17798,9.080374929913896e-05
17799,5.574238617669124e-06
17800,5.606493715984668e-06
17801,5.874221594061904e-06
17802,9.8162622946691e-06
17803,3.3024904747861657e-06
17804,7.226360711145934e-06
17805,2.1840855152547472e-05
17806,1.369814157940644e-05
17807,3.3024904747861657e-06
17808,2.1840855152547472e-05
17809,2.6366617112429715e-05
17810,3.3024904747861657e-06
17811,3.3024904747861657e-06
17812,2.6232464898206492e-05
17813,8.881973286371031e-06
17814,2.6561922325278466e-06
17815,1.3361580977104268e-05
17816,2.3841957788260876e-06
17817,1.5070411850590818e-05
17818,6.360912682118861e-05
17819,8.278891074482927e-06
17820,2.149139833771425e-05
17821,6.115777068064974e-06
17822,1.8024136615215226e-05
17823,3.550170591009911e-05
17824,1.357636909726148e-06
17825,3.3024904747861657e-06
17826,2.5515775695340235e-05
17827,2.6605546155114192e-06
17828,3.309667459598288e-05
17829,1.1187858695687232e-05
17830,7.383412113819585e-06
17831,8.244613255882126e-06
17832,3.831220070692776e-06
17833,5.6097711939296645e-06
17834,6.182917342235427e-06
17835,1.9580867208835513e-05
17836,2.763295902925167e-05
17837,6.9394427988923505e-06
17838,7.351019792492224e-06
17839,3.2445422920513604e-05
17840,5.791375776054895e-06
17841,2.349994817577858e-05
17842,5.74256060132945e-06
17843,1.1830331046798598e-05
17844,3.094688145761901e-06
17845,1.8538364677761307e-05
17846,2.691058366893191e-05
17847,5.489708419760574e-06
17848,8.491704704360493e-06
17849,1.4031195736697965e-05
17850,2.5178919391819344e-06
17851,9.863293624412526e-06
17852,1.128061277732567e-05
17853,2.0767034259130587e-06
17854,1.0377534339301461e-05
17855,1.1204600872324263e-05
17856,3.489693626393209e-06
17857,1.932788620428694e-05
17858,5.3297663669851925e-05
17859,7.89755808065313e-06
17860,5.843805452793031e-05
17861,5.509607098696422e-06
17862,3.2021007702808205e-06
17863,4.7641157993465865e-06
17864,2.885306850093732e-05
17865,1.8805946600225752e-05
17866,3.929128211308483e-06
17867,7.89755808065313e-06
17868,1.1152414258539597e-05
17869,1.9465200838121694e-05
17870,3.551742868154992e-05
17871,0.00015072822131301624
17872,7.124176368197579e-06
17873,2.324106206228486e-05
17874,1.9756906355571455e-05
17875,1.0213215316709365e-05
17876,1.4289811960486495e-05
17877,1.568383394641915e-05
17878,4.344563232312016e-06
17879,7.449902406129431e-06
17880,1.9496757374554444e-05
17881,1.8262057761150154e-05
17882,1.8628128697664415e-05
17883,3.27008441206002e-05
17884,9.883460640919919e-06
17885,1.634994038941602e-05
17886,4.494177150590377e-06
17887,3.309667459598288e-05
17888,1.1152414258539597e-05
17889,4.477503527049075e-05
17890,1.99154245497681e-05
17891,3.4612929277128385e-05
17892,1.950897543364397e-05
17893,1.4587903034258259e-05
17894,2.8034354901249234e-05
17895,6.404403602302025e-05
17896,6.167009188748751e-06
17897,1.7905032155057229e-06
17898,1.1644992356732589e-05
17899,4.9132917288177615e-05
17900,4.7641157993465865e-06
17901,1.9756906355571455e-05
17902,1.8129085397442568e-05
17903,3.793072067011072e-05
17904,4.494177150590377e-06
17905,4.807632222904557e-06
17906,2.5515775695340235e-05
17907,1.1997764685598476e-05
17908,1.2504365465339304e-05
17909,6.830633588881178e-06
17910,1.0857419387940288e-05
17911,2.638324172073524e-06
17912,2.913594373915911e-05
17913,4.687336814084638e-06
17914,4.344563232312016e-06
17915,2.212870038348135e-05
17916,1.0746372353168317e-05
17917,3.903056025989452e-05
17918,8.058595813874896e-07
17919,3.2445422920513604e-05
17920,3.78235516341809e-08
17921,1.2504365465339304e-05
17922,2.567756127444846e-06
17923,7.993519340531444e-06
17924,1.0754660573650312e-05
17925,1.817349206466535e-05
17926,6.167009188748751e-06
17927,1.6723997866334754e-05
17928,3.7774337547790563e-06
17929,1.4796935746218303e-05
17930,6.167009188748751e-06
17931,1.0754660573650312e-05
17932,1.1997764685598476e-05
17933,6.387555778846142e-05
17934,1.8024136615215226e-05
17935,7.293191880507838e-06
17936,1.2857782005483696e-05
17937,3.2445422920513604e-05
17938,2.567756127444846e-06
17939,3.567289358800989e-06
17940,2.4662631681292474e-05
17941,3.329738448009134e-05
17942,2.3576734364059244e-05
17943,8.339856419006043e-06
17944,2.3147390505172322e-06
17945,3.567289358800989e-06
17946,7.86375023253337e-06
17947,9.037310875955778e-06
17948,4.085985549326954e-06
17949,1.1997764685598476e-05
17950,6.632624483857994e-06
17951,1.1997764685598476e-05
17952,1.1997764685598476e-05
17953,2.292091371757278e-05
17954,9.97182131329812e-06
17955,6.632624483857994e-06
17956,1.1997764685598476e-05
17957,6.632624483857994e-06
17958,9.82395541128197e-05
17959,1.1997764685598476e-05
17960,5.74256060132945e-06
17961,6.632624483857994e-06
17962,3.567289358800989e-06
17963,4.6134084843768955e-05
17964,1.6685613070036195e-05
17965,2.6232464898206492e-05
17966,2.6232464898206492e-05
17967,7.124176368197579e-06
17968,1.6723997866334754e-05
17969,7.795624630076884e-06
17970,1.6723997866334754e-05
17971,2.324106206228486e-05
17972,5.637976846777472e-06
17973,4.305506070831409e-06
17974,0.00013852978717169653
17975,1.6685613070036195e-05
17976,3.2445422920513604e-05
17977,2.1889635175949354e-05
17978,1.5849965688355036e-05
17979,2.3147390505172322e-06
17980,5.241875531581324e-06
17981,1.6685613070036195e-05
17982,3.3024904747861657e-06
17983,7.548761950666645e-06
17984,5.606493715984668e-06
17985,1.8581267500807902e-05
17986,2.705226467768203e-05
17987,1.6685613070036195e-05
17988,1.1644992356732589e-05
17989,3.2445422920513604e-05
17990,7.293191880507838e-06
17991,1.6709694019828036e-05
17992,2.1889635175949354e-05
17993,2.1744228134562504e-06
17994,1.09231490319743e-05
17995,3.3002804081806606e-08
17996,3.556339893443936e-06
17997,2.3851566692655718e-05
17998,2.1889635175949354e-05
17999,2.510603690142444e-06
18000,3.579259214609329e-05
18001,4.085985549326954e-06
18002,6.222803839583575e-05
18003,3.7521152634236e-05
18004,5.638264639183681e-05
18005,3.3024904747861657e-06
18006,1.0341492697675664e-05
18007,3.7600281148933574e-05
18008,2.3147390505172322e-06
18009,4.344563232312016e-06
18010,9.360161008768145e-06
18011,2.5826453593806244e-06
18012,2.2274735313271023e-05
18013,5.574238617669124e-06
18014,1.9853148695759767e-05
18015,1.8460090098661703e-06
18016,6.323621578769993e-05
18017,3.080654430191315e-05
18018,2.124438723017059e-06
18019,1.997239349144412e-08
18020,1.0754660573650312e-05
18021,2.8638297407765024e-05
18022,4.8062581530261184e-06
18023,2.8946821830913585e-07
18024,3.7774337547790563e-06
18025,3.919953362856588e-06
18026,1.2547158450459412e-05
18027,2.5341379931947438e-05
18028,8.491704704360493e-06
18029,2.2492427181120495e-05
18030,3.2445422920513604e-05
18031,3.886874601569726e-05
18032,1.1997764685598476e-05
18033,1.1997764685598476e-05
18034,1.1997764685598476e-05
18035,3.4087172198205315e-05
18036,3.831220070692776e-06
18037,7.89755808065313e-06
18038,4.0497839162489106e-05
18039,1.8024136615215226e-05
18040,5.119913791204008e-06
18041,7.795624630076884e-06
18042,1.8460090098661703e-06
18043,6.660113175588203e-06
18044,2.8823295740506715e-05
18045,2.171238991836809e-05
18046,9.903911426043947e-06
18047,6.145900299530662e-05
18048,3.196557135987845e-05
18049,2.6319758826481655e-05
18050,5.119913791204008e-06
18051,1.2499106818882815e-05
18052,4.7641157993465865e-06
18053,1.8581267500807902e-05
18054,0.00020492999671201012
18055,2.0878048165681274e-05
18056,2.2308649720899468e-05
18057,1.3530675008421058e-05
18058,2.5457024326321722e-05
18059,3.677236689887333e-05
18060,1.1215512837019333e-05
18061,9.006527703519867e-07
18062,9.318008668577259e-06
18063,2.0549076217869553e-05
18064,4.754748103679141e-06
18065,3.2445422920513604e-05
18066,3.567289358800989e-06
18067,1.950897543364397e-05
18068,1.092057938326124e-06
18069,5.2561529384327414e-06
18070,7.293191880507838e-06
18071,6.167009188748751e-06
18072,2.2977567506047806e-07
18073,3.682437588552389e-06
18074,2.6319758826481655e-05
18075,1.2668639946208822e-05
18076,2.5515775695340235e-05
18077,6.589552189728345e-06
18078,6.77801328557527e-06
18079,3.543302466457338e-05
18080,3.926828147199314e-05
18081,8.137564451293906e-06
18082,1.0764411278233133e-06
18083,3.3391968294401246e-06
18084,9.318008668577259e-06
18085,2.212503139575054e-05
18086,9.622365479210942e-06
18087,5.874221594061904e-06
18088,3.2445422920513604e-05
18089,1.4780495544012343e-05
18090,1.1106870906897075e-05
18091,2.8369282808913568e-05
18092,1.8024136615215226e-05
18093,2.785041548221168e-05
18094,1.0976766595274669e-05
18095,5.2946251810429825e-06
18096,7.436888477541005e-08
18097,1.2279115364674386e-05
18098,1.6937611878492695e-05
18099,2.0389030618798876e-05
18100,1.09231490319743e-05
18101,7.89755808065313e-06
18102,7.325903801898597e-06
18103,1.1439436660058208e-05
18104,4.240897968055228e-06
18105,1.3409376265318766e-05
18106,5.090491525130026e-06
18107,7.548761950666645e-06
18108,4.721706381822767e-06
18109,1.3073514415799466e-05
18110,1.6452166147152925e-05
18111,1.5931211609493322e-05
18112,2.919727302967391e-05
18113,5.066824247869157e-06
18114,1.8581267500807902e-05
18115,9.318008668577259e-06
18116,5.069293113188114e-05
18117,1.6767123075445686e-05
18118,5.16508523954363e-06
18119,1.3856015831578923e-05
18120,2.6592288925668925e-05
18121,1.1106870906897075e-05
18122,1.9546854292914827e-05
18123,3.094688145761901e-06
18124,1.0857419387940288e-05
18125,1.536507465114561e-05
18126,4.983428830864382e-06
18127,7.1063867990134775e-06
18128,2.5457024326321722e-05
18129,4.085985549326954e-06
18130,1.2499106818882815e-05
18131,1.8538364677761307e-05
18132,2.068504299383172e-05
18133,9.263726349490309e-06
18134,9.263726349490309e-06
18135,5.574238617669124e-06
18136,3.5517004061818853e-06
18137,2.3079566049958632e-05
18138,3.094688145761901e-06
18139,2.6232464898206492e-05
18140,4.9716831410061e-07
18141,3.096609344774479e-05
18142,3.677236689887333e-05
18143,4.7692406739799295e-06
18144,5.574238617669124e-06
18145,7.279606838722046e-06
18146,1.8024136615215226e-05
18147,1.4306934671683392e-06
18148,1.1910881953536607e-08
18149,2.3895855388216243e-07
18150,2.6232464898206492e-05
18151,4.118545585822443e-05
18152,5.167543924003077e-06
18153,9.273329360391642e-06
18154,5.977473636206564e-06
18155,6.604102156649155e-06
18156,1.6723997866334754e-05
18157,3.903056025989452e-05
18158,3.0567348824779397e-08
18159,1.8805946600225752e-05
18160,8.244613255882126e-06
18161,1.1187858695687232e-05
18162,3.869217156195683e-05
18163,4.081953044758512e-06
18164,4.949620996736937e-07
18165,1.1187858695687232e-05
18166,2.8814200697366136e-07
18167,2.093229920457446e-06
18168,2.42372724272078e-05
18169,3.2119393217522706e-05
18170,4.096781640798088e-05
18171,3.630033899132642e-05
18172,5.469079616141989e-07
18173,1.983676114667277e-05
18174,4.517264451286071e-06
18175,8.780644174654242e-06
18176,8.461195848300982e-06
18177,1.2502128903267543e-05
18178,5.090491525130026e-06
18179,7.89755808065313e-06
18180,2.0940793139358538e-05
18181,3.543302466457338e-05
18182,8.339856419006043e-06
18183,8.952395808879648e-06
18184,1.4579916707818401e-05
18185,4.9716831410061e-07
18186,1.66801693039325e-05
18187,2.8490589658498932e-05
18188,8.28663599998875e-06
18189,9.318008668577259e-06
18190,0.00010051505155007139
18191,2.39372234713232e-05
18192,5.606493715984668e-06
18193,3.222065398383419e-05
18194,2.6021019309663816e-05
18195,4.754748103679141e-06
18196,1.2752228797459337e-05
18197,3.309667459598288e-05
18198,2.8483417257409518e-06
18199,7.329428962093246e-06
18200,3.080654430191315e-05
18201,2.5457024326321722e-05
18202,6.661741033199278e-06
18203,3.8841059757354795e-05
18204,5.0105783281997086e-05
18205,2.6232464898206492e-05
18206,1.0213215316709365e-05
18207,6.779142910621366e-05
18208,6.167009188748751e-06
18209,1.983676114667277e-05
18210,5.090491525130026e-06
18211,1.9792695525349584e-06
18212,3.354153459986863e-06
18213,3.2445422920513604e-05
18214,9.273329360391642e-06
18215,2.324106206228486e-05
18216,8.881973286371031e-06
18217,1.5623712047274186e-05
18218,1.3026461063621571e-05
18219,5.874221594061904e-06
18220,1.1644992356732589e-05
18221,1.9766402380370655e-05
18222,1.777324006841287e-05
18223,9.802835711729158e-07
18224,8.79219889454674e-06
18225,1.09231490319743e-05
18226,1.9808946972104943e-05
18227,1.4406269508056996e-06
18228,9.753306518785305e-06
18229,5.852391355694248e-05
18230,5.509607098696422e-06
18231,5.509607098696422e-06
18232,5.509607098696422e-06
18233,5.509607098696422e-06
18234,5.509607098696422e-06
18235,2.528847202608552e-05
18236,3.886874601569726e-05
18237,9.7950553838749e-06
18238,1.8024136615215226e-05
18239,2.324106206228486e-05
18240,1.868288809865272e-05
18241,5.509607098696422e-06
18242,3.543302466457338e-05
18243,3.0567348824779397e-08
18244,5.020948492982558e-06
18245,2.6319758826481655e-05
18246,1.0341492697675664e-05
18247,1.1439436660058208e-05
18248,2.6232464898206492e-05
18249,9.753306518785305e-06
18250,3.853104167743302e-06
18251,6.830633588881178e-06
18252,9.802835711729158e-07
18253,9.753306518785305e-06
18254,2.5341379931947438e-05
18255,6.296778373121772e-05
18256,3.3391968294401246e-06
18257,1.6685613070036195e-05
18258,6.807153939081614e-06
18259,9.037310875955778e-06
18260,8.278891074482927e-06
18261,7.227686254926452e-06
18262,7.04087630940213e-06
18263,4.2363287998805957e-05
18264,5.662891629444377e-07
18265,2.785041548221168e-05
18266,6.100828713752945e-05
18267,9.753306518785305e-06
18268,8.24688955434185e-05
18269,2.6232464898206492e-05
18270,2.324106206228486e-05
18271,2.5826453593806244e-06
18272,9.22111342037699e-06
18273,2.257859274798186e-05
18274,6.784292077741517e-06
18275,7.682893847554348e-06
18276,4.754748103679141e-06
18277,1.0457412981060865e-06
18278,1.3629474847298844e-05
18279,7.561622190259031e-05
18280,1.1547098631997888e-06
18281,6.554209751649648e-05
18282,4.754748103679141e-06
18283,1.9766402380370655e-05
18284,5.509607098696422e-06
18285,1.983676114667277e-05
18286,7.183965645408706e-06
18287,8.881973286371031e-06
18288,3.579259214609329e-05
18289,1.1657463000347894e-05
18290,2.3858473114651596e-05
18291,4.274237742254771e-05
18292,3.278645328841497e-05
18293,6.446088894920649e-06
18294,1.1439436660058208e-05
18295,3.2446151946335693e-06
18296,5.25084440573086e-06
18297,7.227686254926452e-06
18298,1.546727816626953e-08
18299,2.1397030833912672e-05
18300,1.09231490319743e-05
18301,1.9496757374554444e-05
18302,4.807632222904557e-06
18303,2.8451950070818996e-05
18304,4.739205207123671e-06
18305,3.2021007702808205e-06
18306,4.531044181113482e-06
18307,5.167543924003077e-06
18308,4.739205207123671e-06
18309,7.86375023253337e-06
18310,2.751663091147856e-05
18311,2.257859274798186e-05
18312,8.18763536864292e-06
18313,2.8790229233890866e-05
18314,7.226360711145934e-06
18315,9.360161008768145e-06
18316,1.3130183076319016e-06
18317,2.9543009875648674e-05
18318,1.5110544139588908e-05
18319,9.883460640919919e-06
18320,1.8805946600225752e-05
18321,1.4406269508056996e-06
18322,1.6723997866334754e-05
18323,1.5597427615731944e-05
18324,7.548761950666645e-06
18325,4.754748103679141e-06
18326,4.754748103679141e-06
18327,1.1910881953536607e-08
18328,2.6867799412359272e-05
18329,1.4485552592580338e-05
18330,1.6723997866334754e-05
18331,2.0231258384286043e-05
18332,1.1657463000347894e-05
18333,5.638264639183681e-05
18334,3.3391968294401246e-06
18335,6.879364539130577e-06
18336,5.595789375763542e-06
18337,5.574238617669124e-06
18338,5.606493715984668e-06
18339,2.1744228134562504e-06
18340,5.469711135728868e-06
18341,7.124176368197579e-06
18342,8.268553130358217e-05
18343,9.273329360391642e-06
18344,5.029250761221413e-07
18345,1.5217656917777877e-05
18346,8.865359047952257e-06
18347,7.65439688810413e-06
18348,1.5845526237844237e-06
18349,1.1663973207448035e-05
18350,9.16577641018437e-06
18351,1.357636909726148e-06
18352,1.1944079556719808e-05
18353,3.2445422920513604e-05
18354,4.88001542070682e-06
18355,8.137564451293906e-06
18356,4.344563232312016e-06
18357,2.814480122753761e-06
18358,4.2348594231872776e-05
18359,3.926828147199314e-05
18360,2.814480122753761e-06
18361,7.548761950666645e-06
18362,0.0003325729962017989
18363,1.140950014175366e-05
18364,1.8805946600225752e-05
18365,7.795624630076884e-06
18366,8.137564451293906e-06
18367,7.449902406129431e-06
18368,1.0319925847946167e-06
18369,1.9866640274473952e-05
18370,1.8655879181018193e-05
18371,3.2445422920513604e-05
18372,2.687517363821461e-05
18373,1.1187858695687232e-05
18374,3.837918783006646e-05
18375,3.2445422920513604e-05
18376,2.652310871292661e-05
18377,1.3188503747714118e-05
18378,6.589552189728345e-06
18379,1.8460090098661703e-06
18380,3.550170591009911e-05
18381,5.244704145298945e-05
18382,2.5440097089576535e-06
18383,9.850800339662287e-05
18384,5.066824247869157e-06
18385,1.0857419387940288e-05
18386,1.377546840990069e-05
18387,1.9895000657354754e-05
18388,2.3150509832537767e-05
18389,4.754748103679141e-06
18390,8.851037022999384e-06
18391,3.309667459598288e-05
18392,1.829405675035624e-05
18393,1.1875799467932967e-05
18394,6.167009188748751e-06
18395,7.325903801898597e-06
18396,2.0389030618798876e-05
18397,1.1657463000347894e-05
18398,2.1640642633901927e-05
18399,1.60280005887528e-06
18400,3.926828147199314e-05
18401,1.6635496470757062e-05
18402,1.9971688459737037e-05
18403,5.606493715984668e-06
18404,5.874221594061904e-06
18405,5.109913352583105e-05
18406,1.5217656917777877e-05
18407,9.360161008768145e-06
18408,6.166097019349964e-06
18409,2.6232464898206492e-05
18410,2.6232464898206492e-05
18411,7.124176368197579e-06
18412,1.546727816626953e-08
18413,1.6685613070036195e-05
18414,5.39693937790813e-07
18415,7.325903801898597e-06
18416,2.569745318314875e-05
18417,9.622365479210942e-06
18418,2.0940793139358538e-05
18419,9.844233795786024e-06
18420,1.56237812375348e-05
18421,1.0213215316709365e-05
18422,1.0679981774516916e-05
18423,5.981531900235198e-06
18424,4.754748103679141e-06
18425,5.819100281622349e-06
18426,3.919953362856588e-06
18427,4.8948281830987534e-06
18428,1.1152414258539597e-05
18429,2.0767034259130587e-06
18430,7.89755808065313e-06
18431,1.0341492697675664e-05
18432,4.494177150590377e-06
18433,3.579259214609329e-05
18434,4.494177150590377e-06
18435,1.09231490319743e-05
18436,1.8805946600225752e-05
18437,8.137564451293906e-06
18438,1.6778098339098316e-05
18439,2.5515775695340235e-05
18440,2.3079566049958632e-05
18441,5.119913791204008e-06
18442,1.5623712047274186e-05
18443,3.2323837993112715e-05
18444,2.354464623356397e-05
18445,1.3231965511332109e-05
18446,1.8538364677761307e-05
18447,3.3768103584713837e-06
18448,1.0313207022366888e-05
18449,5.2946251810429825e-06
18450,5.255304396475011e-07
18451,1.1439436660058208e-05
18452,3.309667459598288e-05
18453,3.094688145761901e-06
18454,3.094688145761901e-06
18455,2.814480122753761e-06
18456,4.411334844047122e-06
18457,3.094688145761901e-06
18458,1.1657463000347894e-05
18459,4.545762176800581e-06
18460,1.4095461526977266e-05
18461,7.1063867990134775e-06
18462,6.879364539130577e-06
18463,2.42372724272078e-05
18464,3.7160634000884236e-06
18465,2.6232464898206492e-05
18466,4.373458287193397e-07
18467,9.439406022826643e-06
18468,4.584319860777477e-05
18469,3.7398363035055057e-06
18470,2.7490914705447568e-05
18471,5.981531900235198e-06
18472,5.574238617669124e-06
18473,1.6778098339098316e-05
18474,2.3895855388216243e-07
18475,5.574238617669124e-06
18476,3.543302466457338e-05
18477,1.2013322342028058e-05
18478,4.9716831410061e-07
18479,3.543302466457338e-05
18480,2.3147390505172322e-06
18481,3.223478423162025e-06
18482,2.6232464898206492e-05
18483,4.9913941429194944e-05
18484,3.7521152634236e-05
18485,3.2445422920513604e-05
18486,2.6563629944852422e-05
18487,1.1836670161158395e-05
18488,2.6232464898206492e-05
18489,1.2859160646836952e-05
18490,1.8024136615215226e-05
18491,1.1439436660058208e-05
18492,2.889334277513483e-05
18493,6.249110241859464e-06
18494,2.0231258384286043e-05
18495,3.627110668134288e-06
18496,8.137564451293906e-06
18497,3.094688145761901e-06
18498,4.952362352419042e-08
18499,3.857321283308478e-05
18500,2.212503139575054e-05
18501,2.889334277513483e-05
18502,6.0517276086091855e-06
18503,2.6232464898206492e-05
18504,4.7641157993465865e-06
18505,4.344563232312016e-06
18506,2.171238991836809e-05
18507,3.5517004061818853e-06
18508,2.6366617112429715e-05
18509,5.373604530412321e-05
18510,6.04968054366963e-06
18511,3.794762843547894e-06
18512,2.787116707618455e-05
18513,2.8097158503885515e-05
18514,1.1997764685598476e-05
18515,4.373458287193397e-07
18516,6.0812585611422054e-06
18517,2.1744228134562504e-06
18518,3.794762843547894e-06
18519,5.241875531581324e-06
18520,2.0435122645013686e-05
18521,7.1469930078055945e-06
18522,2.1744228134562504e-06
18523,3.0567348824779397e-08
18524,3.6954725355878477e-06
18525,4.525398743866844e-05
18526,3.3024904747861657e-06
18527,1.2547158450459412e-05
18528,5.489708419760574e-06
18529,3.309667459598288e-05
18530,2.569745318314875e-05
18531,1.737039905029174e-06
18532,8.29934453800843e-05
18533,1.09231490319743e-05
18534,3.5806715145296697e-06
18535,1.1836670161158395e-05
18536,0.00022330968511968075
18537,1.6685613070036195e-05
18538,1.6778098339098316e-05
18539,1.2279115364674386e-05
18540,4.763658862776077e-06
18541,4.0211763018540507e-05
18542,1.3510556190963273e-06
18543,2.785041548221168e-05
18544,1.9865219579887283e-05
18545,1.1657463000347894e-05
18546,9.318008668577259e-06
18547,3.172312495002965e-06
18548,1.1668668853090769e-05
18549,1.1445049771455828e-05
18550,2.6232464898206492e-05
18551,4.305506070831409e-06
18552,9.594154120435579e-06
18553,5.819100281622349e-06
18554,2.4199374356353516e-06
18555,6.466167127861589e-06
18556,3.309667459598288e-05
18557,2.1744228134562504e-06
18558,2.638324172073524e-06
18559,3.172312495002965e-06
18560,2.324106206228486e-05
18561,2.6232464898206492e-05
18562,5.874221594061904e-06
18563,7.795624630076884e-06
18564,1.09231490319743e-05
18565,1.8129085397442568e-05
18566,6.426076672132803e-06
18567,2.171238991836809e-05
18568,5.066824247869157e-06
18569,1.2547158450459412e-05
18570,8.26509631161632e-06
18571,1.75856283615666e-05
18572,2.785041548221168e-05
18573,5.997184823419749e-05
18574,2.350153789067077e-06
18575,1.3160600112368369e-06
18576,6.807153939081614e-06
18577,7.749559105333016e-07
18578,3.8472203037427034e-05
18579,3.21125340874219e-05
18580,2.4311564379236638e-05
18581,2.6319758826481655e-05
18582,1.6452166147152925e-05
18583,1.2547158450459412e-05
18584,1.2727432446450108e-06
18585,1.56237812375348e-05
18586,8.461195848300982e-06
18587,1.2859160646836952e-05
18588,6.784292077741517e-06
18589,6.8012151300323124e-06
18590,1.9496757374554444e-05
18591,4.166396368985343e-05
18592,2.233190065385766e-06
18593,7.716223881193985e-05
18594,7.3983661634359665e-06
18595,5.124498465116961e-05
18596,1.9856712397674944e-05
18597,5.899867748133955e-06
18598,1.835407875307546e-06
18599,2.785041548221168e-05
18600,6.183205760884893e-05
18601,1.2105987869083227e-05
18602,1.8974895579305917e-05
18603,7.325903801898597e-06
18604,1.1875799467932967e-05
18605,8.087524741023722e-05
18606,0.00010029159344123129
18607,4.433994353239081e-06
18608,1.9971688459737037e-05
18609,4.433994353239081e-06
18610,1.1187858695687232e-05
18611,1.0341492697675664e-05
18612,1.7106066374209726e-05
18613,1.0952789725319169e-05
18614,3.54640615193745e-05
18615,7.749559105333016e-07
18616,2.6232464898206492e-05
18617,2.324106206228486e-05
18618,4.758563856264241e-06
18619,8.865359047952257e-06
18620,4.665632634194996e-06
18621,4.7641157993465865e-06
18622,7.698525158811343e-06
18623,6.784292077741517e-06
18624,6.830633588881178e-06
18625,1.8538364677761307e-05
18626,3.550170591009911e-05
18627,6.8012151300323124e-06
18628,2.5826453593806244e-06
18629,1.583852600598809e-05
18630,2.1744228134562504e-06
18631,0.00011954645779258375
18632,3.0567348824779397e-08
18633,5.066824247869157e-06
18634,2.638324172073524e-06
18635,5.637976846777472e-06
18636,7.476998738209224e-05
18637,8.137564451293906e-06
18638,3.2978288653476947e-06
18639,2.0549076217869553e-05
18640,2.079854819816605e-06
18641,3.8864774109559046e-05
18642,3.727382220091563e-06
18643,8.865359047952257e-06
18644,1.1106870906897075e-05
18645,7.485926624902738e-06
18646,1.09231490319743e-05
18647,1.339996171333577e-05
18648,7.1469930078055945e-06
18649,7.1469930078055945e-06
18650,1.2279115364674386e-05
18651,3.3334057599760894e-06
18652,3.7160634000884236e-06
18653,3.053685327535438e-05
18654,5.142537346067974e-05
18655,3.2446151946335693e-06
18656,1.2752228797459337e-05
18657,2.0990608531799997e-06
18658,4.739205207123671e-06
18659,1.583852600598809e-05
18660,1.0976766595274669e-05
18661,6.328344014678506e-05
18662,1.737039905029174e-06
18663,1.2547158450459412e-05
18664,1.2547158450459412e-05
18665,1.2547158450459412e-05
18666,3.0495527855264824e-06
18667,3.051785448686207e-05
18668,1.75856283615666e-05
18669,3.579259214609329e-05
18670,1.2859160646836952e-05
18671,2.4577727384585627e-05
18672,6.267090779430525e-06
18673,3.57234908280529e-06
18674,4.807632222904557e-06
18675,1.0274166338583712e-05
18676,7.993519340531444e-06
18677,1.1439436660058208e-05
18678,5.900895157352535e-06
18679,4.807632222904557e-06
18680,4.207408501786292e-06
18681,2.1744228134562504e-06
18682,9.099311335991156e-06
18683,4.015419028639798e-06
18684,2.1744228134562504e-06
18685,1.0991002387294113e-05
18686,2.39372234713232e-05
18687,2.0278891203424817e-05
18688,4.5101867000418874e-05
18689,6.193499748701765e-06
18690,6.028658762138247e-05
18691,2.39372234713232e-05
18692,7.325903801898597e-06
18693,7.1469930078055945e-06
18694,9.844233795786024e-06
18695,4.196179254242331e-05
18696,1.2547158450459412e-05
18697,7.698525158811343e-06
18698,1.9496757374554444e-05
18699,7.124176368197579e-06
18700,1.3530675008421058e-05
18701,1.0132339290042167e-05
18702,7.325903801898597e-06
18703,4.637502159966056e-05
18704,1.095676865700563e-06
18705,6.076666691901281e-06
18706,1.1668668853090769e-05
18707,1.1914014720877016e-06
18708,1.0429329514794365e-05
18709,2.0426320134446425e-05
18710,1.4440184888313434e-05
18711,2.5897906639530815e-05
18712,9.16577641018437e-06
18713,1.1152414258539597e-05
18714,9.844233795786024e-06
18715,1.09231490319743e-05
18716,6.632624483857994e-06
18717,1.3073514415799466e-05
18718,7.993519340531444e-06
18719,1.6709694019828036e-05
18720,2.3841957788260876e-06
18721,2.0278891203424817e-05
18722,6.72602443057299e-06
18723,1.8538364677761307e-05
18724,1.8460090098661703e-06
18725,3.643878155140299e-05
18726,2.2274735313271023e-05
18727,4.816207041740651e-08
18728,7.351019792492224e-06
18729,4.816207041740651e-08
18730,2.8629733835137425e-05
18731,9.883460640919919e-06
18732,1.536507465114561e-05
18733,8.278351111880556e-06
18734,9.844233795786024e-06
18735,1.1542505250732856e-05
18736,9.823787234911673e-06
18737,2.212503139575054e-05
18738,2.480066457739326e-05
18739,1.369814157940644e-05
18740,7.351019792492224e-06
18741,2.212503139575054e-05
18742,6.04968054366963e-06
18743,1.1997764685598476e-05
18744,2.1135022209280455e-06
18745,2.3083354240634682e-05
18746,1.4571977729669638e-05
18747,1.5597427615731944e-05
18748,1.5597427615731944e-05
18749,1.5597427615731944e-05
18750,2.5392482999606846e-05
18751,5.900895157352535e-06
18752,1.8974895579305917e-05
18753,1.5597427615731944e-05
18754,5.3413450135117296e-05
18755,1.0313207022366888e-05
18756,3.926828147199314e-05
18757,4.956102646731864e-05
18758,1.720030478754006e-05
18759,3.455610781857418e-05
18760,4.2251594073368975e-05
18761,1.5070411850590818e-05
18762,5.74256060132945e-06
18763,9.318008668577259e-06
18764,5.874221594061904e-06
18765,1.8974895579305917e-05
18766,1.0948484236713208e-05
18767,1.42288407137887e-07
18768,8.18763536864292e-06
18769,4.9716831410061e-07
18770,1.4515881844721867e-06
18771,3.0567348824779397e-08
18772,1.8460090098661703e-06
18773,4.280276360890319e-05
18774,9.318008668577259e-06
18775,4.2251594073368975e-05
18776,8.278891074482927e-06
18777,1.6452166147152925e-05
18778,4.3215166760502344e-05
18779,1.577955613586142e-06
18780,3.794762843547894e-06
18781,4.081953044758512e-06
18782,5.74256060132945e-06
18783,1.6452166147152925e-05
18784,1.09231490319743e-05
18785,2.7090952015066443e-05
18786,3.3391968294401246e-06
18787,6.193499748701765e-06
18788,3.54898591020141e-06
18789,1.2547158450459412e-05
18790,3.3391968294401246e-06
18791,1.7331855086001657e-05
18792,5.574238617669124e-06
18793,6.7349596039378535e-06
18794,1.1152414258539597e-05
18795,4.8948281830987534e-06
18796,7.124176368197579e-06
18797,1.950897543364397e-05
18798,2.5515775695340235e-05
18799,5.5732964294385154e-05
18800,7.124176368197579e-06
18801,1.1657463000347894e-05
18802,2.6232464898206492e-05
18803,2.3079566049958632e-05
18804,4.318728061330904e-09
18805,1.1351891818827818e-05
18806,4.200484154866769e-06
18807,3.6854845048586053e-06
18808,2.9428589492337194e-05
18809,5.489708419760574e-06
18810,6.187527430052336e-06
18811,1.66801693039325e-05
18812,5.900895157352535e-06
18813,1.6937611878492695e-05
18814,4.7641157993465865e-06
18815,4.0137054157308824e-05
18816,3.579259214609329e-05
18817,4.8557900828684785e-06
18818,2.6229440730017534e-05
18819,1.2547158450459412e-05
18820,4.721706381822767e-06
18821,1.2085578189964074e-05
18822,3.172312495002965e-06
18823,1.0377534339301461e-05
18824,4.7641157993465865e-06
18825,9.318008668577259e-06
18826,1.3770504055067856e-05
18827,2.124438723017059e-06
18828,1.8581267500807902e-05
18829,2.0278891203424817e-05
18830,5.574238617669124e-06
18831,7.449902406129431e-06
18832,1.0195549990056688e-05
18833,2.8483417257409518e-06
18834,2.5727195700756993e-06
18835,6.306632850805595e-06
18836,4.9131166243979826e-05
18837,2.6232464898206492e-05
18838,1.1106870906897075e-05
18839,2.6366617112429715e-05
18840,1.1106870906897075e-05
18841,2.4662631681292474e-05
18842,9.360161008768145e-06
18843,5.255304396475011e-07
18844,5.489708419760574e-06
18845,2.0940793139358538e-05
18846,2.692595926995904e-06
18847,1.8538364677761307e-05
18848,2.1840855152547472e-05
18849,8.79219889454674e-06
18850,3.926828147199314e-05
18851,2.6232464898206492e-05
18852,1.950897543364397e-05
18853,1.0679981774516916e-05
18854,4.7641157993465865e-06
18855,2.212503139575054e-05
18856,2.8667443349988375e-06
18857,2.086408388842527e-05
18858,3.2445422920513604e-05
18859,3.2445422920513604e-05
18860,2.4176561256335936e-05
18861,3.539311530167583e-06
18862,1.8581267500807902e-05
18863,2.9429745159228694e-07
18864,6.367225595889149e-05
18865,3.919953362856588e-06
18866,2.324106206228486e-05
18867,1.763317027055864e-05
18868,1.6452166147152925e-05
18869,6.831084359951333e-05
18870,8.865359047952257e-06
18871,1.8868111523841994e-06
18872,3.7160634000884236e-06
18873,3.0495527855264824e-06
18874,6.864654257649939e-05
18875,3.2445422920513604e-05
18876,5.638264639183681e-05
18877,8.865359047952257e-06
18878,2.6561922325278466e-06
18879,1.1925938141676377e-05
18880,2.1744228134562504e-06
18881,7.795624630076884e-06
18882,6.632624483857994e-06
18883,3.54898591020141e-06
18884,1.0991002387294113e-05
18885,8.244613255882126e-06
18886,1.2502128903267543e-05
18887,2.7911491191413743e-06
18888,1.2547158450459412e-05
18889,6.306632850805595e-06
18890,2.1744228134562504e-06
18891,1.3361580977104268e-05
18892,5.900895157352535e-06
18893,4.234933434655755e-05
18894,1.1997764685598476e-05
18895,1.1152414258539597e-05
18896,1.1997764685598476e-05
18897,1.1106870906897075e-05
18898,9.318008668577259e-06
18899,3.0576547558316004e-05
18900,6.249110241859464e-06
18901,4.344563232312016e-06
18902,1.5393619845804522e-05
18903,1.0377534339301461e-05
18904,1.2857782005483696e-05
18905,7.449902406129431e-06
18906,9.006527703519867e-07
18907,1.6778098339098316e-05
18908,4.816207041740651e-08
18909,8.865359047952257e-06
18910,1.369814157940644e-05
18911,1.6452166147152925e-05
18912,3.3768103584713837e-06
18913,7.067856213267806e-07
18914,5.090491525130026e-06
18915,2.9228363331674055e-05
18916,4.7674004713794945e-06
18917,1.2499106818882815e-05
18918,5.241875531581324e-06
18919,8.18763536864292e-06
18920,6.426076672132803e-06
18921,2.7471378098867538e-05
18922,3.2446151946335693e-06
18923,7.548761950666645e-06
18924,1.8460090098661703e-06
18925,7.428477344700757e-05
18926,3.223478423162025e-06
18927,1.3361580977104268e-05
18928,1.3113369115589896e-05
18929,3.57234908280529e-06
18930,5.977473636206564e-06
18931,9.753306518785305e-06
18932,6.7349596039378535e-06
18933,2.279887060561325e-06
18934,3.2445422920513604e-05
18935,2.814480122753761e-06
18936,1.6709694019828036e-05
18937,1.0341492697675664e-05
18938,5.637976846777472e-06
18939,1.5217656917777877e-05
18940,7.548761950666645e-06
18941,1.1439436660058208e-05
18942,1.2752228797459337e-05
18943,3.57234908280529e-06
18944,5.9117501360328634e-06
18945,2.39372234713232e-05
18946,1.1995280057508101e-05
18947,1.3530675008421058e-05
18948,3.309667459598288e-05
18949,4.739205207123671e-06
18950,1.9766402380370655e-05
18951,2.1239146477168168e-05
18952,1.3073514415799466e-05
18953,9.903911426043947e-06
18954,1.09231490319743e-05
18955,6.7349596039378535e-06
18956,2.9429745159228694e-07
18957,4.7689620997581075e-06
18958,1.8024136615215226e-05
18959,1.3409376265318766e-05
18960,1.2547158450459412e-05
18961,9.622365479210942e-06
18962,5.255304396475011e-07
18963,5.981531900235198e-06
18964,1.1522824826450387e-05
18965,1.4780495544012343e-05
18966,2.5821669534390205e-06
18967,4.146945752964598e-06
18968,8.865359047952257e-06
18969,1.5822479104540874e-06
18970,2.0231258384286043e-05
18971,2.79277619416011e-06
18972,2.1744228134562504e-06
18973,2.402807309752188e-05
18974,3.3334057599760894e-06
18975,3.3768103584713837e-06
18976,9.823787234911673e-06
18977,1.1863193057143497e-05
18978,1.9496757374554444e-05
18979,5.819100281622349e-06
18980,1.3361580977104268e-05
18981,1.0754660573650312e-05
18982,6.8012151300323124e-06
18983,4.272806662124504e-05
18984,3.965881140217324e-06
18985,1.1836670161158395e-05
18986,1.0527680330498959e-05
18987,1.737039905029174e-06
18988,5.328878429897679e-05
18989,2.1307483297458105e-05
18990,3.824461163360816e-05
18991,1.2857782005483696e-05
18992,2.4199374356353516e-06
18993,5.2946251810429825e-06
18994,9.360161008768145e-06
18995,2.5515775695340235e-05
18996,1.846929464501639e-05
18997,2.5515775695340235e-05
18998,5.090491525130026e-06
18999,2.1744228134562504e-06
19000,1.357636909726148e-06
19001,7.449902406129431e-06
19002,5.574238617669124e-06
19003,1.2668639946208822e-05
19004,6.167009188748751e-06
19005,8.35396901245353e-06
19006,2.0940793139358538e-05
19007,3.3024904747861657e-06
19008,4.361463544814087e-07
19009,7.009475039985207e-06
19010,1.9496757374554444e-05
19011,2.1744228134562504e-06
19012,1.7058731488567955e-05
19013,2.1744228134562504e-06
19014,8.79219889454674e-06
19015,2.6366617112429715e-05
19016,6.441945059477709e-06
19017,1.4406269508056996e-06
19018,5.606493715984668e-06
19019,1.8667014493856614e-06
19020,2.1744228134562504e-06
19021,9.037310875955778e-06
19022,2.7330563572308044e-05
19023,1.5623712047274186e-05
19024,2.927653805636633e-05
19025,1.2727432446450108e-06
19026,2.1744228134562504e-06
19027,1.0438274842770595e-05
19028,4.146945752964598e-06
19029,1.3905963636234354e-05
19030,3.2445422920513604e-05
19031,1.8868111523841994e-06
19032,5.806609816803655e-08
19033,1.1187858695687232e-05
19034,8.278891074482927e-06
19035,5.571170014152152e-05
19036,5.900895157352535e-06
19037,4.035362184388446e-06
19038,4.952362352419042e-08
19039,7.993519340531444e-06
19040,2.1744228134562504e-06
19041,1.1050065501815846e-05
19042,1.2859160646836952e-05
19043,5.819100281622349e-06
19044,2.3147390505172322e-06
19045,2.1744228134562504e-06
19046,1.4168278080111728e-05
19047,1.8160519028412326e-05
19048,5.638264639183681e-05
19049,1.634994038941602e-05
19050,1.0332946556311193e-07
19051,2.1744228134562504e-06
19052,8.981221596183088e-06
19053,3.309667459598288e-05
19054,7.1469930078055945e-06
19055,1.66801693039325e-05
19056,7.548761950666645e-06
19057,5.469711135728868e-06
19058,1.8460090098661703e-06
19059,1.0438274842770595e-05
19060,5.489708419760574e-06
19061,3.096609344774479e-05
19062,8.244613255882126e-06
19063,3.3024904747861657e-06
19064,1.2499106818882815e-05
19065,1.847106690969064e-05
19066,1.60280005887528e-06
19067,2.1744228134562504e-06
19068,2.279887060561325e-06
19069,9.844233795786024e-06
19070,3.3768103584713837e-06
19071,1.2499106818882815e-05
19072,5.574238617669124e-06
19073,1.7757340970162572e-05
19074,1.3409376265318766e-05
19075,6.862918551678054e-05
19076,8.79219889454674e-06
19077,2.889334277513483e-05
19078,3.7242917867312815e-05
19079,2.743694600175827e-05
19080,4.118545585822443e-05
19081,4.032436085090933e-05
19082,3.096609344774479e-05
19083,1.950897543364397e-05
19084,3.309667459598288e-05
19085,3.764243677278346e-05
19086,3.166442107732369e-05
19087,2.814480122753761e-06
19088,2.0270798393896426e-05
19089,1.6471837375168771e-06
19090,1.7207844604559312e-05
19091,6.8012151300323124e-06
19092,2.324106206228486e-05
19093,3.2107788542822675e-05
19094,8.35396901245353e-06
19095,2.5341379931947438e-05
19096,3.726055405653195e-06
19097,1.2547158450459412e-05
19098,4.023291535536111e-05
19099,7.548761950666645e-06
19100,2.0135845149225238e-05
19101,7.124176368197579e-06
19102,4.638331781702184e-06
19103,5.46746317790583e-06
19104,3.889663216446158e-06
19105,1.5217656917777877e-05
19106,2.1744228134562504e-06
19107,1.0416189543517678e-05
19108,7.993519340531444e-06
19109,2.6770957242423036e-05
19110,4.6046848005411496e-05
19111,7.383412113819585e-06
19112,2.3941174716487273e-05
19113,6.047390258570638e-06
19114,6.076666691901281e-06
19115,2.2845063880959542e-05
19116,3.309667459598288e-05
19117,1.2508986890623746e-06
19118,1.5597427615731944e-05
19119,2.1744228134562504e-06
19120,2.767691883844998e-05
19121,8.031641710132544e-08
19122,3.816842810740284e-08
19123,2.3147390505172322e-06
19124,2.1744228134562504e-06
19125,1.2756390628669485e-06
19126,1.425636471068949e-05
19127,6.830633588881178e-06
19128,1.5822479104540874e-06
19129,2.39372234713232e-05
19130,1.66801693039325e-05
19131,2.5353565577308473e-05
19132,5.167543924003077e-06
19133,3.2446151946335693e-06
19134,3.382068411224312e-05
19135,3.54898591020141e-06
19136,2.889334277513483e-05
19137,7.485926624902738e-06
19138,6.249110241859464e-06
19139,1.840919441444709e-05
19140,5.74256060132945e-06
19141,2.785041548221168e-05
19142,6.7349596039378535e-06
19143,8.334753011047013e-05
19144,3.6854845048586053e-06
19145,1.577955613586142e-06
19146,1.3842352573027874e-05
19147,5.606493715984668e-06
19148,3.919953362856588e-06
19149,2.2166803686158193e-05
19150,1.782453190245197e-05
19151,8.865359047952257e-06
19152,1.4016155269703559e-05
19153,9.903911426043947e-06
19154,6.3391743123908195e-06
19155,1.6471837375168771e-06
19156,1.0857419387940288e-05
19157,2.814480122753761e-06
19158,8.26509631161632e-06
19159,2.814480122753761e-06
19160,2.3147390505172322e-06
19161,4.763658862776077e-06
19162,2.5341379931947438e-05
19163,1.3492983640704942e-05
19164,1.1657463000347894e-05
19165,9.360161008768145e-06
19166,0.00010705989050065703
19167,2.1744228134562504e-06
19168,5.821636477661691e-06
19169,6.21038559360912e-05
19170,4.6720936505250424e-05
19171,1.5070411850590818e-05
19172,1.3106257016007485e-05
19173,6.632624483857994e-06
19174,7.505313940780551e-06
19175,2.0278891203424817e-05
19176,8.140261186595024e-05
19177,1.2539231829557602e-05
19178,9.903911426043947e-06
19179,2.8828840530970172e-05
19180,4.05465770021123e-05
19181,1.6723997866334754e-05
19182,2.913594373915911e-05
19183,9.823787234911673e-06
19184,7.227686254926452e-06
19185,1.5597427615731944e-05
19186,1.6321563674865662e-06
19187,6.968368106932211e-06
19188,1.5597427615731944e-05
19189,3.727382220091563e-06
19190,1.6723997866334754e-05
19191,1.5597427615731944e-05
19192,1.5597427615731944e-05
19193,2.6232464898206492e-05
19194,1.5954862441009677e-05
19195,3.550170591009911e-05
19196,7.009694715600637e-06
19197,7.795624630076884e-06
19198,5.659867290427026e-06
19199,2.3779719596208484e-05
19200,1.2984504279178751e-05
19201,3.543302466457338e-05
19202,9.640825058192401e-06
19203,1.9756906355571455e-05
19204,1.6723997866334754e-05
19205,2.814480122753761e-06
19206,2.4139773424162623e-05
19207,1.4780495544012343e-05
19208,3.7293694487480114e-05
19209,5.408297341090701e-05
19210,5.080966135614927e-06
19211,5.482822884642195e-05
19212,2.7090952015066443e-05
19213,1.2547158450459412e-05
19214,3.309667459598288e-05
19215,2.256315484616654e-05
19216,8.14784646225213e-08
19217,1.8460090098661703e-06
19218,7.698525158811343e-06
19219,3.309667459598288e-05
19220,7.124176368197579e-06
19221,1.6723997866334754e-05
19222,2.6232464898206492e-05
19223,3.3024904747861657e-06
19224,1.092057938326124e-06
19225,1.3361580977104268e-05
19226,4.382819966499667e-07
19227,1.7270964975051677e-05
19228,1.2668639946208822e-05
19229,3.309667459598288e-05
19230,8.452364503512109e-06
19231,3.3688891564603374e-05
19232,2.3059823163426705e-05
19233,5.2946251810429825e-06
19234,1.2547158450459412e-05
19235,7.548761950666645e-06
19236,3.2446151946335693e-06
19237,1.6723997866334754e-05
19238,2.8667443349988375e-06
19239,1.2504365465339304e-05
19240,8.137564451293906e-06
19241,3.727382220091563e-06
19242,6.490178552997004e-06
19243,1.5597427615731944e-05
19244,3.579259214609329e-05
19245,1.2499106818882815e-05
19246,1.8024136615215226e-05
19247,8.26147913736167e-05
19248,2.3074341812228413e-05
19249,1.2547158450459412e-05
19250,6.187527430052336e-06
19251,1.1833036986881753e-05
19252,1.2508986890623746e-06
19253,2.6366617112429715e-05
19254,2.249111936793878e-05
19255,4.305506070831409e-06
19256,8.137564451293906e-06
19257,5.469711135728868e-06
19258,1.60280005887528e-06
19259,1.2859160646836952e-05
19260,5.377591186363026e-06
19261,5.377591186363026e-06
19262,5.377591186363026e-06
19263,3.309667459598288e-05
19264,3.252859130671301e-06
19265,1.2508986890623746e-06
19266,3.252859130671301e-06
19267,5.255304396475011e-07
19268,1.718498843404552e-05
19269,6.166097019349964e-06
19270,5.255304396475011e-07
19271,3.5530517109904796e-05
19272,8.865359047952257e-06
19273,5.119913791204008e-06
19274,2.814480122753761e-06
19275,7.993519340531444e-06
19276,2.5515775695340235e-05
19277,8.865359047952257e-06
19278,3.6854845048586053e-06
19279,4.807632222904557e-06
19280,1.5178028552293496e-06
19281,2.3331530686283503e-05
19282,3.646874802707865e-06
19283,1.0377534339301461e-05
19284,3.919953362856588e-06
19285,1.0857419387940288e-05
19286,1.1721173360041573e-05
19287,2.0549076217869553e-05
19288,1.983676114667277e-05
19289,2.0549076217869553e-05
19290,1.4406269508056996e-06
19291,2.472446640117757e-05
19292,5.874221594061904e-06
19293,1.7122958898755534e-05
19294,4.496221929152011e-06
19295,2.638324172073524e-06
19296,3.3334057599760894e-06
19297,2.0389030618798876e-05
19298,6.77801328557527e-06
19299,1.0857419387940288e-05
19300,5.377591186363026e-06
19301,5.377591186363026e-06
19302,7.795624630076884e-06
19303,1.2508986890623746e-06
19304,1.9766402380370655e-05
19305,6.95709462097379e-06
19306,1.0573355002072587e-07
19307,1.5623712047274186e-05
19308,2.814480122753761e-06
19309,2.7149084543122447e-06
19310,5.74256060132945e-06
19311,2.834078365345221e-06
19312,7.226360711145934e-06
19313,3.646874802707865e-06
19314,8.796729517103194e-05
19315,1.8040017856487007e-05
19316,2.5341379931947438e-05
19317,1.646574703189541e-05
19318,3.2445422920513604e-05
19319,2.5178919391819344e-06
19320,3.4995484833278084e-05
19321,1.1050065501815846e-05
19322,4.373458287193397e-07
19323,4.200484154866769e-06
19324,4.373458287193397e-07
19325,2.256237722446988e-05
19326,6.016015058545552e-05
19327,1.2289640498969873e-05
19328,1.1152414258539597e-05
19329,1.09231490319743e-05
19330,2.249111936793878e-05
19331,1.2547158450459412e-05
19332,3.309667459598288e-05
19333,3.699073383855719e-06
19334,1.0952789725319169e-05
19335,7.65439688810413e-06
19336,6.9763925007491356e-06
19337,6.03146442030491e-06
19338,5.364575081385243e-05
19339,5.791375776054895e-06
19340,1.5217656917777877e-05
19341,1.7629656216829875e-06
19342,2.1889635175949354e-05
19343,1.09231490319743e-05
19344,1.5217656917777877e-05
19345,1.1988169966819532e-05
19346,6.231915520113459e-07
19347,8.491704704360493e-06
19348,2.280315418439676e-05
19349,7.993519340531444e-06
19350,6.145250405883728e-05
19351,8.28663599998875e-06
19352,1.2499106818882815e-05
19353,2.0549076217869553e-05
19354,7.65439688810413e-06
19355,4.636652101930891e-05
19356,4.344563232312016e-06
19357,3.2445422920513604e-05
19358,3.543302466457338e-05
19359,4.200484154866769e-06
19360,1.2547158450459412e-05
19361,1.1187858695687232e-05
19362,5.819100281622349e-06
19363,1.1050065501815846e-05
19364,2.6232464898206492e-05
19365,1.5623712047274186e-05
19366,3.172312495002965e-06
19367,2.3895855388216243e-07
19368,6.9763925007491356e-06
19369,3.1891156538436324e-05
19370,1.5623712047274186e-05
19371,8.714704967485863e-06
19372,8.18763536864292e-06
19373,3.3768103584713837e-06
19374,7.89755808065313e-06
19375,2.767691883844998e-05
19376,5.874221594061904e-06
19377,1.1050065501815846e-05
19378,1.1050065501815846e-05
19379,1.1050065501815846e-05
19380,1.5110544139588908e-05
19381,2.1744228134562504e-06
19382,1.2984504279178751e-05
19383,2.7021655102656872e-05
19384,4.085803688443996e-06
19385,3.309667459598288e-05
19386,2.6232464898206492e-05
19387,3.926828147199314e-05
19388,2.0201545082033494e-05
19389,1.6709694019828036e-05
19390,1.2859160646836952e-05
19391,3.8265622996705894e-05
19392,1.1657463000347894e-05
19393,7.548761950666645e-06
19394,1.462222241583002e-05
19395,4.8948281830987534e-06
19396,6.8012151300323124e-06
19397,6.076666691901281e-06
19398,1.398545076197968e-05
19399,1.2547158450459412e-05
19400,1.0952789725319169e-05
19401,1.0754660573650312e-05
19402,1.8460090098661703e-06
19403,2.257859274798186e-05
19404,2.1083274392483527e-07
19405,1.2547158450459412e-05
19406,2.628994353531093e-05
19407,1.0273732253466651e-05
19408,3.543302466457338e-05
19409,8.491704704360493e-06
19410,2.324106206228486e-05
19411,4.983428830864382e-06
19412,1.9926991067475782e-05
19413,1.9766402380370655e-05
19414,5.255304396475011e-07
19415,1.2392571226839976e-05
19416,1.1995280057508101e-05
19417,1.5623712047274186e-05
19418,4.344563232312016e-06
19419,1.1187858695687232e-05
19420,1.8805946600225752e-05
19421,3.721232060762215e-06
19422,1.2547158450459412e-05
19423,3.827904780902126e-05
19424,2.6366617112429715e-05
19425,1.8460090098661703e-06
19426,6.9126002291257475e-06
19427,1.6723997866334754e-05
19428,3.5606009976195343e-05
19429,3.721232060762215e-06
19430,7.121724724114411e-05
19431,1.6723997866334754e-05
19432,7.227686254926452e-06
19433,1.4168278080111728e-05
19434,2.1307483297458105e-05
19435,7.548761950666645e-06
19436,1.56237812375348e-05
19437,2.5515775695340235e-05
19438,2.2274735313271023e-05
19439,3.16808003668308e-05
19440,5.6538769279243984e-05
19441,2.1744228134562504e-06
19442,5.574238617669124e-06
19443,1.763317027055864e-05
19444,2.031228738217214e-05
19445,1.8581267500807902e-05
19446,4.035362184388446e-06
19447,3.550170591009911e-05
19448,4.305506070831409e-06
19449,1.835407875307546e-06
19450,2.8028426865460713e-05
19451,4.085985549326954e-06
19452,1.566566585626957e-05
19453,7.65439688810413e-06
19454,6.805596849803025e-05
19455,7.532276665464533e-06
19456,2.569745318314875e-05
19457,1.1106870906897075e-05
19458,4.7641157993465865e-06
19459,1.8942998186870606e-06
19460,1.5217656917777877e-05
19461,2.39372234713232e-05
19462,1.8024136615215226e-05
19463,4.8948281830987534e-06
19464,2.4350606168087458e-05
19465,6.8012151300323124e-06
19466,5.574238617669124e-06
19467,1.653980374858993e-06
19468,3.5517004061818853e-06
19469,1.0273732253466651e-05
19470,4.496647434593277e-06
19471,3.2446151946335693e-06
19472,1.1835621910190161e-05
19473,1.864847155536501e-05
19474,1.6685613070036195e-05
19475,5.562285365495873e-05
19476,6.328344014678506e-05
19477,1.6709694019828036e-05
19478,1.1050065501815846e-05
19479,3.096609344774479e-05
19480,7.114269588413663e-06
19481,2.42372724272078e-05
19482,5.574238617669124e-06
19483,1.737039905029174e-06
19484,9.318008668577259e-06
19485,3.5606009976195343e-05
19486,2.5515775695340235e-05
19487,1.9496757374554444e-05
19488,6.047390258570638e-06
19489,2.5515775695340235e-05
19490,1.1050065501815846e-05
19491,9.252750562936249e-06
19492,1.1050065501815846e-05
19493,1.5822479104540874e-06
19494,9.263726349490309e-06
19495,1.1522824826450387e-05
19496,5.574238617669124e-06
19497,2.5457024326321722e-05
19498,2.8490589658498932e-05
19499,4.983428830864382e-06
19500,1.6723997866334754e-05
19501,1.1204600872324263e-05
19502,1.0377534339301461e-05
19503,3.550170591009911e-05
19504,9.263726349490309e-06
19505,5.791375776054895e-06
19506,9.263726349490309e-06
19507,1.9659501366252923e-05
19508,3.726055405653195e-06
19509,1.763317027055864e-05
19510,3.2446151946335693e-06
19511,3.7160634000884236e-06
19512,1.1863193057143497e-05
19513,1.0976766595274669e-05
19514,1.2859160646836952e-05
19515,1.3510556190963273e-06
19516,6.375904046071943e-05
19517,1.9309783891452395e-05
19518,1.0948484236713208e-05
19519,1.398545076197968e-05
19520,1.1445049771455828e-05
19521,3.080654430191315e-05
19522,1.1239820491245284e-05
19523,6.466167127861589e-06
19524,5.574238617669124e-06
19525,3.3002804081806606e-08
19526,7.227686254926452e-06
19527,1.5217656917777877e-05
19528,5.224446256330327e-05
19529,3.7774337547790563e-06
19530,3.096609344774479e-05
19531,1.9368634797794047e-05
19532,3.543302466457338e-05
19533,1.0026530187256368e-06
19534,2.6366617112429715e-05
19535,5.791375776054895e-06
19536,1.1050065501815846e-05
19537,1.182479021059595e-05
19538,2.8013913596864055e-05
19539,1.5055102125545204e-05
19540,1.6723997866334754e-05
19541,2.1135022209280455e-06
19542,3.172312495002965e-06
19543,2.8946821830913585e-07
19544,5.791375776054895e-06
19545,1.1875799467932967e-05
19546,2.6232464898206492e-05
19547,3.550170591009911e-05
19548,2.39372234713232e-05
19549,5.933544721379465e-05
19550,3.3334057599760894e-06
19551,1.737039905029174e-06
19552,6.8012151300323124e-06
19553,1.763317027055864e-05
19554,2.124438723017059e-06
19555,3.926828147199314e-05
19556,1.8129085397442568e-05
19557,3.2445422920513604e-05
19558,5.020948492982558e-06
19559,6.918042387662285e-06
19560,2.9635689655591526e-05
19561,5.132625955738524e-05
19562,2.590536458695729e-06
19563,2.1744228134562504e-06
19564,7.37293020836106e-06
19565,9.802835711729158e-07
19566,2.737170412943361e-05
19567,2.8638297407765024e-05
19568,1.0948484236713208e-05
19569,3.5806715145296697e-06
19570,5.819100281622349e-06
19571,1.0952789725319169e-05
19572,3.926828147199314e-05
19573,1.3530675008421058e-05
19574,3.748833622593267e-05
19575,2.6366617112429715e-05
19576,6.8012151300323124e-06
19577,1.3470549446310877e-05
19578,6.8012151300323124e-06
19579,1.8129085397442568e-05
19580,1.5623712047274186e-05
19581,1.6372957117980573e-05
19582,1.1050065501815846e-05
19583,2.380991988553121e-05
19584,2.1135022209280455e-06
19585,2.0278891203424817e-05
19586,1.2547158450459412e-05
19587,8.278891074482927e-06
19588,8.35396901245353e-06
19589,1.7311528009108703e-05
19590,3.550170591009911e-05
19591,1.8805946600225752e-05
19592,6.076666691901281e-06
19593,2.172457609519335e-05
19594,5.874221594061904e-06
19595,1.763317027055864e-05
19596,3.664334362914342e-05
19597,1.2752228797459337e-05
19598,6.187527430052336e-06
19599,1.9766402380370655e-05
19600,7.325903801898597e-06
19601,1.1657463000347894e-05
19602,4.305506070831409e-06
19603,1.1106870906897075e-05
19604,3.726055405653195e-06
19605,1.950897543364397e-05
19606,1.8805946600225752e-05
19607,2.279887060561325e-06
19608,1.09231490319743e-05
19609,1.6685613070036195e-05
19610,3.2309268194194954e-06
19611,4.015419028639798e-06
19612,1.09231490319743e-05
19613,8.865359047952257e-06
19614,9.594154120435579e-06
19615,3.543302466457338e-05
19616,1.5597427615731944e-05
19617,9.263726349490309e-06
19618,1.0948484236713208e-05
19619,2.212503139575054e-05
19620,1.0377534339301461e-05
19621,1.0026530187256368e-06
19622,2.918129312470376e-05
19623,1.2508986890623746e-06
19624,1.9461460086313095e-05
19625,4.7641157993465865e-06
19626,2.7149084543122447e-06
19627,2.0278891203424817e-05
19628,5.119913791204008e-06
19629,3.677236689887333e-05
19630,1.5597427615731944e-05
19631,2.0231258384286043e-05
19632,9.983179633554033e-06
19633,1.6723997866334754e-05
19634,1.0754660573650312e-05
19635,9.16577641018437e-06
19636,5.016266557751986e-05
19637,5.509607098696422e-06
19638,9.318008668577259e-06
19639,3.579259214609329e-05
19640,1.529962178010783e-05
19641,2.5392482999606846e-05
19642,1.5597427615731944e-05
19643,1.5597427615731944e-05
19644,1.5597427615731944e-05
19645,4.344563232312016e-06
19646,1.5845526237844237e-06
19647,2.8483417257409518e-06
19648,1.8667014493856614e-06
19649,1.763317027055864e-05
19650,3.678081659200565e-05
19651,9.318008668577259e-06
19652,3.6954725355878477e-06
19653,6.823824053762654e-08
19654,1.1644992356732589e-05
19655,4.485785395522236e-05
19656,1.2668639946208822e-05
19657,2.257859274798186e-05
19658,6.95709462097379e-06
19659,7.86375023253337e-06
19660,1.1657463000347894e-05
19661,2.546072124014447e-05
19662,3.252859130671301e-06
19663,5.821636477661691e-06
19664,2.0278891203424817e-05
19665,2.5515775695340235e-05
19666,3.2046644028201107e-06
19667,1.5597427615731944e-05
19668,1.5597427615731944e-05
19669,5.3947613984820644e-05
19670,2.472446640117757e-05
19671,6.533037179739474e-06
19672,3.2309268194194954e-06
19673,3.2155348743841803e-06
19674,1.4179923520183977e-05
19675,1.56237812375348e-05
19676,1.1743900489535227e-05
19677,7.795624630076884e-06
19678,5.819100281622349e-06
19679,6.8012151300323124e-06
19680,6.076666691901281e-06
19681,1.6723997866334754e-05
19682,6.784292077741517e-06
19683,2.3141294041176696e-05
19684,9.360161008768145e-06
19685,8.865359047952257e-06
19686,4.595089834035392e-05
19687,5.020948492982558e-06
19688,4.344563232312016e-06
19689,2.785041548221168e-05
19690,2.879281384623148e-06
19691,1.6207951476376402e-05
19692,6.03146442030491e-06
19693,1.8460090098661703e-06
19694,4.0124552970490406e-05
19695,1.926463362060803e-05
19696,1.9496757374554444e-05
19697,2.3895855388216243e-07
19698,4.0486948637618984e-05
19699,4.200484154866769e-06
19700,6.143035814095432e-07
19701,1.1663973207448035e-05
19702,4.280276360890319e-05
19703,1.2752228797459337e-05
19704,3.421692223015965e-05
19705,2.1744228134562504e-06
19706,6.115777068064974e-06
19707,1.8805946600225752e-05
19708,4.318728061330904e-09
19709,2.1744228134562504e-06
19710,1.1152414258539597e-05
19711,2.1139176639676687e-06
19712,9.037310875955778e-06
19713,6.03146442030491e-06
19714,1.6723997866334754e-05
19715,1.1314514370704655e-05
19716,1.983676114667277e-05
19717,3.57234908280529e-06
19718,6.918042387662285e-06
19719,2.8122888056417614e-05
19720,2.7061150742924796e-05
19721,3.806293414579964e-05
19722,1.1988169966819532e-05
19723,1.0857419387940288e-05
19724,1.9977029603934174e-05
19725,7.580292715876786e-05
19726,1.1050065501815846e-05
19727,1.1050065501815846e-05
19728,3.080654430191315e-05
19729,1.1050065501815846e-05
19730,2.324106206228486e-05
19731,2.5778725760666777e-05
19732,2.1889635175949354e-05
19733,3.2309268194194954e-06
19734,5.1953872057252035e-05
19735,0.00011798342127186829
19736,3.2309268194194954e-06
19737,3.6854845048586053e-06
19738,3.550170591009911e-05
19739,8.865359047952257e-06
19740,2.212503139575054e-05
19741,2.1307483297458105e-05
19742,1.1050065501815846e-05
19743,1.1050065501815846e-05
19744,1.1050065501815846e-05
19745,1.1050065501815846e-05
19746,1.1050065501815846e-05
19747,1.1050065501815846e-05
19748,8.01165702393359e-05
19749,2.024212434307857e-05
19750,5.819100281622349e-06
19751,1.983676114667277e-05
19752,2.677620394556512e-05
19753,2.8483417257409518e-06
19754,3.2155348743841803e-06
19755,4.822345914287314e-05
19756,4.2945052016041075e-05
19757,3.172312495002965e-06
19758,3.432260152813052e-05
19759,4.344563232312016e-06
19760,7.65439688810413e-06
19761,1.8868111523841994e-06
19762,3.2309268194194954e-06
19763,3.158043429808391e-05
19764,3.2309268194194954e-06
19765,3.2309268194194954e-06
19766,4.015419028639798e-06
19767,1.8726469540851526e-05
19768,2.2274735313271023e-05
19769,3.677236689887333e-05
19770,3.2445422920513604e-05
19771,1.1997764685598476e-05
19772,1.8538364677761307e-05
19773,8.865359047952257e-06
19774,5.606493715984668e-06
19775,5.3380626502713586e-05
19776,1.1663973207448035e-05
19777,1.1187858695687232e-05
19778,1.0438274842770595e-05
19779,6.145444686379351e-05
19780,9.263726349490309e-06
19781,6.918042387662285e-06
19782,6.544745283209434e-05
19783,8.865359047952257e-06
19784,3.2445422920513604e-05
19785,2.3415007113475128e-05
19786,7.548761950666645e-06
19787,2.6232464898206492e-05
19788,2.1744228134562504e-06
19789,1.0416189543517678e-05
19790,5.855222805569599e-06
19791,1.1439436660058208e-05
19792,5.791375776054895e-06
19793,2.2518313765805604e-05
19794,8.865359047952257e-06
19795,3.2967424502144344e-05
19796,6.604102156649155e-06
19797,6.807153939081614e-06
19798,2.39372234713232e-05
19799,3.177885722345836e-05
19800,1.8805946600225752e-05
19801,1.7629656216829875e-06
19802,3.926828147199314e-05
19803,2.2982481169751665e-06
19804,2.590536458695729e-06
19805,5.733999244647437e-06
19806,1.66801693039325e-05
19807,0.0007971365704822356
19808,0.00020938643821889955
19809,3.857321283308478e-05
19810,3.498728897313904e-05
19811,5.574238617669124e-06
19812,1.763317027055864e-05
19813,3.539311530167583e-06
19814,3.550170591009911e-05
19815,1.6778098339098316e-05
19816,4.7641157993465865e-06
19817,2.5341379931947438e-05
19818,6.897726063388691e-06
19819,1.1663973207448035e-05
19820,3.550170591009911e-05
19821,2.2274735313271023e-05
19822,4.7674004713794945e-06
19823,2.0389030618798876e-05
19824,3.2309268194194954e-06
19825,3.3575582975511584e-05
19826,7.124176368197579e-06
19827,1.56237812375348e-05
19828,1.319727961776752e-05
19829,1.0924115674501308e-05
19830,3.2309268194194954e-06
19831,1.6124673690182643e-06
19832,2.1744228134562504e-06
19833,2.5457024326321722e-05
19834,2.475909621915308e-05
19835,8.865359047952257e-06
19836,1.8538364677761307e-05
19837,1.1152414258539597e-05
19838,8.865359047952257e-06
19839,2.5457024326321722e-05
19840,8.865359047952257e-06
19841,1.6709694019828036e-05
19842,9.318008668577259e-06
19843,1.1106870906897075e-05
19844,2.964523558465838e-05
19845,3.539311530167583e-06
19846,1.1050065501815846e-05
19847,1.1050065501815846e-05
19848,1.2859160646836952e-05
19849,9.360161008768145e-06
19850,1.2508986890623746e-06
19851,1.7734129692249175e-05
19852,4.361463544814087e-07
19853,4.527228965146587e-06
19854,5.241875531581324e-06
19855,2.0278891203424817e-05
19856,3.6854845048586053e-06
19857,1.6452166147152925e-05
19858,1.1204600872324263e-05
19859,3.309667459598288e-05
19860,1.1152414258539597e-05
19861,2.1139678454565557e-05
19862,1.2752228797459337e-05
19863,2.581784971539354e-05
19864,2.98737211413672e-06
19865,3.727382220091563e-06
19866,2.5515775695340235e-05
19867,1.5341973238643723e-06
19868,1.8538364677761307e-05
19869,1.1439436660058208e-05
19870,1.5785700197970025e-05
19871,8.486416061209232e-07
19872,3.3334057599760894e-06
19873,1.1285318256470092e-05
19874,2.6672379564500156e-05
19875,8.28663599998875e-06
19876,5.574238617669124e-06
19877,3.579259214609329e-05
19878,1.6778098339098316e-05
19879,9.263726349490309e-06
19880,1.1618880356373178e-05
19881,8.244613255882126e-06
19882,1.1439436660058208e-05
19883,3.421812524117936e-05
19884,1.0438274842770595e-05
19885,1.2504365465339304e-05
19886,4.758563856264241e-06
19887,5.259343197053732e-05
19888,2.212503139575054e-05
19889,6.589552189728345e-06
19890,8.923409068108718e-06
19891,1.8024136615215226e-05
19892,8.865359047952257e-06
19893,2.324106206228486e-05
19894,3.0701358246878705e-05
19895,5.469711135728868e-06
19896,2.889334277513483e-05
19897,1.1050065501815846e-05
19898,1.6321563674865662e-06
19899,9.016565035905216e-09
19900,1.5623712047274186e-05
19901,6.8012151300323124e-06
19902,2.609875343039942e-05
19903,1.634994038941602e-05
19904,8.865359047952257e-06
19905,1.6685613070036195e-05
19906,1.6549725166295783e-05
19907,4.7674004713794945e-06
19908,4.7674004713794945e-06
19909,1.0857419387940288e-05
19910,3.309667459598288e-05
19911,5.819100281622349e-06
19912,1.1668668853090769e-05
19913,1.9971688459737037e-05
19914,3.240739427159398e-05
19915,3.4309626227901355e-05
19916,1.66801693039325e-05
19917,8.865359047952257e-06
19918,2.3147390505172322e-06
19919,0.00013362294647609258
19920,6.143035814095432e-07
19921,5.574238617669124e-06
19922,2.39372234713232e-05
19923,1.1663973207448035e-05
19924,1.2547158450459412e-05
19925,3.550170591009911e-05
19926,0.00010572899627703085
19927,1.5597427615731944e-05
19928,1.9766402380370655e-05
19929,5.255304396475011e-07
19930,1.6778098339098316e-05
19931,5.819100281622349e-06
19932,2.169958670284464e-05
19933,5.1699839138381205e-06
19934,3.550170591009911e-05
19935,2.814480122753761e-06
19936,1.5623712047274186e-05
19937,1.1657463000347894e-05
19938,8.865359047952257e-06
19939,4.030285504023605e-05
19940,1.1911372246101492e-05
19941,1.369814157940644e-05
19942,2.6232464898206492e-05
19943,5.819100281622349e-06
19944,1.19936596478617e-06
19945,1.0377534339301461e-05
19946,3.2309268194194954e-06
19947,4.966210136356972e-07
19948,1.6685613070036195e-05
19949,7.86375023253337e-06
19950,1.659657932665765e-05
19951,5.67338538194055e-06
19952,1.9766402380370655e-05
19953,2.8638297407765024e-05
19954,3.172312495002965e-06
19955,1.1918676508060773e-05
19956,5.791375776054895e-06
19957,1.5217656917777877e-05
19958,4.952362352419042e-08
19959,9.844233795786024e-06
19960,1.1988169966819532e-05
19961,8.865359047952257e-06
19962,2.145228838169246e-05
19963,8.865359047952257e-06
19964,3.665425943419378e-06
19965,8.881973286371031e-06
19966,1.3409376265318766e-05
19967,6.77801328557527e-06
19968,5.029250761221413e-07
19969,5.26623736331172e-06
19970,2.1844722284109827e-05
19971,4.344563232312016e-06
19972,2.9658433015577584e-05
19973,2.5457024326321722e-05
19974,1.9977029603934174e-05
19975,1.0377534339301461e-05
19976,6.490178552997004e-06
19977,2.913594373915911e-05
19978,2.6232464898206492e-05
19979,2.0549076217869553e-05
19980,8.976795220375352e-05
19981,1.2502128903267543e-05
19982,1.1875799467932967e-05
19983,2.6232464898206492e-05
19984,1.6452166147152925e-05
19985,0.00010977255410915929
19986,3.2445422920513604e-05
19987,1.56237812375348e-05
19988,8.865359047952257e-06
19989,3.889663216446158e-06
19990,1.6549725166295783e-05
19991,1.8024136615215226e-05
19992,1.6685613070036195e-05
19993,7.238823701997183e-05
19994,2.0549076217869553e-05
19995,9.263726349490309e-06
19996,8.865359047952257e-06
19997,1.983676114667277e-05
19998,2.856418369508978e-05
19999,7.688860960011593e-06
20000,9.883460640919919e-06
20001,1.6685613070036195e-05
20002,1.784178363150239e-05
20003,9.7950553838749e-06
20004,1.0377534339301461e-05
20005,3.889663216446158e-06
20006,3.989469329942864e-06
20007,8.865359047952257e-06
20008,9.515108067451576e-06
20009,2.2274735313271023e-05
20010,8.865359047952257e-06
20011,3.309667459598288e-05
20012,8.865359047952257e-06
20013,1.755779984478497e-05
20014,1.8024136615215226e-05
20015,1.425636471068949e-05
20016,2.39372234713232e-05
20017,4.8538308070568115e-05
20018,3.062104534467218e-06
20019,2.569745318314875e-05
20020,4.816207041740651e-08
20021,5.977473636206564e-06
20022,4.255720103277096e-05
20023,1.1375192561064328e-05
20024,3.096609344774479e-05
20025,3.2309268194194954e-06
20026,3.2309268194194954e-06
20027,7.351019792492224e-06
20028,5.606493715984668e-06
20029,3.816842810740284e-08
20030,7.65439688810413e-06
20031,1.8024136615215226e-05
20032,2.6232464898206492e-05
20033,9.360161008768145e-06
20034,3.665425943419378e-06
20035,6.77801328557527e-06
20036,1.8601721248166402e-05
20037,2.1744228134562504e-06
20038,6.7349596039378535e-06
20039,7.548761950666645e-06
20040,1.09231490319743e-05
20041,7.829478848751833e-06
20042,9.823787234911673e-06
20043,1.5623712047274186e-05
20044,1.66801693039325e-05
20045,1.0679981774516916e-05
20046,7.795624630076884e-06
20047,1.3409376265318766e-05
20048,1.2508986890623746e-06
20049,9.640825058192401e-06
20050,1.425636471068949e-05
20051,1.0313207022366888e-05
20052,6.822692649204666e-05
20053,1.8538364677761307e-05
20054,9.351981496536039e-06
20055,4.807632222904557e-06
20056,2.171238991836809e-05
20057,1.29495613680418e-05
20058,8.881973286371031e-06
20059,2.324106206228486e-05
20060,6.8012151300323124e-06
20061,7.795624630076884e-06
20062,6.285327016412048e-06
20063,5.4999633786555735e-05
20064,2.4903694178749316e-05
20065,7.795624630076884e-06
20066,5.359455975736333e-06
20067,2.7149084543122447e-06
20068,4.7674004713794945e-06
20069,3.550170591009911e-05
20070,1.5623712047274186e-05
20071,9.8162622946691e-06
20072,5.359455975736333e-06
20073,5.874221594061904e-06
20074,2.1744228134562504e-06
20075,1.0274166338583712e-05
20076,3.0679406985030816e-05
20077,6.320190288193041e-05
20078,2.0231258384286043e-05
20079,3.78235516341809e-08
20080,1.6452166147152925e-05
20081,4.8557900828684785e-06
20082,3.729399555173401e-05
20083,1.0666498239712004e-05
20084,1.8538364677761307e-05
20085,1.102911624623662e-05
20086,1.1187858695687232e-05
20087,7.009694715600637e-06
20088,8.623907287242201e-08
20089,4.146945752964598e-06
20090,6.533037179739474e-06
20091,1.4172187499054727e-05
20092,2.5826453593806244e-06
20093,1.2547158450459412e-05
20094,9.318008668577259e-06
20095,4.344563232312016e-06
20096,1.0377534339301461e-05
20097,2.324106206228486e-05
20098,5.955517271434288e-06
20099,1.218332236646391e-05
20100,5.4747142567915186e-05
20101,2.5826453593806244e-06
20102,1.2547158450459412e-05
20103,1.6709694019828036e-05
20104,5.9047102212144346e-05
20105,4.373458287193397e-07
20106,4.015419028639798e-06
20107,2.4324077387837078e-05
20108,6.306632850805595e-06
20109,7.329428962093246e-06
20110,2.324106206228486e-05
20111,2.324106206228486e-05
20112,9.360161008768145e-06
20113,7.016287745516977e-06
20114,1.1106870906897075e-05
20115,3.665425943419378e-06
20116,3.2445422920513604e-05
20117,1.8024136615215226e-05
20118,3.309667459598288e-05
20119,1.2547158450459412e-05
20120,5.606493715984668e-06
20121,7.795624630076884e-06
20122,7.1469930078055945e-06
20123,1.2984504279178751e-05
20124,7.795624630076884e-06
20125,2.5341379931947438e-05
20126,4.665632634194996e-06
20127,1.1918676508060773e-05
20128,1.5597427615731944e-05
20129,2.0549076217869553e-05
20130,1.5070094784938898e-05
20131,1.7035850372146437e-05
20132,2.39372234713232e-05
20133,1.1663973207448035e-05
20134,5.606493715984668e-06
20135,5.469711135728868e-06
20136,6.807153939081614e-06
20137,6.836997338480067e-05
20138,8.35396901245353e-06
20139,4.080060022526944e-05
20140,4.403829182712962e-05
20141,3.946442858425871e-07
20142,4.398077317176066e-06
20143,2.1889635175949354e-05
20144,3.831220070692776e-06
20145,1.8460090098661703e-06
20146,3.946442858425871e-07
20147,3.726055405653195e-06
20148,3.2445422920513604e-05
20149,8.491704704360493e-06
20150,7.505313940780551e-06
20151,6.879364539130577e-06
20152,1.1187858695687232e-05
20153,1.634994038941602e-05
20154,3.4940109859117945e-05
20155,0.0009438979749799993
20156,9.360161008768145e-06
20157,3.665425943419378e-06
20158,5.606493715984668e-06
20159,2.1744228134562504e-06
20160,1.0948484236713208e-05
20161,3.405775291078072e-05
20162,1.5597427615731944e-05
20163,2.0231258384286043e-05
20164,3.550170591009911e-05
20165,2.2695057858548436e-05
20166,7.383412113819585e-06
20167,9.594154120435579e-06
20168,1.6723997866334754e-05
20169,4.566237893232749e-05
20170,7.366811560862008e-05
20171,3.866930424551854e-06
20172,5.67338538194055e-06
20173,1.6321563674865662e-06
20174,1.3991146493111018e-05
20175,1.6709694019828036e-05
20176,7.590988367640154e-05
20177,2.1145056985208625e-06
20178,6.918042387662285e-06
20179,5.606493715984668e-06
20180,1.8805946600225752e-05
20181,5.388611035187178e-05
20182,6.3391743123908195e-06
20183,9.622365479210942e-06
20184,3.213336005555902e-05
20185,1.6709694019828036e-05
20186,1.8581267500807902e-05
20187,5.109913352583105e-05
20188,1.1187858695687232e-05
20189,1.5597427615731944e-05
20190,1.5597427615731944e-05
20191,1.5597427615731944e-05
20192,1.5597427615731944e-05
20193,1.1836670161158395e-05
20194,1.8805946600225752e-05
20195,4.88001542070682e-06
20196,5.606493715984668e-06
20197,2.621279028452124e-05
20198,7.874256652887634e-05
20199,4.344563232312016e-06
20200,1.1914014720877016e-06
20201,1.983676114667277e-05
20202,1.166205935181289e-05
20203,3.080654430191315e-05
20204,1.357636909726148e-06
20205,1.1050065501815846e-05
20206,1.1050065501815846e-05
20207,1.1050065501815846e-05
20208,1.4571977729669638e-05
20209,7.226360711145934e-06
20210,2.3562816552325964e-05
20211,5.359455975736333e-06
20212,1.1925938141676377e-05
20213,4.531044181113482e-06
20214,5.733999244647437e-06
20215,2.1744228134562504e-06
20216,9.16577641018437e-06
20217,6.894706557271446e-05
20218,1.0273732253466651e-05
20219,2.1744228134562504e-06
20220,9.318008668577259e-06
20221,1.6685613070036195e-05
20222,8.865359047952257e-06
20223,7.805217374622108e-06
20224,2.6232464898206492e-05
20225,1.2508986890623746e-06
20226,2.970325875375545e-06
20227,6.807153939081614e-06
20228,2.7621545923133277e-05
20229,6.215347184774391e-05
20230,2.1145056985208625e-06
20231,6.076666691901281e-06
20232,1.6723997866334754e-05
20233,3.665425943419378e-06
20234,1.6723997866334754e-05
20235,3.018585514062808e-06
20236,1.369814157940644e-05
20237,9.880453649915935e-05
20238,7.139326936626449e-06
20239,4.754748103679141e-06
20240,8.518218154287182e-06
20241,4.223512266542004e-05
20242,2.7149084543122447e-06
20243,9.823787234911673e-06
20244,1.1995280057508101e-05
20245,4.085985549326954e-06
20246,4.8948281830987534e-06
20247,2.767691883844998e-05
20248,2.9985371526548482e-06
20249,1.166205935181289e-05
20250,7.548761950666645e-06
20251,1.3794497302494021e-06
20252,1.2508986890623746e-06
20253,6.95709462097379e-06
20254,4.496647434593277e-06
20255,4.433994353239081e-06
20256,1.6723997866334754e-05
20257,1.2508986890623746e-06
20258,1.6723997866334754e-05
20259,3.2445422920513604e-05
20260,2.6232464898206492e-05
20261,1.5597427615731944e-05
20262,3.682437588552389e-06
20263,1.1995280057508101e-05
20264,1.0341492697675664e-05
20265,1.5845526237844237e-06
20266,2.0940793139358538e-05
20267,2.097404340523741e-06
20268,1.4509444111154486e-05
20269,8.710795972996155e-06
20270,4.312202110818653e-05
20271,1.6956583952362405e-05
20272,1.2508986890623746e-06
20273,3.3334057599760894e-06
20274,3.54898591020141e-06
20275,4.687336814084638e-06
20276,2.086408388842527e-05
20277,1.3130183076319016e-06
20278,1.1445049771455828e-05
20279,8.851037022999384e-06
20280,2.5727195700756993e-06
20281,9.515108067451576e-06
20282,4.665632634194996e-06
20283,2.249111936793878e-05
20284,2.763295902925167e-05
20285,3.726055405653195e-06
20286,5.167543924003077e-06
20287,4.344563232312016e-06
20288,1.1050065501815846e-05
20289,1.763317027055864e-05
20290,6.576810779292334e-06
20291,1.3011156583031371e-05
20292,2.0767034259130587e-06
20293,1.5845526237844237e-06
20294,1.2499106818882815e-05
20295,3.926828147199314e-05
20296,1.1445049771455828e-05
20297,2.8638297407765024e-05
20298,6.047390258570638e-06
20299,1.884656661129963e-05
20300,2.249111936793878e-05
20301,9.318008668577259e-06
20302,7.009694715600637e-06
20303,1.1828093855943443e-05
20304,2.8483417257409518e-06
20305,1.1050065501815846e-05
20306,3.665425943419378e-06
20307,1.840822844128694e-05
20308,3.926828147199314e-05
20309,3.5517004061818853e-06
20310,2.8946821830913585e-07
20311,2.544141093801404e-06
20312,2.544141093801404e-06
20313,4.097632573396617e-05
20314,8.26509631161632e-06
20315,1.763317027055864e-05
20316,4.5762038188188736e-05
20317,6.9763925007491356e-06
20318,4.344563232312016e-06
20319,2.964523558465838e-05
20320,5.874221594061904e-06
20321,1.369814157940644e-05
20322,1.56237812375348e-05
20323,2.8483417257409518e-06
20324,6.167009188748751e-06
20325,1.2859160646836952e-05
20326,2.31469445911717e-05
20327,1.2547158450459412e-05
20328,7.329428962093246e-06
20329,3.665425943419378e-06
20330,3.665425943419378e-06
20331,3.384143350260213e-05
20332,5.574238617669124e-06
20333,1.2013322342028058e-05
20334,2.171238991836809e-05
20335,4.085985549326954e-06
20336,1.56237812375348e-05
20337,3.665425943419378e-06
20338,1.1439436660058208e-05
20339,3.489693626393209e-06
20340,1.1644992356732589e-05
20341,6.9763925007491356e-06
20342,1.8805946600225752e-05
20343,1.2859160646836952e-05
20344,1.3656663751615575e-05
20345,1.357636909726148e-06
20346,2.3079566049958632e-05
20347,1.6709694019828036e-05
20348,3.682437588552389e-06
20349,1.4509444111154486e-05
20350,1.3237300594555844e-05
20351,1.0948484236713208e-05
20352,2.6232464898206492e-05
20353,2.109235848410319e-05
20354,1.0857419387940288e-05
20355,3.727382220091563e-06
20356,3.309667459598288e-05
20357,5.46746317790583e-06
20358,3.543302466457338e-05
20359,2.0549076217869553e-05
20360,4.475873394779576e-05
20361,7.236495606797601e-05
20362,3.353402042470222e-05
20363,1.8538364677761307e-05
20364,1.763317027055864e-05
20365,1.0991002387294113e-05
20366,2.6366617112429715e-05
20367,9.318008668577259e-06
20368,4.085803688443996e-06
20369,1.1918676508060773e-05
20370,6.426076672132803e-06
20371,7.548761950666645e-06
20372,1.1235776676082058e-06
20373,1.737039905029174e-06
20374,3.6854845048586053e-06
20375,1.9977029603934174e-05
20376,4.68476637197657e-06
20377,9.515108067451576e-06
20378,2.029949662482367e-05
20379,2.889334277513483e-05
20380,6.807153939081614e-06
20381,3.54898591020141e-06
20382,1.763317027055864e-05
20383,1.5110544139588908e-05
20384,4.373458287193397e-07
20385,9.7950553838749e-06
20386,5.469711135728868e-06
20387,2.7911491191413743e-06
20388,1.1875799467932967e-05
20389,3.3024904747861657e-06
20390,3.080654430191315e-05
20391,1.1050065501815846e-05
20392,2.5515775695340235e-05
20393,8.35396901245353e-06
20394,7.89755808065313e-06
20395,2.074088002886021e-05
20396,9.823787234911673e-06
20397,2.6605546155114192e-06
20398,2.324106206228486e-05
20399,1.0419316881349636e-05
20400,4.5642877980907465e-06
20401,1.66801693039325e-05
20402,1.1106870906897075e-05
20403,1.0746372353168317e-05
20404,9.16577641018437e-06
20405,8.278891074482927e-06
20406,1.0341492697675664e-05
20407,3.309667459598288e-05
20408,3.774068084569143e-05
20409,1.0169209452128884e-05
20410,6.610394181747296e-05
20411,1.1152414258539597e-05
20412,3.172312495002965e-06
20413,1.8460090098661703e-06
20414,9.515108067451576e-06
20415,3.2445422920513604e-05
20416,1.0952789725319169e-05
20417,2.172899659165772e-06
20418,2.249111936793878e-05
20419,4.791395248311862e-07
20420,1.5822479104540874e-06
20421,2.5585502661993006e-05
20422,7.329428962093246e-06
20423,1.0026530187256368e-06
20424,3.550170591009911e-05
20425,1.9766402380370655e-05
20426,0.00036786002469003714
20427,4.1092891955000405e-05
20428,1.2547158450459412e-05
20429,6.466167127861589e-06
20430,2.249111936793878e-05
20431,1.66801693039325e-05
20432,1.0679981774516916e-05
20433,1.5597427615731944e-05
20434,1.9496757374554444e-05
20435,3.550170591009911e-05
20436,1.4406269508056996e-06
20437,3.2445422920513604e-05
20438,2.0549076217869553e-05
20439,1.6685613070036195e-05
20440,1.1997764685598476e-05
20441,0.00010844118540704658
20442,1.5623712047274186e-05
20443,1.1050065501815846e-05
20444,5.509607098696422e-06
20445,2.3147390505172322e-06
20446,1.2752228797459337e-05
20447,3.2309268194194954e-06
20448,3.921231089405238e-06
20449,9.273329360391642e-06
20450,3.665425943419378e-06
20451,1.2859160646836952e-05
20452,5.094381667434789e-06
20453,7.016287745516977e-06
20454,2.5341379931947438e-05
20455,9.585825207823223e-07
20456,2.5440097089576535e-06
20457,1.1997764685598476e-05
20458,3.816842810740284e-08
20459,5.255304396475011e-07
20460,1.1050065501815846e-05
20461,2.097404340523741e-06
20462,3.926828147199314e-05
20463,7.485926624902738e-06
20464,3.889663216446158e-06
20465,5.574238617669124e-06
20466,2.5515775695340235e-05
20467,2.1083274392483527e-07
20468,2.5826453593806244e-06
20469,3.725382334233701e-05
20470,2.0940793139358538e-05
20471,3.443996767194002e-05
20472,1.0331353779356072e-05
20473,5.74256060132945e-06
20474,8.865359047952257e-06
20475,1.0857419387940288e-05
20476,2.544141093801404e-06
20477,9.318008668577259e-06
20478,2.279887060561325e-06
20479,1.1439436660058208e-05
20480,1.1997764685598476e-05
20481,4.097632573396617e-05
20482,1.1997764685598476e-05
20483,7.682893847554348e-06
20484,6.77801328557527e-06
20485,1.1736533982328307e-05
20486,5.631204918642716e-05
20487,1.3073514415799466e-05
20488,1.1187858695687232e-05
20489,2.8638297407765024e-05
20490,2.7471378098867538e-05
20491,2.1744228134562504e-06
20492,2.510603690142444e-06
20493,1.5217656917777877e-05
20494,2.7149084543122447e-06
20495,1.0331353779356072e-05
20496,9.318008668577259e-06
20497,1.7585791962924055e-05
20498,5.16504093626788e-05
20499,9.360161008768145e-06
20500,1.2859160646836952e-05
20501,2.4710506151940655e-05
20502,7.383412113819585e-06
20503,7.04087630940213e-06
20504,5.171263921999344e-05
20505,3.543302466457338e-05
20506,5.874221594061904e-06
20507,1.9818148773271425e-05
20508,2.5457024326321722e-05
20509,5.2358253842256835e-05
20510,9.150022485852992e-05
20511,3.080654430191315e-05
20512,6.03146442030491e-06
20513,2.39372234713232e-05
20514,7.139326936626449e-06
20515,2.39372234713232e-05
20516,1.8805946600225752e-05
20517,7.009694715600637e-06
20518,2.8701339270669784e-05
20519,3.2445422920513604e-05
20520,2.324106206228486e-05
20521,3.080654430191315e-05
20522,8.865359047952257e-06
20523,1.6709694019828036e-05
20524,6.03146442030491e-06
20525,2.3313287691362715e-05
20526,1.9756906355571455e-05
20527,8.676888214110763e-09
20528,4.200484154866769e-06
20529,2.324106206228486e-05
20530,3.926828147199314e-05
20531,1.0331353779356072e-05
20532,3.2445422920513604e-05
20533,7.135582024188823e-06
20534,2.0389030618798876e-05
20535,6.7349596039378535e-06
20536,1.1050065501815846e-05
20537,3.665425943419378e-06
20538,4.326588404811176e-05
20539,8.243848403349646e-06
20540,1.1050065501815846e-05
20541,1.1050065501815846e-05
20542,1.1106870906897075e-05
20543,4.739205207123671e-06
20544,9.640825058192401e-06
20545,1.0169209452128884e-05
20546,6.879364539130577e-06
20547,1.3409376265318766e-05
20548,3.5461693726315654e-06
20549,2.279887060561325e-06
20550,1.6685613070036195e-05
20551,4.8573454826426695e-05
20552,1.2547158450459412e-05
20553,3.3768103584713837e-06
20554,3.543302466457338e-05
20555,2.544141093801404e-06
20556,2.1349070769967308e-05
20557,1.1439436660058208e-05
20558,3.3334057599760894e-06
20559,2.171238991836809e-05
20560,3.665425943419378e-06
20561,1.745241241017312e-05
20562,9.360161008768145e-06
20563,3.096609344774479e-05
20564,1.4947297656023093e-05
20565,2.324106206228486e-05
20566,3.3334057599760894e-06
20567,1.763317027055864e-05
20568,3.239642551838293e-05
20569,1.0026530187256368e-06
20570,2.5345955738682367e-05
20571,7.226360711145934e-06
20572,4.916556523520771e-05
20573,8.491704704360493e-06
20574,1.425636471068949e-05
20575,9.318008668577259e-06
20576,1.357636909726148e-06
20577,8.244613255882126e-06
20578,9.318008668577259e-06
20579,6.0812585611422054e-06
20580,8.865359047952257e-06
20581,1.5217656917777877e-05
20582,3.0789775882000604e-06
20583,5.469711135728868e-06
20584,1.1439436660058208e-05
20585,4.010636931158351e-05
20586,1.128061277732567e-05
20587,8.865359047952257e-06
20588,2.7471378098867538e-05
20589,1.398545076197968e-05
20590,5.574238617669124e-06
20591,2.212503139575054e-05
20592,2.1181520746122956e-05
20593,3.2445422920513604e-05
20594,2.2673102614809077e-05
20595,1.2547158450459412e-05
20596,1.6627177907637575e-06
20597,5.1953872057252035e-05
20598,4.344563232312016e-06
20599,6.7349596039378535e-06
20600,2.6232464898206492e-05
20601,2.6232464898206492e-05
20602,8.865359047952257e-06
20603,6.076666691901281e-06
20604,1.8581267500807902e-05
20605,1.8805946600225752e-05
20606,2.39372234713232e-05
20607,1.6685613070036195e-05
20608,2.0389030618798876e-05
20609,1.1918676508060773e-05
20610,1.847106690969064e-05
20611,1.1875799467932967e-05
20612,7.124176368197579e-06
20613,6.830633588881178e-06
20614,6.552164178232857e-05
20615,4.11692903617539e-06
20616,4.205107395177548e-05
20617,1.6268595255204886e-05
20618,1.9977029603934174e-05
20619,8.486416061209232e-07
20620,9.7950553838749e-06
20621,7.505313940780551e-06
20622,1.7374560908846012e-05
20623,3.457546241666303e-06
20624,6.187527430052336e-06
20625,1.1439436660058208e-05
20626,2.249111936793878e-05
20627,4.7641157993465865e-06
20628,3.309667459598288e-05
20629,7.139326936626449e-06
20630,4.88001542070682e-06
20631,1.2499106818882815e-05
20632,3.665425943419378e-06
20633,3.665425943419378e-06
20634,1.0026530187256368e-06
20635,1.1439436660058208e-05
20636,2.39372234713232e-05
20637,1.5300986451373842e-05
20638,3.3334057599760894e-06
20639,3.489693626393209e-06
20640,3.550170591009911e-05
20641,2.1744228134562504e-06
20642,5.606493715984668e-06
20643,1.2585070388065758e-05
20644,8.28663599998875e-06
20645,1.2499106818882815e-05
20646,9.753306518785305e-06
20647,7.067856213267806e-07
20648,7.548761950666645e-06
20649,3.3334057599760894e-06
20650,9.983179633554033e-06
20651,1.1152414258539597e-05
20652,3.665425943419378e-06
20653,8.452364503512109e-06
20654,5.066824247869157e-06
20655,4.88001542070682e-06
20656,3.550170591009911e-05
20657,3.665425943419378e-06
20658,5.167543924003077e-06
20659,6.8012151300323124e-06
20660,2.39372234713232e-05
20661,8.137564451293906e-06
20662,1.634994038941602e-05
20663,1.0169209452128884e-05
20664,3.926828147199314e-05
20665,1.6788582644294776e-05
20666,7.124176368197579e-06
20667,8.779840414085029e-06
20668,2.995061235055108e-05
20669,2.5454701644920984e-06
20670,7.795624630076884e-06
20671,5.066824247869157e-06
20672,3.543302466457338e-05
20673,3.919953362856588e-06
20674,1.0273732253466651e-05
20675,2.324106206228486e-05
20676,1.1187858695687232e-05
20677,3.78235516341809e-08
20678,2.324106206228486e-05
20679,1.8974895579305917e-05
20680,3.665425943419378e-06
20681,5.094381667434789e-06
20682,2.5341379931947438e-05
20683,7.795624630076884e-06
20684,1.6685613070036195e-05
20685,1.2502128903267543e-05
20686,1.8974895579305917e-05
20687,1.5782918158095756e-05
20688,1.1398962943092915e-06
20689,1.1050065501815846e-05
20690,2.6232464898206492e-05
20691,1.0416189543517678e-05
20692,2.7911491191413743e-06
20693,1.6549725166295783e-05
20694,1.1050065501815846e-05
20695,2.1135022209280455e-06
20696,1.2668639946208822e-05
20697,1.1050065501815846e-05
20698,2.1744228134562504e-06
20699,2.0940793139358538e-05
20700,5.489708419760574e-06
20701,1.8460090098661703e-06
20702,1.8460090098661703e-06
20703,1.8460090098661703e-06
20704,1.763317027055864e-05
20705,1.8460090098661703e-06
20706,3.539311530167583e-06
20707,3.309667459598288e-05
20708,5.489708419760574e-06
20709,2.402807309752188e-05
20710,3.172312495002965e-06
20711,5.9436589717287675e-05
20712,9.35583222021144e-06
20713,1.8581267500807902e-05
20714,0.00011866913421446318
20715,4.646086757607567e-06
20716,1.4406269508056996e-06
20717,8.069640355834237e-07
20718,7.993519340531444e-06
20719,5.489708419760574e-06
20720,1.1050065501815846e-05
20721,2.279887060561325e-06
20722,1.737039905029174e-06
20723,2.1744228134562504e-06
20724,1.2859160646836952e-05
20725,7.009694715600637e-06
20726,1.7629656216829875e-06
20727,7.449902406129431e-06
20728,2.1139176639676687e-06
20729,1.56237812375348e-05
20730,1.4180612527234532e-05
20731,3.54898591020141e-06
20732,3.550170591009911e-05
20733,1.56237812375348e-05
20734,1.9766402380370655e-05
20735,1.5217656917777877e-05
20736,9.7950553838749e-06
20737,5.255304396475011e-07
20738,6.076666691901281e-06
20739,1.847106690969064e-05
20740,2.456048079248747e-05
20741,1.2085578189964074e-05
20742,2.8683235772374483e-05
20743,1.3026461063621571e-05
20744,3.096609344774479e-05
20745,4.8028539985438005e-05
20746,1.9496757374554444e-05
20747,4.995117563042747e-06
20748,3.723874581512828e-05
20749,1.0416189543517678e-05
20750,3.2960346341285596e-05
20751,1.1988169966819532e-05
20752,2.542758443865497e-05
20753,5.606493715984668e-06
20754,1.1796341270566169e-05
20755,7.548761950666645e-06
20756,1.0438274842770595e-05
20757,7.124176368197579e-06
20758,3.096609344774479e-05
20759,5.020948492982558e-06
20760,2.3147390505172322e-06
20761,7.046410358546045e-05
20762,6.0812585611422054e-06
20763,2.590536458695729e-06
20764,1.8974895579305917e-05
20765,5.791375776054895e-06
20766,1.0341492697675664e-05
20767,1.2499106818882815e-05
20768,2.363035128339922e-05
20769,1.0754660573650312e-05
20770,1.8974895579305917e-05
20771,3.665425943419378e-06
20772,6.25331869552626e-05
20773,4.373458287193397e-07
20774,5.509607098696422e-06
20775,4.646086757607567e-06
20776,2.8638297407765024e-05
20777,1.4515881844721867e-06
20778,2.0940793139358538e-05
20779,1.4533238487442256e-05
20780,2.233190065385766e-06
20781,4.646086757607567e-06
20782,6.0812585611422054e-06
20783,5.094381667434789e-06
20784,1.8538364677761307e-05
20785,2.1136364348683665e-05
20786,6.823824053762654e-08
20787,3.194085573009884e-05
20788,6.3391743123908195e-06
20789,0.00012401034101288595
20790,2.233190065385766e-06
20791,8.18763536864292e-06
20792,5.843805452793031e-05
20793,1.6723997866334754e-05
20794,2.324106206228486e-05
20795,1.634994038941602e-05
20796,3.665425943419378e-06
20797,3.550170591009911e-05
20798,5.637976846777472e-06
20799,8.683698272936698e-06
20800,1.2859160646836952e-05
20801,3.081040087638322e-05
20802,7.329428962093246e-06
20803,5.977473636206564e-06
20804,8.865359047952257e-06
20805,1.8974895579305917e-05
20806,6.466167127861589e-06
20807,9.16577641018437e-06
20808,1.09231490319743e-05
20809,9.640825058192401e-06
20810,5.066824247869157e-06
20811,3.489693626393209e-06
20812,1.1918676508060773e-05
20813,2.6232464898206492e-05
20814,2.251488238828818e-05
20815,1.8974895579305917e-05
20816,3.080654430191315e-05
20817,1.8974895579305917e-05
20818,1.4335623204532013e-07
20819,1.9766402380370655e-05
20820,1.8805946600225752e-05
20821,1.8974895579305917e-05
20822,2.6232464898206492e-05
20823,1.6723997866334754e-05
20824,1.6723997866334754e-05
20825,5.900895157352535e-06
20826,2.6232464898206492e-05
20827,7.548761950666645e-06
20828,4.5642877980907465e-06
20829,1.8974895579305917e-05
20830,6.187527430052336e-06
20831,4.081953044758512e-06
20832,4.279471426873267e-05
20833,9.883460640919919e-06
20834,8.768460132188203e-07
20835,5.606493715984668e-06
20836,2.2324974131249506e-05
20837,3.2309268194194954e-06
20838,1.5597427615731944e-05
20839,9.883460640919919e-06
20840,2.5515775695340235e-05
20841,3.926828147199314e-05
20842,1.8708196326070486e-06
20843,2.8122888056417614e-05
20844,2.7268064142125493e-05
20845,1.75856283615666e-05
20846,1.8942427622098876e-05
20847,2.5515775695340235e-05
20848,9.883460640919919e-06
20849,2.3765283885415858e-06
20850,2.5341379931947438e-05
20851,2.785041548221168e-05
20852,3.309667459598288e-05
20853,2.350153789067077e-06
20854,2.1113489657295375e-05
20855,9.7950553838749e-06
20856,1.9756906355571455e-05
20857,1.6917059972408012e-06
20858,3.096609344774479e-05
20859,1.2668639946208822e-05
20860,2.62150035761752e-05
20861,4.7674004713794945e-06
20862,4.7641157993465865e-06
20863,7.078542933098818e-06
20864,2.5345955738682367e-05
20865,7.383412113819585e-06
20866,1.2451007501704985e-05
20867,1.2727432446450108e-06
20868,4.7674004713794945e-06
20869,1.6799462666392685e-05
20870,4.201777939079795e-05
20871,4.7674004713794945e-06
20872,3.674951210582417e-05
20873,1.768156212919042e-07
20874,2.324106206228486e-05
20875,4.081953044758512e-06
20876,4.398077317176066e-06
20877,4.4370990019492476e-05
20878,2.7149084543122447e-06
20879,1.6864663544313804e-05
20880,1.8974895579305917e-05
20881,3.682437588552389e-06
20882,2.5341379931947438e-05
20883,1.0273732253466651e-05
20884,4.361463544814087e-07
20885,9.255783930672972e-07
20886,9.360161008768145e-06
20887,1.9896097732677593e-05
20888,9.273329360391642e-06
20889,1.3656663751615575e-05
20890,4.04497685730025e-05
20891,1.6723997866334754e-05
20892,7.383412113819585e-06
20893,9.263726349490309e-06
20894,3.900086581413407e-06
20895,1.3656663751615575e-05
20896,3.8841059757354795e-05
20897,1.7420389153252973e-05
20898,8.865359047952257e-06
20899,3.5564633783738246e-05
20900,1.8974895579305917e-05
20901,1.66801693039325e-05
20902,3.2309268194194954e-06
20903,1.1439436660058208e-05
20904,1.6452166147152925e-05
20905,6.187527430052336e-06
20906,7.89755808065313e-06
20907,6.984096113627774e-05
20908,2.0549076217869553e-05
20909,1.8805946600225752e-05
20910,1.783334204856849e-06
20911,5.900895157352535e-06
20912,1.1644992356732589e-05
20913,1.1644992356732589e-05
20914,1.9004063843858377e-07
20915,1.0640100364476205e-05
20916,2.5869235231063516e-05
20917,3.54898591020141e-06
20918,1.0331353779356072e-05
20919,2.6232464898206492e-05
20920,1.6723997866334754e-05
20921,7.89755808065313e-06
20922,2.1139176639676687e-06
20923,1.7585791962924055e-05
20924,4.5642877980907465e-06
20925,8.518218154287182e-06
20926,4.866168987250077e-05
20927,3.3090419031122995e-05
20928,3.102036400906895e-05
20929,3.472883096346944e-05
20930,9.57171399293551e-06
20931,1.9496757374554444e-05
20932,5.090491525130026e-06
20933,9.006527703519867e-07
20934,1.9766402380370655e-05
20935,7.329428962093246e-06
20936,6.0517276086091855e-06
20937,3.78235516341809e-08
20938,6.03146442030491e-06
20939,1.2547158450459412e-05
20940,7.548761950666645e-06
20941,6.784292077741517e-06
20942,1.2547158450459412e-05
20943,1.9496757374554444e-05
20944,3.2445422920513604e-05
20945,5.11208112111981e-05
20946,2.763295902925167e-05
20947,2.814480122753761e-06
20948,3.665425943419378e-06
20949,1.529962178010783e-05
20950,4.023291535536111e-05
20951,5.010047615110052e-05
20952,2.0389030618798876e-05
20953,7.485926624902738e-06
20954,9.318008668577259e-06
20955,2.569745318314875e-05
20956,5.67338538194055e-06
20957,2.324106206228486e-05
20958,2.6366617112429715e-05
20959,2.6366617112429715e-05
20960,3.08952167712862e-06
20961,2.3050201323511167e-05
20962,5.469711135728868e-06
20963,4.712418813254684e-06
20964,2.766317172191642e-05
20965,2.39372234713232e-05
20966,7.499015165752427e-06
20967,2.6319758826481655e-05
20968,2.324106206228486e-05
20969,3.080654430191315e-05
20970,2.9759127485835664e-05
20971,6.071012169049506e-05
20972,2.2274735313271023e-05
20973,1.5597427615731944e-05
20974,0.0001706001356413503
20975,8.676888214110763e-09
20976,1.8460090098661703e-06
20977,6.193499748701765e-06
20978,6.7349596039378535e-06
20979,3.2445422920513604e-05
20980,7.009694715600637e-06
20981,1.1863193057143497e-05
20982,5.733999244647437e-06
20983,6.7349596039378535e-06
20984,8.278891074482927e-06
20985,1.1439436660058208e-05
20986,2.1744228134562504e-06
20987,1.3239210500608966e-05
20988,6.351428452001877e-05
20989,3.567289358800989e-06
20990,6.076666691901281e-06
20991,1.5871722075776183e-05
20992,1.577955613586142e-06
20993,5.819100281622349e-06
20994,1.737039905029174e-06
20995,1.1997764685598476e-05
20996,3.550170591009911e-05
20997,7.548761950666645e-06
20998,3.8841059757354795e-05
20999,5.094381667434789e-06
21000,7.383412113819585e-06
21001,1.1351891818827818e-05
21002,3.172312495002965e-06
21003,2.1744228134562504e-06
21004,9.338019078809065e-05
21005,1.1657463000347894e-05
21006,1.9081327479201104e-05
21007,3.172312495002965e-06
21008,1.2547158450459412e-05
21009,1.228708439718689e-05
21010,7.786887602868595e-06
21011,1.102911624623662e-05
21012,3.809026981594237e-05
21013,1.2547158450459412e-05
21014,3.081040087638322e-05
21015,1.0332946556311193e-07
21016,2.5515775695340235e-05
21017,2.212503139575054e-05
21018,1.0952789725319169e-05
21019,3.677236689887333e-05
21020,5.977473636206564e-06
21021,1.387284285000019e-05
21022,3.2445422920513604e-05
21023,9.037310875955778e-06
21024,1.1187858695687232e-05
21025,1.2547158450459412e-05
21026,1.1618880356373178e-05
21027,7.795624630076884e-06
21028,1.1997764685598476e-05
21029,6.807153939081614e-06
21030,4.433994353239081e-06
21031,2.324106206228486e-05
21032,8.892737362243828e-06
21033,3.3024904747861657e-06
21034,4.754748103679141e-06
21035,1.377546840990069e-05
21036,1.0679981774516916e-05
21037,1.9766402380370655e-05
21038,1.2279115364674386e-05
21039,2.3147390505172322e-06
21040,9.16577641018437e-06
21041,4.721084819552065e-06
21042,2.5457024326321722e-05
21043,2.2024937057021324e-05
21044,2.1744228134562504e-06
21045,1.9518658705137183e-05
21046,2.7090952015066443e-05
21047,9.273329360391642e-06
21048,1.1050065501815846e-05
21049,3.852208961241489e-05
21050,2.39372234713232e-05
21051,7.325903801898597e-06
21052,4.146945752964598e-06
21053,2.1744228134562504e-06
21054,4.983428830864382e-06
21055,3.816842810740284e-08
21056,1.0416189543517678e-05
21057,3.7160634000884236e-06
21058,6.784292077741517e-06
21059,5.401584346520074e-06
21060,9.318008668577259e-06
21061,1.5845526237844237e-06
21062,6.187527430052336e-06
21063,1.1152414258539597e-05
21064,5.211863773460957e-05
21065,9.366906566485347e-07
21066,6.03146442030491e-06
21067,2.2274735313271023e-05
21068,3.309667459598288e-05
21069,1.5110544139588908e-05
21070,8.892737362243828e-06
21071,3.309667459598288e-05
21072,1.6723997866334754e-05
21073,9.366906566485347e-07
21074,2.171238991836809e-05
21075,1.777324006841287e-05
21076,1.9766402380370655e-05
21077,1.1298618288485303e-05
21078,7.206440890938093e-07
21079,5.606493715984668e-06
21080,1.1187858695687232e-05
21081,2.5457024326321722e-05
21082,7.016287745516977e-06
21083,6.0812585611422054e-06
21084,9.823787234911673e-06
21085,3.457546241666303e-06
21086,1.6276077323189638e-05
21087,6.9763925007491356e-06
21088,1.3160600112368369e-06
21089,2.7149084543122447e-06
21090,2.8946821830913585e-07
21091,1.3409376265318766e-05
21092,8.518218154287182e-06
21093,7.206440890938093e-07
21094,2.5341379931947438e-05
21095,1.2013322342028058e-05
21096,8.564759482526734e-05
21097,1.8024136615215226e-05
21098,1.0377534339301461e-05
21099,6.71090935569397e-08
21100,1.5217656917777877e-05
21101,1.2547158450459412e-05
21102,2.477249720718509e-05
21103,1.0273732253466651e-05
21104,2.8638297407765024e-05
21105,1.8024136615215226e-05
21106,6.076666691901281e-06
21107,9.318008668577259e-06
21108,3.929128211308483e-06
21109,1.8455724405575183e-05
21110,1.6778098339098316e-05
21111,6.7349596039378535e-06
21112,4.895495790997916e-06
21113,7.383412113819585e-06
21114,2.4662631681292474e-05
21115,1.6217635837484732e-05
21116,2.2274735313271023e-05
21117,3.309667459598288e-05
21118,7.227686254926452e-06
21119,1.1657463000347894e-05
21120,1.0341492697675664e-05
21121,2.785041548221168e-05
21122,2.0767034259130587e-06
21123,8.865359047952257e-06
21124,7.669932882554228e-06
21125,5.1823641438751434e-05
21126,9.983179633554033e-06
21127,1.763317027055864e-05
21128,3.457546241666303e-06
21129,9.263726349490309e-06
21130,3.309667459598288e-05
21131,3.309667459598288e-05
21132,3.3024904747861657e-06
21133,7.993519340531444e-06
21134,7.135582024188823e-06
21135,1.8805946600225752e-05
21136,3.665425943419378e-06
21137,9.622365479210942e-06
21138,2.544141093801404e-06
21139,3.280258251927546e-05
21140,2.544141093801404e-06
21141,3.2445422920513604e-05
21142,7.124176368197579e-06
21143,2.1744228134562504e-06
21144,7.86375023253337e-06
21145,2.3147390505172322e-06
21146,1.0754660573650312e-05
21147,9.318008668577259e-06
21148,2.6366617112429715e-05
21149,3.579259214609329e-05
21150,2.6232464898206492e-05
21151,2.5098335131120705e-06
21152,1.66801693039325e-05
21153,1.3991146493111018e-05
21154,2.1889635175949354e-05
21155,3.7209750172072135e-05
21156,2.5097811937166877e-05
21157,8.865359047952257e-06
21158,3.309667459598288e-05
21159,2.1840855152547472e-05
21160,4.995117563042747e-06
21161,2.6232464898206492e-05
21162,1.8024136615215226e-05
21163,1.1152414258539597e-05
21164,2.5341379931947438e-05
21165,1.5217656917777877e-05
21166,5.67338538194055e-06
21167,1.2547158450459412e-05
21168,3.665425943419378e-06
21169,1.0274166338583712e-05
21170,5.2561529384327414e-06
21171,1.1152414258539597e-05
21172,4.382902536373162e-05
21173,5.67338538194055e-06
21174,5.469711135728868e-06
21175,6.03146442030491e-06
21176,1.1106870906897075e-05
21177,1.4179923520183977e-05
21178,1.5177454185674048e-05
21179,5.91967176645989e-05
21180,3.926828147199314e-05
21181,1.6723997866334754e-05
21182,5.119913791204008e-06
21183,1.8024136615215226e-05
21184,4.197068328413296e-05
21185,8.623907287242201e-08
21186,4.983428830864382e-06
21187,6.03146442030491e-06
21188,1.8805946600225752e-05
21189,7.499015165752427e-06
21190,3.3768103584713837e-06
21191,7.795624630076884e-06
21192,7.04087630940213e-06
21193,3.579259214609329e-05
21194,1.4406269508056996e-06
21195,1.1050065501815846e-05
21196,7.548761950666645e-06
21197,3.2309268194194954e-06
21198,5.681479676637399e-07
21199,1.1050065501815846e-05
21200,1.1050065501815846e-05
21201,1.5845526237844237e-06
21202,7.293191880507838e-06
21203,1.1231199539219034e-05
21204,3.3768103584713837e-06
21205,3.272925840139351e-05
21206,4.816207041740651e-08
21207,3.665425943419378e-06
21208,9.360161008768145e-06
21209,5.2946251810429825e-06
21210,1.1050065501815846e-05
21211,1.1050065501815846e-05
21212,1.1050065501815846e-05
21213,2.623584364134166e-05
21214,1.3160600112368369e-06
21215,1.128061277732567e-05
21216,1.7585791962924055e-05
21217,1.56237812375348e-05
21218,6.466167127861589e-06
21219,1.6232289875413498e-05
21220,1.6778098339098316e-05
21221,2.8638297407765024e-05
21222,1.60280005887528e-06
21223,4.845304304953412e-05
21224,1.2857782005483696e-05
21225,2.8122888056417614e-05
21226,2.0435122645013686e-05
21227,7.548761950666645e-06
21228,2.5457024326321722e-05
21229,2.257859274798186e-05
21230,4.085803688443996e-06
21231,5.874221594061904e-06
21232,4.085803688443996e-06
21233,1.186338157532125e-05
21234,5.8249821014128344e-05
21235,3.665425943419378e-06
21236,4.811788670371425e-06
21237,5.469079616141989e-07
21238,5.977473636206564e-06
21239,1.0754660573650312e-05
21240,6.77801328557527e-06
21241,5.377591186363026e-06
21242,8.491704704360493e-06
21243,3.5512823101964576e-06
21244,5.377591186363026e-06
21245,5.377591186363026e-06
21246,3.4798398522953628e-06
21247,5.377591186363026e-06
21248,1.1997764685598476e-05
21249,2.400578459402477e-05
21250,6.8116197884448095e-06
21251,2.6232464898206492e-05
21252,4.5642877980907465e-06
21253,2.050514546180153e-06
21254,1.1663973207448035e-05
21255,3.919953362856588e-06
21256,2.0565591414686234e-05
21257,1.6452166147152925e-05
21258,2.2274735313271023e-05
21259,4.015419028639798e-06
21260,3.6338396511195733e-06
21261,2.1744228134562504e-06
21262,1.8805946600225752e-05
21263,4.8557900828684785e-06
21264,1.2547158450459412e-05
21265,1.0273732253466651e-05
21266,1.8805946600225752e-05
21267,8.865359047952257e-06
21268,7.993519340531444e-06
21269,8.865359047952257e-06
21270,2.233190065385766e-06
21271,2.2308649720899468e-05
21272,7.329428962093246e-06
21273,4.344563232312016e-06
21274,2.6232464898206492e-05
21275,2.724035853117857e-05
21276,1.1187858695687232e-05
21277,3.2955201245182164e-07
21278,3.926828147199314e-05
21279,3.498956401431501e-05
21280,1.0313207022366888e-05
21281,9.791018637495273e-07
21282,1.5822479104540874e-06
21283,1.8460090098661703e-06
21284,1.1187858695687232e-05
21285,3.5512823101964576e-06
21286,1.6685613070036195e-05
21287,1.3354410378223386e-06
21288,1.2547158450459412e-05
21289,1.9377171732327463e-05
21290,5.490019651067116e-06
21291,5.119913791204008e-06
21292,0.0015948129723836974
21293,1.8805946600225752e-05
21294,1.9496757374554444e-05
21295,1.3656663751615575e-05
21296,3.665425943419378e-06
21297,2.785041548221168e-05
21298,2.785041548221168e-05
21299,1.6723997866334754e-05
21300,1.0438274842770595e-05
21301,3.579259214609329e-05
21302,3.309667459598288e-05
21303,1.8538364677761307e-05
21304,9.7950553838749e-06
21305,1.8024136615215226e-05
21306,2.785041548221168e-05
21307,2.785041548221168e-05
21308,2.785041548221168e-05
21309,1.1668668853090769e-05
21310,3.3517840892729225e-05
21311,1.2322569890372169e-05
21312,3.2445422920513604e-05
21313,4.712418813254684e-06
21314,3.7024595006912196e-07
21315,7.053024805542537e-07
21316,3.926828147199314e-05
21317,5.119913791204008e-06
21318,7.940264317097003e-06
21319,7.329428962093246e-06
21320,2.0663161408070952e-05
21321,2.224458335753996e-06
21322,5.094381667434789e-06
21323,1.0026530187256368e-06
21324,1.8805946600225752e-05
21325,1.0924115674501308e-05
21326,7.383412113819585e-06
21327,1.9756906355571455e-05
21328,2.4839939850062787e-05
21329,4.145064360843641e-05
21330,1.5597427615731944e-05
21331,6.580202913519124e-05
21332,2.67705202093828e-05
21333,3.903056025989452e-05
21334,1.5597427615731944e-05
21335,1.1398962943092915e-06
21336,3.806293414579964e-05
21337,2.9985371526548482e-06
21338,3.080654430191315e-05
21339,1.1644992356732589e-05
21340,1.9004063843858377e-07
21341,2.8638297407765024e-05
21342,2.050514546180153e-06
21343,4.7692406739799295e-06
21344,1.3629474847298844e-05
21345,1.0273732253466651e-05
21346,5.119913791204008e-06
21347,4.754748103679141e-06
21348,2.6605546155114192e-06
21349,3.309667459598288e-05
21350,1.0438274842770595e-05
21351,7.04087630940213e-06
21352,1.1050065501815846e-05
21353,8.35396901245353e-06
21354,2.7149084543122447e-06
21355,1.8805946600225752e-05
21356,7.548761950666645e-06
21357,6.879364539130577e-06
21358,8.865359047952257e-06
21359,7.383412113819585e-06
21360,3.367122987356735e-06
21361,2.1744228134562504e-06
21362,1.0041507576485175e-05
21363,1.102911624623662e-05
21364,1.1668668853090769e-05
21365,4.081953044758512e-06
21366,1.0274166338583712e-05
21367,3.158043429808391e-05
21368,4.178892731843077e-05
21369,1.6709694019828036e-05
21370,3.921231089405238e-06
21371,2.3052149275882436e-05
21372,1.1914014720877016e-06
21373,1.8127301494579585e-05
21374,3.921231089405238e-06
21375,4.690886362440709e-05
21376,2.5127472261774204e-05
21377,7.139326936626449e-06
21378,3.579259214609329e-05
21379,3.921231089405238e-06
21380,7.698525158811343e-06
21381,8.710795972996155e-06
21382,2.181406429636432e-05
21383,3.158043429808391e-05
21384,1.128061277732567e-05
21385,8.58487116859954e-07
21386,2.0753334321846773e-06
21387,3.3768103584713837e-06
21388,1.56237812375348e-05
21389,2.785041548221168e-05
21390,1.0419316881349636e-05
21391,7.795624630076884e-06
21392,6.788569615096944e-05
21393,2.567756127444846e-06
21394,3.3577340573645803e-05
21395,8.779840414085029e-06
21396,1.5217656917777877e-05
21397,3.543302466457338e-05
21398,7.548761950666645e-06
21399,7.329428962093246e-06
21400,3.929128211308483e-06
21401,1.8974895579305917e-05
21402,5.509607098696422e-06
21403,1.983676114667277e-05
21404,3.3335633149865035e-05
21405,3.699073383855719e-06
21406,3.543302466457338e-05
21407,2.9985371526548482e-06
21408,2.6366617112429715e-05
21409,2.5515775695340235e-05
21410,8.278891074482927e-06
21411,3.2446151946335693e-06
21412,3.926828147199314e-05
21413,2.2913836601812253e-05
21414,7.347760832167804e-07
21415,6.249110241859464e-06
21416,5.359455975736333e-06
21417,3.309667459598288e-05
21418,1.0952789725319169e-05
21419,9.844233795786024e-06
21420,2.0389030618798876e-05
21421,5.574238617669124e-06
21422,6.7349596039378535e-06
21423,2.5341379931947438e-05
21424,2.763295902925167e-05
21425,1.8805946600225752e-05
21426,8.461195848300982e-06
21427,1.1875799467932967e-05
21428,7.351019792492224e-06
21429,2.1744228134562504e-06
21430,4.5642877980907465e-06
21431,9.255783930672972e-07
21432,2.0844414653326587e-05
21433,4.3965012432075744e-05
21434,3.919953362856588e-06
21435,2.212503139575054e-05
21436,1.8805946600225752e-05
21437,7.206440890938093e-07
21438,1.5597427615731944e-05
21439,2.544141093801404e-06
21440,2.8122888056417614e-05
21441,1.5597427615731944e-05
21442,6.533037179739474e-06
21443,2.0231258384286043e-05
21444,1.6709694019828036e-05
21445,8.779840414085029e-06
21446,5.356116619002457e-05
21447,1.0273732253466651e-05
21448,3.54898591020141e-06
21449,5.574238617669124e-06
21450,1.8936221026801777e-06
21451,3.6384885364149834e-06
21452,3.2445422920513604e-05
21453,2.249111936793878e-05
21454,2.2412123573998204e-05
21455,5.819100281622349e-06
21456,2.6161681807077196e-05
21457,4.8948281830987534e-06
21458,3.510425511942836e-05
21459,9.622365479210942e-06
21460,1.6685613070036195e-05
21461,1.3270218392017983e-06
21462,5.094381667434789e-06
21463,3.831220070692776e-06
21464,3.926828147199314e-05
21465,3.445739768938737e-05
21466,3.665425943419378e-06
21467,3.929128211308483e-06
21468,4.030285504023605e-05
21469,4.88001542070682e-06
21470,2.1744228134562504e-06
21471,1.9004063843858377e-07
21472,1.6723997866334754e-05
21473,3.889663216446158e-06
21474,2.171238991836809e-05
21475,1.4406269508056996e-06
21476,3.721232060762215e-06
21477,6.9763925007491356e-06
21478,2.5727195700756993e-06
21479,1.6685613070036195e-05
21480,2.0231258384286043e-05
21481,2.5515775695340235e-05
21482,1.2989488466567677e-05
21483,6.47964763296422e-06
21484,1.1988169966819532e-05
21485,3.983642943965688e-05
21486,1.8024136615215226e-05
21487,5.977473636206564e-06
21488,2.5826453593806244e-06
21489,7.376001600404581e-05
21490,1.369814157940644e-05
21491,2.5341379931947438e-05
21492,1.7207844604559312e-05
21493,1.8024136615215226e-05
21494,1.1050065501815846e-05
21495,1.4571977729669638e-05
21496,2.1744228134562504e-06
21497,1.0754660573650312e-05
21498,1.0026530187256368e-06
21499,4.811788670371425e-06
21500,4.7641157993465865e-06
21501,1.1836670161158395e-05
21502,6.958192790136846e-06
21503,2.5341379931947438e-05
21504,8.865359047952257e-06
21505,3.0527487720889385e-05
21506,3.2309268194194954e-06
21507,9.904640653515177e-05
21508,5.020948492982558e-06
21509,6.076666691901281e-06
21510,2.171238991836809e-05
21511,6.604551486953346e-07
21512,1.5597427615731944e-05
21513,3.579259214609329e-05
21514,3.863295035056594e-05
21515,5.270616697365585e-05
21516,1.8868111523841994e-06
21517,3.54898591020141e-06
21518,3.54898591020141e-06
21519,2.0940793139358538e-05
21520,2.324106206228486e-05
21521,7.993519340531444e-06
21522,8.216332251624352e-05
21523,4.907001916702187e-05
21524,3.489693626393209e-06
21525,6.466167127861589e-06
21526,7.86375023253337e-06
21527,9.014398202872497e-05
21528,4.0131435679523294e-05
21529,3.946442858425871e-07
21530,8.452364503512109e-06
21531,5.469711135728868e-06
21532,1.0679981774516916e-05
21533,1.1836670161158395e-05
21534,2.8611944155760197e-05
21535,3.309667459598288e-05
21536,9.006527703519867e-07
21537,2.1370285056330866e-05
21538,1.2297363126489855e-05
21539,2.171238991836809e-05
21540,4.398077317176066e-06
21541,3.489693626393209e-06
21542,3.0919315967032314e-07
21543,3.0919315967032314e-07
21544,3.7259482505932196e-06
21545,1.6778098339098316e-05
21546,6.047390258570638e-06
21547,3.983642943965688e-05
21548,1.6685613070036195e-05
21549,1.9756906355571455e-05
21550,3.54898591020141e-06
21551,2.5341379931947438e-05
21552,1.9766402380370655e-05
21553,3.54898591020141e-06
21554,7.063873064465449e-07
21555,7.638911830807498e-06
21556,1.635083303048499e-05
21557,2.8122888056417614e-05
21558,7.009694715600637e-06
21559,8.278891074482927e-06
21560,6.3391743123908195e-06
21561,8.865359047952257e-06
21562,2.224458335753996e-06
21563,5.67338538194055e-06
21564,2.213803216526596e-05
21565,2.171238991836809e-05
21566,3.926828147199314e-05
21567,6.7349596039378535e-06
21568,2.5727195700756993e-06
21569,6.660113175588203e-06
21570,3.020358133275801e-05
21571,9.318008668577259e-06
21572,2.172899659165772e-06
21573,4.816207041740651e-08
21574,1.0679981774516916e-05
21575,1.5217656917777877e-05
21576,2.1744228134562504e-06
21577,1.4406269508056996e-06
21578,1.3506224823464063e-05
21579,7.89755808065313e-06
21580,1.4406269508056996e-06
21581,1.1439436660058208e-05
21582,9.7950553838749e-06
21583,8.278891074482927e-06
21584,1.3073514415799466e-05
21585,8.137564451293906e-06
21586,1.1050065501815846e-05
21587,3.727382220091563e-06
21588,7.124176368197579e-06
21589,5.094381667434789e-06
21590,7.795624630076884e-06
21591,2.785041548221168e-05
21592,2.567756127444846e-06
21593,1.529962178010783e-05
21594,1.1997764685598476e-05
21595,1.0754660573650312e-05
21596,2.249233068138375e-05
21597,2.171238991836809e-05
21598,9.16577641018437e-06
21599,1.2085578189964074e-05
21600,9.16577641018437e-06
21601,2.212503139575054e-05
21602,8.137564451293906e-06
21603,1.6723997866334754e-05
21604,9.318008668577259e-06
21605,7.86375023253337e-06
21606,5.255304396475011e-07
21607,3.543302466457338e-05
21608,5.094381667434789e-06
21609,1.9756906355571455e-05
21610,7.009694715600637e-06
21611,1.7270964975051677e-05
21612,2.1744228134562504e-06
21613,1.763317027055864e-05
21614,2.785041548221168e-05
21615,8.28663599998875e-06
21616,3.926828147199314e-05
21617,1.1657463000347894e-05
21618,8.639110291512895e-06
21619,6.576810779292334e-06
21620,1.1050065501815846e-05
21621,1.846124487357126e-07
21622,9.318008668577259e-06
21623,7.86375023253337e-06
21624,6.784292077741517e-06
21625,1.1106870906897075e-05
21626,2.5457024326321722e-05
21627,2.0231258384286043e-05
21628,2.1558543919192238e-05
21629,9.983179633554033e-06
21630,9.823787234911673e-06
21631,2.0231258384286043e-05
21632,5.733999244647437e-06
21633,8.981221596183088e-06
21634,9.318008668577259e-06
21635,1.4406269508056996e-06
21636,3.543302466457338e-05
21637,2.0940793139358538e-05
21638,1.0438274842770595e-05
21639,1.8538364677761307e-05
21640,5.029250761221413e-07
21641,1.369814157940644e-05
21642,1.7207844604559312e-05
21643,1.0313207022366888e-05
21644,3.732502733561478e-05
21645,8.191150244508629e-08
21646,1.9766402380370655e-05
21647,1.1050065501815846e-05
21648,2.233190065385766e-06
21649,1.881453747206037e-05
21650,2.6366617112429715e-05
21651,6.3391743123908195e-06
21652,5.509607098696422e-06
21653,1.5217656917777877e-05
21654,3.0477972819304275e-05
21655,1.2727432446450108e-06
21656,5.094381667434789e-06
21657,2.391862733225157e-05
21658,1.5217656917777877e-05
21659,1.357636909726148e-06
21660,2.1889635175949354e-05
21661,7.86375023253337e-06
21662,1.1050065501815846e-05
21663,1.0331353779356072e-05
21664,1.2727432446450108e-06
21665,1.2547158450459412e-05
21666,3.721232060762215e-06
21667,9.318008668577259e-06
21668,2.1744228134562504e-06
21669,8.052630336910875e-05
21670,1.8581267500807902e-05
21671,3.6854845048586053e-06
21672,3.2445422920513604e-05
21673,2.834078365345221e-06
21674,2.5727195700756993e-06
21675,2.6232464898206492e-05
21676,1.7548931148862187e-05
21677,1.0857419387940288e-05
21678,3.223478423162025e-06
21679,9.318008668577259e-06
21680,6.337650198426318e-05
21681,3.5606009976195343e-05
21682,2.212503139575054e-05
21683,1.6372957117980573e-05
21684,5.574238617669124e-06
21685,1.56237812375348e-05
21686,2.8122888056417614e-05
21687,2.7137656612532234e-05
21688,2.8337343637582114e-05
21689,2.8483417257409518e-06
21690,3.424775339241358e-05
21691,1.2547158450459412e-05
21692,6.076666691901281e-06
21693,1.2508986890623746e-06
21694,2.2404517274117614e-05
21695,1.5597427615731944e-05
21696,1.6452166147152925e-05
21697,1.4688269609202718e-05
21698,2.212503139575054e-05
21699,1.763317027055864e-05
21700,2.9542828014765717e-05
21701,8.779840414085029e-06
21702,1.1014893251169292e-05
21703,2.4199374356353516e-06
21704,8.58487116859954e-07
21705,8.865359047952257e-06
21706,3.7160634000884236e-06
21707,3.6036633978075923e-07
21708,1.5597427615731944e-05
21709,1.2668639946208822e-05
21710,5.2561529384327414e-06
21711,7.383412113819585e-06
21712,5.606493715984668e-06
21713,7.795624630076884e-06
21714,7.347760832167804e-07
21715,6.784292077741517e-06
21716,2.8629733835137425e-05
21717,1.140950014175366e-05
21718,3.08952167712862e-06
21719,9.640825058192401e-06
21720,2.472446640117757e-05
21721,2.785041548221168e-05
21722,5.3988409652858326e-05
21723,2.785041548221168e-05
21724,2.785041548221168e-05
21725,1.8805946600225752e-05
21726,8.840733653006095e-06
21727,1.1050065501815846e-05
21728,2.544141093801404e-06
21729,5.9117501360328634e-06
21730,9.360161008768145e-06
21731,8.458040857944265e-06
21732,1.2508986890623746e-06
21733,6.9394427988923505e-06
21734,5.094381667434789e-06
21735,3.309667459598288e-05
21736,8.491704704360493e-06
21737,3.2445422920513604e-05
21738,7.86375023253337e-06
21739,6.918042387662285e-06
21740,1.5822479104540874e-06
21741,1.369814157940644e-05
21742,2.1135022209280455e-06
21743,7.449902406129431e-06
21744,8.865359047952257e-06
21745,1.3239210500608966e-05
21746,1.1050065501815846e-05
21747,9.318008668577259e-06
21748,7.347760832167804e-07
21749,7.582335827946383e-05
21750,1.2274015989877735e-05
21751,5.574238617669124e-06
21752,3.48426375120224e-05
21753,3.926828147199314e-05
21754,5.819100281622349e-06
21755,3.309667459598288e-05
21756,2.6232464898206492e-05
21757,1.1836670161158395e-05
21758,2.212503139575054e-05
21759,1.2547158450459412e-05
21760,2.279887060561325e-06
21761,4.8062581530261184e-06
21762,1.2859160646836952e-05
21763,2.5134390312233248e-05
21764,4.8062581530261184e-06
21765,9.983179633554033e-06
21766,3.6854845048586053e-06
21767,3.185318144647488e-05
21768,1.0857419387940288e-05
21769,4.305506070831409e-06
21770,5.874221594061904e-06
21771,4.449671676898806e-06
21772,3.2445422920513604e-05
21773,3.6682726481388355e-06
21774,1.6709694019828036e-05
21775,1.71842854238248e-05
21776,9.318008668577259e-06
21777,7.499015165752427e-06
21778,9.273329360391642e-06
21779,2.0940793139358538e-05
21780,1.650758971702563e-05
21781,1.1106870906897075e-05
21782,5.359455975736333e-06
21783,1.4901359538286225e-05
21784,3.3024904747861657e-06
21785,2.7897552715515267e-05
21786,1.1152414258539597e-05
21787,4.807926850644408e-05
21788,3.2309268194194954e-06
21789,0.00013732836075008796
21790,1.8805946600225752e-05
21791,1.8805946600225752e-05
21792,1.8805946600225752e-05
21793,0.00010153973560159708
21794,1.787198627966038e-05
21795,4.7355592901575265e-05
21796,1.2013322342028058e-05
21797,2.2977567506047806e-07
21798,5.2639225033368596e-05
21799,1.3656663751615575e-05
21800,1.2451007501704985e-05
21801,1.9496757374554444e-05
21802,9.7950553838749e-06
21803,2.67705202093828e-05
21804,1.594378969575964e-05
21805,3.3024904747861657e-06
21806,1.1050065501815846e-05
21807,1.1050065501815846e-05
21808,2.1744228134562504e-06
21809,2.1744228134562504e-06
21810,3.0919315967032314e-07
21811,2.3130989276221902e-05
21812,3.1471239863107365e-06
21813,8.710795972996155e-06
21814,1.2859160646836952e-05
21815,2.8483417257409518e-06
21816,5.799588233115551e-06
21817,4.0008211542295454e-05
21818,3.926828147199314e-05
21819,3.5512823101964576e-06
21820,7.206440890938093e-07
21821,8.647141689649436e-05
21822,2.5233865558276488e-05
21823,2.6232464898206492e-05
21824,9.823787234911673e-06
21825,2.544141093801404e-06
21826,2.5457024326321722e-05
21827,5.917116457175449e-06
21828,2.171238991836809e-05
21829,3.309667459598288e-05
21830,1.2085578189964074e-05
21831,1.763317027055864e-05
21832,6.193499748701765e-06
21833,3.309667459598288e-05
21834,3.2445422920513604e-05
21835,1.2668639946208822e-05
21836,2.5539803672679947e-05
21837,4.517264451286071e-06
21838,8.865359047952257e-06
21839,2.324106206228486e-05
21840,5.574238617669124e-06
21841,1.1152414258539597e-05
21842,1.1050065501815846e-05
21843,1.0976766595274669e-05
21844,8.841997208596411e-05
21845,8.937822525767402e-05
21846,5.2576542121608854e-06
21847,2.8483417257409518e-06
21848,2.117722612815543e-06
21849,4.5642877980907465e-06
21850,3.727382220091563e-06
21851,5.241875531581324e-06
21852,8.865359047952257e-06
21853,6.466167127861589e-06
21854,1.2911443318964604e-05
21855,6.115777068064974e-06
21856,8.892737362243828e-06
21857,8.244613255882126e-06
21858,1.2547158450459412e-05
21859,3.806293414579964e-05
21860,2.4683056328024187e-06
21861,2.4683056328024187e-06
21862,4.8948281830987534e-06
21863,2.4683056328024187e-06
21864,2.4683056328024187e-06
21865,2.4683056328024187e-06
21866,6.127586029849767e-05
21867,5.855222805569599e-06
21868,1.3656663751615575e-05
21869,1.1235776676082058e-06
21870,7.226360711145934e-06
21871,3.789421822319765e-05
21872,1.4780495544012343e-05
21873,8.618651754575265e-07
21874,3.655588078277919e-06
21875,3.309667459598288e-05
21876,2.212503139575054e-05
21877,4.373458287193397e-07
21878,2.72297069408127e-05
21879,1.0924115674501308e-05
21880,4.155291665508147e-05
21881,4.060691850593719e-05
21882,2.6232464898206492e-05
21883,4.344563232312016e-06
21884,3.2445422920513604e-05
21885,2.6267985018564874e-05
21886,3.309667459598288e-05
21887,9.599912754747727e-07
21888,3.886874601569726e-05
21889,1.1668668853090769e-05
21890,1.8243498329637586e-05
21891,1.0679981774516916e-05
21892,1.5623712047274186e-05
21893,1.5110544139588908e-05
21894,7.993519340531444e-06
21895,2.3147390505172322e-06
21896,2.1744228134562504e-06
21897,5.39693937790813e-07
21898,1.8581267500807902e-05
21899,9.823787234911673e-06
21900,3.3066820093388237e-05
21901,1.983676114667277e-05
21902,5.469711135728868e-06
21903,9.823787234911673e-06
21904,2.7737583861983015e-05
21905,4.097632573396617e-05
21906,1.805827403714211e-05
21907,1.1644992356732589e-05
21908,1.1050065501815846e-05
21909,1.1050065501815846e-05
21910,2.2058458042104128e-05
21911,2.4612731921112813e-05
21912,1.8538364677761307e-05
21913,1.0419316881349636e-05
21914,6.3391743123908195e-06
21915,1.8805946600225752e-05
21916,5.74256060132945e-06
21917,2.0549076217869553e-05
21918,3.7259482505932196e-06
21919,1.8024136615215226e-05
21920,9.89800748622995e-06
21921,1.4614704724363985e-06
21922,7.449902406129431e-06
21923,2.3895855388216243e-07
21924,4.344563232312016e-06
21925,4.289724943221587e-06
21926,1.1152414258539597e-05
21927,1.0419316881349636e-05
21928,3.309667459598288e-05
21929,1.42288407137887e-07
21930,4.344563232312016e-06
21931,4.983428830864382e-06
21932,3.7160634000884236e-06
21933,3.4178695116539846e-05
21934,1.1106870906897075e-05
21935,5.606493715984668e-06
21936,3.2279409080214345e-05
21937,1.4843062759665073e-05
21938,7.1674002833495074e-06
21939,2.6232464898206492e-05
21940,8.892737362243828e-06
21941,3.579259214609329e-05
21942,1.8460090098661703e-06
21943,2.8922760198483568e-05
21944,1.2547158450459412e-05
21945,4.496647434593277e-06
21946,6.604102156649155e-06
21947,0.0001065549344206231
21948,5.020948492982558e-06
21949,1.1836670161158395e-05
21950,9.16577641018437e-06
21951,3.628413072324155e-05
21952,1.6778098339098316e-05
21953,8.244613255882126e-06
21954,3.309667459598288e-05
21955,4.207408501786292e-06
21956,4.05465770021123e-05
21957,4.8948281830987534e-06
21958,2.9215538977847952e-05
21959,2.1744228134562504e-06
21960,9.823787234911673e-06
21961,6.823824053762654e-08
21962,5.819100281622349e-06
21963,1.0274166338583712e-05
21964,2.5341379931947438e-05
21965,2.916343378984358e-05
21966,2.767691883844998e-05
21967,1.1918676508060773e-05
21968,9.273329360391642e-06
21969,2.39751070468599e-05
21970,4.681375912419083e-07
21971,4.344563232312016e-06
21972,7.329428962093246e-06
21973,3.983642943965688e-05
21974,5.066824247869157e-06
21975,2.5341379931947438e-05
21976,3.543302466457338e-05
21977,1.4571977729669638e-05
21978,1.1918676508060773e-05
21979,3.3334057599760894e-06
21980,8.865359047952257e-06
21981,9.360161008768145e-06
21982,4.8948281830987534e-06
21983,8.865359047952257e-06
21984,1.369814157940644e-05
21985,1.1050065501815846e-05
21986,1.66801693039325e-05
21987,1.4782475505127705e-05
21988,4.6258186339257883e-05
21989,6.831787090417158e-05
21990,9.273329360391642e-06
21991,7.476998738209224e-05
21992,4.983428830864382e-06
21993,3.2309268194194954e-06
21994,1.6685613070036195e-05
21995,5.070541617685565e-05
21996,2.5341379931947438e-05
21997,1.6207565319572573e-05
21998,9.983179633554033e-06
21999,2.5457024326321722e-05
22000,2.1744228134562504e-06
22001,1.42288407137887e-07
22002,2.6232464898206492e-05
22003,1.4485552592580338e-05
22004,1.66801693039325e-05
22005,6.95709462097379e-06
22006,3.309667459598288e-05
22007,6.600957222288939e-05
22008,9.823787234911673e-06
22009,1.2547158450459412e-05
22010,4.721706381822767e-06
22011,2.5341379931947438e-05
22012,6.094880035991362e-05
22013,1.1050065501815846e-05
22014,5.749811816218258e-05
22015,1.2547158450459412e-05
22016,1.2547158450459412e-05
22017,9.983179633554033e-06
22018,4.983428830864382e-06
22019,4.983428830864382e-06
22020,4.983428830864382e-06
22021,1.9766402380370655e-05
22022,9.983179633554033e-06
22023,1.0341492697675664e-05
22024,4.807632222904557e-06
22025,1.0341492697675664e-05
22026,3.3316310845799605e-05
22027,3.3024904747861657e-06
22028,1.8805946600225752e-05
22029,1.926045809992359e-06
22030,1.369814157940644e-05
22031,1.8974895579305917e-05
22032,1.6452166147152925e-05
22033,3.333729827455344e-05
22034,3.806293414579964e-05
22035,3.721232060762215e-06
22036,1.0416189543517678e-05
22037,1.2499106818882815e-05
22038,1.925383511362944e-05
22039,3.665425943419378e-06
22040,4.7641157993465865e-06
22041,1.1152414258539597e-05
22042,1.6709694019828036e-05
22043,7.86375023253337e-06
22044,1.4424897337354065e-05
22045,1.8805946600225752e-05
22046,2.0940793139358538e-05
22047,1.2477157893506467e-05
22048,1.618984997019791e-05
22049,3.309667459598288e-05
22050,1.6239525547898723e-05
22051,1.5217656917777877e-05
22052,3.2445422920513604e-05
22053,2.413013139566818e-07
22054,1.0341492697675664e-05
22055,4.373458287193397e-07
22056,1.6549725166295783e-05
22057,2.5457024326321722e-05
22058,5.61514478113099e-05
22059,7.993519340531444e-06
22060,2.212503139575054e-05
22061,1.2727432446450108e-06
22062,2.7149084543122447e-06
22063,7.325903801898597e-06
22064,1.0341492697675664e-05
22065,2.4692777329801764e-05
22066,5.469079616141989e-07
22067,2.0549076217869553e-05
22068,9.594154120435579e-06
22069,5.041161198923008e-07
22070,1.1152414258539597e-05
22071,4.373458287193397e-07
22072,5.606493715984668e-06
22073,1.6723997866334754e-05
22074,2.544141093801404e-06
22075,2.0549076217869553e-05
22076,5.821636477661691e-06
22077,4.646086757607567e-06
22078,7.293191880507838e-06
22079,9.7950553838749e-06
22080,8.137564451293906e-06
22081,9.823787234911673e-06
22082,2.629061484781134e-05
22083,1.9496757374554444e-05
22084,1.0991002387294113e-05
22085,9.753306518785305e-06
22086,1.09231490319743e-05
22087,1.5597427615731944e-05
22088,2.3147390505172322e-06
22089,1.1644992356732589e-05
22090,3.309667459598288e-05
22091,3.3024904747861657e-06
22092,6.0812585611422054e-06
22093,1.1863193057143497e-05
22094,4.952362352419042e-08
22095,5.733999244647437e-06
22096,2.9942813123276e-05
22097,2.4929461473385842e-05
22098,2.900439593488112e-05
22099,1.0754660573650312e-05
22100,2.249111936793878e-05
22101,1.2547158450459412e-05
22102,3.1235104460392323e-05
22103,2.8814200697366136e-07
22104,5.469711135728868e-06
22105,2.5341379931947438e-05
22106,1.6533947746815976e-05
22107,2.8122888056417614e-05
22108,3.252859130671301e-06
22109,4.327475298658253e-06
22110,8.865359047952257e-06
22111,3.158043429808391e-05
22112,1.529962178010783e-05
22113,8.731890446051563e-06
22114,1.6627177907637575e-06
22115,4.763658862776077e-06
22116,6.3391743123908195e-06
22117,4.085985549326954e-06
22118,2.1545498810477814e-05
22119,8.58487116859954e-07
22120,1.1050065501815846e-05
22121,1.2502128903267543e-05
22122,1.0274166338583712e-05
22123,5.236114750762844e-06
22124,2.2980839729551533e-05
22125,3.929128211308483e-06
22126,1.2451007501704985e-05
22127,8.892737362243828e-06
22128,4.750268108589107e-06
22129,2.39372234713232e-05
22130,8.865359047952257e-06
22131,2.5457024326321722e-05
22132,3.3827034052399545e-05
22133,7.325903801898597e-06
22134,1.2859160646836952e-05
22135,1.56237812375348e-05
22136,1.6709694019828036e-05
22137,8.244613255882126e-06
22138,1.0857419387940288e-05
22139,6.249110241859464e-06
22140,4.373458287193397e-07
22141,3.3024904747861657e-06
22142,5.606493715984668e-06
22143,2.6481364565124606e-05
22144,1.711751513265184e-05
22145,2.39372234713232e-05
22146,2.159914349662635e-05
22147,1.5597427615731944e-05
22148,8.710795972996155e-06
22149,1.0169209452128884e-05
22150,1.183325528466339e-05
22151,3.196557135987845e-05
22152,5.119913791204008e-06
22153,5.574238617669124e-06
22154,2.8599298038882866e-06
22155,4.7692406739799295e-06
22156,1.8705952881338387e-05
22157,3.665425943419378e-06
22158,9.983179633554033e-06
22159,1.634994038941602e-05
22160,4.373458287193397e-07
22161,1.0332946556311193e-07
22162,3.2445422920513604e-05
22163,7.805217374622108e-06
22164,3.274141063475021e-05
22165,9.640825058192401e-06
22166,9.640825058192401e-06
22167,7.139326936626449e-06
22168,2.763295902925167e-05
22169,1.8974895579305917e-05
22170,5.606493715984668e-06
22171,3.6319821475989563e-06
22172,2.1744228134562504e-06
22173,1.2901680250640492e-05
22174,1.3073514415799466e-05
22175,9.318008668577259e-06
22176,1.1050065501815846e-05
22177,2.1744228134562504e-06
22178,1.0419316881349636e-05
22179,3.2021007702808205e-06
22180,1.84532145358238e-05
22181,4.7674004713794945e-06
22182,4.978443366366452e-08
22183,4.326588404811176e-05
22184,1.2547158450459412e-05
22185,2.758147262001296e-05
22186,2.0278891203424817e-05
22187,6.604102156649155e-06
22188,8.865359047952257e-06
22189,3.2445422920513604e-05
22190,1.1050065501815846e-05
22191,3.3577468101269214e-06
22192,1.2499106818882815e-05
22193,1.1050065501815846e-05
22194,5.167543924003077e-06
22195,2.249111936793878e-05
22196,8.992158001166723e-05
22197,3.3024904747861657e-06
22198,1.2916984123957756e-05
22199,4.646086757607567e-06
22200,9.318008668577259e-06
22201,6.076666691901281e-06
22202,1.1050065501815846e-05
22203,9.736558757118512e-06
22204,6.784292077741517e-06
22205,1.128061277732567e-05
22206,9.318008668577259e-06
22207,1.5623712047274186e-05
22208,1.1050065501815846e-05
22209,1.3955121949141377e-05
22210,6.490178552997004e-06
22211,3.794762843547894e-06
22212,1.1050065501815846e-05
22213,3.158043429808391e-05
22214,2.8122888056417614e-05
22215,4.3409881618349766e-05
22216,2.5515775695340235e-05
22217,1.0857419387940288e-05
22218,6.3391743123908195e-06
22219,9.753306518785305e-06
22220,1.1106870906897075e-05
22221,1.0747468002440918e-05
22222,1.9496757374554444e-05
22223,3.550170591009911e-05
22224,3.543302466457338e-05
22225,7.379832617016371e-06
22226,3.2445422920513604e-05
22227,2.1744228134562504e-06
22228,1.1106870906897075e-05
22229,4.687336814084638e-06
22230,3.0495527855264824e-06
22231,2.71900826019945e-05
22232,1.6685613070036195e-05
22233,6.852969926055626e-05
22234,2.4683056328024187e-06
22235,3.223478423162025e-06
22236,2.1396666738217784e-05
22237,7.698525158811343e-06
22238,1.5597427615731944e-05
22239,1.1050065501815846e-05
22240,4.754748103679141e-06
22241,4.495986765312637e-05
22242,1.8974895579305917e-05
22243,1.0924115674501308e-05
22244,2.5392482999606846e-05
22245,1.8868111523841994e-06
22246,1.128061277732567e-05
22247,7.329428962093246e-06
22248,8.865359047952257e-06
22249,4.061122274089675e-05
22250,3.5517004061818853e-06
22251,1.1050065501815846e-05
22252,2.8122888056417614e-05
22253,1.5334208349073928e-05
22254,2.6232464898206492e-05
22255,1.4929623226524716e-05
22256,7.548761950666645e-06
22257,4.646086757607567e-06
22258,1.6948482949165388e-05
22259,3.309667459598288e-05
22260,1.4782810473594473e-05
22261,1.9671334818656993e-05
22262,7.124176368197579e-06
22263,1.0094592901705242e-06
22264,1.5597427615731944e-05
22265,1.1644992356732589e-05
22266,2.8122888056417614e-05
22267,3.5726778121197856e-05
22268,5.9208163763525825e-05
22269,1.529962178010783e-05
22270,3.309667459598288e-05
22271,1.2752228797459337e-05
22272,6.03146442030491e-06
22273,7.89755808065313e-06
22274,4.8557900828684785e-06
22275,6.788485628444593e-05
22276,2.257859274798186e-05
22277,4.811788670371425e-06
22278,2.7156752002133777e-05
22279,6.807153939081614e-06
22280,3.096609344774479e-05
22281,2.6232464898206492e-05
22282,2.90397317407623e-05
22283,4.717592109843838e-05
22284,1.9766402380370655e-05
22285,7.329428962093246e-06
22286,5.574238617669124e-06
22287,7.795624630076884e-06
22288,4.811788670371425e-06
22289,1.974814522182997e-05
22290,2.0034387544910627e-05
22291,5.489708419760574e-06
22292,7.548761950666645e-06
22293,6.076666691901281e-06
22294,9.753306518785305e-06
22295,3.0919315967032314e-07
22296,1.8677612244598133e-05
22297,1.3409376265318766e-05
22298,7.139326936626449e-06
22299,5.900895157352535e-06
22300,1.1836670161158395e-05
22301,3.3024904747861657e-06
22302,2.8122888056417614e-05
22303,2.8122888056417614e-05
22304,2.8122888056417614e-05
22305,2.8122888056417614e-05
22306,2.8122888056417614e-05
22307,3.158043429808391e-05
22308,9.883460640919919e-06
22309,4.479794641249195e-05
22310,4.344563232312016e-06
22311,8.278891074482927e-06
22312,1.0331353779356072e-05
22313,2.1744228134562504e-06
22314,1.1668668853090769e-05
22315,3.889663216446158e-06
22316,5.606493715984668e-06
22317,1.2085578189964074e-05
22318,1.1050065501815846e-05
22319,8.244613255882126e-06
22320,4.344563232312016e-06
22321,1.8868111523841994e-06
22322,1.6685613070036195e-05
22323,7.413644586506715e-06
22324,7.226360711145934e-06
22325,1.2504365465339304e-05
22326,6.3391743123908195e-06
22327,1.1050065501815846e-05
22328,1.2752228797459337e-05
22329,4.758563856264241e-06
22330,8.270691673951648e-05
22331,1.8581267500807902e-05
22332,1.1995280057508101e-05
22333,9.753306518785305e-06
22334,2.1744228134562504e-06
22335,8.518218154287182e-06
22336,1.6549725166295783e-05
22337,1.2499106818882815e-05
22338,1.6124673690182643e-06
22339,1.1050065501815846e-05
22340,5.659867290427026e-06
22341,2.0435122645013686e-05
22342,1.0924115674501308e-05
22343,6.807153939081614e-06
22344,1.789025464834231e-05
22345,1.5597427615731944e-05
22346,1.2504365465339304e-05
22347,4.545762176800581e-06
22348,9.753306518785305e-06
22349,7.698525158811343e-06
22350,5.509607098696422e-06
22351,1.4106971016317815e-05
22352,1.0342324493586855e-06
22353,2.6232464898206492e-05
22354,1.2504365465339304e-05
22355,9.7950553838749e-06
22356,1.4723539514618876e-05
22357,6.0517276086091855e-06
22358,3.6384885364149834e-06
22359,7.973305883406664e-06
22360,6.807153939081614e-06
22361,2.5830949515298322e-05
22362,4.739205207123671e-06
22363,3.309667459598288e-05
22364,1.4947297656023093e-05
22365,4.337929624280839e-06
22366,2.6561922325278466e-06
22367,9.594272993442822e-06
22368,8.865359047952257e-06
22369,9.883460640919919e-06
22370,0.00011311197406087399
22371,2.0549076217869553e-05
22372,3.2106421110237115e-05
22373,1.1836670161158395e-05
22374,2.970325875375545e-06
22375,4.081953044758512e-06
22376,2.638324172073524e-06
22377,1.2499106818882815e-05
22378,8.461195848300982e-06
22379,1.5070411850590818e-05
22380,9.360161008768145e-06
22381,5.659867290427026e-06
22382,2.964523558465838e-05
22383,1.763317027055864e-05
22384,3.457546241666303e-06
22385,1.7485826905058644e-05
22386,9.16577641018437e-06
22387,1.695915422640174e-05
22388,3.080654430191315e-05
22389,3.6854845048586053e-06
22390,1.8024136615215226e-05
22391,2.11844525807551e-05
22392,6.249110241859464e-06
22393,2.87039540864557e-05
22394,1.1050065501815846e-05
22395,2.1744228134562504e-06
22396,1.6788582644294776e-05
22397,4.305506070831409e-06
22398,4.305506070831409e-06
22399,1.0679981774516916e-05
22400,3.550170591009911e-05
22401,1.983676114667277e-05
22402,3.335030422039053e-05
22403,7.293191880507838e-06
22404,5.46746317790583e-06
22405,1.5058198040082812e-05
22406,4.373458287193397e-07
22407,1.1836670161158395e-05
22408,7.293191880507838e-06
22409,9.318008668577259e-06
22410,4.922632816660297e-06
22411,2.0940793139358538e-05
22412,9.594154120435579e-06
22413,2.4199374356353516e-06
22414,2.1744228134562504e-06
22415,3.223478423162025e-06
22416,1.0273732253466651e-05
22417,2.3079566049958632e-05
22418,1.8024136615215226e-05
22419,1.6452166147152925e-05
22420,1.1676394396410102e-05
22421,1.1668668853090769e-05
22422,9.844233795786024e-06
22423,1.3409376265318766e-05
22424,2.1744228134562504e-06
22425,2.859281525686709e-05
22426,2.889334277513483e-05
22427,1.128061277732567e-05
22428,4.496940904583414e-05
22429,4.5375789960657264e-05
22430,3.2445422920513604e-05
22431,2.2502936850099274e-05
22432,1.3239210500608966e-05
22433,5.0585810237250934e-05
22434,1.3239210500608966e-05
22435,1.3239210500608966e-05
22436,1.0341492697675664e-05
22437,2.2416084507162204e-06
22438,2.593892031340761e-05
22439,9.883460640919919e-06
22440,1.6723997866334754e-05
22441,5.3297663669851925e-05
22442,2.1744228134562504e-06
22443,4.687336814084638e-06
22444,2.3079566049958632e-05
22445,5.119913791204008e-06
22446,5.637976846777472e-06
22447,4.344563232312016e-06
22448,1.737039905029174e-06
22449,1.1668668853090769e-05
22450,2.0389030618798876e-05
22451,1.2508986890623746e-06
22452,7.353929444195366e-06
22453,5.469079616141989e-07
22454,1.1796341270566169e-05
22455,3.727382220091563e-06
22456,2.1744228134562504e-06
22457,3.302682555070803e-05
22458,4.1442435307521e-05
22459,1.1863193057143497e-05
22460,6.249110241859464e-06
22461,1.6685613070036195e-05
22462,2.7090952015066443e-05
22463,1.128061277732567e-05
22464,1.2499106818882815e-05
22465,1.983676114667277e-05
22466,3.197007371508808e-06
22467,2.5098335131120705e-06
22468,4.754748103679141e-06
22469,3.309667459598288e-05
22470,3.309667459598288e-05
22471,4.5239581134348215e-05
22472,1.7134542985444647e-06
22473,1.2085578189964074e-05
22474,6.187527430052336e-06
22475,7.226360711145934e-06
22476,6.187527430052336e-06
22477,2.889334277513483e-05
22478,1.1187858695687232e-05
22479,1.1668668853090769e-05
22480,2.1315773354175737e-05
22481,3.677236689887333e-05
22482,1.8024136615215226e-05
22483,9.883460640919919e-06
22484,1.5597427615731944e-05
22485,6.466167127861589e-06
22486,1.9977029603934174e-05
22487,4.754748103679141e-06
22488,3.2445422920513604e-05
22489,1.9766402380370655e-05
22490,1.2508986890623746e-06
22491,1.1187858695687232e-05
22492,4.791395248311862e-07
22493,1.1836670161158395e-05
22494,9.753306518785305e-06
22495,1.1187858695687232e-05
22496,1.1050065501815846e-05
22497,8.58487116859954e-07
22498,2.1744228134562504e-06
22499,1.7420389153252973e-05
22500,1.2502128903267543e-05
22501,1.5956653060549118e-05
22502,1.6677852347121068e-05
22503,2.1145056985208625e-06
22504,1.128061277732567e-05
22505,9.883460640919919e-06
22506,1.5217656917777877e-05
22507,9.883460640919919e-06
22508,4.081953044758512e-06
22509,4.081953044758512e-06
22510,7.208438929474784e-05
22511,5.650032327877163e-05
22512,3.2955201245182164e-07
22513,1.2499106818882815e-05
22514,2.8405054735719575e-05
22515,7.548761950666645e-06
22516,1.5871722075776183e-05
22517,3.727382220091563e-06
22518,5.977473636206564e-06
22519,1.2752228797459337e-05
22520,2.324106206228486e-05
22521,2.0549076217869553e-05
22522,1.634994038941602e-05
22523,2.472446640117757e-05
22524,2.0231258384286043e-05
22525,2.0549076217869553e-05
22526,2.0549076217869553e-05
22527,2.0549076217869553e-05
22528,1.2499106818882815e-05
22529,3.1640275916112384e-06
22530,5.574238617669124e-06
22531,1.8581267500807902e-05
22532,7.65439688810413e-06
22533,6.03146442030491e-06
22534,1.3656663751615575e-05
22535,3.457546241666303e-06
22536,3.727382220091563e-06
22537,1.0341492697675664e-05
22538,9.622365479210942e-06
22539,3.018585514062808e-06
22540,5.574238617669124e-06
22541,1.658495497062072e-05
22542,1.950897543364397e-05
22543,1.3492983640704942e-05
22544,1.711751513265184e-05
22545,2.39372234713232e-05
22546,1.4485552592580338e-05
22547,1.421281423862003e-05
22548,9.31931911509037e-06
22549,4.373458287193397e-07
22550,1.761624999644886e-05
22551,4.373458287193397e-07
22552,1.711751513265184e-05
22553,3.8500279974518986e-05
22554,4.373458287193397e-07
22555,4.373458287193397e-07
22556,4.373458287193397e-07
22557,5.731971009762322e-06
22558,4.373458287193397e-07
22559,5.70358319203106e-06
22560,4.373458287193397e-07
22561,4.373458287193397e-07
22562,7.1723054326571935e-06
22563,4.373458287193397e-07
22564,9.640825058192401e-06
22565,6.465668253638205e-05
22566,3.080654430191315e-05
22567,2.0231258384286043e-05
22568,1.1106870906897075e-05
22569,1.1106870906897075e-05
22570,9.273329360391642e-06
22571,8.79219889454674e-06
22572,2.4847258471121938e-05
22573,5.167543924003077e-06
22574,2.8638297407765024e-05
22575,8.851037022999384e-06
22576,4.1664758471386595e-05
22577,3.550170591009911e-05
22578,1.1668668853090769e-05
22579,4.7641157993465865e-06
22580,1.369814157940644e-05
22581,1.8538364677761307e-05
22582,2.3895855388216243e-07
22583,1.1914014720877016e-06
22584,1.6237943084021504e-05
22585,3.367122987356735e-06
22586,3.309667459598288e-05
22587,4.978443366366452e-08
22588,1.781892793346095e-05
22589,1.0419316881349636e-05
22590,1.5845526237844237e-06
22591,2.913594373915911e-05
22592,2.4969216056117815e-05
22593,3.543302466457338e-05
22594,5.900895157352535e-06
22595,4.4036206406467516e-05
22596,2.0940793139358538e-05
22597,2.1775458263659188e-05
22598,9.903911426043947e-06
22599,9.640825058192401e-06
22600,5.283445353931248e-05
22601,3.3024904747861657e-06
22602,2.814480122753761e-06
22603,9.16577641018437e-06
22604,5.259343197053732e-05
22605,8.710795972996155e-06
22606,1.2727432446450108e-06
22607,7.89755808065313e-06
22608,5.806609816803655e-08
22609,4.8062581530261184e-06
22610,4.8062581530261184e-06
22611,4.8062581530261184e-06
22612,3.117412707452444e-05
22613,2.785041548221168e-05
22614,8.623907287242201e-08
22615,8.082116190987641e-06
22616,2.6476505717714672e-05
22617,5.167543924003077e-06
22618,2.785041548221168e-05
22619,1.1152414258539597e-05
22620,1.6685613070036195e-05
22621,4.983428830864382e-06
22622,6.533037179739474e-06
22623,2.6366617112429715e-05
22624,5.791375776054895e-06
22625,1.0419316881349636e-05
22626,3.2309268194194954e-06
22627,1.8538364677761307e-05
22628,2.9034061139129465e-05
22629,2.8330605426768785e-05
22630,1.6685613070036195e-05
22631,8.35396901245353e-06
22632,8.35396901245353e-06
22633,1.8667014493856614e-06
22634,1.8024136615215226e-05
22635,3.926828147199314e-05
22636,9.318008668577259e-06
22637,8.518218154287182e-06
22638,1.0273732253466651e-05
22639,9.318008668577259e-06
22640,2.544141093801404e-06
22641,9.983179633554033e-06
22642,5.469079616141989e-07
22643,6.9763925007491356e-06
22644,4.373458287193397e-07
22645,9.318008668577259e-06
22646,1.8581267500807902e-05
22647,2.5341379931947438e-05
22648,2.1270812997672494e-05
22649,4.995117563042747e-06
22650,1.166205935181289e-05
22651,2.212503139575054e-05
22652,1.0377534339301461e-05
22653,2.0231258384286043e-05
22654,2.39372234713232e-05
22655,5.041161198923008e-07
22656,6.414855309276112e-05
22657,5.838841517643679e-05
22658,1.2859160646836952e-05
22659,2.124438723017059e-06
22660,6.03146442030491e-06
22661,3.309667459598288e-05
22662,5.46746317790583e-06
22663,5.606493715984668e-06
22664,2.646034348832988e-05
22665,3.2445422920513604e-05
22666,1.66801693039325e-05
22667,4.995117563042747e-06
22668,1.3656663751615575e-05
22669,0.0001278703710073658
22670,5.167543924003077e-06
22671,1.1279196673341013e-05
22672,1.658495497062072e-05
22673,1.1533265666156953e-05
22674,1.6549725166295783e-05
22675,6.807153939081614e-06
22676,1.8500756511093587e-06
22677,3.2446151946335693e-06
22678,1.1668668853090769e-05
22679,6.604102156649155e-06
22680,2.0231258384286043e-05
22681,1.9926991067475782e-05
22682,2.4161510452917902e-05
22683,2.5345955738682367e-05
22684,5.819100281622349e-06
22685,1.0948484236713208e-05
22686,6.115777068064974e-06
22687,1.0857419387940288e-05
22688,2.4662631681292474e-05
22689,9.594154120435579e-06
22690,1.1152414258539597e-05
22691,1.1152414258539597e-05
22692,4.724160366378323e-05
22693,9.983179633554033e-06
22694,2.5341379931947438e-05
22695,6.7349596039378535e-06
22696,3.3024904747861657e-06
22697,5.816598059669366e-05
22698,4.015419028639798e-06
22699,2.5341379931947438e-05
22700,3.2066451653224546e-06
22701,3.223478423162025e-06
22702,5.606493715984668e-06
22703,1.6423973446450074e-05
22704,6.830633588881178e-06
22705,3.3024904747861657e-06
22706,7.383412113819585e-06
22707,3.5461693726315654e-06
22708,7.009694715600637e-06
22709,5.9117501360328634e-06
22710,6.830633588881178e-06
22711,1.2857782005483696e-05
22712,1.8805946600225752e-05
22713,1.8805946600225752e-05
22714,3.2583785784517278e-06
22715,7.548761950666645e-06
22716,1.5217656917777877e-05
22717,9.883460640919919e-06
22718,9.318008668577259e-06
22719,2.1744228134562504e-06
22720,4.646086757607567e-06
22721,1.2499106818882815e-05
22722,2.767691883844998e-05
22723,7.183965645408706e-06
22724,1.1050065501815846e-05
22725,1.1187858695687232e-05
22726,3.9952499716161666e-05
22727,3.3024904747861657e-06
22728,1.983676114667277e-05
22729,2.1744228134562504e-06
22730,1.1050065501815846e-05
22731,1.8024136615215226e-05
22732,9.263726349490309e-06
22733,1.6709694019828036e-05
22734,7.04087630940213e-06
22735,1.6549725166295783e-05
22736,5.094381667434789e-06
22737,3.926828147199314e-05
22738,3.665425943419378e-06
22739,6.632624483857994e-06
22740,1.6723997866334754e-05
22741,3.857321283308478e-05
22742,4.344563232312016e-06
22743,2.1744228134562504e-06
22744,2.9176550873754822e-05
22745,5.452841410388866e-05
22746,9.318008668577259e-06
22747,2.7149084543122447e-06
22748,6.830633588881178e-06
22749,2.5826453593806244e-06
22750,1.5597427615731944e-05
22751,7.135582024188823e-06
22752,2.57891896342811e-07
22753,3.926828147199314e-05
22754,1.0274166338583712e-05
22755,2.1258019776055202e-05
22756,5.020948492982558e-06
22757,3.54898591020141e-06
22758,3.964840884583894e-06
22759,1.0273732253466651e-05
22760,3.2446151946335693e-06
22761,4.995117563042747e-06
22762,1.879252324684123e-05
22763,2.7471378098867538e-05
22764,2.257859274798186e-05
22765,1.9496757374554444e-05
22766,2.3074341812228413e-05
22767,6.830633588881178e-06
22768,1.847106690969064e-05
22769,4.344563232312016e-06
22770,4.367661292888029e-05
22771,1.9496757374554444e-05
22772,3.550170591009911e-05
22773,8.865359047952257e-06
22774,1.6709694019828036e-05
22775,3.926828147199314e-05
22776,1.4485552592580338e-05
22777,6.3391743123908195e-06
22778,3.7259482505932196e-06
22779,1.8581267500807902e-05
22780,9.823787234911673e-06
22781,1.1997764685598476e-05
22782,4.073404508289898e-05
22783,7.293191880507838e-06
22784,2.8557869200918555e-06
22785,4.983428830864382e-06
22786,1.658495497062072e-05
22787,2.5457024326321722e-05
22788,3.725470982709496e-05
22789,1.1657463000347894e-05
22790,1.1106870906897075e-05
22791,1.0419316881349636e-05
22792,2.39372234713232e-05
22793,7.485926624902738e-06
22794,8.978624486566424e-06
22795,2.3079566049958632e-05
22796,6.298313123210959e-06
22797,4.7241996892734835e-05
22798,2.1744228134562504e-06
22799,1.5070411850590818e-05
22800,5.791375776054895e-06
22801,4.501681397755068e-05
22802,1.128061277732567e-05
22803,2.109082801885499e-06
22804,3.6854845048586053e-06
22805,1.2859160646836952e-05
22806,7.698525158811343e-06
22807,2.324106206228486e-05
22808,3.579259214609329e-05
22809,3.579259214609329e-05
22810,1.5597427615731944e-05
22811,3.0209227285017713e-06
22812,4.24749266373156e-05
22813,8.710795972996155e-06
22814,1.2451007501704985e-05
22815,1.6956583952362405e-05
22816,2.1840855152547472e-05
22817,7.698525158811343e-06
22818,7.016287745516977e-06
22819,1.1695172375991367e-05
22820,6.251711857167964e-05
22821,1.0857419387940288e-05
22822,4.398077317176066e-06
22823,5.0737689248564675e-05
22824,1.5217656917777877e-05
22825,2.0278891203424817e-05
22826,2.1744228134562504e-06
22827,5.094381667434789e-06
22828,1.8460090098661703e-06
22829,3.57234908280529e-06
22830,5.791375776054895e-06
22831,1.8805946600225752e-05
22832,4.422755112420875e-05
22833,5.091289712987803e-05
22834,3.926828147199314e-05
22835,2.171238991836809e-05
22836,2.171238991836809e-05
22837,7.293191880507838e-06
22838,2.1145056985208625e-06
22839,2.544141093801404e-06
22840,4.223512266542004e-05
22841,3.080654430191315e-05
22842,7.293191880507838e-06
22843,5.167543924003077e-06
22844,3.6384885364149834e-06
22845,2.324106206228486e-05
22846,7.65439688810413e-06
22847,1.6723997866334754e-05
22848,8.865359047952257e-06
22849,3.080654430191315e-05
22850,1.1500596125946778e-05
22851,9.903911426043947e-06
22852,7.063549449832523e-07
22853,8.881973286371031e-06
22854,8.58487116859954e-07
22855,8.58487116859954e-07
22856,5.574238617669124e-06
22857,7.347760832167804e-07
22858,1.3160600112368369e-06
22859,1.856422452315568e-05
22860,3.54898591020141e-06
22861,4.0063190858350506e-05
22862,1.658495497062072e-05
22863,4.433994353239081e-06
22864,2.1744228134562504e-06
22865,1.983676114667277e-05
22866,7.329428962093246e-06
22867,2.2947483515876103e-05
22868,6.95709462097379e-06
22869,8.779840414085029e-06
22870,2.171238991836809e-05
22871,5.469079616141989e-07
22872,6.466167127861589e-06
22873,3.2445422920513604e-05
22874,9.753306518785305e-06
22875,1.9496757374554444e-05
22876,1.128061277732567e-05
22877,4.223512266542004e-05
22878,1.5845526237844237e-06
22879,1.6723997866334754e-05
22880,3.908744089563086e-05
22881,1.9496757374554444e-05
22882,2.124438723017059e-06
22883,2.5098335131120705e-06
22884,1.2504365465339304e-05
22885,2.3079566049958632e-05
22886,1.303793434679659e-05
22887,3.2955201245182164e-07
22888,1.6471837375168771e-06
22889,8.851037022999384e-06
22890,2.5341379931947438e-05
22891,4.05465770021123e-05
22892,3.543302466457338e-05
22893,1.8942998186870606e-06
22894,3.579259214609329e-05
22895,1.9496757374554444e-05
22896,2.1744228134562504e-06
22897,1.9496757374554444e-05
22898,2.0231258384286043e-05
22899,5.7415925820763674e-06
22900,1.56237812375348e-05
22901,1.5070411850590818e-05
22902,1.6723997866334754e-05
22903,8.39986277126304e-06
22904,1.2752228797459337e-05
22905,3.550170591009911e-05
22906,3.2445422920513604e-05
22907,2.5457024326321722e-05
22908,9.16577641018437e-06
22909,6.604102156649155e-06
22910,4.146945752964598e-06
22911,2.521063422932488e-05
22912,2.212503139575054e-05
22913,1.1050065501815846e-05
22914,1.0857419387940288e-05
22915,7.499015165752427e-06
22916,1.1050065501815846e-05
22917,1.1050065501815846e-05
22918,5.094381667434789e-06
22919,5.606493715984668e-06
22920,1.5217656917777877e-05
22921,1.56237812375348e-05
22922,2.385536642401955e-06
22923,9.360161008768145e-06
22924,8.137564451293906e-06
22925,1.9496757374554444e-05
22926,4.681375912419083e-07
22927,1.3409376265318766e-05
22928,1.2502128903267543e-05
22929,2.9601145800016066e-05
22930,3.6384885364149834e-06
22931,1.6549725166295783e-05
22932,3.54898591020141e-06
22933,7.04087630940213e-06
22934,9.883460640919919e-06
22935,3.665425943419378e-06
22936,1.60280005887528e-06
22937,1.8538364677761307e-05
22938,1.2105987869083227e-05
22939,3.87049507913686e-06
22940,2.2128966854534174e-05
22941,1.9496757374554444e-05
22942,1.3586349014596337e-05
22943,1.9496757374554444e-05
22944,6.8012151300323124e-06
22945,1.9496757374554444e-05
22946,6.3391743123908195e-06
22947,7.449902406129431e-06
22948,5.606493715984668e-06
22949,4.344563232312016e-06
22950,1.1988169966819532e-05
22951,7.1063867990134775e-06
22952,2.6232464898206492e-05
22953,2.1744228134562504e-06
22954,1.0274166338583712e-05
22955,3.3391968294401246e-06
22956,4.153317033040402e-05
22957,2.6232464898206492e-05
22958,2.6232464898206492e-05
22959,1.0273732253466651e-05
22960,5.874221594061904e-06
22961,3.3334057599760894e-06
22962,2.6021019309663816e-05
22963,1.1836670161158395e-05
22964,1.1050065501815846e-05
22965,4.523924166880886e-05
22966,1.8024136615215226e-05
22967,9.318008668577259e-06
22968,6.03146442030491e-06
22969,4.687336814084638e-06
22970,1.6452166147152925e-05
22971,7.795624630076884e-06
22972,9.622365479210942e-06
22973,1.9496757374554444e-05
22974,1.6685613070036195e-05
22975,1.0169209452128884e-05
22976,4.983428830864382e-06
22977,2.8901860951131063e-05
22978,1.8805946600225752e-05
22979,2.937697768917831e-05
22980,3.2445422920513604e-05
22981,1.3586349014596337e-05
22982,1.1050065501815846e-05
22983,1.1050065501815846e-05
22984,1.1050065501815846e-05
22985,1.1050065501815846e-05
22986,1.1050065501815846e-05
22987,1.1050065501815846e-05
22988,8.278891074482927e-06
22989,5.167543924003077e-06
22990,1.1152414258539597e-05
22991,8.391742765427496e-05
22992,5.606493715984668e-06
22993,4.344563232312016e-06
22994,1.1050065501815846e-05
22995,1.1050065501815846e-05
22996,1.1050065501815846e-05
22997,1.1050065501815846e-05
22998,1.1050065501815846e-05
22999,9.515108067451576e-06
23000,1.1050065501815846e-05
23001,1.4766128901904267e-05
23002,1.6452166147152925e-05
23003,8.244613255882126e-06
23004,1.6452166147152925e-05
23005,1.2668639946208822e-05
23006,3.550170591009911e-05
23007,2.767691883844998e-05
23008,2.9809537974636077e-06
23009,4.758563856264241e-06
23010,1.1050065501815846e-05
23011,7.86375023253337e-06
23012,5.606493715984668e-06
23013,1.5217656917777877e-05
23014,3.3768103584713837e-06
23015,7.1063867990134775e-06
23016,2.6162659916893125e-05
23017,5.255304396475011e-07
23018,3.806293414579964e-05
23019,2.3345305242447896e-05
23020,2.0940793139358538e-05
23021,1.1152414258539597e-05
23022,1.2451007501704985e-05
23023,1.1043749811606328e-05
23024,4.7674004713794945e-06
23025,4.344563232312016e-06
23026,4.5642877980907465e-06
23027,2.8638297407765024e-05
23028,5.167543924003077e-06
23029,2.569745318314875e-05
23030,3.252859130671301e-06
23031,1.0976766595274669e-05
23032,0.0003794282963164897
23033,1.1106870906897075e-05
23034,3.3334057599760894e-06
23035,7.682893847554348e-06
23036,9.60912332559176e-06
23037,4.724470445299459e-05
23038,1.9496757374554444e-05
23039,6.95709462097379e-06
23040,1.1050065501815846e-05
23041,2.6366617112429715e-05
23042,1.0416189543517678e-05
23043,1.9766402380370655e-05
23044,8.18763536864292e-06
23045,3.550170591009911e-05
23046,2.1139176639676687e-06
23047,1.558754148563252e-05
23048,2.39372234713232e-05
23049,1.1082169805885136e-05
23050,1.3409376265318766e-05
23051,2.8369282808913568e-05
23052,1.8581267500807902e-05
23053,1.5623712047274186e-05
23054,3.282764833101372e-05
23055,1.6452166147152925e-05
23056,6.182917342235427e-06
23057,1.1439436660058208e-05
23058,1.9496757374554444e-05
23059,5.574238617669124e-06
23060,5.874221594061904e-06
23061,1.1050065501815846e-05
23062,2.6232464898206492e-05
23063,1.950897543364397e-05
23064,1.9741808625626653e-05
23065,8.865359047952257e-06
23066,1.128061277732567e-05
23067,1.9496757374554444e-05
23068,1.5217656917777877e-05
23069,1.09231490319743e-05
23070,1.983676114667277e-05
23071,4.176001701172557e-06
23072,1.8942998186870606e-06
23073,6.3391743123908195e-06
23074,1.869189289539164e-05
23075,1.7207844604559312e-05
23076,3.727382220091563e-06
23077,1.3055359205308169e-05
23078,1.0416189543517678e-05
23079,2.42372724272078e-05
23080,1.658495497062072e-05
23081,1.3510339642496386e-05
23082,4.8948281830987534e-06
23083,6.234937843055909e-06
23084,5.67338538194055e-06
23085,2.0625940581475604e-05
23086,8.28663599998875e-06
23087,6.7349596039378535e-06
23088,4.398077317176066e-06
23089,7.89755808065313e-06
23090,3.2445422920513604e-05
23091,5.167543924003077e-06
23092,1.8742322754121295e-05
23093,7.226360711145934e-06
23094,1.1152414258539597e-05
23095,2.7658825425845985e-06
23096,7.226360711145934e-06
23097,4.035362184388446e-06
23098,4.496221929152011e-06
23099,2.1744228134562504e-06
23100,2.487162047429799e-06
23101,1.0679981774516916e-05
23102,2.767691883844998e-05
23103,6.426076672132803e-06
23104,1.320298452626375e-05
23105,8.069640355834237e-07
23106,4.811788670371425e-06
23107,4.344563232312016e-06
23108,4.754748103679141e-06
23109,1.6429734227268555e-05
23110,5.791375776054895e-06
23111,5.67338538194055e-06
23112,3.335030422039053e-05
23113,1.983676114667277e-05
23114,7.548761950666645e-06
23115,4.6219765808189485e-05
23116,4.064691749115123e-05
23117,1.0679981774516916e-05
23118,1.763317027055864e-05
23119,9.318008668577259e-06
23120,1.0438274842770595e-05
23121,2.6481364565124606e-05
23122,1.529962178010783e-05
23123,2.767691883844998e-05
23124,6.95709462097379e-06
23125,1.6452166147152925e-05
23126,2.544141093801404e-06
23127,3.646874802707865e-06
23128,9.16577641018437e-06
23129,7.009694715600637e-06
23130,5.469079616141989e-07
23131,9.318008668577259e-06
23132,5.799588233115551e-06
23133,2.0549076217869553e-05
23134,1.56237812375348e-05
23135,1.8024136615215226e-05
23136,5.574238617669124e-06
23137,1.5822479104540874e-06
23138,1.1050065501815846e-05
23139,5.574238617669124e-06
23140,2.909505322968119e-05
23141,3.621168489997203e-05
23142,1.8500756511093587e-06
23143,9.16577641018437e-06
23144,6.03146442030491e-06
23145,2.7911491191413743e-06
23146,1.0273732253466651e-05
23147,6.115777068064974e-06
23148,3.6954725355878477e-06
23149,4.754748103679141e-06
23150,7.89755808065313e-06
23151,1.9496757374554444e-05
23152,1.9496757374554444e-05
23153,1.9496757374554444e-05
23154,1.269579185315684e-05
23155,1.166205935181289e-05
23156,2.8405054735719575e-05
23157,2.544141093801404e-06
23158,4.68476637197657e-06
23159,1.2859160646836952e-05
23160,2.1744228134562504e-06
23161,5.020948492982558e-06
23162,1.1152414258539597e-05
23163,1.5217656917777877e-05
23164,3.677236689887333e-05
23165,1.6471837375168771e-06
23166,1.1106870906897075e-05
23167,4.020771410333341e-05
23168,1.763317027055864e-05
23169,2.76321957772788e-05
23170,1.6685613070036195e-05
23171,1.1050065501815846e-05
23172,2.767691883844998e-05
23173,5.874221594061904e-06
23174,1.166205935181289e-05
23175,1.0341492697675664e-05
23176,2.6232464898206492e-05
23177,2.1209105388294835e-06
23178,2.879281384623148e-06
23179,2.257859274798186e-05
23180,1.6723997866334754e-05
23181,3.57234908280529e-06
23182,6.533037179739474e-06
23183,3.3024904747861657e-06
23184,2.171238991836809e-05
23185,1.3409376265318766e-05
23186,2.0435122645013686e-05
23187,1.0274166338583712e-05
23188,8.58487116859954e-07
23189,1.6709694019828036e-05
23190,6.187527430052336e-06
23191,9.515108067451576e-06
23192,2.544141093801404e-06
23193,9.318008668577259e-06
23194,5.733999244647437e-06
23195,1.1050065501815846e-05
23196,1.5217656917777877e-05
23197,1.0313207022366888e-05
23198,2.1889635175949354e-05
23199,4.687336814084638e-06
23200,3.78235516341809e-08
23201,1.60280005887528e-06
23202,1.6723997866334754e-05
23203,5.489708419760574e-06
23204,1.9736044484785815e-05
23205,7.1469930078055945e-06
23206,1.1050065501815846e-05
23207,1.6685613070036195e-05
23208,9.16577641018437e-06
23209,1.6723997866334754e-05
23210,2.3147390505172322e-06
23211,1.2502128903267543e-05
23212,1.2451007501704985e-05
23213,1.9496757374554444e-05
23214,9.273329360391642e-06
23215,2.8395207876146745e-05
23216,1.3409376265318766e-05
23217,3.080654430191315e-05
23218,2.85052377531863e-06
23219,2.3895855388216243e-07
23220,1.8942998186870606e-06
23221,1.658495497062072e-05
23222,1.6627177907637575e-06
23223,1.5217656917777877e-05
23224,1.6685613070036195e-05
23225,6.115777068064974e-06
23226,7.188924999730042e-06
23227,1.9766402380370655e-05
23228,2.3147390505172322e-06
23229,9.983179633554033e-06
23230,4.995117563042747e-06
23231,8.981221596183088e-06
23232,9.983179633554033e-06
23233,9.883460640919919e-06
23234,1.774960608182375e-05
23235,1.1439436660058208e-05
23236,2.010100747649224e-05
23237,5.799588233115551e-06
23238,1.380055832553823e-05
23239,6.234937843055909e-06
23240,8.9249223248821e-05
23241,3.964840884583894e-06
23242,4.403503509205738e-05
23243,7.293191880507838e-06
23244,3.539311530167583e-06
23245,2.8369282808913568e-05
23246,2.71479320628268e-05
23247,1.6321563674865662e-06
23248,8.58487116859954e-07
23249,1.1234078322616408e-05
23250,4.966210136356972e-07
23251,9.263726349490309e-06
23252,1.0681705545095309e-05
23253,2.39372234713232e-05
23254,2.39372234713232e-05
23255,9.812026410217846e-06
23256,6.36752979097114e-06
23257,1.56237812375348e-05
23258,2.1744228134562504e-06
23259,1.1106870906897075e-05
23260,4.05465770021123e-05
23261,3.3334057599760894e-06
23262,4.7641157993465865e-06
23263,1.8024136615215226e-05
23264,2.42727598170014e-05
23265,6.784292077741517e-06
23266,2.3895855388216243e-07
23267,3.309667459598288e-05
23268,9.823787234911673e-06
23269,9.622365479210942e-06
23270,1.9496757374554444e-05
23271,9.263726349490309e-06
23272,2.7945826922988977e-05
23273,2.3895855388216243e-07
23274,6.3391743123908195e-06
23275,3.550170591009911e-05
23276,2.3079566049958632e-05
23277,2.0486984761868594e-05
23278,3.148567531816698e-05
23279,1.2547158450459412e-05
23280,3.314909607234417e-05
23281,2.9080112938809464e-05
23282,1.2547158450459412e-05
23283,9.318008668577259e-06
23284,6.370020730301737e-06
23285,5.094381667434789e-06
23286,1.0013235032832359e-05
23287,1.6723997866334754e-05
23288,2.124438723017059e-06
23289,1.2859160646836952e-05
23290,1.2547158450459412e-05
23291,8.052247417538126e-06
23292,1.2547158450459412e-05
23293,3.857321283308478e-05
23294,6.193499748701765e-06
23295,1.8936221026801777e-06
23296,1.2547158450459412e-05
23297,1.4947297656023093e-05
23298,1.1439436660058208e-05
23299,9.273329360391642e-06
23300,1.1925938141676377e-05
23301,2.814480122753761e-06
23302,2.284664733086966e-05
23303,9.318008668577259e-06
23304,4.8948281830987534e-06
23305,2.913594373915911e-05
23306,9.217523853793011e-05
23307,4.015419028639798e-06
23308,2.5457024326321722e-05
23309,3.309667459598288e-05
23310,5.7676195169634285e-06
23311,3.223478423162025e-06
23312,7.206440890938093e-07
23313,5.900895157352535e-06
23314,2.457781792654602e-05
23315,1.6452166147152925e-05
23316,0.00014717438115202734
23317,1.7207844604559312e-05
23318,1.0681705545095309e-05
23319,3.153507304176962e-05
23320,2.171238991836809e-05
23321,5.606493715984668e-06
23322,9.273329360391642e-06
23323,2.569745318314875e-05
23324,3.2446151946335693e-06
23325,5.574238617669124e-06
23326,3.579259214609329e-05
23327,3.309667459598288e-05
23328,3.3334057599760894e-06
23329,2.1986485054408253e-05
23330,7.1469930078055945e-06
23331,1.1050065501815846e-05
23332,1.1050065501815846e-05
23333,1.1050065501815846e-05
23334,1.1050065501815846e-05
23335,1.1050065501815846e-05
23336,1.1050065501815846e-05
23337,1.357636909726148e-06
23338,5.46746317790583e-06
23339,2.6232464898206492e-05
23340,9.823787234911673e-06
23341,8.865359047952257e-06
23342,5.733999244647437e-06
23343,2.6232464898206492e-05
23344,4.7641157993465865e-06
23345,8.865359047952257e-06
23346,2.1744228134562504e-06
23347,4.9716831410061e-07
23348,9.983179633554033e-06
23349,2.3895855388216243e-07
23350,6.533037179739474e-06
23351,1.1050065501815846e-05
23352,1.0976766595274669e-05
23353,0.0001396412929726346
23354,3.665425943419378e-06
23355,1.5098952700595522e-05
23356,8.981221596183088e-06
23357,1.718549719764586e-05
23358,1.9496757374554444e-05
23359,4.8062581530261184e-06
23360,2.0389030618798876e-05
23361,6.3391743123908195e-06
23362,3.2445422920513604e-05
23363,6.533037179739474e-06
23364,1.6471837375168771e-06
23365,3.2445422920513604e-05
23366,4.361463544814087e-07
23367,0.00010971259715886229
23368,2.6232464898206492e-05
23369,1.5597427615731944e-05
23370,9.736558757118512e-06
23371,1.2013322342028058e-05
23372,1.8538364677761307e-05
23373,2.212503139575054e-05
23374,3.489693626393209e-06
23375,1.0377534339301461e-05
23376,3.768473684913745e-05
23377,7.86375023253337e-06
23378,4.7641157993465865e-06
23379,2.6232464898206492e-05
23380,1.166205935181289e-05
23381,1.0169209452128884e-05
23382,1.6452166147152925e-05
23383,1.574549709052637e-05
23384,1.6864663544313804e-05
23385,1.5110544139588908e-05
23386,1.0377534339301461e-05
23387,3.550170591009911e-05
23388,5.799588233115551e-06
23389,6.328344014678506e-05
23390,6.249110241859464e-06
23391,7.89755808065313e-06
23392,7.206440890938093e-07
23393,2.5457024326321722e-05
23394,1.1050065501815846e-05
23395,5.167543924003077e-06
23396,2.6232464898206492e-05
23397,2.9414532597051834e-06
23398,1.4571977729669638e-05
23399,3.2446151946335693e-06
23400,3.983642943965688e-05
23401,3.2445422920513604e-05
23402,2.785041548221168e-05
23403,3.543302466457338e-05
23404,1.4406269508056996e-06
23405,3.0081315797177856e-05
23406,3.6854845048586053e-06
23407,8.865359047952257e-06
23408,3.196557135987845e-05
23409,2.7437021691651447e-05
23410,8.518218154287182e-06
23411,5.917116457175449e-06
23412,1.1836670161158395e-05
23413,1.9496757374554444e-05
23414,1.56237812375348e-05
23415,2.569745318314875e-05
23416,3.727382220091563e-06
23417,9.983179633554033e-06
23418,2.473186442646307e-05
23419,3.620035362930554e-05
23420,6.807153939081614e-06
23421,1.2859160646836952e-05
23422,9.360161008768145e-06
23423,1.9496757374554444e-05
23424,6.0812585611422054e-06
23425,1.3160600112368369e-06
23426,3.2446151946335693e-06
23427,1.9496757374554444e-05
23428,2.1139176639676687e-06
23429,5.167543924003077e-06
23430,1.9496757374554444e-05
23431,1.9496757374554444e-05
23432,6.3683980414447845e-06
23433,9.903911426043947e-06
23434,3.5606009976195343e-05
23435,7.325903801898597e-06
23436,1.9496757374554444e-05
23437,1.8974895579305917e-05
23438,1.9496757374554444e-05
23439,1.9496757374554444e-05
23440,7.124176368197579e-06
23441,9.903911426043947e-06
23442,9.903911426043947e-06
23443,9.903911426043947e-06
23444,1.9496757374554444e-05
23445,9.903911426043947e-06
23446,9.903911426043947e-06
23447,5.469079616141989e-07
23448,9.903911426043947e-06
23449,3.5517004061818853e-06
23450,1.357636909726148e-06
23451,1.9496757374554444e-05
23452,1.9496757374554444e-05
23453,8.244613255882126e-06
23454,1.9496757374554444e-05
23455,1.8581267500807902e-05
23456,1.9496757374554444e-05
23457,7.65439688810413e-06
23458,1.9496757374554444e-05
23459,1.9496757374554444e-05
23460,5.167543924003077e-06
23461,1.9496757374554444e-05
23462,2.2452821402933614e-05
23463,1.2451007501704985e-05
23464,8.18763536864292e-06
23465,2.5515775695340235e-05
23466,1.9496757374554444e-05
23467,5.1953872057252035e-05
23468,2.1889635175949354e-05
23469,4.085985549326954e-06
23470,1.9496757374554444e-05
23471,1.9496757374554444e-05
23472,1.3510590132177008e-06
23473,1.1644992356732589e-05
23474,1.1836670161158395e-05
23475,1.0681705545095309e-05
23476,9.263726349490309e-06
23477,9.903911426043947e-06
23478,1.0857419387940288e-05
23479,1.536507465114561e-05
23480,1.3629474847298844e-05
23481,7.40671656562082e-06
23482,5.574238617669124e-06
23483,1.1050065501815846e-05
23484,2.6366617112429715e-05
23485,7.329428962093246e-06
23486,6.249110241859464e-06
23487,4.223512266542004e-05
23488,1.4571977729669638e-05
23489,1.2859160646836952e-05
23490,1.1644992356732589e-05
23491,1.1644992356732589e-05
23492,1.1050065501815846e-05
23493,1.4172187499054727e-05
23494,9.983179633554033e-06
23495,7.206440890938093e-07
23496,7.206440890938093e-07
23497,5.855222805569599e-06
23498,4.687336814084638e-06
23499,1.8024136615215226e-05
23500,1.1836670161158395e-05
23501,1.1836670161158395e-05
23502,6.115777068064974e-06
23503,1.0419316881349636e-05
23504,1.3409376265318766e-05
23505,6.426076672132803e-06
23506,2.0549076217869553e-05
23507,1.6778098339098316e-05
23508,3.550170591009911e-05
23509,1.8770360006461513e-05
23510,9.74986566672189e-06
23511,5.041513132087595e-06
23512,2.1744228134562504e-06
23513,0.00012053127122176366
23514,2.0606425709841903e-06
23515,4.545762176800581e-06
23516,1.1988169966819532e-05
23517,1.0341492697675664e-05
23518,5.041287705591735e-05
23519,1.9496757374554444e-05
23520,1.0679981774516916e-05
23521,2.171238991836809e-05
23522,4.200484154866769e-06
23523,5.806609816803655e-08
23524,5.094381667434789e-06
23525,2.3079566049958632e-05
23526,2.324106206228486e-05
23527,4.8062581530261184e-06
23528,1.1050065501815846e-05
23529,1.1050065501815846e-05
23530,1.1050065501815846e-05
23531,1.1050065501815846e-05
23532,1.1050065501815846e-05
23533,1.3409376265318766e-05
23534,1.1050065501815846e-05
23535,3.3334057599760894e-06
23536,9.263726349490309e-06
23537,1.9756906355571455e-05
23538,1.8805946600225752e-05
23539,2.6232464898206492e-05
23540,5.7676195169634285e-06
23541,3.550170591009911e-05
23542,1.1152414258539597e-05
23543,1.0991002387294113e-05
23544,2.1744228134562504e-06
23545,1.8805946600225752e-05
23546,2.1536493046116235e-05
23547,2.1744228134562504e-06
23548,2.472446640117757e-05
23549,3.474044572204214e-06
23550,8.981221596183088e-06
23551,3.2445422920513604e-05
23552,1.9496757374554444e-05
23553,5.819100281622349e-06
23554,9.844233795786024e-06
23555,2.622578002881312e-05
23556,2.2942765807910614e-05
23557,1.2499106818882815e-05
23558,2.7658723820441188e-05
23559,5.119913791204008e-06
23560,2.257859274798186e-05
23561,3.156793480187798e-06
23562,8.796889388487303e-07
23563,2.472446640117757e-05
23564,6.0517276086091855e-06
23565,1.0679981774516916e-05
23566,9.273329360391642e-06
23567,3.983642943965688e-05
23568,1.0438274842770595e-05
23569,1.0169209452128884e-05
23570,1.4381256950730099e-05
23571,8.710795972996155e-06
23572,3.5606009976195343e-05
23573,1.1187858695687232e-05
23574,8.137564451293906e-06
23575,2.4847258471121938e-05
23576,7.04087630940213e-06
23577,8.881973286371031e-06
23578,4.665632634194996e-06
23579,3.0230608072655268e-05
23580,3.646874802707865e-06
23581,1.0341492697675664e-05
23582,7.829478848751833e-06
23583,9.983179633554033e-06
23584,2.6232464898206492e-05
23585,6.784292077741517e-06
23586,4.6817043422659785e-05
23587,2.324106206228486e-05
23588,8.491704704360493e-06
23589,1.0679981774516916e-05
23590,7.1063867990134775e-06
23591,2.212503139575054e-05
23592,7.226360711145934e-06
23593,2.0685402752793694e-05
23594,7.795624630076884e-06
23595,1.1988169966819532e-05
23596,1.2499106818882815e-05
23597,7.449902406129431e-06
23598,1.8024136615215226e-05
23599,2.544141093801404e-06
23600,1.56237812375348e-05
23601,5.119913791204008e-06
23602,9.883460640919919e-06
23603,1.0026530187256368e-06
23604,3.926828147199314e-05
23605,5.574238617669124e-06
23606,1.0438274842770595e-05
23607,7.206440890938093e-07
23608,7.206440890938093e-07
23609,9.983179633554033e-06
23610,9.318008668577259e-06
23611,5.819100281622349e-06
23612,5.819100281622349e-06
23613,1.0377534339301461e-05
23614,1.2013322342028058e-05
23615,1.529962178010783e-05
23616,1.4701400168741007e-05
23617,1.672969901953444e-05
23618,5.791375776054895e-06
23619,1.1439436660058208e-05
23620,1.2451007501704985e-05
23621,3.309667459598288e-05
23622,4.040817776630243e-05
23623,5.236114750762844e-06
23624,1.983676114667277e-05
23625,1.2085578189964074e-05
23626,7.824091741522605e-05
23627,7.499015165752427e-06
23628,5.606493715984668e-06
23629,6.234262328422155e-05
23630,2.9429745159228694e-07
23631,2.6366617112429715e-05
23632,1.1721173360041573e-05
23633,7.989802125144922e-06
23634,1.4152234922524536e-05
23635,1.1721173360041573e-05
23636,1.0332946556311193e-07
23637,9.89800748622995e-06
23638,4.68476637197657e-06
23639,6.903025401890687e-05
23640,2.324106206228486e-05
23641,7.548761950666645e-06
23642,2.5409458264529133e-06
23643,1.8373466828841e-07
23644,1.2451007501704985e-05
23645,1.0754660573650312e-05
23646,2.1744228134562504e-06
23647,2.6366617112429715e-05
23648,3.309667459598288e-05
23649,5.0809924933004876e-05
23650,8.851037022999384e-06
23651,8.35396901245353e-06
23652,1.9496757374554444e-05
23653,4.9716831410061e-07
23654,3.2445422920513604e-05
23655,6.03146442030491e-06
23656,1.2547158450459412e-05
23657,1.0341492697675664e-05
23658,5.241875531581324e-06
23659,1.5217656917777877e-05
23660,1.2504365465339304e-05
23661,5.241875531581324e-06
23662,2.244795878259004e-05
23663,1.1737855898466202e-05
23664,1.66801693039325e-05
23665,1.6282227572397763e-05
23666,2.1135022209280455e-06
23667,6.95709462097379e-06
23668,1.5086101883035214e-05
23669,4.223512266542004e-05
23670,7.485926624902738e-06
23671,9.622365479210942e-06
23672,7.485926624902738e-06
23673,7.485926624902738e-06
23674,3.8921308385774256e-05
23675,7.485926624902738e-06
23676,1.728098200877764e-05
23677,4.79236974773464e-05
23678,7.485926624902738e-06
23679,1.783334204856849e-06
23680,2.3147390505172322e-06
23681,1.647584230293448e-05
23682,1.1050065501815846e-05
23683,1.1050065501815846e-05
23684,5.843805452793031e-05
23685,2.567756127444846e-06
23686,3.080654430191315e-05
23687,3.6338396511195733e-06
23688,5.066824247869157e-06
23689,3.080654430191315e-05
23690,2.0478853377604265e-05
23691,1.1050065501815846e-05
23692,1.1050065501815846e-05
23693,1.1050065501815846e-05
23694,6.03146442030491e-06
23695,2.814480122753761e-06
23696,6.249110241859464e-06
23697,3.7160634000884236e-06
23698,2.5457024326321722e-05
23699,6.030948754865896e-05
23700,2.5341379931947438e-05
23701,1.8936221026801777e-06
23702,5.900895157352535e-06
23703,8.069640355834237e-07
23704,6.8012151300323124e-06
23705,3.965881140217324e-06
23706,1.9331012205014423e-05
23707,5.606493715984668e-06
23708,1.4720672548382394e-05
23709,1.1721173360041573e-05
23710,2.6250315616426603e-06
23711,1.8024136615215226e-05
23712,2.0118093145886382e-05
23713,2.39372234713232e-05
23714,3.6448250838844515e-05
23715,1.7038672391642302e-05
23716,1.4287998113405937e-05
23717,4.754748103679141e-06
23718,9.844233795786024e-06
23719,5.900895157352535e-06
23720,5.516587598239083e-06
23721,4.2220570295201124e-07
23722,1.6924592463476633e-06
23723,2.1889635175949354e-05
23724,1.398545076197968e-05
23725,3.2445422920513604e-05
23726,2.785041548221168e-05
23727,3.8671769427960354e-05
23728,2.6366617112429715e-05
23729,2.544141093801404e-06
23730,2.8014975528841623e-05
23731,1.1995280057508101e-05
23732,5.819100281622349e-06
23733,4.344563232312016e-06
23734,4.2792924280982696e-05
23735,2.785041548221168e-05
23736,9.823787234911673e-06
23737,3.2445422920513604e-05
23738,1.3731999789488636e-05
23739,2.249111936793878e-05
23740,4.68476637197657e-06
23741,9.903911426043947e-06
23742,1.0416189543517678e-05
23743,4.713739897756149e-06
23744,9.515108067451576e-06
23745,4.015419028639798e-06
23746,2.0990608531799997e-06
23747,1.1187858695687232e-05
23748,2.5457024326321722e-05
23749,1.3409376265318766e-05
23750,2.544141093801404e-06
23751,3.6954725355878477e-06
23752,6.8012151300323124e-06
23753,3.6954725355878477e-06
23754,7.351019792492224e-06
23755,6.65968826910499e-06
23756,8.137564451293906e-06
23757,2.257859274798186e-05
23758,6.089004899089511e-05
23759,4.494177150590377e-06
23760,5.574238617669124e-06
23761,1.8805946600225752e-05
23762,4.433994353239081e-06
23763,5.080966135614927e-06
23764,9.994483212626355e-06
23765,4.159048254396616e-05
23766,5.574238617669124e-06
23767,5.74256060132945e-06
23768,2.5341379931947438e-05
23769,2.3079566049958632e-05
23770,9.263726349490309e-06
23771,4.494177150590377e-06
23772,2.0231258384286043e-05
23773,3.550170591009911e-05
23774,1.5597427615731944e-05
23775,4.68476637197657e-06
23776,3.550170591009911e-05
23777,2.544141093801404e-06
23778,3.3334057599760894e-06
23779,2.619002153806836e-05
23780,7.293191880507838e-06
23781,3.3002804081806606e-08
23782,1.8024136615215226e-05
23783,2.544141093801404e-06
23784,5.574238617669124e-06
23785,2.3773909195985437e-05
23786,3.3002804081806606e-08
23787,3.3577468101269214e-06
23788,1.09231490319743e-05
23789,6.7349596039378535e-06
23790,9.823787234911673e-06
23791,3.197007371508808e-06
23792,2.3147390505172322e-06
23793,9.515108067451576e-06
23794,4.111713286158273e-05
23795,6.3391743123908195e-06
23796,9.983179633554033e-06
23797,1.5110544139588908e-05
23798,2.567756127444846e-06
23799,2.0389030618798876e-05
23800,9.7950553838749e-06
23801,7.206440890938093e-07
23802,1.0976766595274669e-05
23803,5.094381667434789e-06
23804,9.16577641018437e-06
23805,8.91919412137203e-05
23806,8.584075293827997e-06
23807,3.196557135987845e-05
23808,9.006527703519867e-07
23809,3.543302466457338e-05
23810,5.799588233115551e-06
23811,3.1009743401717335e-06
23812,1.983676114667277e-05
23813,1.13983838556238e-06
23814,4.665632634194996e-06
23815,2.9320528483521212e-06
23816,8.978624486566424e-06
23817,1.3130183076319016e-06
23818,2.3942804208497165e-05
23819,2.544141093801404e-06
23820,2.124438723017059e-06
23821,2.5515775695340235e-05
23822,3.3024904747861657e-06
23823,1.8024136615215226e-05
23824,3.3024904747861657e-06
23825,2.5515775695340235e-05
23826,1.369814157940644e-05
23827,1.737039905029174e-06
23828,2.544141093801404e-06
23829,0.00013948822137518145
23830,2.544141093801404e-06
23831,5.503215886824834e-05
23832,1.6452166147152925e-05
23833,5.241875531581324e-06
23834,1.0273732253466651e-05
23835,1.19936596478617e-06
23836,8.18763536864292e-06
23837,2.544141093801404e-06
23838,1.2547158450459412e-05
23839,2.7355434752483625e-05
23840,1.2859160646836952e-05
23841,6.660113175588203e-06
23842,7.226360711145934e-06
23843,2.544141093801404e-06
23844,5.874221594061904e-06
23845,1.8936221026801777e-06
23846,5.1529667078777336e-05
23847,4.318728061330904e-09
23848,0.00014467629276246864
23849,2.7944541724214375e-05
23850,3.646874802707865e-06
23851,1.8581267500807902e-05
23852,2.1139176639676687e-06
23853,4.373458287193397e-07
23854,5.066824247869157e-06
23855,2.0549076217869553e-05
23856,1.9326492722494215e-05
23857,1.6894602605992524e-06
23858,1.7759943664400782e-05
23859,2.3147390505172322e-06
23860,8.865359047952257e-06
23861,1.0169209452128884e-05
23862,1.9756906355571455e-05
23863,1.8460090098661703e-06
23864,9.983179633554033e-06
23865,3.7160634000884236e-06
23866,1.634994038941602e-05
23867,5.574238617669124e-06
23868,5.241875531581324e-06
23869,6.660113175588203e-06
23870,3.080654430191315e-05
23871,7.548761950666645e-06
23872,1.0754660573650312e-05
23873,2.5341379931947438e-05
23874,1.950897543364397e-05
23875,3.3002804081806606e-08
23876,7.86375023253337e-06
23877,1.140950014175366e-05
23878,2.544141093801404e-06
23879,4.9716831410061e-07
23880,9.170304868766337e-05
23881,1.2752228797459337e-05
23882,4.5642877980907465e-06
23883,1.3270218392017983e-06
23884,3.309667459598288e-05
23885,7.548761950666645e-06
23886,3.3024904747861657e-06
23887,1.8974895579305917e-05
23888,1.0331353779356072e-05
23889,3.2445422920513604e-05
23890,5.606493715984668e-06
23891,5.1295610743960345e-05
23892,7.795624630076884e-06
23893,6.823824053762654e-08
23894,9.802835711729158e-07
23895,8.244613255882126e-06
23896,8.518218154287182e-06
23897,1.9496757374554444e-05
23898,2.179966398459609e-05
23899,4.8557900828684785e-06
23900,4.398077317176066e-06
23901,1.2088837471114282e-05
23902,3.6954725355878477e-06
23903,2.0549076217869553e-05
23904,2.39372234713232e-05
23905,1.8974895579305917e-05
23906,2.763295902925167e-05
23907,4.665632634194996e-06
23908,1.860714949459276e-05
23909,2.212503139575054e-05
23910,1.950897543364397e-05
23911,2.569745318314875e-05
23912,1.1187858695687232e-05
23913,3.7160634000884236e-06
23914,1.9947559927573695e-05
23915,2.249111936793878e-05
23916,9.594154120435579e-06
23917,5.46746317790583e-06
23918,1.4515881844721867e-06
23919,1.6778098339098316e-05
23920,4.223512266542004e-05
23921,4.433994353239081e-06
23922,6.968368106932211e-06
23923,7.206440890938093e-07
23924,1.7256637679571568e-06
23925,7.548761950666645e-06
23926,9.037310875955778e-06
23927,3.2583785784517278e-06
23928,7.499015165752427e-06
23929,3.309667459598288e-05
23930,3.309667459598288e-05
23931,1.1204600872324263e-05
23932,5.489708419760574e-06
23933,1.2085578189964074e-05
23934,7.1469930078055945e-06
23935,3.096609344774479e-05
23936,3.309667459598288e-05
23937,7.548761950666645e-06
23938,3.309667459598288e-05
23939,7.293191880507838e-06
23940,1.2906163880849307e-05
23941,3.154818881299376e-05
23942,7.293191880507838e-06
23943,3.857321283308478e-05
23944,6.060434607600406e-05
23945,4.361463544814087e-07
23946,4.132080619172146e-05
23947,7.89755808065313e-06
23948,5.167543924003077e-06
23949,1.140950014175366e-05
23950,3.54898591020141e-06
23951,5.874221594061904e-06
23952,1.1439436660058208e-05
23953,1.1050065501815846e-05
23954,1.1050065501815846e-05
23955,1.1050065501815846e-05
23956,1.1050065501815846e-05
23957,6.3391743123908195e-06
23958,1.2752228797459337e-05
23959,2.646034348832988e-05
23960,9.802835711729158e-07
23961,3.2021007702808205e-06
23962,7.124176368197579e-06
23963,1.2547158450459412e-05
23964,1.6842305749521852e-06
23965,3.550170591009911e-05
23966,2.7514056430505e-05
23967,4.885040218086994e-05
23968,1.996866752030483e-05
23969,1.239547490161363e-05
23970,1.8460090098661703e-06
23971,1.1152414258539597e-05
23972,9.515108067451576e-06
23973,1.0377534339301461e-05
23974,7.485926624902738e-06
23975,4.146945752964598e-06
23976,1.5217656917777877e-05
23977,7.698525158811343e-06
23978,3.6854845048586053e-06
23979,9.255783930672972e-07
23980,2.1744228134562504e-06
23981,8.981221596183088e-06
23982,5.489708419760574e-06
23983,4.816207041740651e-08
23984,7.329428962093246e-06
23985,7.449902406129431e-06
23986,3.08952167712862e-06
23987,2.171238991836809e-05
23988,3.3024904747861657e-06
23989,3.3024904747861657e-06
23990,3.3024904747861657e-06
23991,2.472446640117757e-05
23992,1.2451007501704985e-05
23993,1.8500756511093587e-06
23994,4.7641157993465865e-06
23995,1.56237812375348e-05
23996,4.9716831410061e-07
23997,2.544141093801404e-06
23998,5.574238617669124e-06
23999,3.550170591009911e-05
24000,7.449902406129431e-06
24001,5.020948492982558e-06
24002,1.763317027055864e-05
24003,1.6778098339098316e-05
24004,1.6864663544313804e-05
24005,3.57234908280529e-06
24006,5.241875531581324e-06
24007,7.325903801898597e-06
24008,5.2946251810429825e-06
24009,2.544141093801404e-06
24010,6.29037792743163e-05
24011,6.076666691901281e-06
24012,7.325903801898597e-06
24013,9.983179633554033e-06
24014,1.1644992356732589e-05
24015,8.244613255882126e-06
24016,4.305506070831409e-06
24017,8.865359047952257e-06
24018,1.1187858695687232e-05
24019,9.753306518785305e-06
24020,5.489708419760574e-06
24021,9.318008668577259e-06
24022,2.39372234713232e-05
24023,5.874221594061904e-06
24024,3.926828147199314e-05
24025,1.0754660573650312e-05
24026,1.66801693039325e-05
24027,9.515108067451576e-06
24028,3.8318043088170566e-05
24029,3.903056025989452e-05
24030,1.56237812375348e-05
24031,3.3024904747861657e-06
24032,1.0948484236713208e-05
24033,1.2451007501704985e-05
24034,1.3073514415799466e-05
24035,3.540623374216465e-05
24036,2.5515775695340235e-05
24037,2.6232464898206492e-05
24038,1.2752228797459337e-05
24039,3.2446151946335693e-06
24040,8.981221596183088e-06
24041,1.1542505250732856e-05
24042,1.4571977729669638e-05
24043,3.2446151946335693e-06
24044,1.1050065501815846e-05
24045,2.363035128339922e-05
24046,3.3577468101269214e-06
24047,2.544141093801404e-06
24048,2.0231258384286043e-05
24049,8.167902292611145e-05
24050,6.05657635984694e-05
24051,6.879364539130577e-06
24052,1.0976766595274669e-05
24053,3.926828147199314e-05
24054,1.518225507670436e-05
24055,3.926828147199314e-05
24056,4.200484154866769e-06
24057,5.1953872057252035e-05
24058,5.119913791204008e-06
24059,1.872161928351269e-07
24060,2.889334277513483e-05
24061,5.103883311509619e-05
24062,1.2668639946208822e-05
24063,1.4515881844721867e-06
24064,1.4780495544012343e-05
24065,4.344563232312016e-06
24066,4.816207041740651e-08
24067,1.0754660573650312e-05
24068,2.2977567506047806e-07
24069,1.4782810473594473e-05
24070,1.66801693039325e-05
24071,2.3079566049958632e-05
24072,8.243848403349646e-06
24073,3.7160634000884236e-06
24074,3.7160634000884236e-06
24075,1.647632438962282e-05
24076,1.0438274842770595e-05
24077,8.491704704360493e-06
24078,1.1644992356732589e-05
24079,3.2445422920513604e-05
24080,7.379832617016371e-06
24081,3.2446151946335693e-06
24082,1.1836670161158395e-05
24083,2.124438723017059e-06
24084,2.5341379931947438e-05
24085,1.102911624623662e-05
24086,2.703597860585182e-06
24087,8.981221596183088e-06
24088,1.6685613070036195e-05
24089,7.293191880507838e-06
24090,2.1127870613648017e-05
24091,3.2445422920513604e-05
24092,4.433994353239081e-06
24093,9.883460640919919e-06
24094,2.657429919636757e-05
24095,4.0363958337693707e-05
24096,5.574238617669124e-06
24097,6.911324462509304e-06
24098,7.353929444195366e-06
24099,1.1863193057143497e-05
24100,1.1995280057508101e-05
24101,1.5217656917777877e-05
24102,2.5409458264529133e-06
24103,2.5409458264529133e-06
24104,3.6384885364149834e-06
24105,3.2309268194194954e-06
24106,1.2451007501704985e-05
24107,5.917116457175449e-06
24108,7.548761950666645e-06
24109,3.2445422920513604e-05
24110,7.383412113819585e-06
24111,4.791395248311862e-07
24112,8.881973286371031e-06
24113,5.574238617669124e-06
24114,4.173486881781762e-06
24115,6.234937843055909e-06
24116,7.329428962093246e-06
24117,4.662721159725305e-06
24118,2.5826453593806244e-06
24119,1.562705250606476e-05
24120,4.8948281830987534e-06
24121,6.823824053762654e-08
24122,2.8790229233890866e-05
24123,3.677236689887333e-05
24124,1.2547158450459412e-05
24125,1.5217656917777877e-05
24126,1.0991002387294113e-05
24127,1.8538364677761307e-05
24128,1.8538364677761307e-05
24129,1.0331353779356072e-05
24130,2.8638297407765024e-05
24131,5.574238617669124e-06
24132,1.1988169966819532e-05
24133,7.65439688810413e-06
24134,8.244613255882126e-06
24135,1.8538364677761307e-05
24136,1.0332946556311193e-07
24137,3.536093575236567e-05
24138,1.0332946556311193e-07
24139,3.457546241666303e-06
24140,2.4277113504850746e-05
24141,1.5217656917777877e-05
24142,4.665632634194996e-06
24143,4.665632634194996e-06
24144,7.993519340531444e-06
24145,8.865359047952257e-06
24146,3.2445422920513604e-05
24147,2.889140406285846e-07
24148,6.249110241859464e-06
24149,2.0549076217869553e-05
24150,1.3965284379097362e-05
24151,1.4406269508056996e-06
24152,4.665632634194996e-06
24153,2.1744228134562504e-06
24154,6.076666691901281e-06
24155,2.171238991836809e-05
24156,3.223478423162025e-06
24157,3.2445422920513604e-05
24158,3.2119393217522706e-05
24159,2.889140406285846e-07
24160,1.9756906355571455e-05
24161,1.60280005887528e-06
24162,7.04087630940213e-06
24163,1.1445049771455828e-05
24164,2.212503139575054e-05
24165,4.791395248311862e-07
24166,1.4287998113405937e-05
24167,1.9792695525349584e-06
24168,2.6232464898206492e-05
24169,4.791395248311862e-07
24170,7.063549449832523e-07
24171,4.807632222904557e-06
24172,1.56237812375348e-05
24173,1.0341492697675664e-05
24174,3.3024904747861657e-06
24175,1.6864663544313804e-05
24176,6.306632850805595e-06
24177,7.329428962093246e-06
24178,8.981221596183088e-06
24179,9.784432919432065e-05
24180,7.449902406129431e-06
24181,2.064513278596346e-05
24182,3.5138045007016863e-06
24183,1.1988169966819532e-05
24184,9.802835711729158e-07
24185,6.830633588881178e-06
24186,3.806293414579964e-05
24187,1.8581267500807902e-05
24188,1.6709694019828036e-05
24189,4.7692406739799295e-06
24190,8.133529988202367e-05
24191,1.950897543364397e-05
24192,1.4406269508056996e-06
24193,7.009694715600637e-06
24194,1.0274166338583712e-05
24195,2.544141093801404e-06
24196,2.2977567506047806e-07
24197,3.223478423162025e-06
24198,9.16577641018437e-06
24199,9.983179633554033e-06
24200,2.472446640117757e-05
24201,3.550170591009911e-05
24202,6.115777068064974e-06
24203,1.1234078322616408e-05
24204,1.2222208234293669e-05
24205,4.179431339722809e-05
24206,2.2416084507162204e-06
24207,1.7001802941719574e-06
24208,4.223512266542004e-05
24209,2.5515775695340235e-05
24210,1.1918676508060773e-05
24211,5.516587598239083e-06
24212,7.206440890938093e-07
24213,7.993519340531444e-06
24214,1.1695172375991367e-05
24215,9.903911426043947e-06
24216,3.550170591009911e-05
24217,2.814480122753761e-06
24218,1.1050065501815846e-05
24219,3.196557135987845e-05
24220,9.622365479210942e-06
24221,1.863188248613669e-05
24222,8.865359047952257e-06
24223,1.2451007501704985e-05
24224,9.7950553838749e-06
24225,7.795624630076884e-06
24226,2.5457024326321722e-05
24227,2.9818591080351888e-05
24228,4.146945752964598e-06
24229,4.035362184388446e-06
24230,2.5515775695340235e-05
24231,1.0924115674501308e-05
24232,2.124393350181983e-05
24233,1.9496757374554444e-05
24234,1.1995280057508101e-05
24235,1.369814157940644e-05
24236,3.382068411224312e-05
24237,4.373458287193397e-07
24238,5.574238617669124e-06
24239,1.1721173360041573e-05
24240,4.081953044758512e-06
24241,1.1152414258539597e-05
24242,1.9095230662229987e-05
24243,1.763317027055864e-05
24244,2.257859274798186e-05
24245,2.6232464898206492e-05
24246,3.498956401431501e-05
24247,6.784292077741517e-06
24248,2.1889635175949354e-05
24249,1.6549725166295783e-05
24250,1.0331353779356072e-05
24251,2.0549076217869553e-05
24252,5.489708419760574e-06
24253,1.13983838556238e-06
24254,5.489708419760574e-06
24255,5.489708419760574e-06
24256,7.379832617016371e-06
24257,7.1674002833495074e-06
24258,2.5345955738682367e-05
24259,1.2451007501704985e-05
24260,5.489708419760574e-06
24261,5.574238617669124e-06
24262,6.537193109497293e-05
24263,2.5457024326321722e-05
24264,3.543302466457338e-05
24265,1.8538364677761307e-05
24266,4.398077317176066e-06
24267,2.6232464898206492e-05
24268,4.318728061330904e-09
24269,1.536507465114561e-05
24270,5.489708419760574e-06
24271,1.529962178010783e-05
24272,3.354153459986863e-06
24273,9.360161008768145e-06
24274,1.140950014175366e-05
24275,5.469711135728868e-06
24276,5.489708419760574e-06
24277,5.574238617669124e-06
24278,2.212503139575054e-05
24279,8.137564451293906e-06
24280,3.3391968294401246e-06
24281,3.5512823101964576e-06
24282,1.2085578189964074e-05
24283,6.784292077741517e-06
24284,6.490178552997004e-06
24285,4.494177150590377e-06
24286,3.550170591009911e-05
24287,3.2445422920513604e-05
24288,7.993519340531444e-06
24289,7.993519340531444e-06
24290,5.094381667434789e-06
24291,7.89755808065313e-06
24292,7.067856213267806e-07
24293,9.037310875955778e-06
24294,5.489708419760574e-06
24295,2.6366617112429715e-05
24296,2.3079566049958632e-05
24297,1.2451007501704985e-05
24298,7.206440890938093e-07
24299,7.485926624902738e-06
24300,5.489708419760574e-06
24301,9.883460640919919e-06
24302,4.5642877980907465e-06
24303,6.784292077741517e-06
24304,1.6910571519040934e-05
24305,3.965881140217324e-06
24306,8.851037022999384e-06
24307,1.763317027055864e-05
24308,1.0438274842770595e-05
24309,6.784292077741517e-06
24310,1.8460090098661703e-06
24311,1.9496757374554444e-05
24312,2.5457024326321722e-05
24313,3.8347669881178554e-05
24314,3.682437588552389e-06
24315,3.3024904747861657e-06
24316,1.7720858083919044e-05
24317,2.3079566049958632e-05
24318,6.076666691901281e-06
24319,1.6709694019828036e-05
24320,7.227686254926452e-06
24321,2.544141093801404e-06
24322,7.329428962093246e-06
24323,1.1106870906897075e-05
24324,1.1439436660058208e-05
24325,2.9985371526548482e-06
24326,2.544141093801404e-06
24327,7.227686254926452e-06
24328,2.3147390505172322e-06
24329,9.006527703519867e-07
24330,4.0255054579539774e-05
24331,1.1439436660058208e-05
24332,1.128199398440919e-05
24333,3.730423408493252e-05
24334,1.0948484236713208e-05
24335,1.6709694019828036e-05
24336,1.1836670161158395e-05
24337,6.187527430052336e-06
24338,4.361463544814087e-07
24339,3.919953362856588e-06
24340,3.196557135987845e-05
24341,2.212503139575054e-05
24342,1.2668639946208822e-05
24343,3.665425943419378e-06
24344,1.3073514415799466e-05
24345,2.5341379931947438e-05
24346,5.917116457175449e-06
24347,2.212503139575054e-05
24348,1.1152414258539597e-05
24349,8.851037022999384e-06
24350,7.067856213267806e-07
24351,2.0549076217869553e-05
24352,2.1209105388294835e-06
24353,4.5642877980907465e-06
24354,1.1988169966819532e-05
24355,3.2684710581248174e-05
24356,1.1918676508060773e-05
24357,4.223512266542004e-05
24358,1.0331353779356072e-05
24359,9.263726349490309e-06
24360,2.5341379931947438e-05
24361,1.8581267500807902e-05
24362,8.074933120318763e-05
24363,6.71090935569397e-08
24364,3.5517004061818853e-06
24365,4.816207041740651e-08
24366,1.1918676508060773e-05
24367,9.273329360391642e-06
24368,3.273563128740236e-05
24369,9.823787234911673e-06
24370,5.571170014152152e-05
24371,8.865359047952257e-06
24372,4.4768328210132163e-05
24373,3.665425943419378e-06
24374,3.665425943419378e-06
24375,6.167009188748751e-06
24376,6.3391743123908195e-06
24377,9.318008668577259e-06
24378,9.318008668577259e-06
24379,1.4632000443051207e-06
24380,3.489693626393209e-06
24381,3.831220070692776e-06
24382,2.889140406285846e-07
24383,2.0940793139358538e-05
24384,3.919953362856588e-06
24385,1.1663973207448035e-05
24386,2.889140406285846e-07
24387,1.0377534339301461e-05
24388,2.889140406285846e-07
24389,1.320298452626375e-05
24390,2.324106206228486e-05
24391,1.5462754272636223e-06
24392,3.54898591020141e-06
24393,1.1445049771455828e-05
24394,1.6709694019828036e-05
24395,3.2445422920513604e-05
24396,7.1063867990134775e-06
24397,9.318008668577259e-06
24398,2.8638297407765024e-05
24399,3.726055405653195e-06
24400,1.3073514415799466e-05
24401,2.5457024326321722e-05
24402,4.3721589798363974e-05
24403,3.8444794871456524e-05
24404,6.632624483857994e-06
24405,3.309667459598288e-05
24406,1.983676114667277e-05
24407,7.548761950666645e-06
24408,2.5341379931947438e-05
24409,2.544141093801404e-06
24410,1.863188248613669e-05
24411,1.4406269508056996e-06
24412,1.881754622581082e-05
24413,1.1439436660058208e-05
24414,9.7950553838749e-06
24415,1.1187858695687232e-05
24416,2.889140406285846e-07
24417,5.574238617669124e-06
24418,1.6471837375168771e-06
24419,3.929128211308483e-06
24420,2.6366617112429715e-05
24421,5.60901506556398e-06
24422,1.0817101379389748e-05
24423,1.2502128903267543e-05
24424,4.318728061330904e-09
24425,9.318008668577259e-06
24426,2.9431049504240588e-05
24427,2.6232464898206492e-05
24428,1.1439436660058208e-05
24429,8.981221596183088e-06
24430,9.360161008768145e-06
24431,3.699073383855719e-06
24432,1.2547158450459412e-05
24433,7.548761950666645e-06
24434,2.5457024326321722e-05
24435,2.814480122753761e-06
24436,1.8140551401805054e-05
24437,4.821665456565523e-05
24438,2.022314264125798e-05
24439,8.278891074482927e-06
24440,3.682437588552389e-06
24441,6.291068659112252e-05
24442,1.8581267500807902e-05
24443,3.665425943419378e-06
24444,2.889140406285846e-07
24445,2.9654860686001054e-05
24446,2.7090952015066443e-05
24447,1.1918676508060773e-05
24448,2.5457024326321722e-05
24449,4.223512266542004e-05
24450,5.606493715984668e-06
24451,3.926828147199314e-05
24452,3.6007442170622114e-05
24453,3.309667459598288e-05
24454,4.0063190858350506e-05
24455,8.981221596183088e-06
24456,3.600342489001813e-05
24457,2.249111936793878e-05
24458,2.889140406285846e-07
24459,1.0377534339301461e-05
24460,5.370694884030814e-05
24461,1.3656663751615575e-05
24462,1.2652970019491126e-05
24463,4.6032992819704194e-07
24464,6.918042387662285e-06
24465,6.918042387662285e-06
24466,7.124176368197579e-06
24467,1.1918676508060773e-05
24468,1.767092165976891e-05
24469,2.1889635175949354e-05
24470,1.0924115674501308e-05
24471,1.2508986890623746e-06
24472,4.5642877980907465e-06
24473,4.494177150590377e-06
24474,1.5217656917777877e-05
24475,7.227686254926452e-06
24476,2.385536642401955e-06
24477,9.360161008768145e-06
24478,8.28663599998875e-06
24479,3.919953362856588e-06
24480,6.187527430052336e-06
24481,2.171238991836809e-05
24482,1.6709694019828036e-05
24483,1.1152414258539597e-05
24484,3.551742868154992e-05
24485,2.544141093801404e-06
24486,1.737039905029174e-06
24487,1.5871722075776183e-05
24488,2.4662631681292474e-05
24489,1.1152414258539597e-05
24490,3.096609344774479e-05
24491,2.544141093801404e-06
24492,3.6384885364149834e-06
24493,7.993519340531444e-06
24494,4.405454732939069e-05
24495,4.168759257505648e-07
24496,3.857321283308478e-05
24497,9.983179633554033e-06
24498,3.665425943419378e-06
24499,2.5457024326321722e-05
24500,1.3073514415799466e-05
24501,7.227686254926452e-06
24502,1.5158321135795391e-05
24503,1.532249931570796e-05
24504,2.39372234713232e-05
24505,8.244613255882126e-06
24506,2.638324172073524e-06
24507,1.1721173360041573e-05
24508,3.919953362856588e-06
24509,1.56237812375348e-05
24510,4.646086757607567e-06
24511,2.544141093801404e-06
24512,4.344563232312016e-06
24513,6.784292077741517e-06
24514,1.3492983640704942e-05
24515,2.5345955738682367e-05
24516,2.249111936793878e-05
24517,2.544141093801404e-06
24518,2.5515775695340235e-05
24519,1.3939032954476297e-05
24520,2.9100229687985763e-05
24521,1.5043470241482632e-06
24522,2.5457024326321722e-05
24523,2.0231258384286043e-05
24524,1.2508986890623746e-06
24525,4.387974460970874e-05
24526,3.309667459598288e-05
24527,9.273329360391642e-06
24528,3.646874802707865e-06
24529,1.8581267500807902e-05
24530,1.9766402380370655e-05
24531,9.16577641018437e-06
24532,4.681375912419083e-07
24533,1.763317027055864e-05
24534,2.544141093801404e-06
24535,1.1152414258539597e-05
24536,2.472446640117757e-05
24537,2.0549076217869553e-05
24538,1.166205935181289e-05
24539,3.889663216446158e-06
24540,8.981221596183088e-06
24541,6.589552189728345e-06
24542,4.8557900828684785e-06
24543,3.5517004061818853e-06
24544,1.3492983640704942e-05
24545,1.783334204856849e-06
24546,5.319758232288678e-05
24547,5.606493715984668e-06
24548,6.660113175588203e-06
24549,4.022922972300222e-05
24550,5.489708419760574e-06
24551,4.687336814084638e-06
24552,2.208886649484699e-05
24553,5.119913791204008e-06
24554,5.236114750762844e-06
24555,2.5515775695340235e-05
24556,1.6549725166295783e-05
24557,3.845871898006274e-05
24558,2.171238991836809e-05
24559,3.5606009976195343e-05
24560,5.900895157352535e-06
24561,9.7950553838749e-06
24562,9.753306518785305e-06
24563,3.309667459598288e-05
24564,8.28663599998875e-06
24565,1.763317027055864e-05
24566,2.1744228134562504e-06
24567,7.226360711145934e-06
24568,6.466167127861589e-06
24569,9.983179633554033e-06
24570,9.458251902455293e-07
24571,8.58487116859954e-07
24572,5.733999244647437e-06
24573,2.889140406285846e-07
24574,1.9496757374554444e-05
24575,1.3656663751615575e-05
24576,2.1135022209280455e-06
24577,1.9496757374554444e-05
24578,3.081040087638322e-05
24579,7.04087630940213e-06
24580,3.494268360584905e-05
24581,1.2558662619611582e-05
24582,7.329428962093246e-06
24583,2.889140406285846e-07
24584,1.1298618288485303e-05
24585,2.0990608531799997e-06
24586,6.3391743123908195e-06
24587,1.9792695525349584e-06
24588,1.1215512837019333e-05
24589,2.814480122753761e-06
24590,1.2547158450459412e-05
24591,1.8460090098661703e-06
24592,1.763317027055864e-05
24593,1.6778098339098316e-05
24594,4.433994353239081e-06
24595,3.2446151946335693e-06
24596,2.767691883844998e-05
24597,1.5796790094208438e-05
24598,2.4662631681292474e-05
24599,1.763317027055864e-05
24600,6.076666691901281e-06
24601,4.4165057510945796e-05
24602,8.881973286371031e-06
24603,8.978624486566424e-06
24604,0.00022096529861521325
24605,1.1500596125946778e-05
24606,5.843805452793031e-05
24607,2.9486848914474515e-05
24608,2.2837064316192293e-05
24609,5.236114750762844e-06
24610,9.883460640919919e-06
24611,1.9766402380370655e-05
24612,6.193499748701765e-06
24613,1.0123758167270738e-05
24614,7.067856213267806e-07
24615,1.0620976201355225e-05
24616,4.983428830864382e-06
24617,5.874221594061904e-06
24618,4.5038411498432244e-05
24619,1.1918676508060773e-05
24620,1.529962178010783e-05
24621,1.1836670161158395e-05
24622,1.6321563674865662e-06
24623,2.71479320628268e-05
24624,1.6321563674865662e-06
24625,1.6321563674865662e-06
24626,2.8667443349988375e-06
24627,2.1147682924878187e-05
24628,1.6549725166295783e-05
24629,3.309667459598288e-05
24630,1.3073514415799466e-05
24631,5.819100281622349e-06
24632,3.919953362856588e-06
24633,6.604102156649155e-06
24634,3.550170591009911e-05
24635,4.223512266542004e-05
24636,1.0679981774516916e-05
24637,2.39372234713232e-05
24638,5.489708419760574e-06
24639,6.9763925007491356e-06
24640,1.0026530187256368e-06
24641,1.0377534339301461e-05
24642,4.344563232312016e-06
24643,4.344563232312016e-06
24644,4.687336814084638e-06
24645,2.889140406285846e-07
24646,6.830633588881178e-06
24647,5.119913791204008e-06
24648,2.124438723017059e-06
24649,1.4571977729669638e-05
24650,1.1187858695687232e-05
24651,2.6232464898206492e-05
24652,1.2508986890623746e-06
24653,2.7149084543122447e-06
24654,9.983179633554033e-06
24655,2.8638297407765024e-05
24656,5.574238617669124e-06
24657,2.7471378098867538e-05
24658,2.39372234713232e-05
24659,4.984271915499558e-05
24660,6.296778373121772e-05
24661,1.8805946600225752e-05
24662,9.7950553838749e-06
24663,2.814480122753761e-06
24664,1.2504365465339304e-05
24665,2.814480122753761e-06
24666,2.8599298038882866e-06
24667,4.8557900828684785e-06
24668,7.067856213267806e-07
24669,2.8599298038882866e-06
24670,5.874221594061904e-06
24671,2.2019978198115103e-05
24672,6.076666691901281e-06
24673,8.244613255882126e-06
24674,8.865359047952257e-06
24675,1.2013322342028058e-05
24676,5.574238617669124e-06
24677,3.926828147199314e-05
24678,4.754748103679141e-06
24679,2.8667443349988375e-06
24680,2.0549076217869553e-05
24681,7.86375023253337e-06
24682,1.74503821233324e-05
24683,1.7467475821327347e-05
24684,3.2446151946335693e-06
24685,6.856028218428912e-07
24686,2.171238991836809e-05
24687,4.494177150590377e-06
24688,1.5845526237844237e-06
24689,3.665425943419378e-06
24690,1.763317027055864e-05
24691,3.367122987356735e-06
24692,9.883460640919919e-06
24693,8.710795972996155e-06
24694,6.115777068064974e-06
24695,7.04087630940213e-06
24696,1.0273732253466651e-05
24697,4.7641157993465865e-06
24698,9.640825058192401e-06
24699,2.5515775695340235e-05
24700,1.4515881844721867e-06
24701,3.857321283308478e-05
24702,9.252750562936249e-06
24703,1.9953311134908558e-05
24704,2.6232464898206492e-05
24705,2.1744228134562504e-06
24706,1.6627177907637575e-06
24707,1.763317027055864e-05
24708,2.0549076217869553e-05
24709,1.695915422640174e-05
24710,1.4605426467153218e-05
24711,3.6854845048586053e-06
24712,2.9414532597051834e-06
24713,1.2013322342028058e-05
24714,1.6778098339098316e-05
24715,1.1863193057143497e-05
24716,1.3073514415799466e-05
24717,1.634994038941602e-05
24718,2.2416084507162204e-06
24719,6.784292077741517e-06
24720,8.981221596183088e-06
24721,2.385536642401955e-06
24722,5.892678748563821e-05
24723,5.574238617669124e-06
24724,1.60280005887528e-06
24725,3.543302466457338e-05
24726,8.58487116859954e-07
24727,2.6366617112429715e-05
24728,2.7911491191413743e-06
24729,1.1663973207448035e-05
24730,6.784292077741517e-06
24731,1.529962178010783e-05
24732,3.284043644014131e-05
24733,1.2547158450459412e-05
24734,5.733999244647437e-06
24735,1.1863193057143497e-05
24736,5.819100281622349e-06
24737,3.919953362856588e-06
24738,2.7471378098867538e-05
24739,4.398077317176066e-06
24740,1.1863193057143497e-05
24741,7.86375023253337e-06
24742,1.6709694019828036e-05
24743,4.712418813254684e-06
24744,6.784292077741517e-06
24745,1.3073514415799466e-05
24746,1.0416189543517678e-05
24747,1.8301037225446087e-05
24748,2.1307483297458105e-05
24749,9.515108067451576e-06
24750,2.889140406285846e-07
24751,2.0389030618798876e-05
24752,3.367122987356735e-06
24753,7.04087630940213e-06
24754,2.6232464898206492e-05
24755,2.6481364565124606e-05
24756,1.6627177907637575e-06
24757,8.865359047952257e-06
24758,2.6232464898206492e-05
24759,2.569745318314875e-05
24760,2.39372234713232e-05
24761,2.6232464898206492e-05
24762,7.698525158811343e-06
24763,3.354153459986863e-06
24764,2.6232464898206492e-05
24765,7.65439688810413e-06
24766,1.9971688459737037e-05
24767,1.577955613586142e-06
24768,3.3002804081806606e-08
24769,2.6232464898206492e-05
24770,9.458251902455293e-07
24771,3.665425943419378e-06
24772,9.736558757118512e-06
24773,2.249111936793878e-05
24774,1.2547158450459412e-05
24775,2.767691883844998e-05
24776,5.917116457175449e-06
24777,4.450066588676004e-05
24778,3.811483141521297e-05
24779,1.1863193057143497e-05
24780,5.516587598239083e-06
24781,1.1995280057508101e-05
24782,2.7632696006911046e-05
24783,7.147598318040813e-05
24784,8.461195848300982e-06
24785,1.1187858695687232e-05
24786,3.223478423162025e-06
24787,8.710795972996155e-06
24788,2.171238991836809e-05
24789,6.784292077741517e-06
24790,2.1889635175949354e-05
24791,1.0924115674501308e-05
24792,2.1418123118885252e-05
24793,1.1863193057143497e-05
24794,1.2547158450459412e-05
24795,1.1204600872324263e-05
24796,3.2445422920513604e-05
24797,5.359455975736333e-06
24798,1.7787176322073984e-06
24799,3.727382220091563e-06
24800,3.54898591020141e-06
24801,1.6549725166295783e-05
24802,1.7774616526518243e-05
24803,4.758563856264241e-06
24804,4.585479918583238e-05
24805,6.589552189728345e-06
24806,4.3077823208957626e-05
24807,3.096609344774479e-05
24808,0.0001128295264590471
24809,7.329428962093246e-06
24810,1.1204600872324263e-05
24811,1.6709694019828036e-05
24812,1.5472246103899074e-05
24813,1.1443152425254087e-07
24814,9.844233795786024e-06
24815,4.681375912419083e-07
24816,4.758563856264241e-06
24817,3.646874802707865e-06
24818,9.983179633554033e-06
24819,1.1644992356732589e-05
24820,2.6232464898206492e-05
24821,3.926828147199314e-05
24822,5.388611035187178e-05
24823,5.489708419760574e-06
24824,2.4683056328024187e-06
24825,2.214078632527376e-05
24826,2.4139773424162623e-05
24827,4.0063190858350506e-05
24828,3.665425943419378e-06
24829,8.710795972996155e-06
24830,1.9496757374554444e-05
24831,4.8062581530261184e-06
24832,1.2013322342028058e-05
24833,1.3018025148916196e-05
24834,5.22111230036717e-05
24835,4.807632222904557e-06
24836,8.865359047952257e-06
24837,1.9756906355571455e-05
24838,1.763317027055864e-05
24839,5.2946251810429825e-06
24840,2.544141093801404e-06
24841,2.0549076217869553e-05
24842,1.2547158450459412e-05
24843,6.03146442030491e-06
24844,2.1744228134562504e-06
24845,1.0438274842770595e-05
24846,1.817349206466535e-05
24847,3.550170591009911e-05
24848,9.16577641018437e-06
24849,5.094381667434789e-06
24850,7.236495606797601e-05
24851,2.767691883844998e-05
24852,2.3331530686283503e-05
24853,1.4780495544012343e-05
24854,1.2547158450459412e-05
24855,1.2547158450459412e-05
24856,3.3990563063724415e-05
24857,2.8599298038882866e-06
24858,2.3841957788260876e-06
24859,2.6232464898206492e-05
24860,6.0812585611422054e-06
24861,3.5517004061818853e-06
24862,5.212248765633137e-05
24863,4.715648469132916e-05
24864,2.5341379931947438e-05
24865,1.1123996784996977e-05
24866,2.6232464898206492e-05
24867,1.0341492697675664e-05
24868,2.767691883844998e-05
24869,1.0438274842770595e-05
24870,1.60280005887528e-06
24871,5.167543924003077e-06
24872,7.65439688810413e-06
24873,4.7641157993465865e-06
24874,1.0169209452128884e-05
24875,1.950897543364397e-05
24876,7.325903801898597e-06
24877,7.325903801898597e-06
24878,3.2155348743841803e-06
24879,6.336799591377203e-05
24880,3.2445422920513604e-05
24881,7.124176368197579e-06
24882,7.795624630076884e-06
24883,4.869808638860658e-05
24884,3.919953362856588e-06
24885,5.094381667434789e-06
24886,1.4780495544012343e-05
24887,2.126871156417413e-05
24888,1.763317027055864e-05
24889,3.3334057599760894e-06
24890,1.56237812375348e-05
24891,1.3073514415799466e-05
24892,1.3123667235010391e-05
24893,3.2445422920513604e-05
24894,3.6854845048586053e-06
24895,5.917116457175449e-06
24896,1.3492983640704942e-05
24897,3.6854845048586053e-06
24898,3.926828147199314e-05
24899,2.7322187118685113e-05
24900,7.993519340531444e-06
24901,5.46746317790583e-06
24902,2.8483417257409518e-06
24903,5.469711135728868e-06
24904,6.9763925007491356e-06
24905,1.8805946600225752e-05
24906,1.5515046652254305e-05
24907,4.207408501786292e-06
24908,4.612957323418432e-05
24909,3.053685327535438e-05
24910,9.318008668577259e-06
24911,1.1152414258539597e-05
24912,1.2451007501704985e-05
24913,1.1439436660058208e-05
24914,8.069640355834237e-07
24915,9.89800748622995e-06
24916,8.779840414085029e-06
24917,1.0026530187256368e-06
24918,3.3002804081806606e-08
24919,2.324106206228486e-05
24920,5.574238617669124e-06
24921,3.2955201245182164e-07
24922,6.3391743123908195e-06
24923,7.135582024188823e-06
24924,5.255304396475011e-07
24925,2.385536642401955e-06
24926,8.58487116859954e-07
24927,5.509607098696422e-06
24928,3.3024904747861657e-06
24929,8.779840414085029e-06
24930,7.063549449832523e-07
24931,2.212503139575054e-05
24932,1.1918676508060773e-05
24933,1.950897543364397e-05
24934,4.754748103679141e-06
24935,3.691627953901501e-05
24936,1.4027842148836895e-05
24937,6.533037179739474e-06
24938,7.5672696290981595e-06
24939,4.0363958337693707e-05
24940,5.167543924003077e-06
24941,1.2451007501704985e-05
24942,1.1863193057143497e-05
24943,3.4178695116539846e-05
24944,5.119913791204008e-06
24945,1.9766402380370655e-05
24946,2.324106206228486e-05
24947,1.8805946600225752e-05
24948,2.8638297407765024e-05
24949,3.457546241666303e-06
24950,1.4819010387276273e-05
24951,8.892737362243828e-06
24952,5.74256060132945e-06
24953,3.550170591009911e-05
24954,5.255304396475011e-07
24955,1.5217656917777877e-05
24956,6.784292077741517e-06
24957,6.187527430052336e-06
24958,3.156793480187798e-06
24959,2.324106206228486e-05
24960,2.638324172073524e-06
24961,8.710795972996155e-06
24962,9.8162622946691e-06
24963,1.6723997866334754e-05
24964,8.58487116859954e-07
24965,1.369814157940644e-05
24966,1.925550786542352e-05
24967,1.0754660573650312e-05
24968,1.1333971931375832e-05
24969,1.2547158450459412e-05
24970,1.2547158450459412e-05
24971,1.2547158450459412e-05
24972,1.2547158450459412e-05
24973,4.081953044758512e-06
24974,2.4640402147781446e-05
24975,2.499602579030384e-05
24976,2.171238991836809e-05
24977,2.5457024326321722e-05
24978,2.249111936793878e-05
24979,1.60280005887528e-06
24980,2.0231258384286043e-05
24981,5.977473636206564e-06
24982,4.758563856264241e-06
24983,1.8942998186870606e-06
24984,1.5300986451373842e-05
24985,3.2445422920513604e-05
24986,3.6954725355878477e-06
24987,1.2877417682568424e-05
24988,7.65439688810413e-06
24989,5.489708419760574e-06
24990,4.398077317176066e-06
24991,3.919953362856588e-06
24992,8.518218154287182e-06
24993,1.1152414258539597e-05
24994,1.1152414258539597e-05
24995,1.4406269508056996e-06
24996,8.865359047952257e-06
24997,4.035362184388446e-06
24998,1.6723997866334754e-05
24999,5.606493715984668e-06
25000,2.5345955738682367e-05
25001,1.1863193057143497e-05
25002,1.950897543364397e-05
25003,1.983676114667277e-05
25004,3.678081659200565e-05
25005,5.574238617669124e-06
25006,1.0438274842770595e-05
25007,4.717606027819093e-05
25008,3.6954725355878477e-06
25009,1.0332946556311193e-07
25010,1.6723997866334754e-05
25011,2.1744228134562504e-06
25012,8.865359047952257e-06
25013,2.8638297407765024e-05
25014,9.318008668577259e-06
25015,2.3147390505172322e-06
25016,1.783334204856849e-06
25017,1.4406269508056996e-06
25018,1.4614704724363985e-06
25019,3.3391968294401246e-06
25020,1.0332946556311193e-07
25021,2.814480122753761e-06
25022,1.0419316881349636e-05
25023,3.54898591020141e-06
25024,2.1889635175949354e-05
25025,4.081953044758512e-06
25026,1.0169209452128884e-05
25027,1.6723997866334754e-05
25028,4.7641157993465865e-06
25029,9.622365479210942e-06
25030,5.874221594061904e-06
25031,6.421476812326098e-05
25032,8.981221596183088e-06
25033,1.4571977729669638e-05
25034,1.8500756511093587e-06
25035,4.681375912419083e-07
25036,1.0313207022366888e-05
25037,1.5300986451373842e-05
25038,1.6685613070036195e-05
25039,3.5461693726315654e-06
25040,2.767691883844998e-05
25041,1.8538364677761307e-05
25042,3.2445422920513604e-05
25043,7.329428962093246e-06
25044,1.2547158450459412e-05
25045,8.491704704360493e-06
25046,3.3244450904612614e-05
25047,1.763317027055864e-05
25048,3.543302466457338e-05
25049,2.0549076217869553e-05
25050,9.318008668577259e-06
25051,8.865359047952257e-06
25052,5.606493715984668e-06
25053,4.758563856264241e-06
25054,6.076666691901281e-06
25055,4.3077823208957626e-05
25056,1.2073173557038257e-05
25057,1.8936221026801777e-06
25058,1.6709694019828036e-05
25059,4.8948281830987534e-06
25060,1.9798830931612853e-05
25061,9.495819819631881e-05
25062,1.0026530187256368e-06
25063,2.224458335753996e-06
25064,9.7950553838749e-06
25065,3.579259214609329e-05
25066,1.4406269508056996e-06
25067,1.0419316881349636e-05
25068,1.56237812375348e-05
25069,0.00010342917584939646
25070,7.325903801898597e-06
25071,5.167543924003077e-06
25072,1.1187858695687232e-05
25073,3.550170591009911e-05
25074,1.0377534339301461e-05
25075,1.0377534339301461e-05
25076,6.604102156649155e-06
25077,1.832563557451777e-05
25078,8.779840414085029e-06
25079,3.309667459598288e-05
25080,3.646874802707865e-06
25081,1.2859160646836952e-05
25082,3.3024904747861657e-06
25083,8.58487116859954e-07
25084,1.4406269508056996e-06
25085,4.124481914468374e-05
25086,1.3656663751615575e-05
25087,8.981221596183088e-06
25088,1.2504365465339304e-05
25089,2.767691883844998e-05
25090,1.8805946600225752e-05
25091,1.8936221026801777e-06
25092,2.1744228134562504e-06
25093,1.357636909726148e-06
25094,2.1744228134562504e-06
25095,7.04087630940213e-06
25096,1.7585791962924055e-05
25097,2.257859274798186e-05
25098,1.369814157940644e-05
25099,3.078710077978639e-05
25100,5.733999244647437e-06
25101,4.320023106891045e-05
25102,7.017398706888429e-05
25103,1.4335623204532013e-07
25104,5.167543924003077e-06
25105,1.56237812375348e-05
25106,9.599912754747727e-07
25107,4.5642877980907465e-06
25108,8.461195848300982e-06
25109,5.819100281622349e-06
25110,5.306868214407795e-07
25111,6.3391743123908195e-06
25112,7.476998738209224e-05
25113,6.249110241859464e-06
25114,5.0229177825004934e-05
25115,3.3024904747861657e-06
25116,2.5727195700756993e-06
25117,2.0278891203424817e-05
25118,1.0026530187256368e-06
25119,9.318008668577259e-06
25120,2.0231258384286043e-05
25121,2.71479320628268e-05
25122,1.1995280057508101e-05
25123,3.9354116934764324e-05
25124,3.550170591009911e-05
25125,5.8220296486512236e-05
25126,5.819100281622349e-06
25127,7.65439688810413e-06
25128,6.650679745492437e-06
25129,3.7259482505932196e-06
25130,2.544141093801404e-06
25131,1.102911624623662e-05
25132,4.791395248311862e-07
25133,8.518218154287182e-06
25134,1.0247521474724586e-05
25135,2.6456439361553343e-05
25136,1.1836670161158395e-05
25137,4.081953044758512e-06
25138,3.309667459598288e-05
25139,1.1995280057508101e-05
25140,3.2445422920513604e-05
25141,3.3002804081806606e-08
25142,8.58487116859954e-07
25143,6.9763925007491356e-06
25144,6.784292077741517e-06
25145,9.983179633554033e-06
25146,1.0169209452128884e-05
25147,1.3656663751615575e-05
25148,1.763317027055864e-05
25149,9.318008668577259e-06
25150,9.318008668577259e-06
25151,1.0341492697675664e-05
25152,1.0419316881349636e-05
25153,8.069640355834237e-07
25154,1.60280005887528e-06
25155,5.241875531581324e-06
25156,2.767691883844998e-05
25157,1.9496757374554444e-05
25158,1.9081327479201104e-05
25159,7.89755808065313e-06
25160,4.687336814084638e-06
25161,3.303846101910503e-05
25162,1.1657463000347894e-05
25163,1.3656663751615575e-05
25164,9.360161008768145e-06
25165,1.6268595255204886e-05
25166,3.543302466457338e-05
25167,2.1889635175949354e-05
25168,1.4406269508056996e-06
25169,1.763317027055864e-05
25170,5.977473636206564e-06
25171,1.763317027055864e-05
25172,4.3673261564162975e-05
25173,3.3024904747861657e-06
25174,1.6762680528887596e-05
25175,8.278891074482927e-06
25176,7.227686254926452e-06
25177,2.5515775695340235e-05
25178,3.2445422920513604e-05
25179,1.1106870906897075e-05
25180,7.548761950666645e-06
25181,3.646874802707865e-06
25182,1.8581267500807902e-05
25183,1.983676114667277e-05
25184,4.687336814084638e-06
25185,2.767691883844998e-05
25186,7.548761950666645e-06
25187,1.8024136615215226e-05
25188,5.574238617669124e-06
25189,2.6232464898206492e-05
25190,2.3147390505172322e-06
25191,7.347760832167804e-07
25192,1.6867743870140347e-06
25193,2.814480122753761e-06
25194,2.5515775695340235e-05
25195,7.227686254926452e-06
25196,3.5606009976195343e-05
25197,2.1744228134562504e-06
25198,2.774794707844015e-05
25199,1.0991002387294113e-05
25200,3.8749958113115455e-05
25201,2.8638297407765024e-05
25202,9.037310875955778e-06
25203,3.0690090913653083e-05
25204,1.1030157069663546e-05
25205,4.9131166243979826e-05
25206,4.21660952537031e-05
25207,7.449902406129431e-06
25208,3.080654430191315e-05
25209,4.510532463645274e-06
25210,1.1995280057508101e-05
25211,3.309667459598288e-05
25212,1.3656663751615575e-05
25213,1.6452166147152925e-05
25214,2.0167755210234932e-06
25215,1.0341492697675664e-05
25216,2.5341379931947438e-05
25217,9.753306518785305e-06
25218,5.066824247869157e-06
25219,2.9585883797388398e-05
25220,1.9766402380370655e-05
25221,3.080654430191315e-05
25222,1.5597427615731944e-05
25223,2.1889635175949354e-05
25224,9.318008668577259e-06
25225,2.1889635175949354e-05
25226,2.0940793139358538e-05
25227,2.3774942646459326e-05
25228,3.740934014239658e-05
25229,1.1875799467932967e-05
25230,1.926045809992359e-06
25231,1.128061277732567e-05
25232,5.066824247869157e-06
25233,5.726319896952129e-06
25234,4.687336814084638e-06
25235,2.557838228476347e-06
25236,2.6232464898206492e-05
25237,8.518218154287182e-06
25238,2.5457024326321722e-05
25239,5.574238617669124e-06
25240,1.577955613586142e-06
25241,1.1918676508060773e-05
25242,7.009694715600637e-06
25243,3.919953362856588e-06
25244,3.2445422920513604e-05
25245,3.3024904747861657e-06
25246,1.9766402380370655e-05
25247,1.6723997866334754e-05
25248,1.2451007501704985e-05
25249,1.784178363150239e-05
25250,6.47964763296422e-06
25251,1.66801693039325e-05
25252,9.622365479210942e-06
25253,1.5462754272636223e-06
25254,9.255783930672972e-07
25255,1.339996171333577e-05
25256,3.197007371508808e-06
25257,1.3010185579213226e-06
25258,4.6875123074126315e-06
25259,2.708662522771681e-05
25260,3.2445422920513604e-05
25261,1.6452166147152925e-05
25262,1.9766402380370655e-05
25263,4.758563856264241e-06
25264,5.606493715984668e-06
25265,3.550170591009911e-05
25266,1.4179314817945976e-05
25267,3.527316528892231e-05
25268,2.0167755210234932e-06
25269,2.212503139575054e-05
25270,2.1744228134562504e-06
25271,6.533037179739474e-06
25272,4.305506070831409e-06
25273,8.881973286371031e-06
25274,8.981221596183088e-06
25275,8.865359047952257e-06
25276,2.39372234713232e-05
25277,3.78235516341809e-08
25278,2.1744228134562504e-06
25279,8.686511606635514e-05
25280,3.309667459598288e-05
25281,2.569745318314875e-05
25282,4.687336814084638e-06
25283,7.682893847554348e-06
25284,1.1918676508060773e-05
25285,3.2445422920513604e-05
25286,1.369814157940644e-05
25287,6.784292077741517e-06
25288,3.2446151946335693e-06
25289,6.20641346548928e-05
25290,2.544141093801404e-06
25291,5.574238617669124e-06
25292,1.8024136615215226e-05
25293,3.2445422920513604e-05
25294,1.763317027055864e-05
25295,3.543302466457338e-05
25296,2.1744228134562504e-06
25297,1.357636909726148e-06
25298,1.1204600872324263e-05
25299,1.763317027055864e-05
25300,1.2502128903267543e-05
25301,7.293191880507838e-06
25302,1.4406269508056996e-06
25303,8.881973286371031e-06
25304,9.7950553838749e-06
25305,6.8012151300323124e-06
25306,9.318008668577259e-06
25307,1.0857419387940288e-05
25308,6.076666691901281e-06
25309,2.6232464898206492e-05
25310,3.209158146860241e-05
25311,8.865359047952257e-06
25312,1.8581267500807902e-05
25313,5.167543924003077e-06
25314,3.579259214609329e-05
25315,9.7950553838749e-06
25316,3.2446151946335693e-06
25317,1.0274166338583712e-05
25318,9.903911426043947e-06
25319,2.1258019776055202e-05
25320,1.1995280057508101e-05
25321,1.2451007501704985e-05
25322,3.309667459598288e-05
25323,2.1744228134562504e-06
25324,9.318008668577259e-06
25325,5.574238617669124e-06
25326,2.1744228134562504e-06
25327,4.146945752964598e-06
25328,1.1591132452624933e-05
25329,0.00010479819812673471
25330,4.210328472757064e-07
25331,5.119913791204008e-06
25332,4.983428830864382e-06
25333,7.206440890938093e-07
25334,0.00036594486600531357
25335,2.1744228134562504e-06
25336,9.983179633554033e-06
25337,5.917116457175449e-06
25338,1.1119171096837127e-05
25339,4.223512266542004e-05
25340,3.3002804081806606e-08
25341,2.970325875375545e-06
25342,6.3391743123908195e-06
25343,7.351019792492224e-06
25344,1.6709694019828036e-05
25345,9.16577641018437e-06
25346,9.318008668577259e-06
25347,3.550170591009911e-05
25348,1.1644992356732589e-05
25349,6.850174474690908e-06
25350,7.009694715600637e-06
25351,1.1644992356732589e-05
25352,1.1644992356732589e-05
25353,1.1644992356732589e-05
25354,2.871278306684904e-05
25355,5.7676195169634285e-06
25356,8.58487116859954e-07
25357,4.210328472757064e-07
25358,2.212503139575054e-05
25359,6.193499748701765e-06
25360,1.0778569895248545e-05
25361,6.03146442030491e-06
25362,1.783334204856849e-06
25363,8.710795972996155e-06
25364,8.865359047952257e-06
25365,4.665632634194996e-06
25366,2.224458335753996e-06
25367,4.7641157993465865e-06
25368,1.09231490319743e-05
25369,7.329428962093246e-06
25370,3.550170591009911e-05
25371,1.0026530187256368e-06
25372,5.241875531581324e-06
25373,9.16577641018437e-06
25374,3.3334057599760894e-06
25375,5.2561529384327414e-06
25376,3.727382220091563e-06
25377,1.2547158450459412e-05
25378,5.1699839138381205e-06
25379,2.1258019776055202e-05
25380,4.531044181113482e-06
25381,1.3770173956169104e-05
25382,1.763317027055864e-05
25383,2.7471378098867538e-05
25384,1.6723997866334754e-05
25385,1.1361043672704842e-05
25386,6.3391743123908195e-06
25387,1.1663973207448035e-05
25388,4.035362184388446e-06
25389,9.239391415410769e-06
25390,1.0026530187256368e-06
25391,2.544141093801404e-06
25392,3.309667459598288e-05
25393,4.0025029566667915e-06
25394,3.6387714811446134e-05
25395,2.0389030618798876e-05
25396,8.710795972996155e-06
25397,3.309667459598288e-05
25398,3.889663216446158e-06
25399,2.39372234713232e-05
25400,2.789142352726953e-05
25401,2.767691883844998e-05
25402,9.360161008768145e-06
25403,1.0840929305943627e-05
25404,3.2445422920513604e-05
25405,3.3024904747861657e-06
25406,1.2502128903267543e-05
25407,1.0313207022366888e-05
25408,8.865359047952257e-06
25409,7.329428962093246e-06
25410,1.991722974821701e-05
25411,2.767691883844998e-05
25412,3.2445422920513604e-05
25413,2.385536642401955e-06
25414,6.187527430052336e-06
25415,2.1258019776055202e-05
25416,9.318008668577259e-06
25417,1.7905032155057229e-06
25418,9.210387332349427e-06
25419,1.6321563674865662e-06
25420,3.926828147199314e-05
25421,1.0026530187256368e-06
25422,3.5606009976195343e-05
25423,1.832563557451777e-05
25424,2.5341379931947438e-05
25425,1.8581267500807902e-05
25426,7.227686254926452e-06
25427,1.1294166041408608e-05
25428,1.9792695525349584e-06
25429,2.567756127444846e-06
25430,3.926828147199314e-05
25431,1.2362811511319746e-05
25432,2.224901260689266e-05
25433,5.574238617669124e-06
25434,3.889663216446158e-06
25435,1.1836670161158395e-05
25436,3.7160634000884236e-06
25437,1.832563557451777e-05
25438,1.9977029603934174e-05
25439,3.536093575236567e-05
25440,2.6232464898206492e-05
25441,1.6709694019828036e-05
25442,9.640825058192401e-06
25443,7.18274825664088e-06
25444,1.0026530187256368e-06
25445,1.2532922002364974e-05
25446,3.309667459598288e-05
25447,8.137564451293906e-06
25448,2.39372234713232e-05
25449,3.457546241666303e-06
25450,1.2502128903267543e-05
25451,4.2865115079879596e-05
25452,2.5457024326321722e-05
25453,2.4048465548227363e-05
25454,1.0026530187256368e-06
25455,8.28663599998875e-06
25456,5.637976846777472e-06
25457,1.369814157940644e-05
25458,7.329428962093246e-06
25459,1.2502128903267543e-05
25460,7.65439688810413e-06
25461,2.472446640117757e-05
25462,1.1439436660058208e-05
25463,5.819100281622349e-06
25464,7.329428962093246e-06
25465,8.923409068108718e-06
25466,3.7160634000884236e-06
25467,1.0377534339301461e-05
25468,2.1083274392483527e-07
25469,3.5491847263001467e-06
25470,9.263726349490309e-06
25471,1.2547158450459412e-05
25472,3.550170591009911e-05
25473,5.167543924003077e-06
25474,3.3024904747861657e-06
25475,8.58487116859954e-07
25476,1.0438274842770595e-05
25477,1.2218817668013311e-06
25478,8.60461226932922e-06
25479,8.779840414085029e-06
25480,4.758563856264241e-06
25481,7.04087630940213e-06
25482,5.819100281622349e-06
25483,1.8868111523841994e-06
25484,1.60280005887528e-06
25485,8.710795972996155e-06
25486,6.089004899089511e-05
25487,2.767691883844998e-05
25488,3.665425943419378e-06
25489,3.5491847263001467e-06
25490,6.8012151300323124e-06
25491,2.3331530686283503e-05
25492,6.9338187017889555e-09
25493,1.6452166147152925e-05
25494,8.881973286371031e-06
25495,2.39372234713232e-05
25496,5.733999244647437e-06
25497,1.6452166147152925e-05
25498,2.0278891203424817e-05
25499,3.6854845048586053e-06
25500,5.791375776054895e-06
25501,1.0026530187256368e-06
25502,3.579259214609329e-05
25503,5.212606347747684e-05
25504,2.097404340523741e-06
25505,7.993519340531444e-06
25506,5.606493715984668e-06
25507,3.3334057599760894e-06
25508,2.2416075185875792e-05
25509,8.58487116859954e-07
25510,2.39372234713232e-05
25511,1.3026461063621571e-05
25512,7.993519340531444e-06
25513,1.0273732253466651e-05
25514,1.9766402380370655e-05
25515,9.964834364854461e-06
25516,5.574238617669124e-06
25517,0.0002324422469142089
25518,8.779840414085029e-06
25519,1.8581267500807902e-05
25520,1.897963580710526e-06
25521,4.361463544814087e-07
25522,2.124438723017059e-06
25523,9.844233795786024e-06
25524,1.5110544139588908e-05
25525,3.080654430191315e-05
25526,1.3011685097237031e-05
25527,1.5597427615731944e-05
25528,7.1469930078055945e-06
25529,4.05465770021123e-05
25530,6.95709462097379e-06
25531,1.8024136615215226e-05
25532,5.606493715984668e-06
25533,1.2502128903267543e-05
25534,4.326588404811176e-05
25535,8.18763536864292e-06
25536,7.226360711145934e-06
25537,6.076666691901281e-06
25538,2.8483417257409518e-06
25539,2.1744228134562504e-06
25540,5.819100281622349e-06
25541,5.094381667434789e-06
25542,4.1000306674368e-05
25543,3.3024904747861657e-06
25544,1.9853148695759767e-05
25545,1.4406269508056996e-06
25546,3.083108835170801e-05
25547,8.58487116859954e-07
25548,4.0363958337693707e-05
25549,1.2547158450459412e-05
25550,1.6321563674865662e-06
25551,4.179190369522081e-05
25552,3.6384885364149834e-06
25553,3.550170591009911e-05
25554,9.903911426043947e-06
25555,1.2451007501704985e-05
25556,3.550170591009911e-05
25557,5.476950143866448e-05
25558,1.0438274842770595e-05
25559,1.4297823807217834e-07
25560,3.2445422920513604e-05
25561,8.710795972996155e-06
25562,2.079854819816605e-06
25563,1.4571977729669638e-05
25564,3.550170591009911e-05
25565,8.58487116859954e-07
25566,5.855222805569599e-06
25567,9.594154120435579e-06
25568,4.344563232312016e-06
25569,5.489708419760574e-06
25570,2.9414532597051834e-06
25571,1.140950014175366e-05
25572,3.1640275916112384e-06
25573,1.6268595255204886e-05
25574,1.9766402380370655e-05
25575,9.753306518785305e-06
25576,3.550170591009911e-05
25577,3.5606009976195343e-05
25578,4.8062581530261184e-06
25579,7.227686254926452e-06
25580,1.3073514415799466e-05
25581,9.753306518785305e-06
25582,9.263726349490309e-06
25583,4.344563232312016e-06
25584,3.0079609402737546e-05
25585,4.758563856264241e-06
25586,6.576810779292334e-06
25587,3.682437588552389e-06
25588,1.9546854292914827e-05
25589,2.767691883844998e-05
25590,1.0169209452128884e-05
25591,9.318008668577259e-06
25592,1.8667014493856614e-06
25593,3.223478423162025e-06
25594,1.561392406263113e-05
25595,2.9414532597051834e-06
25596,2.324106206228486e-05
25597,6.9338187017889555e-09
25598,4.0363958337693707e-05
25599,1.5623712047274186e-05
25600,9.823787234911673e-06
25601,1.1187858695687232e-05
25602,1.1187858695687232e-05
25603,1.8024136615215226e-05
25604,9.599912754747727e-07
25605,5.321858340753551e-08
25606,7.989802125144922e-06
25607,1.3510556190963273e-06
25608,9.214131462842716e-05
25609,2.767691883844998e-05
25610,1.1644992356732589e-05
25611,8.779840414085029e-06
25612,3.2309268194194954e-06
25613,1.1918676508060773e-05
25614,1.8974895579305917e-05
25615,1.2727432446450108e-06
25616,2.763295902925167e-05
25617,2.124438723017059e-06
25618,1.2857782005483696e-05
25619,3.489693626393209e-06
25620,1.2547158450459412e-05
25621,5.549010010872713e-07
25622,5.790285704449747e-05
25623,4.207408501786292e-06
25624,3.3024904747861657e-06
25625,1.0377534339301461e-05
25626,1.2859160646836952e-05
25627,5.236114750762844e-06
25628,2.9414532597051834e-06
25629,1.0754660573650312e-05
25630,2.5409458264529133e-06
25631,2.767691883844998e-05
25632,9.622365479210942e-06
25633,3.080654430191315e-05
25634,7.325903801898597e-06
25635,9.622365479210942e-06
25636,2.171238991836809e-05
25637,2.171238991836809e-05
25638,7.383412113819585e-06
25639,9.318008668577259e-06
25640,9.239391415410769e-06
25641,4.531044181113482e-06
25642,1.1431039591334359e-05
25643,2.212503139575054e-05
25644,7.548761950666645e-06
25645,3.5517004061818853e-06
25646,7.449902406129431e-06
25647,7.795624630076884e-06
25648,1.1445049771455828e-05
25649,2.5457024326321722e-05
25650,4.118242352455543e-06
25651,7.329428962093246e-06
25652,3.579259214609329e-05
25653,2.767691883844998e-05
25654,4.88001542070682e-06
25655,1.763317027055864e-05
25656,3.309667459598288e-05
25657,3.223478423162025e-06
25658,4.8948281830987534e-06
25659,1.0952789725319169e-05
25660,4.952362352419042e-08
25661,5.119913791204008e-06
25662,2.8483417257409518e-06
25663,5.819100281622349e-06
25664,3.543302466457338e-05
25665,2.767691883844998e-05
25666,9.640825058192401e-06
25667,2.3331530686283503e-05
25668,8.779840414085029e-06
25669,5.659867290427026e-06
25670,7.383412113819585e-06
25671,9.823787234911673e-06
25672,2.5457024326321722e-05
25673,5.637976846777472e-06
25674,5.7064217317879925e-06
25675,1.0169209452128884e-05
25676,1.2857782005483696e-05
25677,3.7259482505932196e-06
25678,1.2752228797459337e-05
25679,1.0857419387940288e-05
25680,4.562484694210718e-05
25681,3.54898591020141e-06
25682,5.900895157352535e-06
25683,5.489708419760574e-06
25684,5.167543924003077e-06
25685,9.7950553838749e-06
25686,4.8948281830987534e-06
25687,1.0679981774516916e-05
25688,1.1988169966819532e-05
25689,2.913594373915911e-05
25690,2.767691883844998e-05
25691,1.56237812375348e-05
25692,1.5217656917777877e-05
25693,2.347157923442075e-05
25694,1.0679981774516916e-05
25695,9.318008668577259e-06
25696,7.171370439250675e-05
25697,7.016287745516977e-06
25698,4.081953044758512e-06
25699,2.0549076217869553e-05
25700,1.6709694019828036e-05
25701,3.579259214609329e-05
25702,7.548761950666645e-06
25703,1.6709694019828036e-05
25704,6.426076672132803e-06
25705,7.063549449832523e-07
25706,4.7042754888324594e-05
25707,5.489708419760574e-06
25708,2.5345955738682367e-05
25709,1.5597427615731944e-05
25710,2.1258019776055202e-05
25711,3.646874802707865e-06
25712,8.710795972996155e-06
25713,3.3002804081806606e-08
25714,8.710795972996155e-06
25715,5.46746317790583e-06
25716,1.1988169966819532e-05
25717,7.063549449832523e-07
25718,3.3024904747861657e-06
25719,3.579259214609329e-05
25720,7.016287745516977e-06
25721,3.309667459598288e-05
25722,1.1187858695687232e-05
25723,3.665425943419378e-06
25724,4.665632634194996e-06
25725,8.881973286371031e-06
25726,8.779840414085029e-06
25727,1.2279115364674386e-05
25728,1.0026530187256368e-06
25729,1.8942998186870606e-06
25730,1.3656663751615575e-05
25731,9.255783930672972e-07
25732,7.548761950666645e-06
25733,7.063549449832523e-07
25734,4.505488783061983e-05
25735,8.18763536864292e-06
25736,3.2445422920513604e-05
25737,1.1863193057143497e-05
25738,1.8313309055910421e-06
25739,4.665632634194996e-06
25740,1.66801693039325e-05
25741,2.5821669534390205e-06
25742,1.8460090098661703e-06
25743,2.3805619838825533e-05
25744,5.020948492982558e-06
25745,6.115777068064974e-06
25746,3.886874601569726e-05
25747,1.4406269508056996e-06
25748,4.8948281830987534e-06
25749,7.993519340531444e-06
25750,5.020948492982558e-06
25751,3.197007371508808e-06
25752,2.638324172073524e-06
25753,1.2859160646836952e-05
25754,6.784292077741517e-06
25755,9.844233795786024e-06
25756,9.318008668577259e-06
25757,4.8948281830987534e-06
25758,1.1050065501815846e-05
25759,1.6723997866334754e-05
25760,3.665425943419378e-06
25761,1.1050065501815846e-05
25762,2.6319758826481655e-05
25763,4.665632634194996e-06
25764,2.0121834450934538e-05
25765,4.8948281830987534e-06
25766,4.8948281830987534e-06
25767,7.449902406129431e-06
25768,2.1744228134562504e-06
25769,1.9853148695759767e-05
25770,5.819100281622349e-06
25771,2.889334277513483e-05
25772,1.9288810080275025e-05
25773,7.063549449832523e-07
25774,3.726055405653195e-06
25775,1.3602907083012958e-05
25776,7.016287745516977e-06
25777,4.966210136356972e-07
25778,8.779840414085029e-06
25779,5.5786229470591824e-05
25780,2.9429745159228694e-07
25781,1.8936221026801777e-06
25782,1.1988169966819532e-05
25783,2.3805619838825533e-05
25784,2.814480122753761e-06
25785,1.1050065501815846e-05
25786,1.7865320497990407e-05
25787,1.1050065501815846e-05
25788,7.325903801898597e-06
25789,1.1050065501815846e-05
25790,1.1050065501815846e-05
25791,1.1050065501815846e-05
25792,4.8948281830987534e-06
25793,4.8948281830987534e-06
25794,1.5621535187286874e-05
25795,3.926828147199314e-05
25796,4.173486881781762e-06
25797,5.167543924003077e-06
25798,3.002707262751706e-05
25799,8.865359047952257e-06
25800,3.080654430191315e-05
25801,7.063549449832523e-07
25802,3.806293414579964e-05
25803,1.3409376265318766e-05
25804,1.0857419387940288e-05
25805,2.39372234713232e-05
25806,9.983179633554033e-06
25807,3.309667459598288e-05
25808,2.4683056328024187e-06
25809,8.010002495265992e-06
25810,5.819100281622349e-06
25811,1.658495497062072e-05
25812,3.550170591009911e-05
25813,1.6452166147152925e-05
25814,1.8024136615215226e-05
25815,4.685917832397219e-06
25816,1.6549725166295783e-05
25817,3.2445422920513604e-05
25818,1.7420389153252973e-05
25819,1.0377534339301461e-05
25820,1.4780495544012343e-05
25821,2.6232464898206492e-05
25822,1.0438274842770595e-05
25823,5.489708419760574e-06
25824,2.9463573275273432e-05
25825,8.710795972996155e-06
25826,8.779840414085029e-06
25827,8.79219889454674e-06
25828,2.67705202093828e-05
25829,8.244613255882126e-06
25830,1.369814157940644e-05
25831,1.1298618288485303e-05
25832,1.1050065501815846e-05
25833,1.8024136615215226e-05
25834,7.063549449832523e-07
25835,6.784292077741517e-06
25836,7.063549449832523e-07
25837,5.489708419760574e-06
25838,1.1050065501815846e-05
25839,1.2279115364674386e-05
25840,7.329428962093246e-06
25841,2.5341379931947438e-05
25842,1.8460090098661703e-06
25843,1.8460090098661703e-06
25844,1.8460090098661703e-06
25845,8.379046189605645e-06
25846,1.8942998186870606e-06
25847,2.1744228134562504e-06
25848,9.318008668577259e-06
25849,3.3002804081806606e-08
25850,1.8805946600225752e-05
25851,2.1139176639676687e-06
25852,2.5341379931947438e-05
25853,3.579259214609329e-05
25854,1.8538364677761307e-05
25855,5.1953872057252035e-05
25856,1.1918676508060773e-05
25857,3.489693626393209e-06
25858,9.318008668577259e-06
25859,6.229396957021664e-06
25860,2.6232464898206492e-05
25861,1.8460090098661703e-06
25862,1.0341492697675664e-05
25863,3.993570026333819e-05
25864,8.892737362243828e-06
25865,7.226360711145934e-06
25866,1.0377534339301461e-05
25867,8.58487116859954e-07
25868,3.2119393217522706e-05
25869,2.767691883844998e-05
25870,7.063549449832523e-07
25871,9.318008668577259e-06
25872,3.543302466457338e-05
25873,1.8460090098661703e-06
25874,1.8538364677761307e-05
25875,1.4947297656023093e-05
25876,1.4947297656023093e-05
25877,3.801613116585458e-05
25878,9.7950553838749e-06
25879,5.574238617669124e-06
25880,8.58487116859954e-07
25881,1.1695172375991367e-05
25882,6.807153939081614e-06
25883,1.6268595255204886e-05
25884,1.8805946600225752e-05
25885,1.9756906355571455e-05
25886,1.0169209452128884e-05
25887,7.016287745516977e-06
25888,3.579259214609329e-05
25889,3.682437588552389e-06
25890,1.0377534339301461e-05
25891,1.1296162894568455e-05
25892,1.6549725166295783e-05
25893,5.556302248625612e-05
25894,7.580292715876786e-05
25895,3.2309268194194954e-06
25896,1.983676114667277e-05
25897,2.5515775695340235e-05
25898,9.736558757118512e-06
25899,1.2668639946208822e-05
25900,9.273329360391642e-06
25901,5.255304396475011e-07
25902,1.1428786419570448e-05
25903,5.606493715984668e-06
25904,4.7641157993465865e-06
25905,1.763317027055864e-05
25906,8.58487116859954e-07
25907,2.448581493633445e-05
25908,2.093229920457446e-06
25909,7.063549449832523e-07
25910,1.887351987924151e-05
25911,1.2451007501704985e-05
25912,3.665425943419378e-06
25913,4.240897968055228e-06
25914,9.823787234911673e-06
25915,3.309667459598288e-05
25916,7.989802125144922e-06
25917,5.819100281622349e-06
25918,2.5798193606812087e-05
25919,2.6232464898206492e-05
25920,1.8805946600225752e-05
25921,1.9496757374554444e-05
25922,2.767691883844998e-05
25923,2.0549076217869553e-05
25924,4.344563232312016e-06
25925,4.081953044758512e-06
25926,4.344563232312016e-06
25927,7.329428962093246e-06
25928,2.3079566049958632e-05
25929,3.665425943419378e-06
25930,3.665425943419378e-06
25931,2.7794990160871845e-05
25932,1.700484395827597e-05
25933,8.865359047952257e-06
25934,1.369814157940644e-05
25935,5.020948492982558e-06
25936,5.821636477661691e-06
25937,2.9658433015577584e-05
25938,6.249110241859464e-06
25939,2.6366617112429715e-05
25940,5.241875531581324e-06
25941,1.5300986451373842e-05
25942,3.2445422920513604e-05
25943,9.594154120435579e-06
25944,2.6203822202074985e-05
25945,6.807153939081614e-06
25946,2.785041548221168e-05
25947,3.2445422920513604e-05
25948,1.2547158450459412e-05
25949,1.128061277732567e-05
25950,1.8974895579305917e-05
25951,9.823787234911673e-06
25952,4.8948281830987534e-06
25953,4.207408501786292e-06
25954,1.8500756511093587e-06
25955,1.0416189543517678e-05
25956,5.255304396475011e-07
25957,7.499015165752427e-06
25958,4.0363958337693707e-05
25959,1.6471837375168771e-06
25960,8.710795972996155e-06
25961,4.373458287193397e-07
25962,6.660113175588203e-06
25963,8.779840414085029e-06
25964,4.2496456287966985e-05
25965,5.855222805569599e-06
25966,7.499015165752427e-06
25967,9.318008668577259e-06
25968,1.67043153135276e-05
25969,2.5457024326321722e-05
25970,5.574238617669124e-06
25971,2.510603690142444e-06
25972,1.4406269508056996e-06
25973,3.3024904747861657e-06
25974,3.080654430191315e-05
25975,5.489708419760574e-06
25976,1.8581267500807902e-05
25977,1.8805946600225752e-05
25978,1.2859160646836952e-05
25979,3.539311530167583e-06
25980,3.539311530167583e-06
25981,1.8942998186870606e-06
25982,2.3966070883691543e-05
25983,5.74256060132945e-06
25984,5.819100281622349e-06
25985,2.9486848914474515e-05
25986,6.533037179739474e-06
25987,2.4683056328024187e-06
25988,5.236114750762844e-06
25989,3.665425943419378e-06
25990,0.00011542995755588727
25991,9.594154120435579e-06
25992,3.156793480187798e-06
25993,3.579259214609329e-05
25994,3.926828147199314e-05
25995,9.753306518785305e-06
25996,8.768460132188203e-07
25997,8.768460132188203e-07
25998,2.900439593488112e-05
25999,7.89755808065313e-06
26000,1.8500756511093587e-06
26001,1.1836670161158395e-05
26002,1.1187858695687232e-05
26003,3.489693626393209e-06
26004,8.243848403349646e-06
26005,1.1836670161158395e-05
26006,4.433994353239081e-06
26007,7.86375023253337e-06
26008,3.080654430191315e-05
26009,6.533037179739474e-06
26010,2.6366617112429715e-05
26011,9.7950553838749e-06
26012,1.398545076197968e-05
26013,4.842035380334198e-06
26014,2.0549076217869553e-05
26015,7.918981112278224e-05
26016,1.737039905029174e-06
26017,8.779840414085029e-06
26018,2.4740398764278867e-05
26019,1.1439436660058208e-05
26020,1.6709694019828036e-05
26021,2.3079566049958632e-05
26022,1.0026530187256368e-06
26023,9.844233795786024e-06
26024,3.539311530167583e-06
26025,8.981221596183088e-06
26026,3.543302466457338e-05
26027,3.926828147199314e-05
26028,4.7641157993465865e-06
26029,3.926828147199314e-05
26030,5.855222805569599e-06
26031,3.3762346476132874e-06
26032,3.6954725355878477e-06
26033,7.0509800857931e-05
26034,1.3656663751615575e-05
26035,3.172312495002965e-06
26036,1.398545076197968e-05
26037,1.5597427615731944e-05
26038,5.576962175002747e-05
26039,5.574238617669124e-06
26040,3.2446151946335693e-06
26041,1.2547158450459412e-05
26042,1.1533265666156953e-05
26043,5.74256060132945e-06
26044,1.9004063843858377e-07
26045,2.9414532597051834e-06
26046,3.2021007702808205e-06
26047,1.1644992356732589e-05
26048,1.1644992356732589e-05
26049,1.9853148695759767e-05
26050,1.0754660573650312e-05
26051,3.9372200989235965e-05
26052,4.424908885452247e-05
26053,1.3320209526088775e-05
26054,1.6797119349840586e-06
26055,8.851037022999384e-06
26056,4.054883656866124e-06
26057,7.351019792492224e-06
26058,8.881973286371031e-06
26059,1.1050065501815846e-05
26060,2.9414532597051834e-06
26061,7.795624630076884e-06
26062,5.241875531581324e-06
26063,7.548761950666645e-06
26064,1.3794497302494021e-06
26065,2.200768265980466e-05
26066,6.064467224386717e-06
26067,1.2547158450459412e-05
26068,1.1644992356732589e-05
26069,4.496647434593277e-06
26070,7.993519340531444e-06
26071,7.347760832167804e-07
26072,4.739205207123671e-06
26073,7.548761950666645e-06
26074,8.779840414085029e-06
26075,6.3391743123908195e-06
26076,7.325903801898597e-06
26077,2.0822085693698456e-05
26078,5.821636477661691e-06
26079,5.255304396475011e-07
26080,7.602651543189434e-06
26081,6.115777068064974e-06
26082,1.1050065501815846e-05
26083,4.7674004713794945e-06
26084,3.3024904747861657e-06
26085,3.2446151946335693e-06
26086,6.71090935569397e-08
26087,8.710795972996155e-06
26088,2.6232464898206492e-05
26089,4.373458287193397e-07
26090,1.8500756511093587e-06
26091,1.8805946600225752e-05
26092,2.124438723017059e-06
26093,1.0341492697675664e-05
26094,5.103883311509619e-05
26095,7.171370439250675e-05
26096,7.063549449832523e-07
26097,5.167543924003077e-06
26098,8.18763536864292e-06
26099,5.574238617669124e-06
26100,1.3510106938770526e-05
26101,5.255304396475011e-07
26102,9.823787234911673e-06
26103,3.457546241666303e-06
26104,1.6778098339098316e-05
26105,5.819100281622349e-06
26106,5.119913791204008e-06
26107,1.6723997866334754e-05
26108,3.5440203959875755e-05
26109,5.469079616141989e-07
26110,8.58487116859954e-07
26111,4.015419028639798e-06
26112,9.006527703519867e-07
26113,1.763317027055864e-05
26114,3.2446151946335693e-06
26115,3.5517004061818853e-06
26116,5.167543924003077e-06
26117,1.1152414258539597e-05
26118,5.821636477661691e-06
26119,3.550170591009911e-05
26120,1.1152414258539597e-05
26121,9.599912754747727e-07
26122,2.5457024326321722e-05
26123,1.1644992356732589e-05
26124,1.8581267500807902e-05
26125,3.0495527855264824e-06
26126,1.369814157940644e-05
26127,2.6366617112429715e-05
26128,5.819100281622349e-06
26129,7.86375023253337e-06
26130,1.1445049771455828e-05
26131,5.236114750762844e-06
26132,3.54898591020141e-06
26133,1.166205935181289e-05
26134,1.1918676508060773e-05
26135,3.8497903229500105e-05
26136,1.1644992356732589e-05
26137,4.7641157993465865e-06
26138,3.665425943419378e-06
26139,5.2561529384327414e-06
26140,1.8581267500807902e-05
26141,1.0438274842770595e-05
26142,3.665425943419378e-06
26143,7.124176368197579e-06
26144,8.981221596183088e-06
26145,3.457546241666303e-06
26146,9.823787234911673e-06
26147,5.167543924003077e-06
26148,2.814480122753761e-06
26149,1.2547158450459412e-05
26150,1.102911624623662e-05
26151,4.081953044758512e-06
26152,3.726055405653195e-06
26153,6.3391743123908195e-06
26154,6.076666691901281e-06
26155,3.7521152634236e-05
26156,8.137564451293906e-06
26157,3.2445422920513604e-05
26158,3.921231089405238e-06
26159,1.6161444033557766e-05
26160,6.846161695883644e-05
26161,7.795624630076884e-06
26162,1.2085578189964074e-05
26163,1.2547158450459412e-05
26164,1.1657463000347894e-05
26165,1.5217656917777877e-05
26166,3.3577468101269214e-06
26167,1.8581267500807902e-05
26168,6.807153939081614e-06
26169,1.6452166147152925e-05
26170,3.665425943419378e-06
26171,9.844233795786024e-06
26172,2.5341379931947438e-05
26173,5.489708419760574e-06
26174,8.244613255882126e-06
26175,1.1152414258539597e-05
26176,3.197007371508808e-06
26177,1.8024136615215226e-05
26178,2.7420677464930713e-05
26179,1.6268595255204886e-05
26180,2.569745318314875e-05
26181,2.8599298038882866e-06
26182,9.983179633554033e-06
26183,9.983179633554033e-06
26184,2.1744228134562504e-06
26185,5.819100281622349e-06
26186,5.574238617669124e-06
26187,9.983179633554033e-06
26188,1.0948484236713208e-05
26189,3.309667459598288e-05
26190,3.665425943419378e-06
26191,1.9326492722494215e-05
26192,7.505313940780551e-06
26193,5.236114750762844e-06
26194,3.665425943419378e-06
26195,1.5822479104540874e-06
26196,1.432509188134624e-05
26197,4.280276360890319e-05
26198,6.161548545452204e-05
26199,3.54898591020141e-06
26200,2.814480122753761e-06
26201,5.762673730584965e-05
26202,2.4597234961006e-05
26203,3.5512823101964576e-06
26204,1.0331353779356072e-05
26205,5.638264639183681e-05
26206,2.5457024326321722e-05
26207,2.4273409778131582e-05
26208,1.4927294283920315e-05
26209,3.6854845048586053e-06
26210,1.7505644037220177e-05
26211,1.6778098339098316e-05
26212,1.658495497062072e-05
26213,9.753306518785305e-06
26214,3.309667459598288e-05
26215,3.196557135987845e-05
26216,1.0377534339301461e-05
26217,3.56292893055354e-06
26218,1.0754660573650312e-05
26219,2.785041548221168e-05
26220,1.2085578189964074e-05
26221,6.03146442030491e-06
26222,7.505313940780551e-06
26223,1.095676865700563e-06
26224,3.54898591020141e-06
26225,1.1863193057143497e-05
26226,7.227686254926452e-06
26227,1.763317027055864e-05
26228,1.0341492697675664e-05
26229,9.622365479210942e-06
26230,2.8599298038882866e-06
26231,2.0940793139358538e-05
26232,7.795624630076884e-06
26233,3.309667459598288e-05
26234,4.870128979328163e-05
26235,1.8129085397442568e-05
26236,6.234262328422155e-05
26237,2.5826453593806244e-06
26238,1.2859160646836952e-05
26239,7.063873064465449e-07
26240,4.7641157993465865e-06
26241,1.095676865700563e-06
26242,1.763317027055864e-05
26243,1.0331353779356072e-05
26244,3.3577468101269214e-06
26245,2.1744228134562504e-06
26246,4.7641157993465865e-06
26247,1.1836670161158395e-05
26248,8.981221596183088e-06
26249,9.263726349490309e-06
26250,3.7103279586448374e-05
26251,3.367122987356735e-06
26252,3.646874802707865e-06
26253,8.58487116859954e-07
26254,5.109913352583105e-05
26255,7.050784922103455e-06
26256,3.665425943419378e-06
26257,5.241875531581324e-06
26258,2.6366617112429715e-05
26259,1.66801693039325e-05
26260,1.56237812375348e-05
26261,1.1988169966819532e-05
26262,7.471445252653988e-05
26263,6.968368106932211e-06
26264,1.4406269508056996e-06
26265,7.124176368197579e-06
26266,1.8538364677761307e-05
26267,1.6549725166295783e-05
26268,6.03146442030491e-06
26269,1.2451007501704985e-05
26270,9.89800748622995e-06
26271,9.823787234911673e-06
26272,7.04087630940213e-06
26273,4.403239727133973e-05
26274,1.8805946600225752e-05
26275,7.331800642385495e-07
26276,2.385536642401955e-06
26277,2.171238991836809e-05
26278,1.1050065501815846e-05
26279,1.1050065501815846e-05
26280,2.569745318314875e-05
26281,5.874221594061904e-06
26282,4.023291535536111e-05
26283,1.0746372353168317e-05
26284,2.6366617112429715e-05
26285,2.4377363183126958e-05
26286,1.4335623204532013e-07
26287,7.206440890938093e-07
26288,5.606493715984668e-06
26289,3.1640275916112384e-06
26290,3.682437588552389e-06
26291,2.1145056985208625e-06
26292,7.548761950666645e-06
26293,2.1744228134562504e-06
26294,1.8460090098661703e-06
26295,2.710438024859714e-05
26296,5.855222805569599e-06
26297,4.344563232312016e-06
26298,3.764547086608658e-05
26299,1.1988169966819532e-05
26300,5.46746317790583e-06
26301,1.3026461063621571e-05
26302,1.0332946556311193e-07
26303,5.167543924003077e-06
26304,1.847106690969064e-05
26305,2.9414532597051834e-06
26306,2.3079566049958632e-05
26307,7.016287745516977e-06
26308,7.011641520243819e-05
26309,1.847106690969064e-05
26310,8.981221596183088e-06
26311,1.0991002387294113e-05
26312,1.2451007501704985e-05
26313,1.847106690969064e-05
26314,6.306632850805595e-06
26315,4.687336814084638e-06
26316,3.977855020714875e-05
26317,1.847106690969064e-05
26318,7.795624630076884e-06
26319,3.929128211308483e-06
26320,2.324106206228486e-05
26321,7.063549449832523e-07
26322,7.063549449832523e-07
26323,2.1744228134562504e-06
26324,3.5512823101964576e-06
26325,8.35396901245353e-06
26326,6.306632850805595e-06
26327,6.8012151300323124e-06
26328,2.385536642401955e-06
26329,7.548761950666645e-06
26330,3.309667459598288e-05
26331,6.8012151300323124e-06
26332,1.0026530187256368e-06
26333,1.6452166147152925e-05
26334,8.793584027259173e-05
26335,3.926828147199314e-05
26336,2.171238991836809e-05
26337,4.449671676898806e-06
26338,2.8638297407765024e-05
26339,1.8538364677761307e-05
26340,4.344563232312016e-06
26341,6.229396957021664e-06
26342,5.447238745405974e-05
26343,2.1744228134562504e-06
26344,3.665425943419378e-06
26345,1.1152414258539597e-05
26346,1.2547158450459412e-05
26347,1.9756906355571455e-05
26348,1.9756906355571455e-05
26349,2.8638297407765024e-05
26350,2.6232464898206492e-05
26351,7.063549449832523e-07
26352,1.6452166147152925e-05
26353,1.75856283615666e-05
26354,1.75856283615666e-05
26355,5.167543924003077e-06
26356,1.1836670161158395e-05
26357,6.9763925007491356e-06
26358,3.2445422920513604e-05
26359,8.031641710132544e-08
26360,3.646874802707865e-06
26361,8.779840414085029e-06
26362,7.993519340531444e-06
26363,1.6452166147152925e-05
26364,5.819100281622349e-06
26365,3.08202134071789e-05
26366,4.695935588425668e-05
26367,1.3026461063621571e-05
26368,1.768156212919042e-07
26369,4.085985549326954e-06
26370,5.574238617669124e-06
26371,2.9739679225546837e-05
26372,1.1050065501815846e-05
26373,3.223478423162025e-06
26374,3.9148402204592065e-05
26375,7.009694715600637e-06
26376,1.1875799467932967e-05
26377,7.063549449832523e-07
26378,5.637976846777472e-06
26379,2.1744228134562504e-06
26380,7.063549449832523e-07
26381,3.0495527855264824e-06
26382,8.278891074482927e-06
26383,5.469079616141989e-07
26384,3.6854845048586053e-06
26385,4.070819748769538e-05
26386,1.1657463000347894e-05
26387,1.0377534339301461e-05
26388,3.156793480187798e-06
26389,1.1050065501815846e-05
26390,7.449902406129431e-06
26391,4.153317033040402e-05
26392,9.823787234911673e-06
26393,1.2451007501704985e-05
26394,7.063549449832523e-07
26395,2.569745318314875e-05
26396,3.857321283308478e-05
26397,2.1744228134562504e-06
26398,9.802835711729158e-07
26399,1.0991002387294113e-05
26400,2.3074341812228413e-05
26401,3.5517004061818853e-06
26402,7.89755808065313e-06
26403,1.6549725166295783e-05
26404,8.243848403349646e-06
26405,8.243848403349646e-06
26406,2.3079566049958632e-05
26407,6.784292077741517e-06
26408,1.6778098339098316e-05
26409,5.900895157352535e-06
26410,9.823787234911673e-06
26411,1.8460090098661703e-06
26412,1.1644992356732589e-05
26413,2.5457024326321722e-05
26414,5.119913791204008e-06
26415,1.19936596478617e-06
26416,1.1644992356732589e-05
26417,3.7774337547790563e-06
26418,2.9414532597051834e-06
26419,7.347760832167804e-07
26420,1.2547158450459412e-05
26421,2.569745318314875e-05
26422,1.0331353779356072e-05
26423,4.763658862776077e-06
26424,1.8805946600225752e-05
26425,3.5606009976195343e-05
26426,5.167543924003077e-06
26427,7.428509652944178e-06
26428,9.263726349490309e-06
26429,9.823787234911673e-06
26430,2.9760460139563167e-05
26431,2.4817135915967347e-05
26432,2.5341379931947438e-05
26433,3.721232060762215e-06
26434,1.6778098339098316e-05
26435,3.926828147199314e-05
26436,7.86375023253337e-06
26437,2.9414532597051834e-06
26438,7.86375023253337e-06
26439,1.8125696776450855e-05
26440,1.2859160646836952e-05
26441,9.515108067451576e-06
26442,9.318008668577259e-06
26443,3.6954725355878477e-06
26444,4.665632634194996e-06
26445,1.0377534339301461e-05
26446,6.3391743123908195e-06
26447,2.212503139575054e-05
26448,1.0313207022366888e-05
26449,2.233190065385766e-06
26450,1.0319925847946167e-06
26451,1.4571977729669638e-05
26452,1.6910571519040934e-05
26453,1.2668639946208822e-05
26454,7.063549449832523e-07
26455,1.658495497062072e-05
26456,2.767691883844998e-05
26457,9.89800748622995e-06
26458,8.58487116859954e-07
26459,8.244613255882126e-06
26460,4.0363958337693707e-05
26461,6.533037179739474e-06
26462,1.1050065501815846e-05
26463,5.606493715984668e-06
26464,1.1925938141676377e-05
26465,1.1050065501815846e-05
26466,1.1050065501815846e-05
26467,1.1050065501815846e-05
26468,9.640825058192401e-06
26469,1.0438274842770595e-05
26470,1.8805946600225752e-05
26471,1.66801693039325e-05
26472,3.2021007702808205e-06
26473,3.919953362856588e-06
26474,3.367122987356735e-06
26475,3.5461693726315654e-06
26476,1.1533265666156953e-05
26477,2.8290707601054328e-05
26478,9.318008668577259e-06
26479,4.754748103679141e-06
26480,0.0002526606971661994
26481,8.981221596183088e-06
26482,9.203859275692585e-05
26483,5.167543924003077e-06
26484,2.1744228134562504e-06
26485,2.0549076217869553e-05
26486,1.1918676508060773e-05
26487,9.622365479210942e-06
26488,7.063549449832523e-07
26489,7.063549449832523e-07
26490,1.1997764685598476e-05
26491,1.1533265666156953e-05
26492,8.779840414085029e-06
26493,9.823787234911673e-06
26494,1.2320029522299125e-05
26495,3.6954725355878477e-06
26496,2.767691883844998e-05
26497,1.9146372171376148e-05
26498,1.1152414258539597e-05
26499,1.8500756511093587e-06
26500,2.509610041167378e-05
26501,3.197007371508808e-06
26502,1.2752228797459337e-05
26503,4.024446243436138e-05
26504,2.879281384623148e-06
26505,6.076666691901281e-06
26506,2.879281384623148e-06
26507,1.1439436660058208e-05
26508,2.5409458264529133e-06
26509,1.4406269508056996e-06
26510,4.170914927000391e-05
26511,1.6549725166295783e-05
26512,6.076666691901281e-06
26513,4.085985549326954e-06
26514,1.1997764685598476e-05
26515,2.1145056985208625e-06
26516,7.993519340531444e-06
26517,3.543302466457338e-05
26518,1.2040405745530714e-05
26519,2.39372234713232e-05
26520,1.1918676508060773e-05
26521,2.5341379931947438e-05
26522,5.3297663669851925e-05
26523,2.6232464898206492e-05
26524,3.418109811937632e-05
26525,4.995117563042747e-06
26526,5.606493715984668e-06
26527,9.844233795786024e-06
26528,1.6723997866334754e-05
26529,6.807153939081614e-06
26530,2.212503139575054e-05
26531,1.4102353710987567e-05
26532,1.2752228797459337e-05
26533,3.6384885364149834e-06
26534,6.807153939081614e-06
26535,5.900895157352535e-06
26536,6.076666691901281e-06
26537,8.28663599998875e-06
26538,1.6685613070036195e-05
26539,7.063549449832523e-07
26540,1.0857419387940288e-05
26541,1.0377534339301461e-05
26542,3.309667459598288e-05
26543,1.2085578189964074e-05
26544,6.444300806866102e-06
26545,2.212503139575054e-05
26546,1.0169209452128884e-05
26547,5.119913791204008e-06
26548,2.646034348832988e-05
26549,5.26623736331172e-06
26550,4.275905807801921e-05
26551,6.249110241859464e-06
26552,4.687336814084638e-06
26553,4.685917832397219e-06
26554,3.6954725355878477e-06
26555,3.3577468101269214e-06
26556,1.0857419387940288e-05
26557,2.5457024326321722e-05
26558,1.1266239199675097e-05
26559,2.6366617112429715e-05
26560,1.2547158450459412e-05
26561,1.4306934671683392e-06
26562,1.251261481356896e-05
26563,1.950897543364397e-05
26564,3.2445422920513604e-05
26565,5.574238617669124e-06
26566,7.063549449832523e-07
26567,7.063549449832523e-07
26568,1.263382095013134e-09
26569,2.5826453593806244e-06
26570,2.0301088398629953e-05
26571,2.7090952015066443e-05
26572,2.590536458695729e-06
26573,7.009694715600637e-06
26574,1.0273732253466651e-05
26575,1.359075543535206e-06
26576,4.4366039324813115e-05
26577,4.156362245355322e-05
26578,1.8500756511093587e-06
26579,3.2445422920513604e-05
26580,2.5345955738682367e-05
26581,9.7950553838749e-06
26582,8.18980218464097e-05
26583,3.3002804081806606e-08
26584,6.8012151300323124e-06
26585,1.1152414258539597e-05
26586,8.278891074482927e-06
26587,1.5822479104540874e-06
26588,4.4503712359972995e-05
26589,5.606493715984668e-06
26590,6.784292077741517e-06
26591,5.855222805569599e-06
26592,3.903056025989452e-05
26593,3.223478423162025e-06
26594,4.712418813254684e-06
26595,3.080654430191315e-05
26596,6.632624483857994e-06
26597,2.212503139575054e-05
26598,4.577831721737121e-08
26599,5.359455975736333e-06
26600,1.377546840990069e-05
26601,5.855222805569599e-06
26602,1.3026461063621571e-05
26603,2.9654860686001054e-05
26604,1.56237812375348e-05
26605,8.243848403349646e-06
26606,1.128061277732567e-05
26607,3.726055405653195e-06
26608,2.39372234713232e-05
26609,8.137564451293906e-06
26610,1.128061277732567e-05
26611,7.04087630940213e-06
26612,1.0438274842770595e-05
26613,1.763317027055864e-05
26614,2.8638297407765024e-05
26615,1.0857419387940288e-05
26616,6.03146442030491e-06
26617,9.823787234911673e-06
26618,7.65439688810413e-06
26619,2.767691883844998e-05
26620,1.09231490319743e-05
26621,3.2445422920513604e-05
26622,5.638264639183681e-05
26623,1.6321563674865662e-06
26624,1.8500756511093587e-06
26625,2.212503139575054e-05
26626,9.622365479210942e-06
26627,9.273329360391642e-06
26628,1.4406269508056996e-06
26629,1.5933287962587055e-05
26630,4.369965454844729e-07
26631,2.557838228476347e-06
26632,2.4507299607724106e-05
26633,5.799588233115551e-06
26634,1.6723997866334754e-05
26635,6.0812585611422054e-06
26636,1.7693163444514465e-06
26637,3.78235516341809e-08
26638,1.5070411850590818e-05
26639,8.881973286371031e-06
26640,8.881973286371031e-06
26641,6.7349596039378535e-06
26642,2.1176694613044758e-05
26643,5.167543924003077e-06
26644,9.318008668577259e-06
26645,1.8667014493856614e-06
26646,3.197007371508808e-06
26647,7.124176368197579e-06
26648,1.6723997866334754e-05
26649,2.0179497619778416e-05
26650,7.04087630940213e-06
26651,2.3895855388216243e-07
26652,2.8483417257409518e-06
26653,2.5341379931947438e-05
26654,1.166205935181289e-05
26655,1.0976766595274669e-05
26656,1.6684921700430596e-05
26657,1.6124673690182643e-06
26658,1.8805946600225752e-05
26659,2.5040424360732204e-05
26660,1.6124673690182643e-06
26661,8.069640355834237e-07
26662,3.3334057599760894e-06
26663,1.6124673690182643e-06
26664,9.318008668577259e-06
26665,3.5461693726315654e-06
26666,2.6181600422139784e-05
26667,1.2451007501704985e-05
26668,2.5457024326321722e-05
26669,2.4139773424162623e-05
26670,1.8024136615215226e-05
26671,2.3079566049958632e-05
26672,1.1533265666156953e-05
26673,6.8012151300323124e-06
26674,1.5217656917777877e-05
26675,1.8581267500807902e-05
26676,9.263726349490309e-06
26677,1.0419316881349636e-05
26678,1.983676114667277e-05
26679,5.255304396475011e-07
26680,2.5826453593806244e-06
26681,1.0026530187256368e-06
26682,1.2499106818882815e-05
26683,2.4662631681292474e-05
26684,3.235766767746442e-05
26685,9.318008668577259e-06
26686,3.6137006100838635e-05
26687,8.865359047952257e-06
26688,2.8680502749483744e-05
26689,8.881973286371031e-06
26690,2.970325875375545e-06
26691,1.802056441693409e-05
26692,4.8948281830987534e-06
26693,5.446107204551408e-05
26694,9.753306518785305e-06
26695,8.851037022999384e-06
26696,4.035362184388446e-06
26697,4.398077317176066e-06
26698,6.141401815404294e-05
26699,4.665632634194996e-06
26700,1.634994038941602e-05
26701,1.1676394396410102e-05
26702,2.970325875375545e-06
26703,9.883460640919919e-06
26704,4.685917832397219e-06
26705,2.8483417257409518e-06
26706,6.807153939081614e-06
26707,1.8500756511093587e-06
26708,1.5845526237844237e-06
26709,1.9644842674097155e-05
26710,8.779840414085029e-06
26711,1.1106870906897075e-05
26712,2.8638297407765024e-05
26713,1.8460090098661703e-06
26714,2.9896175264004988e-06
26715,3.3577468101269214e-06
26716,2.1744228134562504e-06
26717,1.4571977729669638e-05
26718,1.1152414258539597e-05
26719,3.682437588552389e-06
26720,6.784292077741517e-06
26721,3.54898591020141e-06
26722,8.710795972996155e-06
26723,1.6549725166295783e-05
26724,8.881973286371031e-06
26725,2.1889635175949354e-05
26726,8.137564451293906e-06
26727,3.080654430191315e-05
26728,2.5457024326321722e-05
26729,4.8948281830987534e-06
26730,9.823787234911673e-06
26731,8.278891074482927e-06
26732,4.373458287193397e-07
26733,4.559286947554696e-05
26734,6.234937843055909e-06
26735,3.242539243325393e-05
26736,2.1889635175949354e-05
26737,1.2752228797459337e-05
26738,7.86375023253337e-06
26739,7.505313940780551e-06
26740,1.1863193057143497e-05
26741,1.4179314817945976e-05
26742,1.5383518406001088e-05
26743,2.1145056985208625e-06
26744,3.5517004061818853e-06
26745,1.950897543364397e-05
26746,1.6452166147152925e-05
26747,4.320023106891045e-05
26748,1.6124673690182643e-06
26749,6.918042387662285e-06
26750,1.0438274842770595e-05
26751,2.5457024326321722e-05
26752,1.2279115364674386e-05
26753,4.857522032589858e-05
26754,4.687336814084638e-06
26755,2.7516742573221905e-05
26756,2.079854819816605e-06
26757,4.665632634194996e-06
26758,1.983676114667277e-05
26759,7.04087630940213e-06
26760,9.585825207823223e-07
26761,1.3073514415799466e-05
26762,6.187527430052336e-06
26763,6.187527430052336e-06
26764,8.58487116859954e-07
26765,4.366701550646521e-05
26766,1.1836670161158395e-05
26767,3.5440203959875755e-05
26768,1.5623712047274186e-05
26769,3.2445422920513604e-05
26770,1.0213215316709365e-05
26771,5.606493715984668e-06
26772,3.309667459598288e-05
26773,6.182917342235427e-06
26774,9.433427884235125e-06
26775,1.7465669065873244e-05
26776,8.278351111880556e-06
26777,1.6549725166295783e-05
26778,7.04087630940213e-06
26779,1.5070411850590818e-05
26780,1.0016842449286495e-06
26781,3.54898591020141e-06
26782,7.86375023253337e-06
26783,1.6124673690182643e-06
26784,6.234262328422155e-05
26785,3.1142824332579635e-05
26786,8.58487116859954e-07
26787,1.1997764685598476e-05
26788,1.6685613070036195e-05
26789,3.309667459598288e-05
26790,2.224458335753996e-06
26791,3.2445422920513604e-05
26792,3.197007371508808e-06
26793,1.1050065501815846e-05
26794,6.115777068064974e-06
26795,2.3486828200068505e-05
26796,5.574238617669124e-06
26797,7.04087630940213e-06
26798,4.7641157993465865e-06
26799,5.819100281622349e-06
26800,3.579259214609329e-05
26801,2.1744228134562504e-06
26802,2.3533743713911646e-05
26803,3.5517004061818853e-06
26804,2.5515775695340235e-05
26805,3.197007371508808e-06
26806,1.1439436660058208e-05
26807,1.3656663751615575e-05
26808,1.102911624623662e-05
26809,1.515895786848593e-05
26810,2.279887060561325e-06
26811,7.548761950666645e-06
26812,2.400578459402477e-05
26813,1.983676114667277e-05
26814,2.970325875375545e-06
26815,2.970325875375545e-06
26816,1.6124673690182643e-06
26817,3.080654430191315e-05
26818,1.6685613070036195e-05
26819,1.8805946600225752e-05
26820,8.779840414085029e-06
26821,5.791375776054895e-06
26822,2.3765283885415858e-06
26823,2.747322708366491e-05
26824,1.3991146493111018e-05
26825,5.574238617669124e-06
26826,1.6471837375168771e-06
26827,9.273329360391642e-06
26828,9.273329360391642e-06
26829,4.7641157993465865e-06
26830,2.0231258384286043e-05
26831,9.273329360391642e-06
26832,9.273329360391642e-06
26833,1.4509444111154486e-05
26834,7.499015165752427e-06
26835,1.0026530187256368e-06
26836,9.983179633554033e-06
26837,9.753306518785305e-06
26838,3.2445422920513604e-05
26839,1.950897543364397e-05
26840,1.0438274842770595e-05
26841,2.6232464898206492e-05
26842,9.594154120435579e-06
26843,1.66801693039325e-05
26844,1.6471837375168771e-06
26845,1.1995280057508101e-05
26846,2.2416084507162204e-06
26847,8.780644174654242e-06
26848,6.95709462097379e-06
26849,2.569745318314875e-05
26850,2.5457024326321722e-05
26851,8.384678770943935e-06
26852,1.6685613070036195e-05
26853,1.1918676508060773e-05
26854,3.7160634000884236e-06
26855,9.802835711729158e-07
26856,4.665632634194996e-06
26857,3.309667459598288e-05
26858,5.799588233115551e-06
26859,4.0363958337693707e-05
26860,5.574238617669124e-06
26861,1.5990790470061687e-06
26862,9.883460640919919e-06
26863,3.309667459598288e-05
26864,3.926828147199314e-05
26865,5.469711135728868e-06
26866,1.0746372353168317e-05
26867,1.6723997866334754e-05
26868,4.146945752964598e-06
26869,6.807153939081614e-06
26870,5.509607098696422e-06
26871,1.60280005887528e-06
26872,0.00010774372534914193
26873,3.579259214609329e-05
26874,2.814480122753761e-06
26875,4.665632634194996e-06
26876,1.1657463000347894e-05
26877,9.89800748622995e-06
26878,2.9259328254983947e-05
26879,4.7641157993465865e-06
26880,3.080654430191315e-05
26881,7.993519340531444e-06
26882,4.665632634194996e-06
26883,5.293025140998663e-05
26884,5.733999244647437e-06
26885,2.212503139575054e-05
26886,3.2309268194194954e-06
26887,6.830633588881178e-06
26888,1.1542505250732856e-05
26889,7.749559105333016e-07
26890,4.085985549326954e-06
26891,1.6549725166295783e-05
26892,3.7259482505932196e-06
26893,3.8841059757354795e-05
26894,3.2445422920513604e-05
26895,1.0332946556311193e-07
26896,9.753306518785305e-06
26897,1.095676865700563e-06
26898,9.318008668577259e-06
26899,5.791375776054895e-06
26900,3.857321283308478e-05
26901,3.857321283308478e-05
26902,1.1152414258539597e-05
26903,3.926828147199314e-05
26904,7.359682749805781e-06
26905,6.03146442030491e-06
26906,2.39372234713232e-05
26907,1.3026461063621571e-05
26908,7.383412113819585e-06
26909,1.7256637679571568e-06
26910,1.983676114667277e-05
26911,2.0278891203424817e-05
26912,8.461195848300982e-06
26913,1.2547158450459412e-05
26914,9.594154120435579e-06
26915,2.8638297407765024e-05
26916,6.807153939081614e-06
26917,5.469711135728868e-06
26918,1.0754660573650312e-05
26919,2.9414532597051834e-06
26920,5.488564187524342e-06
26921,1.4168278080111728e-05
26922,7.795624630076884e-06
26923,3.1640275916112384e-06
26924,5.498661551660582e-05
26925,6.404403602302025e-05
26926,2.7997970152774633e-05
26927,7.795624630076884e-06
26928,2.432802710416036e-07
26929,5.947255892915742e-07
26930,1.8805946600225752e-05
26931,2.212503139575054e-05
26932,7.139326936626449e-06
26933,8.851037022999384e-06
26934,8.851037022999384e-06
26935,3.374965967298556e-05
26936,9.273329360391642e-06
26937,3.197007371508808e-06
26938,6.632624483857994e-06
26939,1.6685613070036195e-05
26940,5.574238617669124e-06
26941,1.1443152425254087e-07
26942,4.223512266542004e-05
26943,3.309667459598288e-05
26944,4.200484154866769e-06
26945,1.0679981774516916e-05
26946,4.665632634194996e-06
26947,8.28663599998875e-06
26948,5.574238617669124e-06
26949,4.344563232312016e-06
26950,8.137564451293906e-06
26951,6.8012151300323124e-06
26952,7.325903801898597e-06
26953,3.550170591009911e-05
26954,2.124438723017059e-06
26955,2.814480122753761e-06
26956,1.6778098339098316e-05
26957,1.6778098339098316e-05
26958,3.080654430191315e-05
26959,1.2499106818882815e-05
26960,1.56237812375348e-05
26961,2.7090952015066443e-05
26962,1.8868111523841994e-06
26963,1.0377534339301461e-05
26964,1.746942083106186e-06
26965,1.2752228797459337e-05
26966,3.54898591020141e-06
26967,9.844233795786024e-06
26968,6.7349596039378535e-06
26969,3.5461693726315654e-06
26970,3.6022801661287275e-05
26971,2.007749346440029e-05
26972,1.8024136615215226e-05
26973,4.085803688443996e-06
26974,1.0377534339301461e-05
26975,6.660113175588203e-06
26976,6.0812585611422054e-06
26977,1.0682592743159117e-07
26978,1.1050065501815846e-05
26979,4.681375912419083e-07
26980,1.2859160646836952e-05
26981,5.981531900235198e-06
26982,8.243848403349646e-06
26983,6.115777068064974e-06
26984,6.0812585611422054e-06
26985,1.60280005887528e-06
26986,2.0549076217869553e-05
26987,1.983676114667277e-05
26988,7.808972846008701e-05
26989,1.0332946556311193e-07
26990,1.983676114667277e-05
26991,4.966210136356972e-07
26992,5.67338538194055e-06
26993,1.0411634475215878e-05
26994,1.6723997866334754e-05
26995,5.094381667434789e-06
26996,1.1836670161158395e-05
26997,1.0438274842770595e-05
26998,1.4406269508056996e-06
26999,1.8460090098661703e-06
27000,3.7160634000884236e-06
27001,1.6778098339098316e-05
27002,3.698845678546419e-07
27003,1.66801693039325e-05
27004,7.009694715600637e-06
27005,7.993519340531444e-06
27006,1.8805946600225752e-05
27007,1.1187858695687232e-05
27008,7.1063867990134775e-06
27009,1.950897543364397e-05
27010,9.8162622946691e-06
27011,1.983676114667277e-05
27012,2.472446640117757e-05
27013,4.494177150590377e-06
27014,2.9654860686001054e-05
27015,6.431980538779185e-05
27016,1.2085578189964074e-05
27017,6.604102156649155e-06
27018,6.115777068064974e-06
27019,4.712418813254684e-06
27020,2.124438723017059e-06
27021,1.2085578189964074e-05
27022,6.533037179739474e-06
27023,9.983179633554033e-06
27024,2.900439593488112e-05
27025,2.3079566049958632e-05
27026,9.77699499185846e-06
27027,1.950897543364397e-05
27028,3.794762843547894e-06
27029,7.548761950666645e-06
27030,3.629145671012328e-06
27031,6.31627840001205e-06
27032,9.263726349490309e-06
27033,4.344563232312016e-06
27034,1.0341492697675664e-05
27035,2.569745318314875e-05
27036,2.7711271653611043e-05
27037,3.3577468101269214e-06
27038,2.5341379931947438e-05
27039,3.223478423162025e-06
27040,1.6321563674865662e-06
27041,9.622365479210942e-06
27042,1.2547158450459412e-05
27043,1.1152414258539597e-05
27044,2.9414532597051834e-06
27045,0.00015373739791185685
27046,1.2508986890623746e-06
27047,5.236114750762844e-06
27048,1.1995280057508101e-05
27049,1.1050065501815846e-05
27050,1.1050065501815846e-05
27051,8.779840414085029e-06
27052,5.469711135728868e-06
27053,2.1145056985208625e-06
27054,2.1145056985208625e-06
27055,5.606493715984668e-06
27056,1.1918676508060773e-05
27057,8.58487116859954e-07
27058,1.3409376265318766e-05
27059,4.344563232312016e-06
27060,2.5341379931947438e-05
27061,4.344563232312016e-06
27062,4.344563232312016e-06
27063,6.8012151300323124e-06
27064,8.137564451293906e-06
27065,4.995117563042747e-06
27066,1.2451007501704985e-05
27067,9.298390241100822e-06
27068,1.3073514415799466e-05
27069,6.968368106932211e-06
27070,1.6549725166295783e-05
27071,4.023291535536111e-05
27072,4.7692406739799295e-06
27073,3.2445422920513604e-05
27074,7.227686254926452e-06
27075,5.791375776054895e-06
27076,6.784292077741517e-06
27077,5.094381667434789e-06
27078,3.646874802707865e-06
27079,6.0652403205557295e-05
27080,1.0764411278233133e-06
27081,1.3510556190963273e-06
27082,4.68476637197657e-06
27083,6.47964763296422e-06
27084,1.8974895579305917e-05
27085,1.8024136615215226e-05
27086,4.665632634194996e-06
27087,2.4683056328024187e-06
27088,2.1744228134562504e-06
27089,1.0754660573650312e-05
27090,1.1533265666156953e-05
27091,8.710795972996155e-06
27092,3.309667459598288e-05
27093,5.509607098696422e-06
27094,8.710795972996155e-06
27095,2.4662631681292474e-05
27096,1.1918676508060773e-05
27097,2.5919794239298438e-05
27098,5.2946251810429825e-06
27099,4.146945752964598e-06
27100,7.795624630076884e-06
27101,7.795624630076884e-06
27102,6.784292077741517e-06
27103,9.640825058192401e-06
27104,4.305506070831409e-06
27105,1.1050065501815846e-05
27106,2.0231258384286043e-05
27107,1.6709694019828036e-05
27108,3.2445422920513604e-05
27109,2.2561930277964646e-05
27110,5.066824247869157e-06
27111,4.665632634194996e-06
27112,8.710795972996155e-06
27113,8.710795972996155e-06
27114,2.3074341812228413e-05
27115,3.2219417806174265e-05
27116,2.6232464898206492e-05
27117,2.767691883844998e-05
27118,3.080654430191315e-05
27119,1.2085578189964074e-05
27120,9.823787234911673e-06
27121,8.58487116859954e-07
27122,7.1063867990134775e-06
27123,1.2859160646836952e-05
27124,2.9414532597051834e-06
27125,7.293191880507838e-06
27126,2.5341379931947438e-05
27127,5.819100281622349e-06
27128,5.874221594061904e-06
27129,5.255304396475011e-07
27130,1.0273732253466651e-05
27131,4.220201913646047e-05
27132,1.6452166147152925e-05
27133,2.48715554831371e-06
27134,8.710795972996155e-06
27135,8.710795972996155e-06
27136,1.2547158450459412e-05
27137,1.8538364677761307e-05
27138,4.8948281830987534e-06
27139,2.9414532597051834e-06
27140,1.6709694019828036e-05
27141,2.5440097089576535e-06
27142,7.878140397280595e-05
27143,2.008158482836606e-05
27144,4.146945752964598e-06
27145,3.726055405653195e-06
27146,1.0377534339301461e-05
27147,2.9985371526548482e-06
27148,3.54898591020141e-06
27149,1.6317084700870212e-05
27150,9.7729596693714e-06
27151,2.9658433015577584e-05
27152,1.6685613070036195e-05
27153,6.660113175588203e-06
27154,4.344563232312016e-06
27155,4.035362184388446e-06
27156,6.554209751649648e-05
27157,1.2640763966436663e-05
27158,3.890312973484886e-05
27159,1.8500756511093587e-06
27160,3.172312495002965e-06
27161,9.802835711729158e-07
27162,1.6723997866334754e-05
27163,1.128061277732567e-05
27164,1.0273732253466651e-05
27165,7.446358492446789e-05
27166,1.8538364677761307e-05
27167,1.3134252213315023e-05
27168,9.594154120435579e-06
27169,3.3334057599760894e-06
27170,1.0857419387940288e-05
27171,1.377546840990069e-05
27172,2.6232464898206492e-05
27173,3.919953362856588e-06
27174,3.543302466457338e-05
27175,1.3991146493111018e-05
27176,3.223478423162025e-06
27177,2.5341379931947438e-05
27178,1.746942083106186e-06
27179,2.5341379931947438e-05
27180,6.234937843055909e-06
27181,1.7774616526518243e-05
27182,9.961409139280078e-05
27183,5.167543924003077e-06
27184,3.2446151946335693e-06
27185,2.6567013559107147e-05
27186,1.2013322342028058e-05
27187,8.491704704360493e-06
27188,1.9547570594290465e-08
27189,7.183965645408706e-06
27190,8.779840414085029e-06
27191,8.137564451293906e-06
27192,8.710795972996155e-06
27193,6.03146442030491e-06
27194,3.919953362856588e-06
27195,3.39005450164306e-05
27196,4.7692406739799295e-06
27197,3.919953362856588e-06
27198,2.6366617112429715e-05
27199,8.710795972996155e-06
27200,5.2561529384327414e-06
27201,1.002789109702077e-06
27202,1.983676114667277e-05
27203,3.2155348743841803e-06
27204,1.1152414258539597e-05
27205,3.223478423162025e-06
27206,1.983676114667277e-05
27207,8.58487116859954e-07
27208,2.9317407158261725e-06
27209,2.0549076217869553e-05
27210,1.2857782005483696e-05
27211,3.567289358800989e-06
27212,8.137564451293906e-06
27213,2.6232464898206492e-05
27214,3.54898591020141e-06
27215,1.6685613070036195e-05
27216,5.094381667434789e-06
27217,9.903911426043947e-06
27218,2.614370581800995e-06
27219,8.851037022999384e-06
27220,3.197007371508808e-06
27221,1.4179314817945976e-05
27222,2.4683056328024187e-06
27223,1.8460090098661703e-06
27224,4.328308154471535e-05
27225,4.8948281830987534e-06
27226,4.344563232312016e-06
27227,3.094688145761901e-06
27228,1.4632000443051207e-06
27229,8.178659517704399e-06
27230,5.2946251810429825e-06
27231,1.102911624623662e-05
27232,9.273329360391642e-06
27233,5.2946251810429825e-06
27234,6.533037179739474e-06
27235,1.146457883300977e-07
27236,2.5457024326321722e-05
27237,2.124438723017059e-06
27238,3.919953362856588e-06
27239,3.926828147199314e-05
27240,1.6124673690182643e-06
27241,8.981221596183088e-06
27242,4.501535110404365e-05
27243,5.066824247869157e-06
27244,2.889334277513483e-05
27245,5.606493715984668e-06
27246,1.56237812375348e-05
27247,1.6124673690182643e-06
27248,1.1657463000347894e-05
27249,2.9320528483521212e-06
27250,1.6723997866334754e-05
27251,1.0377534339301461e-05
27252,9.640825058192401e-06
27253,1.1050065501815846e-05
27254,2.1139176639676687e-06
27255,1.0026530187256368e-06
27256,1.6124673690182643e-06
27257,8.063059411321665e-05
27258,8.779840414085029e-06
27259,2.1258019776055202e-05
27260,2.5341379931947438e-05
27261,5.8576047722327524e-05
27262,4.3077823208957626e-05
27263,1.8024136615215226e-05
27264,1.9546854292914827e-05
27265,3.03193431336268e-05
27266,8.137564451293906e-06
27267,3.8305559467665575e-05
27268,2.6232464898206492e-05
27269,2.6232464898206492e-05
27270,1.1657463000347894e-05
27271,2.727116339765049e-05
27272,2.8483417257409518e-06
27273,6.249110241859464e-06
27274,2.124438723017059e-06
27275,1.3656663751615575e-05
27276,1.5028829511760302e-05
27277,1.1050065501815846e-05
27278,1.1918676508060773e-05
27279,3.1471239863107365e-06
27280,1.3995379933973831e-05
27281,6.784292077741517e-06
27282,1.2502128903267543e-05
27283,2.473186442646307e-05
27284,4.5860752871425235e-05
27285,8.851037022999384e-06
27286,3.889663216446158e-06
27287,4.9631890289935225e-05
27288,7.226360711145934e-06
27289,2.5345955738682367e-05
27290,3.869217156195683e-05
27291,5.167543924003077e-06
27292,1.783334204856849e-06
27293,3.096609344774479e-05
27294,2.39372234713232e-05
27295,1.9977029603934174e-05
27296,5.2946251810429825e-06
27297,5.2946251810429825e-06
27298,5.855222805569599e-06
27299,7.682893847554348e-06
27300,1.6452166147152925e-05
27301,4.328308154471535e-05
27302,1.6709694019828036e-05
27303,1.2091120312104653e-05
27304,3.926828147199314e-05
27305,1.0754660573650312e-05
27306,1.1657463000347894e-05
27307,2.6161681807077196e-05
27308,5.469711135728868e-06
27309,5.119913791204008e-06
27310,2.970325875375545e-06
27311,2.8638297407765024e-05
27312,3.489693626393209e-06
27313,1.9756906355571455e-05
27314,1.0273732253466651e-05
27315,5.066824247869157e-06
27316,9.844233795786024e-06
27317,8.518218154287182e-06
27318,2.0389030618798876e-05
27319,2.4740398764278867e-05
27320,1.9766402380370655e-05
27321,3.543302466457338e-05
27322,1.3421048761072998e-05
27323,4.223512266542004e-05
27324,5.2946251810429825e-06
27325,6.95709462097379e-06
27326,6.227162232217937e-05
27327,7.95315256553411e-05
27328,2.5515775695340235e-05
27329,1.0313207022366888e-05
27330,9.594154120435579e-06
27331,2.5341379931947438e-05
27332,7.374625053295946e-05
27333,8.779840414085029e-06
27334,3.550170591009911e-05
27335,9.753306518785305e-06
27336,3.6384885364149834e-06
27337,1.398545076197968e-05
27338,1.0331353779356072e-05
27339,1.1050065501815846e-05
27340,1.1050065501815846e-05
27341,2.432802710416036e-07
27342,2.3765283885415858e-06
27343,8.865359047952257e-06
27344,1.6723997866334754e-05
27345,2.0389030618798876e-05
27346,2.767691883844998e-05
27347,2.3805619838825533e-05
27348,2.6669696832759123e-05
27349,1.002789109702077e-06
27350,1.56237812375348e-05
27351,4.344563232312016e-06
27352,2.4662631681292474e-05
27353,3.727382220091563e-06
27354,7.226360711145934e-06
27355,1.1918676508060773e-05
27356,3.698845678546419e-07
27357,4.791395248311862e-07
27358,3.7160634000884236e-06
27359,1.1743900489535227e-05
27360,1.0341492697675664e-05
27361,1.1863193057143497e-05
27362,4.8062581530261184e-06
27363,3.682437588552389e-06
27364,1.5844464815037394e-05
27365,6.807153939081614e-06
27366,9.848695490018039e-06
27367,1.1918676508060773e-05
27368,9.883460640919919e-06
27369,1.0857419387940288e-05
27370,7.293688579583048e-05
27371,0.00022163142719752534
27372,5.659867290427026e-06
27373,1.2857782005483696e-05
27374,1.0026530187256368e-06
27375,2.9654860686001054e-05
27376,1.5693682057164518e-05
27377,1.2547158450459412e-05
27378,2.5727195700756993e-06
27379,2.5727195700756993e-06
27380,2.889334277513483e-05
27381,9.16577641018437e-06
27382,9.515108067451576e-06
27383,1.0026530187256368e-06
27384,1.2547158450459412e-05
27385,1.0438274842770595e-05
27386,1.0948484236713208e-05
27387,1.763317027055864e-05
27388,7.89755808065313e-06
27389,1.3379728102475777e-05
27390,4.1664758471386595e-05
27391,9.89800748622995e-06
27392,3.2445422920513604e-05
27393,7.449902406129431e-06
27394,9.594154120435579e-06
27395,3.457546241666303e-06
27396,4.792398458754464e-07
27397,2.8638297407765024e-05
27398,1.2547158450459412e-05
27399,5.2946251810429825e-06
27400,9.273329360391642e-06
27401,1.531998492490418e-05
27402,7.206440890938093e-07
27403,1.0746372353168317e-05
27404,2.0940793139358538e-05
27405,5.900895157352535e-06
27406,1.8805946600225752e-05
27407,7.325903801898597e-06
27408,2.9985371526548482e-06
27409,1.1106870906897075e-05
27410,5.874221594061904e-06
27411,2.1744228134562504e-06
27412,9.16577641018437e-06
27413,1.0438274842770595e-05
27414,2.3147390505172322e-06
27415,5.606493715984668e-06
27416,7.795624630076884e-06
27417,7.063549449832523e-07
27418,8.780644174654242e-06
27419,3.6384885364149834e-06
27420,2.567756127444846e-06
27421,5.167543924003077e-06
27422,2.5409458264529133e-06
27423,9.844233795786024e-06
27424,5.46746317790583e-06
27425,2.5409458264529133e-06
27426,1.8024136615215226e-05
27427,1.634994038941602e-05
27428,2.889334277513483e-05
27429,1.0438274842770595e-05
27430,3.2445422920513604e-05
27431,1.1988169966819532e-05
27432,2.9414532597051834e-06
27433,1.158132058491343e-05
27434,3.733282379425469e-05
27435,7.063549449832523e-07
27436,1.1988169966819532e-05
27437,7.86375023253337e-06
27438,3.54898591020141e-06
27439,4.5642877980907465e-06
27440,2.234684377619111e-05
27441,1.8805946600225752e-05
27442,1.56237812375348e-05
27443,4.496221929152011e-06
27444,2.5563081043624898e-05
27445,5.574238617669124e-06
27446,1.0948484236713208e-05
27447,2.324106206228486e-05
27448,2.234684377619111e-05
27449,1.75856283615666e-05
27450,9.273329360391642e-06
27451,9.273329360391642e-06
27452,9.273329360391642e-06
27453,1.0377534339301461e-05
27454,7.548761950666645e-06
27455,2.1744228134562504e-06
27456,1.6723997866334754e-05
27457,1.1997764685598476e-05
27458,5.255304396475011e-07
27459,2.1145056985208625e-06
27460,9.273329360391642e-06
27461,2.234684377619111e-05
27462,9.273329360391642e-06
27463,9.273329360391642e-06
27464,1.102911624623662e-05
27465,2.1145056985208625e-06
27466,1.2499106818882815e-05
27467,9.037310875955778e-06
27468,2.0389030618798876e-05
27469,2.569745318314875e-05
27470,5.255304396475011e-07
27471,8.710795972996155e-06
27472,1.6778098339098316e-05
27473,2.5409458264529133e-06
27474,1.1050065501815846e-05
27475,3.604585484650545e-05
27476,3.309667459598288e-05
27477,3.726055405653195e-06
27478,1.3676037489052945e-06
27479,1.634994038941602e-05
27480,2.257859274798186e-05
27481,5.574238617669124e-06
27482,2.735732024500742e-05
27483,8.548017629526084e-06
27484,8.710795972996155e-06
27485,9.273329360391642e-06
27486,9.273329360391642e-06
27487,9.273329360391642e-06
27488,2.1744228134562504e-06
27489,5.574238617669124e-06
27490,1.1875799467932967e-05
27491,1.1668668853090769e-05
27492,1.950897543364397e-05
27493,7.505313940780551e-06
27494,8.779840414085029e-06
27495,3.6854845048586053e-06
27496,1.2547158450459412e-05
27497,6.9763925007491356e-06
27498,4.200484154866769e-06
27499,3.646874802707865e-06
27500,2.0767034259130587e-06
27501,2.6021019309663816e-05
27502,1.6685613070036195e-05
27503,4.564383304644229e-05
27504,1.0438274842770595e-05
27505,1.66801693039325e-05
27506,2.8638297407765024e-05
27507,1.4780495544012343e-05
27508,8.865359047952257e-06
27509,3.015316860231886e-05
27510,3.7346599736641965e-05
27511,1.0026530187256368e-06
27512,2.172899659165772e-06
27513,1.4509444111154486e-05
27514,1.8974895579305917e-05
27515,4.665632634194996e-06
27516,3.367122987356735e-06
27517,3.096609344774479e-05
27518,6.167009188748751e-06
27519,1.6268595255204886e-05
27520,4.763658862776077e-06
27521,2.5409458264529133e-06
27522,4.4301275468307136e-05
27523,9.823787234911673e-06
27524,6.632624483857994e-06
27525,1.9496757374554444e-05
27526,7.795624630076884e-06
27527,2.212503139575054e-05
27528,6.632624483857994e-06
27529,7.795624630076884e-06
27530,2.567756127444846e-06
27531,9.16577641018437e-06
27532,0.0002151375210089511
27533,9.753306518785305e-06
27534,7.227686254926452e-06
27535,1.1050065501815846e-05
27536,6.076666691901281e-06
27537,1.763317027055864e-05
27538,4.081953044758512e-06
27539,3.367122987356735e-06
27540,3.946442858425871e-07
27541,4.687336814084638e-06
27542,1.9496757374554444e-05
27543,8.923409068108718e-06
27544,2.8638297407765024e-05
27545,2.5341379931947438e-05
27546,6.076666691901281e-06
27547,7.682893847554348e-06
27548,3.926828147199314e-05
27549,6.632624483857994e-06
27550,6.632624483857994e-06
27551,6.632624483857994e-06
27552,7.65439688810413e-06
27553,9.983179633554033e-06
27554,5.606493715984668e-06
27555,3.015923904714007e-05
27556,4.8062581530261184e-06
27557,2.8638297407765024e-05
27558,4.791395248311862e-07
27559,5.574238617669124e-06
27560,3.2445422920513604e-05
27561,9.273329360391642e-06
27562,2.9414532597051834e-06
27563,7.548761950666645e-06
27564,2.5409458264529133e-06
27565,2.39372234713232e-05
27566,8.881973286371031e-06
27567,4.687336814084638e-06
27568,2.705226467768203e-05
27569,5.078852380357042e-05
27570,2.5409458264529133e-06
27571,1.618984997019791e-05
27572,1.2547158450459412e-05
27573,1.4632000443051207e-06
27574,2.1744228134562504e-06
27575,1.0213215316709365e-05
27576,4.55654611801672e-05
27577,1.0273732253466651e-05
27578,2.5345955738682367e-05
27579,6.807153939081614e-06
27580,2.1744228134562504e-06
27581,3.727382220091563e-06
27582,3.172312495002965e-06
27583,2.124438723017059e-06
27584,6.167009188748751e-06
27585,4.545762176800581e-06
27586,7.383412113819585e-06
27587,2.567756127444846e-06
27588,8.981221596183088e-06
27589,6.879364539130577e-06
27590,2.4683056328024187e-06
27591,9.16577641018437e-06
27592,1.737039905029174e-06
27593,1.891415441858404e-05
27594,3.0344939434335607e-05
27595,2.5345955738682367e-05
27596,3.3334057599760894e-06
27597,1.3409376265318766e-05
27598,7.016287745516977e-06
27599,2.1744228134562504e-06
27600,2.2055355143610285e-05
27601,3.889663216446158e-06
27602,1.950897543364397e-05
27603,1.8805946600225752e-05
27604,1.2547158450459412e-05
27605,8.491704704360493e-06
27606,3.677236689887333e-05
27607,2.9985371526548482e-06
27608,3.926828147199314e-05
27609,7.548761950666645e-06
27610,2.1145056985208625e-06
27611,7.063549449832523e-07
27612,0.00010647269202908643
27613,3.7160634000884236e-06
27614,6.3391743123908195e-06
27615,1.1663973207448035e-05
27616,5.451041413552453e-05
27617,4.983428830864382e-06
27618,3.2066451653224546e-06
27619,8.28663599998875e-06
27620,5.606493715984668e-06
27621,2.5298817158685957e-05
27622,9.273329360391642e-06
27623,6.830633588881178e-06
27624,5.236114750762844e-06
27625,5.574238617669124e-06
27626,5.259343197053732e-05
27627,1.0976766595274669e-05
27628,1.1988169966819532e-05
27629,1.7905032155057229e-06
27630,7.86375023253337e-06
27631,3.2445422920513604e-05
27632,3.6954725355878477e-06
27633,3.503438112762038e-05
27634,8.282315861338217e-06
27635,1.42288407137887e-07
27636,6.759129033459444e-05
27637,2.212503139575054e-05
27638,7.351019792492224e-06
27639,9.640825058192401e-06
27640,1.784178363150239e-05
27641,1.6320212038702168e-05
27642,3.309667459598288e-05
27643,4.646086757607567e-06
27644,1.0438274842770595e-05
27645,1.5808131643973173e-05
27646,6.03146442030491e-06
27647,2.9414532597051834e-06
27648,5.1002940550887436e-05
27649,9.255783930672972e-07
27650,2.9414532597051834e-06
27651,2.6232464898206492e-05
27652,1.8744699643967306e-05
27653,1.2547158450459412e-05
27654,1.4745538037403693e-05
27655,1.8805946600225752e-05
27656,2.0549076217869553e-05
27657,0.00013681451086788144
27658,2.9414532597051834e-06
27659,3.2155348743841803e-06
27660,3.546047319394695e-05
27661,1.1439436660058208e-05
27662,2.3111452671057163e-05
27663,1.3276782010551422e-05
27664,2.7149084543122447e-06
27665,3.16808003668308e-05
27666,3.6854845048586053e-06
27667,1.2547158450459412e-05
27668,1.8024136615215226e-05
27669,1.1918676508060773e-05
27670,2.9414532597051834e-06
27671,2.9414532597051834e-06
27672,6.9338187017889555e-09
27673,8.779840414085029e-06
27674,2.6366617112429715e-05
27675,8.461195848300982e-06
27676,6.784292077741517e-06
27677,2.3079566049958632e-05
27678,1.8024136615215226e-05
27679,6.9338187017889555e-09
27680,2.1744228134562504e-06
27681,3.080654430191315e-05
27682,1.1152414258539597e-05
27683,3.933161761790543e-05
27684,8.58487116859954e-07
27685,1.66801693039325e-05
27686,1.6685613070036195e-05
27687,1.0679981774516916e-05
27688,7.227686254926452e-06
27689,3.726055405653195e-06
27690,3.550170591009911e-05
27691,1.8974895579305917e-05
27692,6.076666691901281e-06
27693,1.2502128903267543e-05
27694,1.1050065501815846e-05
27695,1.8581267500807902e-05
27696,1.0857419387940288e-05
27697,9.318008668577259e-06
27698,3.726055405653195e-06
27699,6.911324462509304e-06
27700,3.194085573009884e-05
27701,6.076666691901281e-06
27702,6.784292077741517e-06
27703,1.1152414258539597e-05
27704,2.1744228134562504e-06
27705,6.03146442030491e-06
27706,3.455795494270822e-05
27707,1.09231490319743e-05
27708,3.606700047135842e-05
27709,2.1744228134562504e-06
27710,2.179422820290948e-05
27711,1.1445049771455828e-05
27712,2.1744228134562504e-06
27713,3.309667459598288e-05
27714,2.1744228134562504e-06
27715,4.8948281830987534e-06
27716,4.318728061330904e-09
27717,1.0679981774516916e-05
27718,3.309667459598288e-05
27719,6.306632850805595e-06
27720,1.8538364677761307e-05
27721,3.052587362079107e-05
27722,1.9291393649121203e-05
27723,1.8974895579305917e-05
27724,3.7471974222324877e-05
27725,2.3079566049958632e-05
27726,8.779840414085029e-06
27727,8.981221596183088e-06
27728,1.1663973207448035e-05
27729,1.0679981774516916e-05
27730,1.8805946600225752e-05
27731,7.505313940780551e-06
27732,3.2066451653224546e-06
27733,2.124438723017059e-06
27734,8.981221596183088e-06
27735,9.883460640919919e-06
27736,1.950897543364397e-05
27737,2.9414532597051834e-06
27738,9.736558757118512e-06
27739,1.6842305749521852e-06
27740,2.9414532597051834e-06
27741,2.3147390505172322e-06
27742,2.8638297407765024e-05
27743,3.550170591009911e-05
27744,1.3026461063621571e-05
27745,9.02308296389349e-05
27746,2.3805619838825533e-05
27747,5.874221594061904e-06
27748,2.9414532597051834e-06
27749,2.6434463811496857e-05
27750,3.889663216446158e-06
27751,1.8805946600225752e-05
27752,7.063549449832523e-07
27753,2.39372234713232e-05
27754,2.9414532597051834e-06
27755,9.983179633554033e-06
27756,2.3079566049958632e-05
27757,1.369814157940644e-05
27758,1.0313207022366888e-05
27759,2.9414532597051834e-06
27760,3.78235516341809e-08
27761,2.3079566049958632e-05
27762,1.983676114667277e-05
27763,3.857321283308478e-05
27764,7.063549449832523e-07
27765,1.3927871550042352e-05
27766,3.6425738540238755e-05
27767,1.369814157940644e-05
27768,7.063549449832523e-07
27769,1.1836670161158395e-05
27770,0.00026700408770091776
27771,9.883460640919919e-06
27772,3.57234908280529e-06
27773,8.881973286371031e-06
27774,3.2446151946335693e-06
27775,1.0332946556311193e-07
27776,1.8805946600225752e-05
27777,3.926828147199314e-05
27778,1.1439436660058208e-05
27779,1.8974895579305917e-05
27780,2.785041548221168e-05
27781,9.255783930672972e-07
27782,0.00019121274082637812
27783,1.2547158450459412e-05
27784,2.9414532597051834e-06
27785,1.1657463000347894e-05
27786,4.7641157993465865e-06
27787,5.3297663669851925e-05
27788,1.3656663751615575e-05
27789,1.0924115674501308e-05
27790,9.905969934829126e-05
27791,4.7692406739799295e-06
27792,8.198164866203277e-06
27793,1.6452166147152925e-05
27794,1.462222241583002e-05
27795,8.28663599998875e-06
27796,6.8012151300323124e-06
27797,1.8460090098661703e-06
27798,2.5457024326321722e-05
27799,2.67705202093828e-05
27800,9.318008668577259e-06
27801,5.509607098696422e-06
27802,1.4605426467153218e-05
27803,9.360161008768145e-06
27804,1.1204600872324263e-05
27805,9.56916499608985e-05
27806,1.0079328047713242e-05
27807,4.146945752964598e-06
27808,6.660113175588203e-06
27809,1.66801693039325e-05
27810,9.983179633554033e-06
27811,3.7160634000884236e-06
27812,1.1187858695687232e-05
27813,9.098092069198657e-05
27814,2.9414532597051834e-06
27815,5.2946251810429825e-06
27816,1.6778098339098316e-05
27817,2.9414532597051834e-06
27818,8.491704704360493e-06
27819,2.39372234713232e-05
27820,2.5341379931947438e-05
27821,1.1106870906897075e-05
27822,2.1349304539454383e-05
27823,9.883460640919919e-06
27824,1.863188248613669e-05
27825,3.2446151946335693e-06
27826,8.779840414085029e-06
27827,2.9414532597051834e-06
27828,3.863003203608219e-05
27829,4.534582177417606e-05
27830,2.9414532597051834e-06
27831,3.668342453143897e-05
27832,3.550170591009911e-05
27833,3.7160634000884236e-06
27834,2.5440097089576535e-06
27835,2.7090952015066443e-05
27836,1.369814157940644e-05
27837,3.3334057599760894e-06
27838,9.318008668577259e-06
27839,1.6124673690182643e-06
27840,1.2013322342028058e-05
27841,8.518218154287182e-06
27842,4.085803688443996e-06
27843,8.851037022999384e-06
27844,5.119913791204008e-06
27845,1.9977029603934174e-05
27846,1.56237812375348e-05
27847,1.358690232768036e-05
27848,4.496647434593277e-06
27849,3.7953274720042174e-06
27850,3.698845678546419e-07
27851,4.349548842232945e-05
27852,2.1744228134562504e-06
27853,1.8581267500807902e-05
27854,2.0231258384286043e-05
27855,3.2445422920513604e-05
27856,8.993870237651438e-06
27857,9.594154120435579e-06
27858,1.3716286473280136e-05
27859,2.8638297407765024e-05
27860,4.085803688443996e-06
27861,6.784292077741517e-06
27862,1.8024136615215226e-05
27863,3.3334057599760894e-06
27864,3.6854845048586053e-06
27865,2.39372234713232e-05
27866,3.367122987356735e-06
27867,2.6366617112429715e-05
27868,3.857321283308478e-05
27869,3.309667459598288e-05
27870,4.531044181113482e-06
27871,2.5515775695340235e-05
27872,3.167282370828098e-05
27873,1.2547158450459412e-05
27874,1.1152414258539597e-05
27875,5.74256060132945e-06
27876,4.2251594073368975e-05
27877,1.1875799467932967e-05
27878,1.5217656917777877e-05
27879,1.5623712047274186e-05
27880,2.257859274798186e-05
27881,1.0273732253466651e-05
27882,2.3079566049958632e-05
27883,1.763317027055864e-05
27884,1.1187858695687232e-05
27885,9.983179633554033e-06
27886,9.883460640919919e-06
27887,5.167543924003077e-06
27888,3.5440203959875755e-05
27889,9.903911426043947e-06
27890,5.574238617669124e-06
27891,1.2727432446450108e-06
27892,5.574238617669124e-06
27893,4.496647434593277e-06
27894,3.5512823101964576e-06
27895,1.8974895579305917e-05
27896,2.5409458264529133e-06
27897,2.5409458264529133e-06
27898,1.4406269508056996e-06
27899,2.3841957788260876e-06
27900,5.868503935532998e-06
27901,1.1187858695687232e-05
27902,4.3341354096759934e-05
27903,3.5512823101964576e-06
27904,1.5291250412817503e-05
27905,1.9977029603934174e-05
27906,7.353929444195366e-06
27907,1.1445049771455828e-05
27908,7.548761950666645e-06
27909,4.739205207123671e-06
27910,2.6232464898206492e-05
27911,7.329428962093246e-06
27912,2.0549076217869553e-05
27913,1.1152414258539597e-05
27914,1.1663973207448035e-05
27915,5.255304396475011e-07
27916,1.7110390729055665e-05
27917,1.4947297656023093e-05
27918,4.7998492964253026e-05
27919,5.574238617669124e-06
27920,1.950897543364397e-05
27921,7.329428962093246e-06
27922,1.5822479104540874e-06
27923,2.6752474012518643e-05
27924,1.42288407137887e-07
27925,2.1744228134562504e-06
27926,6.167009188748751e-06
27927,2.7149084543122447e-06
27928,1.6452166147152925e-05
27929,1.0331353779356072e-05
27930,3.655588078277919e-06
27931,1.3656663751615575e-05
27932,2.8667443349988375e-06
27933,6.7509914677562114e-06
27934,8.865359047952257e-06
27935,2.172899659165772e-06
27936,1.6549725166295783e-05
27937,1.2013322342028058e-05
27938,1.2859160646836952e-05
27939,1.8024136615215226e-05
27940,1.8974895579305917e-05
27941,5.094381667434789e-06
27942,1.66801693039325e-05
27943,8.865359047952257e-06
27944,2.4683056328024187e-06
27945,3.550170591009911e-05
27946,1.4571977729669638e-05
27947,2.1744228134562504e-06
27948,1.1187858695687232e-05
27949,9.89800748622995e-06
27950,9.983179633554033e-06
27951,8.35396901245353e-06
27952,3.3334057599760894e-06
27953,9.812026410217846e-06
27954,6.7349596039378535e-06
27955,7.063549449832523e-07
27956,3.655588078277919e-06
27957,4.545762176800581e-06
27958,1.1187858695687232e-05
27959,2.171238991836809e-05
27960,7.449902406129431e-06
27961,1.911306405245216e-05
27962,1.3656663751615575e-05
27963,2.6232464898206492e-05
27964,2.7149084543122447e-06
27965,1.2547158450459412e-05
27966,1.56237812375348e-05
27967,1.4667698547982593e-05
27968,9.844233795786024e-06
27969,1.0857419387940288e-05
27970,7.89755808065313e-06
27971,8.981221596183088e-06
27972,3.677236689887333e-05
27973,2.6669696832759123e-05
27974,6.968368106932211e-06
27975,2.590536458695729e-06
27976,6.632624483857994e-06
27977,2.5341379931947438e-05
27978,3.798824598866948e-05
27979,3.926828147199314e-05
27980,9.273329360391642e-06
27981,8.851037022999384e-06
27982,6.615868862793103e-05
27983,7.063549449832523e-07
27984,4.3365516547162664e-05
27985,8.491704704360493e-06
27986,1.0169209452128884e-05
27987,1.1187858695687232e-05
27988,3.567289358800989e-06
27989,8.892737362243828e-06
27990,8.58487116859954e-07
27991,1.1445049771455828e-05
27992,3.0495527855264824e-06
27993,9.753306518785305e-06
27994,2.5457024326321722e-05
27995,1.9756906355571455e-05
27996,5.874221594061904e-06
27997,3.0495527855264824e-06
27998,5.2946251810429825e-06
27999,1.6452166147152925e-05
28000,5.799588233115551e-06
28001,3.2445422920513604e-05
28002,9.263726349490309e-06
28003,3.3334057599760894e-06
28004,9.273329360391642e-06
28005,2.0940793139358538e-05
28006,8.58487116859954e-07
28007,1.2668639946208822e-05
28008,5.606493715984668e-06
28009,7.063549449832523e-07
28010,6.306632850805595e-06
28011,7.89755808065313e-06
28012,7.307911036485989e-06
28013,2.1744228134562504e-06
28014,2.567756127444846e-06
28015,7.993519340531444e-06
28016,1.5070411850590818e-05
28017,3.6670739740977085e-05
28018,1.646353802220859e-05
28019,2.171238991836809e-05
28020,1.9766402380370655e-05
28021,1.0026530187256368e-06
28022,1.0754660573650312e-05
28023,2.638324172073524e-06
28024,7.351019792492224e-06
28025,1.1657463000347894e-05
28026,8.865359047952257e-06
28027,8.865359047952257e-06
28028,1.8974895579305917e-05
28029,5.255304396475011e-07
28030,1.2547158450459412e-05
28031,2.638324172073524e-06
28032,3.156793480187798e-06
28033,3.309667459598288e-05
28034,1.7905032155057229e-06
28035,4.8062581530261184e-06
28036,5.821636477661691e-06
28037,1.4780495544012343e-05
28038,4.517264451286071e-06
28039,2.3147390505172322e-06
28040,2.1083274392483527e-07
28041,1.5110544139588908e-05
28042,1.0438274842770595e-05
28043,6.03146442030491e-06
28044,4.200484154866769e-06
28045,2.6290526829446276e-05
28046,4.8062581530261184e-06
28047,5.74256060132945e-06
28048,7.135582024188823e-06
28049,2.9414532597051834e-06
28050,1.0377534339301461e-05
28051,3.57234908280529e-06
28052,6.784292077741517e-06
28053,8.491704704360493e-06
28054,1.6549725166295783e-05
28055,8.58487116859954e-07
28056,5.574238617669124e-06
28057,2.212503139575054e-05
28058,3.309667459598288e-05
28059,1.5597427615731944e-05
28060,2.2727232230947e-05
28061,8.779840414085029e-06
28062,4.517264451286071e-06
28063,1.9766402380370655e-05
28064,2.1744228134562504e-06
28065,1.008734927977216e-06
28066,9.89800748622995e-06
28067,1.2857782005483696e-05
28068,1.5217656917777877e-05
28069,1.4782810473594473e-05
28070,1.9766402380370655e-05
28071,1.0341492697675664e-05
28072,5.46746317790583e-06
28073,1.0835957473737357e-06
28074,3.816854067617081e-05
28075,6.968368106932211e-06
28076,2.172899659165772e-06
28077,2.8667443349988375e-06
28078,8.491704704360493e-06
28079,3.2066451653224546e-06
28080,5.46746317790583e-06
28081,2.5457024326321722e-05
28082,2.5457024326321722e-05
28083,1.0331353779356072e-05
28084,1.0419316881349636e-05
28085,2.172899659165772e-06
28086,1.2752228797459337e-05
28087,5.874221594061904e-06
28088,1.9977029603934174e-05
28089,4.207408501786292e-06
28090,1.3656663751615575e-05
28091,4.501140969998669e-06
28092,2.0611810549800446e-06
28093,7.072924066519659e-07
28094,1.128061277732567e-05
28095,2.900439593488112e-05
28096,3.080654430191315e-05
28097,2.1145056985208625e-06
28098,2.6232464898206492e-05
28099,3.2445422920513604e-05
28100,1.3629474847298844e-05
28101,8.244613255882126e-06
28102,1.1721173360041573e-05
28103,1.1298618288485303e-05
28104,5.489708419760574e-06
28105,4.754748103679141e-06
28106,2.171238991836809e-05
28107,6.311011935176705e-05
28108,3.309667459598288e-05
28109,9.89800748622995e-06
28110,6.03146442030491e-06
28111,1.7693163444514465e-06
28112,4.268370181329992e-05
28113,1.2547158450459412e-05
28114,1.6549725166295783e-05
28115,1.8805946600225752e-05
28116,9.983179633554033e-06
28117,1.3676037489052945e-06
28118,3.4750683052493674e-05
28119,1.5623712047274186e-05
28120,1.0313207022366888e-05
28121,6.3391743123908195e-06
28122,9.273329360391642e-06
28123,1.8805946600225752e-05
28124,1.8024136615215226e-05
28125,5.574238617669124e-06
28126,3.54898591020141e-06
28127,7.227686254926452e-06
28128,1.9496757374554444e-05
28129,2.1744228134562504e-06
28130,3.2445422920513604e-05
28131,2.0231258384286043e-05
28132,2.39372234713232e-05
28133,1.0313207022366888e-05
28134,1.8974895579305917e-05
28135,1.1657463000347894e-05
28136,1.66801693039325e-05
28137,7.325903801898597e-06
28138,1.6549725166295783e-05
28139,4.681375912419083e-07
28140,7.548761950666645e-06
28141,0.0001304027994984618
28142,0.00024051363126281305
28143,2.2416084507162204e-06
28144,2.526980304345881e-05
28145,1.6867743870140347e-06
28146,3.192780666623571e-05
28147,1.863188248613669e-05
28148,1.9977029603934174e-05
28149,7.1469930078055945e-06
28150,7.65439688810413e-06
28151,1.6778098339098316e-05
28152,5.393058296887211e-05
28153,3.080654430191315e-05
28154,6.743385351881545e-06
28155,1.8805946600225752e-05
28156,7.89755808065313e-06
28157,3.721232060762215e-06
28158,3.550170591009911e-05
28159,2.814480122753761e-06
28160,7.548761950666645e-06
28161,1.1152414258539597e-05
28162,1.9246403971900736e-05
28163,4.1293081686154e-05
28164,3.551742868154992e-05
28165,2.7090952015066443e-05
28166,2.8599298038882866e-06
28167,4.3365516547162664e-05
28168,5.46746317790583e-06
28169,1.661334065097453e-05
28170,6.389740585441847e-05
28171,2.5341379931947438e-05
28172,3.579259214609329e-05
28173,1.950897543364397e-05
28174,7.227686254926452e-06
28175,1.574416582196822e-05
28176,4.232888356143353e-05
28177,1.784178363150239e-05
28178,7.795624630076884e-06
28179,1.1875799467932967e-05
28180,1.8024136615215226e-05
28181,3.309667459598288e-05
28182,1.2504365465339304e-05
28183,2.39372234713232e-05
28184,1.0948484236713208e-05
28185,2.1744228134562504e-06
28186,9.983179633554033e-06
28187,1.0313207022366888e-05
28188,7.347760832167804e-07
28189,5.791375776054895e-06
28190,2.1832170514423353e-06
28191,4.318728061330904e-09
28192,6.77801328557527e-06
28193,8.865359047952257e-06
28194,8.779840414085029e-06
28195,2.6366617112429715e-05
28196,3.550170591009911e-05
28197,1.66801693039325e-05
28198,1.1860072406665924e-05
28199,3.4798398522953628e-06
28200,3.4798398522953628e-06
28201,1.6124673690182643e-06
28202,4.233476369112428e-05
28203,4.752212140858664e-06
28204,1.2752228797459337e-05
28205,2.8638297407765024e-05
28206,3.4798398522953628e-06
28207,9.903911426043947e-06
28208,5.74256060132945e-06
28209,2.2609795461070886e-07
28210,3.54898591020141e-06
28211,6.968368106932211e-06
28212,1.8974895579305917e-05
28213,1.8024136615215226e-05
28214,5.066824247869157e-06
28215,1.4179314817945976e-05
28216,4.739205207123671e-06
28217,1.2499106818882815e-05
28218,3.698845678546419e-07
28219,3.543302466457338e-05
28220,2.2661908306986955e-05
28221,3.4798398522953628e-06
28222,2.5515775695340235e-05
28223,1.5286874656238851e-06
28224,7.325903801898597e-06
28225,8.278891074482927e-06
28226,3.579259214609329e-05
28227,1.8129085397442568e-05
28228,2.324106206228486e-05
28229,4.137511495687281e-05
28230,3.944312722530482e-05
28231,1.8024136615215226e-05
28232,4.086659437541308e-05
28233,5.066824247869157e-06
28234,3.2446151946335693e-06
28235,1.2508986890623746e-06
28236,2.171238991836809e-05
28237,3.0495527855264824e-06
28238,5.637976846777472e-06
28239,8.58487116859954e-07
28240,2.767691883844998e-05
28241,5.094381667434789e-06
28242,9.983179633554033e-06
28243,1.2105987869083227e-05
28244,2.257859274798186e-05
28245,7.548761950666645e-06
28246,2.324106206228486e-05
28247,3.889663216446158e-06
28248,2.3273436885651305e-05
28249,2.6232464898206492e-05
28250,3.4798398522953628e-06
28251,2.5457024326321722e-05
28252,3.543302466457338e-05
28253,3.54898591020141e-06
28254,3.198851287792776e-05
28255,9.983179633554033e-06
28256,7.705521608874756e-05
28257,9.983179633554033e-06
28258,5.574238617669124e-06
28259,4.344563232312016e-06
28260,3.4798398522953628e-06
28261,1.3409376265318766e-05
28262,5.167543924003077e-06
28263,3.172312495002965e-06
28264,1.5217656917777877e-05
28265,5.167543924003077e-06
28266,1.4571977729669638e-05
28267,1.5217656917777877e-05
28268,1.536507465114561e-05
28269,0.00017770478488257892
28270,1.8624074209871053e-05
28271,9.983179633554033e-06
28272,2.1744228134562504e-06
28273,2.5345955738682367e-05
28274,1.0313207022366888e-05
28275,4.508991794965483e-05
28276,1.9756906355571455e-05
28277,1.5300986451373842e-05
28278,4.3797104337522625e-05
28279,1.9939532740718934e-05
28280,2.1145056985208625e-06
28281,3.903056025989452e-05
28282,6.968368106932211e-06
28283,9.263726349490309e-06
28284,5.726319896952129e-06
28285,1.2499106818882815e-05
28286,9.7950553838749e-06
28287,1.6778098339098316e-05
28288,3.2583785784517278e-06
28289,5.469711135728868e-06
28290,3.096609344774479e-05
28291,3.309667459598288e-05
28292,3.54898591020141e-06
28293,7.682893847554348e-06
28294,2.3074341812228413e-05
28295,1.8974895579305917e-05
28296,6.454633595523476e-05
28297,5.637976846777472e-06
28298,1.3674898457651752e-05
28299,2.8667443349988375e-06
28300,1.1152414258539597e-05
28301,7.329428962093246e-06
28302,4.983428830864382e-06
28303,3.539311530167583e-06
28304,1.8500756511093587e-06
28305,3.6854845048586053e-06
28306,5.606493715984668e-06
28307,2.9414532597051834e-06
28308,3.4798398522953628e-06
28309,1.8024136615215226e-05
28310,2.0549076217869553e-05
28311,2.567756127444846e-06
28312,1.8805946600225752e-05
28313,2.1744228134562504e-06
28314,5.489708419760574e-06
28315,1.0952789725319169e-05
28316,3.2446151946335693e-06
28317,2.3074341812228413e-05
28318,3.457546241666303e-06
28319,1.0026530187256368e-06
28320,9.823787234911673e-06
28321,3.698845678546419e-07
28322,1.4406269508056996e-06
28323,1.4406269508056996e-06
28324,2.39372234713232e-05
28325,1.1106870906897075e-05
28326,2.3074341812228413e-05
28327,1.0419316881349636e-05
28328,5.606493715984668e-06
28329,1.1657463000347894e-05
28330,2.5409458264529133e-06
28331,3.698845678546419e-07
28332,2.5341379931947438e-05
28333,9.983179633554033e-06
28334,3.194085573009884e-05
28335,2.3147390505172322e-06
28336,4.712418813254684e-06
28337,5.469711135728868e-06
28338,7.04087630940213e-06
28339,5.819100281622349e-06
28340,2.0549076217869553e-05
28341,4.210206099968472e-05
28342,3.172312495002965e-06
28343,4.712418813254684e-06
28344,5.2946251810429825e-06
28345,1.0924115674501308e-05
28346,1.2547158450459412e-05
28347,7.805217374622108e-06
28348,1.1204600872324263e-05
28349,7.063549449832523e-07
28350,3.543302466457338e-05
28351,2.39372234713232e-05
28352,2.567756127444846e-06
28353,1.2859160646836952e-05
28354,3.367122987356735e-06
28355,1.6723997866334754e-05
28356,1.1918676508060773e-05
28357,1.784178363150239e-05
28358,2.39372234713232e-05
28359,7.04087630940213e-06
28360,1.1997764685598476e-05
28361,2.109183756099316e-05
28362,5.2946251810429825e-06
28363,1.365300199160014e-05
28364,1.2499106818882815e-05
28365,1.0924115674501308e-05
28366,1.6802412297597575e-05
28367,6.466167127861589e-06
28368,2.3079566049958632e-05
28369,3.551742868154992e-05
28370,6.8012151300323124e-06
28371,3.2583785784517278e-06
28372,2.5710983162623927e-06
28373,2.3307035010389806e-05
28374,1.8024136615215226e-05
28375,6.8012151300323124e-06
28376,5.066824247869157e-06
28377,2.9004047719192356e-05
28378,2.7471378098867538e-05
28379,1.8460090098661703e-06
28380,2.889334277513483e-05
28381,2.590536458695729e-06
28382,2.324106206228486e-05
28383,2.39372234713232e-05
28384,2.39372234713232e-05
28385,5.981531900235198e-06
28386,5.991680101938115e-05
28387,7.383412113819585e-06
28388,7.86375023253337e-06
28389,2.3074341812228413e-05
28390,9.037310875955778e-06
28391,2.0611810549800446e-06
28392,7.548761950666645e-06
28393,4.807632222904557e-06
28394,0.0001603950710369103
28395,2.5457024326321722e-05
28396,2.5457024326321722e-05
28397,2.767691883844998e-05
28398,1.6549725166295783e-05
28399,3.197007371508808e-06
28400,2.5457024326321722e-05
28401,2.1145056985208625e-06
28402,5.819100281622349e-06
28403,1.926045809992359e-06
28404,2.767691883844998e-05
28405,5.109913352583105e-05
28406,1.66801693039325e-05
28407,1.6452166147152925e-05
28408,1.1997764685598476e-05
28409,2.5457024326321722e-05
28410,1.6452166147152925e-05
28411,8.58487116859954e-07
28412,1.8140551401805054e-05
28413,8.881973286371031e-06
28414,5.606493715984668e-06
28415,1.6917059972408012e-06
28416,1.128592739937243e-06
28417,2.39372234713232e-05
28418,3.642909689143666e-05
28419,2.196246728358906e-06
28420,7.793014496445853e-07
28421,1.7256637679571568e-06
28422,6.807153939081614e-06
28423,1.950897543364397e-05
28424,7.347760832167804e-07
28425,6.0517276086091855e-06
28426,7.383412113819585e-06
28427,6.0517276086091855e-06
28428,7.89755808065313e-06
28429,3.2066451653224546e-06
28430,5.2946251810429825e-06
28431,2.8638297407765024e-05
28432,2.9482571849698247e-05
28433,1.1103836314347348e-07
28434,3.156793480187798e-06
28435,2.5457024326321722e-05
28436,1.0094592901705242e-06
28437,2.257859274798186e-05
28438,1.4515881844721867e-06
28439,3.4798398522953628e-06
28440,3.5138045007016863e-06
28441,3.2445422920513604e-05
28442,4.562484694210718e-05
28443,6.9763925007491356e-06
28444,1.4507022011684647e-05
28445,1.1050065501815846e-05
28446,2.0990608531799997e-06
28447,1.3646120680143995e-05
28448,2.385536642401955e-06
28449,1.56237812375348e-05
28450,1.6948482949165388e-05
28451,1.0438274842770595e-05
28452,2.3273436885651305e-05
28453,4.453100111047768e-05
28454,1.1152414258539597e-05
28455,0.00011692444758832203
28456,3.926828147199314e-05
28457,2.0549076217869553e-05
28458,1.1644992356732589e-05
28459,2.39372234713232e-05
28460,2.39372234713232e-05
28461,1.6917059972408012e-06
28462,5.469711135728868e-06
28463,2.172899659165772e-06
28464,2.0278891203424817e-05
28465,3.699073383855719e-06
28466,5.900895157352535e-06
28467,1.8538364677761307e-05
28468,9.318008668577259e-06
28469,1.950897543364397e-05
28470,2.590536458695729e-06
28471,2.39372234713232e-05
28472,1.0679981774516916e-05
28473,6.0812585611422054e-06
28474,2.2274735313271023e-05
28475,3.926828147199314e-05
28476,3.5606009976195343e-05
28477,1.5217656917777877e-05
28478,1.0169209452128884e-05
28479,2.39372234713232e-05
28480,1.1918676508060773e-05
28481,1.1918676508060773e-05
28482,3.567289358800989e-06
28483,4.750268108589107e-06
28484,3.869217156195683e-05
28485,2.0549076217869553e-05
28486,8.58487116859954e-07
28487,3.5512823101964576e-06
28488,1.0976766595274669e-05
28489,4.035362184388446e-06
28490,1.536507465114561e-05
28491,3.302688214524199e-05
28492,2.767691883844998e-05
28493,0.00011751015957905265
28494,2.6319758826481655e-05
28495,5.3862427427158636e-05
28496,6.65968826910499e-06
28497,3.5461693726315654e-06
28498,5.574238617669124e-06
28499,5.469711135728868e-06
28500,6.0517276086091855e-06
28501,6.115777068064974e-06
28502,6.115777068064974e-06
28503,1.6452166147152925e-05
28504,2.889334277513483e-05
28505,6.03146442030491e-06
28506,6.958192790136846e-06
28507,9.45237015895667e-05
28508,0.00011431699241341986
28509,7.793014496445853e-07
28510,2.3147390505172322e-06
28511,2.590536458695729e-06
28512,8.7754132147943e-07
28513,3.367122987356735e-06
28514,1.9766402380370655e-05
28515,7.063549449832523e-07
28516,1.4571977729669638e-05
28517,1.4571977729669638e-05
28518,1.4571977729669638e-05
28519,1.7465669065873244e-05
28520,1.4571977729669638e-05
28521,7.795624630076884e-06
28522,2.402807309752188e-05
28523,1.56237812375348e-05
28524,2.479481743816543e-06
28525,1.2859160646836952e-05
28526,9.318008668577259e-06
28527,1.286687412353392e-05
28528,1.1187858695687232e-05
28529,5.900895157352535e-06
28530,1.2502128903267543e-05
28531,1.6549725166295783e-05
28532,6.632624483857994e-06
28533,4.717817132719374e-06
28534,8.881973286371031e-06
28535,3.197007371508808e-06
28536,5.811249787146697e-05
28537,1.0341492697675664e-05
28538,4.7641157993465865e-06
28539,2.39372234713232e-05
28540,1.1875799467932967e-05
28541,6.0517276086091855e-06
28542,8.779840414085029e-06
28543,1.8805946600225752e-05
28544,5.574238617669124e-06
28545,3.568816699129768e-05
28546,7.206440890938093e-07
28547,2.6232464898206492e-05
28548,2.15283800466425e-05
28549,1.7001802941719574e-06
28550,3.1886280895013605e-06
28551,1.4571977729669638e-05
28552,1.6124673690182643e-06
28553,0.00010550832237665949
28554,1.8974895579305917e-05
28555,9.16577641018437e-06
28556,2.0549076217869553e-05
28557,3.080654430191315e-05
28558,6.03146442030491e-06
28559,1.8974895579305917e-05
28560,6.632624483857994e-06
28561,1.5014599119749904e-07
28562,8.58487116859954e-07
28563,3.5512823101964576e-06
28564,3.3334057599760894e-06
28565,7.86375023253337e-06
28566,2.5345955738682367e-05
28567,1.2502128903267543e-05
28568,1.0679981774516916e-05
28569,1.529962178010783e-05
28570,1.0679981774516916e-05
28571,7.793014496445853e-07
28572,6.047390258570638e-06
28573,4.712418813254684e-06
28574,9.263726349490309e-06
28575,7.063549449832523e-07
28576,1.5217656917777877e-05
28577,5.270695988429431e-07
28578,2.9414532597051834e-06
28579,9.903911426043947e-06
28580,0.00010057256570375433
28581,9.983179633554033e-06
28582,3.2445422920513604e-05
28583,3.3334057599760894e-06
28584,2.0990608531799997e-06
28585,8.28663599998875e-06
28586,3.3517840892729225e-05
28587,7.351019792492224e-06
28588,3.367122987356735e-06
28589,1.13983838556238e-06
28590,1.8868111523841994e-06
28591,3.646874802707865e-06
28592,4.1664758471386595e-05
28593,1.7905032155057229e-06
28594,3.3334057599760894e-06
28595,2.5457024326321722e-05
28596,6.8012151300323124e-06
28597,7.063549449832523e-07
28598,2.3074341812228413e-05
28599,3.367122987356735e-06
28600,4.7629499175452086e-05
28601,4.8557900828684785e-06
28602,3.54898591020141e-06
28603,2.172899659165772e-06
28604,2.475909621915308e-05
28605,1.1187858695687232e-05
28606,8.865359047952257e-06
28607,2.1083274392483527e-07
28608,5.377591186363026e-06
28609,4.808031046946449e-06
28610,1.0026530187256368e-06
28611,1.8974895579305917e-05
28612,7.063549449832523e-07
28613,1.1663973207448035e-05
28614,3.926828147199314e-05
28615,4.344563232312016e-06
28616,1.0438274842770595e-05
28617,1.1995280057508101e-05
28618,3.4798398522953628e-06
28619,3.4798398522953628e-06
28620,1.1863193057143497e-05
28621,2.5345955738682367e-05
28622,0.00010808948247478491
28623,1.2752228797459337e-05
28624,1.2547158450459412e-05
28625,1.6549725166295783e-05
28626,1.2547158450459412e-05
28627,1.1187858695687232e-05
28628,7.795624630076884e-06
28629,7.698525158811343e-06
28630,3.2066451653224546e-06
28631,5.509607098696422e-06
28632,7.795624630076884e-06
28633,7.795624630076884e-06
28634,1.6723997866334754e-05
28635,7.211555888905522e-06
28636,9.417404697943715e-06
28637,3.54898591020141e-06
28638,2.0549076217869553e-05
28639,9.823787234911673e-06
28640,5.74256060132945e-06
28641,1.1106870906897075e-05
28642,2.5457024326321722e-05
28643,2.4662631681292474e-05
28644,7.0943797223067014e-06
28645,3.367122987356735e-06
28646,1.1152414258539597e-05
28647,1.0026530187256368e-06
28648,1.0026530187256368e-06
28649,1.3409376265318766e-05
28650,7.1063867990134775e-06
28651,1.377546840990069e-05
28652,2.5515775695340235e-05
28653,6.9763925007491356e-06
28654,8.165615708249532e-05
28655,5.270695988429431e-07
28656,3.255965970818307e-05
28657,1.3359536198542636e-05
28658,4.79476327412885e-06
28659,2.4662631681292474e-05
28660,2.0549076217869553e-05
28661,7.293191880507838e-06
28662,5.359455975736333e-06
28663,1.4571977729669638e-05
28664,6.490178552997004e-06
28665,3.2445422920513604e-05
28666,3.54898591020141e-06
28667,3.7774337547790563e-06
28668,1.8460090098661703e-06
28669,7.805217374622108e-06
28670,7.383412113819585e-06
28671,3.2066451653224546e-06
28672,2.8483417257409518e-06
28673,1.529962178010783e-05
28674,4.7641157993465865e-06
28675,7.548761950666645e-06
28676,2.385536642401955e-06
28677,4.496221929152011e-06
28678,3.7160634000884236e-06
28679,1.8024136615215226e-05
28680,1.0438274842770595e-05
28681,2.767691883844998e-05
28682,5.066824247869157e-06
28683,2.5515775695340235e-05
28684,1.998884419326811e-05
28685,5.241875531581324e-06
28686,3.2445422920513604e-05
28687,2.6232464898206492e-05
28688,1.4406269508056996e-06
28689,8.191150244508629e-08
28690,9.006527703519867e-07
28691,1.6685613070036195e-05
28692,1.1918676508060773e-05
28693,5.056029781688456e-06
28694,9.883460640919919e-06
28695,3.2445422920513604e-05
28696,5.2946251810429825e-06
28697,5.1699839138381205e-06
28698,1.8024136615215226e-05
28699,1.2668639946208822e-05
28700,1.2547158450459412e-05
28701,1.8805946600225752e-05
28702,2.767691883844998e-05
28703,6.660113175588203e-06
28704,9.360161008768145e-06
28705,1.4780495544012343e-05
28706,1.2547158450459412e-05
28707,5.0950084062941624e-05
28708,2.39372234713232e-05
28709,7.795624630076884e-06
28710,2.8638297407765024e-05
28711,1.926045809992359e-06
28712,2.7471378098867538e-05
28713,1.979482762746686e-06
28714,1.0274166338583712e-05
28715,1.6452166147152925e-05
28716,6.533037179739474e-06
28717,1.9496757374554444e-05
28718,4.687336814084638e-06
28719,1.3676037489052945e-06
28720,2.39372234713232e-05
28721,9.903911426043947e-06
28722,7.063549449832523e-07
28723,1.1814313729705485e-06
28724,3.698845678546419e-07
28725,1.950897543364397e-05
28726,6.0517276086091855e-06
28727,2.5457024326321722e-05
28728,8.779840414085029e-06
28729,1.9977029603934174e-05
28730,5.167543924003077e-06
28731,1.6685613070036195e-05
28732,1.6709694019828036e-05
28733,5.637976846777472e-06
28734,3.550170591009911e-05
28735,8.278891074482927e-06
28736,1.5597427615731944e-05
28737,3.367122987356735e-06
28738,5.574238617669124e-06
28739,7.347760832167804e-07
28740,3.367122987356735e-06
28741,0.00010573775665138691
28742,2.39372234713232e-05
28743,3.367122987356735e-06
28744,2.2422730190436983e-08
28745,5.167543924003077e-06
28746,2.8638297407765024e-05
28747,5.574238617669124e-06
28748,1.536507465114561e-05
28749,1.039061081073116e-05
28750,5.900895157352535e-06
28751,1.0026530187256368e-06
28752,2.4662631681292474e-05
28753,2.8638297407765024e-05
28754,2.172899659165772e-06
28755,4.200484154866769e-06
28756,2.4852672319731058e-05
28757,7.009694715600637e-06
28758,5.509607098696422e-06
28759,6.249110241859464e-06
28760,3.16808003668308e-05
28761,6.0517276086091855e-06
28762,3.096609344774479e-05
28763,1.3656663751615575e-05
28764,1.398545076197968e-05
28765,1.6685613070036195e-05
28766,4.754748103679141e-06
28767,1.8974895579305917e-05
28768,5.606493715984668e-06
28769,5.509607098696422e-06
28770,1.9496757374554444e-05
28771,6.968368106932211e-06
28772,4.356612700008615e-06
28773,2.7471378098867538e-05
28774,1.4571977729669638e-05
28775,2.241136900550908e-05
28776,1.8460090098661703e-06
28777,1.0331353779356072e-05
28778,2.212503139575054e-05
28779,1.0952789725319169e-05
28780,9.255783930672972e-07
28781,5.094381667434789e-06
28782,1.577955613586142e-06
28783,2.3147390505172322e-06
28784,2.569745318314875e-05
28785,1.6452166147152925e-05
28786,4.223512266542004e-05
28787,2.624837212607974e-05
28788,3.367122987356735e-06
28789,2.3805619838825533e-05
28790,2.171238991836809e-05
28791,2.5457024326321722e-05
28792,3.543302466457338e-05
28793,4.918079432645984e-05
28794,8.865359047952257e-06
28795,5.2946251810429825e-06
28796,1.0331353779356072e-05
28797,2.3805619838825533e-05
28798,3.78235516341809e-08
28799,6.3391743123908195e-06
28800,1.6723997866334754e-05
28801,3.367122987356735e-06
28802,2.3079566049958632e-05
28803,2.1525684884286885e-05
28804,4.952362352419042e-08
28805,3.367122987356735e-06
28806,1.2504365465339304e-05
28807,2.1889635175949354e-05
28808,1.658495497062072e-05
28809,8.244613255882126e-06
28810,5.509607098696422e-06
28811,1.1836670161158395e-05
28812,7.325903801898597e-06
28813,7.700017115969424e-06
28814,1.359075543535206e-06
28815,9.903911426043947e-06
28816,3.550170591009911e-05
28817,1.4406269508056996e-06
28818,8.333134331592287e-05
28819,6.076666691901281e-06
28820,5.46746317790583e-06
28821,9.318008668577259e-06
28822,1.6685613070036195e-05
28823,1.1836670161158395e-05
28824,2.9414532597051834e-06
28825,7.993519340531444e-06
28826,1.9792695525349584e-06
28827,6.9338187017889555e-09
28828,9.812026410217846e-06
28829,1.832563557451777e-05
28830,3.6954725355878477e-06
28831,2.5710983162623927e-06
28832,1.4632000443051207e-06
28833,2.0940793139358538e-05
28834,1.2547158450459412e-05
28835,8.243848403349646e-06
28836,2.5341379931947438e-05
28837,1.8581267500807902e-05
28838,2.8328465851033263e-05
28839,3.6954725355878477e-06
28840,2.6319758826481655e-05
28841,7.016287745516977e-06
28842,3.550170591009911e-05
28843,3.54898591020141e-06
28844,7.009694715600637e-06
28845,2.1645451471496127e-05
28846,6.533037179739474e-06
28847,3.54898591020141e-06
28848,6.533037179739474e-06
28849,1.983676114667277e-05
28850,3.309667459598288e-05
28851,2.2888671285892858e-05
28852,7.211949868832926e-05
28853,3.5440203959875755e-05
28854,5.222987658470035e-05
28855,1.0169209452128884e-05
28856,2.5341379931947438e-05
28857,1.1226175945422384e-05
28858,1.4406269508056996e-06
28859,5.874221594061904e-06
28860,1.8500756511093587e-06
28861,2.212503139575054e-05
28862,5.574238617669124e-06
28863,2.0549076217869553e-05
28864,3.3334057599760894e-06
28865,1.8024136615215226e-05
28866,1.1863193057143497e-05
28867,4.344563232312016e-06
28868,7.293191880507838e-06
28869,9.360161008768145e-06
28870,1.1863193057143497e-05
28871,3.54898591020141e-06
28872,2.569745318314875e-05
28873,6.784292077741517e-06
28874,1.2139689997609837e-06
28875,1.6778098339098316e-05
28876,4.763658862776077e-06
28877,7.698525158811343e-06
28878,3.309667459598288e-05
28879,1.6778098339098316e-05
28880,3.624798520530593e-05
28881,1.950897543364397e-05
28882,3.54898591020141e-06
28883,6.268882790711344e-05
28884,9.16577641018437e-06
28885,5.242245252444778e-05
28886,7.449902406129431e-06
28887,3.457546241666303e-06
28888,7.063549449832523e-07
28889,7.548761950666645e-06
28890,2.9414532597051834e-06
28891,3.550170591009911e-05
28892,2.5710983162623927e-06
28893,1.398545076197968e-05
28894,5.752406200382652e-06
28895,6.3391743123908195e-06
28896,3.2445422920513604e-05
28897,1.950897543364397e-05
28898,1.8974895579305917e-05
28899,6.604102156649155e-06
28900,1.2668639946208822e-05
28901,3.367122987356735e-06
28902,6.968368106932211e-06
28903,6.7349596039378535e-06
28904,1.3676037489052945e-06
28905,2.3805619838825533e-05
28906,2.638324172073524e-06
28907,3.367122987356735e-06
28908,1.0026530187256368e-06
28909,2.0231258384286043e-05
28910,9.823787234911673e-06
28911,2.249111936793878e-05
28912,2.3074341812228413e-05
28913,2.171238991836809e-05
28914,2.171238991836809e-05
28915,2.5798193606812087e-05
28916,2.171238991836809e-05
28917,1.0924115674501308e-05
28918,2.510603690142444e-06
28919,3.543302466457338e-05
28920,1.2499106818882815e-05
28921,3.543302466457338e-05
28922,2.3841957788260876e-06
28923,1.6709694019828036e-05
28924,5.819100281622349e-06
28925,2.212503139575054e-05
28926,1.8974895579305917e-05
28927,3.367122987356735e-06
28928,1.529962178010783e-05
28929,3.309667459598288e-05
28930,1.1533265666156953e-05
28931,7.65439688810413e-06
28932,2.5798193606812087e-05
28933,2.171238991836809e-05
28934,2.171238991836809e-05
28935,3.367122987356735e-06
28936,1.8974895579305917e-05
28937,7.063549449832523e-07
28938,1.4406269508056996e-06
28939,1.1445049771455828e-05
28940,1.9004063843858377e-07
28941,1.8974895579305917e-05
28942,1.9004063843858377e-07
28943,3.543302466457338e-05
28944,1.8974895579305917e-05
28945,1.2085578189964074e-05
28946,3.367122987356735e-06
28947,7.04087630940213e-06
28948,4.496647434593277e-06
28949,1.1830331046798598e-05
28950,1.8460090098661703e-06
28951,1.0341492697675664e-05
28952,7.383412113819585e-06
28953,3.367122987356735e-06
28954,2.0231258384286043e-05
28955,4.173486881781762e-06
28956,1.1533265666156953e-05
28957,7.682893847554348e-06
28958,5.2946251810429825e-06
28959,9.8162622946691e-06
28960,1.2547158450459412e-05
28961,6.790657887975816e-05
28962,1.2547158450459412e-05
28963,5.46746317790583e-06
28964,1.1836670161158395e-05
28965,1.2547158450459412e-05
28966,1.2547158450459412e-05
28967,1.6723997866334754e-05
28968,2.785041548221168e-05
28969,2.735732024500742e-05
28970,1.8974895579305917e-05
28971,1.1863193057143497e-05
28972,5.469079616141989e-07
28973,2.767691883844998e-05
28974,3.2021007702808205e-06
28975,5.2946251810429825e-06
28976,1.8974895579305917e-05
28977,6.0517276086091855e-06
28978,1.0735750121253833e-05
28979,5.0682302957549476e-05
28980,5.791375776054895e-06
28981,1.5623712047274186e-05
28982,5.167543924003077e-06
28983,0.000152694125577037
28984,1.7256637679571568e-06
28985,4.305506070831409e-06
28986,1.13983838556238e-06
28987,2.3805619838825533e-05
28988,2.3805619838825533e-05
28989,7.063549449832523e-07
28990,2.3805619838825533e-05
28991,2.3805619838825533e-05
28992,2.171238991836809e-05
28993,8.031641710132544e-08
28994,7.499015165752427e-06
28995,2.510603690142444e-06
28996,5.574238617669124e-06
28997,1.7001802941719574e-06
28998,9.273329360391642e-06
28999,2.5457024326321722e-05
29000,7.226360711145934e-06
29001,1.6778098339098316e-05
29002,2.9414532597051834e-06
29003,2.39372234713232e-05
29004,3.367122987356735e-06
29005,1.5217656917777877e-05
29006,2.9414532597051834e-06
29007,2.249111936793878e-05
29008,1.6723997866334754e-05
29009,1.1657463000347894e-05
29010,7.570501945535964e-05
29011,2.6232464898206492e-05
29012,3.682437588552389e-06
29013,1.2085578189964074e-05
29014,2.172899659165772e-06
29015,9.823787234911673e-06
29016,5.67338538194055e-06
29017,1.8805946600225752e-05
29018,3.543302466457338e-05
29019,1.6984012151060729e-06
29020,1.1836670161158395e-05
29021,1.8538364677761307e-05
29022,9.934099713184705e-06
29023,6.604102156649155e-06
29024,3.562672450041804e-05
29025,1.2547158450459412e-05
29026,1.4632000443051207e-06
29027,6.604102156649155e-06
29028,2.0389030618798876e-05
29029,1.8024136615215226e-05
29030,2.3074341812228413e-05
29031,1.8538364677761307e-05
29032,1.0438274842770595e-05
29033,2.964523558465838e-05
29034,2.7149084543122447e-06
29035,7.325903801898597e-06
29036,2.432802710416036e-07
29037,1.6060136668988957e-05
29038,9.903911426043947e-06
29039,1.1187858695687232e-05
29040,4.344563232312016e-06
29041,2.8638297407765024e-05
29042,2.171238991836809e-05
29043,1.6268595255204886e-05
29044,8.865359047952257e-06
29045,2.9290588370624115e-05
29046,1.926045809992359e-06
29047,2.320654997288232e-06
29048,2.1343432555850942e-05
29049,5.46746317790583e-06
29050,2.3895855388216243e-07
29051,7.063549449832523e-07
29052,1.7082589017383005e-05
29053,5.46746317790583e-06
29054,4.983428830864382e-06
29055,1.1995280057508101e-05
29056,6.443088955385831e-05
29057,5.791375776054895e-06
29058,1.6495205372277616e-05
29059,1.8805946600225752e-05
29060,2.4683056328024187e-06
29061,2.39372234713232e-05
29062,3.57234908280529e-06
29063,3.381099333877525e-05
29064,2.5515775695340235e-05
29065,2.3805619838825533e-05
29066,8.981221596183088e-06
29067,2.3805619838825533e-05
29068,3.4995484833278084e-05
29069,2.3805619838825533e-05
29070,2.171238991836809e-05
29071,2.171238991836809e-05
29072,3.682437588552389e-06
29073,1.9977029603934174e-05
29074,2.0933526142735768e-05
29075,3.3577468101269214e-06
29076,1.0948484236713208e-05
29077,3.2309268194194954e-06
29078,3.2445422920513604e-05
29079,9.844233795786024e-06
29080,1.0857419387940288e-05
29081,1.2859160646836952e-05
29082,1.0169209452128884e-05
29083,5.510935341068495e-06
29084,5.9117501360328634e-06
29085,1.3474369808609735e-06
29086,1.634994038941602e-05
29087,1.1187858695687232e-05
29088,8.17231993298234e-06
29089,8.981221596183088e-06
29090,7.449902406129431e-06
29091,5.270695988429431e-07
29092,1.0438274842770595e-05
29093,1.5623712047274186e-05
29094,4.712418813254684e-06
29095,2.4683056328024187e-06
29096,8.851037022999384e-06
29097,6.604551486953346e-07
29098,1.763317027055864e-05
29099,6.604551486953346e-07
29100,6.784292077741517e-06
29101,1.320298452626375e-05
29102,3.5517004061818853e-06
29103,5.167543924003077e-06
29104,1.6778098339098316e-05
29105,2.299379965773706e-05
29106,1.0991002387294113e-05
29107,5.2946251810429825e-06
29108,5.469711135728868e-06
29109,8.137564451293906e-06
29110,6.784292077741517e-06
29111,9.502827595125746e-06
29112,1.75856283615666e-05
29113,3.197007371508808e-06
29114,8.069640355834237e-07
29115,2.6232464898206492e-05
29116,2.3079566049958632e-05
29117,2.7088526775520514e-06
29118,2.6021019309663816e-05
29119,8.632232152270172e-06
29120,7.04087630940213e-06
29121,6.968368106932211e-06
29122,1.1663973207448035e-05
29123,1.8974895579305917e-05
29124,2.4683056328024187e-06
29125,1.6723997866334754e-05
29126,7.04087630940213e-06
29127,1.9756906355571455e-05
29128,3.367122987356735e-06
29129,3.096609344774479e-05
29130,1.0313207022366888e-05
29131,2.1505141316400385e-06
29132,5.167543924003077e-06
29133,5.2946251810429825e-06
29134,1.2499106818882815e-05
29135,2.4683056328024187e-06
29136,3.726055405653195e-06
29137,2.0940793139358538e-05
29138,9.622365479210942e-06
29139,5.509607098696422e-06
29140,3.857321283308478e-05
29141,1.0341492697675664e-05
29142,1.8805946600225752e-05
29143,1.1657463000347894e-05
29144,9.400585914092224e-06
29145,2.8638297407765024e-05
29146,2.4683056328024187e-06
29147,4.344563232312016e-06
29148,2.900439593488112e-05
29149,9.16577641018437e-06
29150,4.712418813254684e-06
29151,1.1657463000347894e-05
29152,1.8538364677761307e-05
29153,3.367122987356735e-06
29154,7.325903801898597e-06
29155,5.819100281622349e-06
29156,1.1668668853090769e-05
29157,1.8581267500807902e-05
29158,1.1657463000347894e-05
29159,1.1657463000347894e-05
29160,4.081953044758512e-06
29161,1.5217656917777877e-05
29162,1.6778098339098316e-05
29163,1.8974895579305917e-05
29164,1.6685613070036195e-05
29165,3.367122987356735e-06
29166,7.65439688810413e-06
29167,2.67705202093828e-05
29168,1.983676114667277e-05
29169,4.811788670371425e-06
29170,7.009694715600637e-06
29171,1.0700875383419456e-05
29172,9.89800748622995e-06
29173,4.344563232312016e-06
29174,9.16577641018437e-06
29175,3.54898591020141e-06
29176,6.533037179739474e-06
29177,2.0420658256241298e-05
29178,2.3805619838825533e-05
29179,9.318008668577259e-06
29180,1.8974895579305917e-05
29181,1.1152414258539597e-05
29182,1.6778098339098316e-05
29183,2.4315916379686296e-05
29184,9.594154120435579e-06
29185,1.6549725166295783e-05
29186,9.7950553838749e-06
29187,2.3147390505172322e-06
29188,4.344563232312016e-06
29189,1.2677842756588725e-05
29190,2.0549076217869553e-05
29191,3.7259482505932196e-06
29192,1.8581267500807902e-05
29193,9.16577641018437e-06
29194,7.86375023253337e-06
29195,1.04227806141565e-05
29196,5.167543924003077e-06
29197,4.081953044758512e-06
29198,4.657932221056116e-05
29199,3.54898591020141e-06
29200,3.4130022978859626e-05
29201,9.515108067451576e-06
29202,3.381099333877525e-05
29203,7.548761950666645e-06
29204,5.917116457175449e-06
29205,8.49163255255179e-06
29206,1.1668668853090769e-05
29207,5.574238617669124e-06
29208,3.3334057599760894e-06
29209,8.244613255882126e-06
29210,4.081953044758512e-06
29211,2.5345955738682367e-05
29212,8.923409068108718e-06
29213,5.74256060132945e-06
29214,1.8581267500807902e-05
29215,8.18763536864292e-06
29216,5.119913791204008e-06
29217,9.802835711729158e-07
29218,5.843805452793031e-05
29219,4.8557900828684785e-06
29220,4.035362184388446e-06
29221,2.5457024326321722e-05
29222,1.711254127224861e-05
29223,5.040334723047266e-05
29224,1.0948484236713208e-05
29225,7.86375023253337e-06
29226,7.04087630940213e-06
29227,3.188949721896228e-06
29228,3.367122987356735e-06
29229,2.171238991836809e-05
29230,4.7641157993465865e-06
29231,3.889663216446158e-06
29232,9.273329360391642e-06
29233,3.367122987356735e-06
29234,1.2279115364674386e-05
29235,3.1538282887463924e-05
29236,6.115777068064974e-06
29237,2.224458335753996e-06
29238,3.172312495002965e-06
29239,2.806628432872435e-05
29240,3.3334057599760894e-06
29241,4.811788670371425e-06
29242,3.926828147199314e-05
29243,5.574238617669124e-06
29244,1.6685613070036195e-05
29245,5.574238617669124e-06
29246,1.746942083106186e-06
29247,3.457546241666303e-06
29248,4.494177150590377e-06
29249,3.2445422920513604e-05
29250,3.816842810740284e-08
29251,3.112688937422111e-06
29252,1.1439436660058208e-05
29253,4.344563232312016e-06
29254,8.865359047952257e-06
29255,6.3391743123908195e-06
29256,1.2547158450459412e-05
29257,2.171238991836809e-05
29258,1.1439436660058208e-05
29259,8.069640355834237e-07
29260,4.517264451286071e-06
29261,4.344563232312016e-06
29262,3.367122987356735e-06
29263,1.8538364677761307e-05
29264,1.8974895579305917e-05
29265,9.7950553838749e-06
29266,1.7310886838235323e-05
29267,9.263726349490309e-06
29268,3.489693626393209e-06
29269,4.344563232312016e-06
29270,1.1676394396410102e-05
29271,1.8974895579305917e-05
29272,1.7001802941719574e-06
29273,5.469711135728868e-06
29274,9.883460640919919e-06
29275,7.325903801898597e-06
29276,2.0549076217869553e-05
29277,8.58487116859954e-07
29278,1.1918676508060773e-05
29279,9.318008668577259e-06
29280,1.8974895579305917e-05
29281,1.0332946556311193e-07
29282,5.302360307335286e-06
29283,1.4406269508056996e-06
29284,1.1050065501815846e-05
29285,1.8936221026801777e-06
29286,6.328344014678506e-05
29287,3.54898591020141e-06
29288,8.278891074482927e-06
29289,7.65439688810413e-06
29290,2.171238991836809e-05
29291,2.363035128339922e-05
29292,4.3259130665482e-05
29293,2.593819237237139e-07
29294,2.3841957788260876e-06
29295,2.1145056985208625e-06
29296,2.0940793139358538e-05
29297,1.66801693039325e-05
29298,9.883460640919919e-06
29299,2.6232464898206492e-05
29300,6.076666691901281e-06
29301,8.486416061209232e-07
29302,1.634994038941602e-05
29303,2.1145056985208625e-06
29304,9.903911426043947e-06
29305,9.594154120435579e-06
29306,2.3805619838825533e-05
29307,1.9197744786942407e-06
29308,1.60280005887528e-06
29309,1.8974895579305917e-05
29310,5.874221594061904e-06
29311,1.979482762746686e-06
29312,1.0679981774516916e-05
29313,1.1963498984774657e-06
29314,1.8974895579305917e-05
29315,1.6917059972408012e-06
29316,3.2309268194194954e-06
29317,1.102911624623662e-05
29318,5.574238617669124e-06
29319,6.179033608901442e-06
29320,5.574238617669124e-06
29321,3.2309268194194954e-06
29322,1.2502128903267543e-05
29323,3.309667459598288e-05
29324,7.86375023253337e-06
29325,1.0341492697675664e-05
29326,1.6723997866334754e-05
29327,8.491704704360493e-06
29328,1.2756390628669485e-06
29329,9.7950553838749e-06
29330,3.2446151946335693e-06
29331,3.2446151946335693e-06
29332,3.6954725355878477e-06
29333,6.076666691901281e-06
29334,1.8974895579305917e-05
29335,1.0274166338583712e-05
29336,2.0231258384286043e-05
29337,3.646874802707865e-06
29338,2.1307483297458105e-05
29339,6.9763925007491356e-06
29340,1.56237812375348e-05
29341,6.076666691901281e-06
29342,1.529962178010783e-05
29343,4.085985549326954e-06
29344,4.1341555215435506e-05
29345,3.3002804081806606e-08
29346,4.085803688443996e-06
29347,3.54898591020141e-06
29348,6.3391743123908195e-06
29349,9.16577641018437e-06
29350,3.080654430191315e-05
29351,1.1657463000347894e-05
29352,7.04087630940213e-06
29353,4.8557900828684785e-06
29354,5.74256060132945e-06
29355,9.983179633554033e-06
29356,1.102911624623662e-05
29357,4.369965454844729e-07
29358,3.172312495002965e-06
29359,1.5286874656238851e-06
29360,1.5070411850590818e-05
29361,1.1657463000347894e-05
29362,4.216769428090719e-06
29363,9.983179633554033e-06
29364,8.244613255882126e-06
29365,1.13983838556238e-06
29366,8.28663599998875e-06
29367,3.367122987356735e-06
29368,7.65439688810413e-06
29369,6.533037179739474e-06
29370,1.6127191300175055e-05
29371,4.035362184388446e-06
29372,1.983676114667277e-05
29373,3.367122987356735e-06
29374,1.9756906355571455e-05
29375,1.5070411850590818e-05
29376,2.913594373915911e-05
29377,1.6268595255204886e-05
29378,1.0341492697675664e-05
29379,7.009694715600637e-06
29380,5.094381667434789e-06
29381,9.594154120435579e-06
29382,1.5070411850590818e-05
29383,3.889663216446158e-06
29384,1.0377534339301461e-05
29385,1.6620502661719015e-05
29386,6.115777068064974e-06
29387,2.8790229233890866e-05
29388,1.1547098631997888e-06
29389,2.5457024326321722e-05
29390,1.0319925847946167e-06
29391,1.0026530187256368e-06
29392,4.015419028639798e-06
29393,1.8974895579305917e-05
29394,3.926828147199314e-05
29395,3.54898591020141e-06
29396,2.5457024326321722e-05
29397,1.0924115674501308e-05
29398,2.3895855388216243e-07
29399,2.763295902925167e-05
29400,6.830633588881178e-06
29401,5.46746317790583e-06
29402,1.4031195736697965e-05
29403,6.533037179739474e-06
29404,1.56237812375348e-05
29405,1.0924115674501308e-05
29406,6.003772862833599e-07
29407,5.819100281622349e-06
29408,5.270695988429431e-07
29409,7.993519340531444e-06
29410,1.763317027055864e-05
29411,3.579259214609329e-05
29412,3.926828147199314e-05
29413,6.466167127861589e-06
29414,6.533037179739474e-06
29415,9.89800748622995e-06
29416,6.968368106932211e-06
29417,2.171238991836809e-05
29418,3.727382220091563e-06
29419,7.86375023253337e-06
29420,3.367122987356735e-06
29421,5.510935341068495e-06
29422,3.0134440694872914e-05
29423,1.983676114667277e-05
29424,1.2499106818882815e-05
29425,3.727382220091563e-06
29426,7.009694715600637e-06
29427,2.0231258384286043e-05
29428,3.54898591020141e-06
29429,4.1966830735556755e-06
29430,3.367122987356735e-06
29431,6.533037179739474e-06
29432,1.0341492697675664e-05
29433,1.0948484236713208e-05
29434,7.04087630940213e-06
29435,9.823787234911673e-06
29436,4.449671676898806e-06
29437,8.851037022999384e-06
29438,8.518218154287182e-06
29439,3.6338396511195733e-06
29440,7.009694715600637e-06
29441,9.273329360391642e-06
29442,3.5512823101964576e-06
29443,1.6723997866334754e-05
29444,1.1152414258539597e-05
29445,2.3841957788260876e-06
29446,9.273329360391642e-06
29447,5.614792423386058e-05
29448,1.9756906355571455e-05
29449,5.637976846777472e-06
29450,4.712418813254684e-06
29451,5.270695988429431e-07
29452,1.5300986451373842e-05
29453,2.5345955738682367e-05
29454,3.903056025989452e-05
29455,5.733999244647437e-06
29456,3.550170591009911e-05
29457,1.658495497062072e-05
29458,9.856281541908343e-06
29459,1.0332946556311193e-07
29460,3.367122987356735e-06
29461,9.318008668577259e-06
29462,6.604102156649155e-06
29463,1.983676114667277e-05
29464,5.509607098696422e-06
29465,1.6685613070036195e-05
29466,1.6606931296323126e-05
29467,1.4515881844721867e-06
29468,2.6366617112429715e-05
29469,2.0549076217869553e-05
29470,1.6323700309238452e-05
29471,2.9320528483521212e-06
29472,3.0495527855264824e-06
29473,1.3409376265318766e-05
29474,9.594154120435579e-06
29475,9.823787234911673e-06
29476,9.7950553838749e-06
29477,2.9414532597051834e-06
29478,2.172899659165772e-06
29479,2.6366617112429715e-05
29480,3.646874802707865e-06
29481,1.0341492697675664e-05
29482,1.0341492697675664e-05
29483,6.784292077741517e-06
29484,8.278891074482927e-06
29485,1.983676114667277e-05
29486,6.544745283209434e-05
29487,2.7702214013599628e-05
29488,7.65439688810413e-06
29489,1.6917059972408012e-06
29490,1.1695172375991367e-05
29491,1.0377534339301461e-05
29492,3.543302466457338e-05
29493,1.66801693039325e-05
29494,3.78235516341809e-08
29495,5.574238617669124e-06
29496,1.1050065501815846e-05
29497,1.0416189543517678e-05
29498,3.543302466457338e-05
29499,2.3895855388216243e-07
29500,3.919953362856588e-06
29501,1.66801693039325e-05
29502,5.574238617669124e-06
29503,1.1050065501815846e-05
29504,3.54898591020141e-06
29505,9.983179633554033e-06
29506,2.3895855388216243e-07
29507,2.3895855388216243e-07
29508,2.6232464898206492e-05
29509,4.6875123074126315e-06
29510,3.2445422920513604e-05
29511,9.903911426043947e-06
29512,1.3770504055067856e-05
29513,9.845642619125173e-06
29514,1.0801822625872706e-05
29515,1.529962178010783e-05
29516,1.0341492697675664e-05
29517,8.851037022999384e-06
29518,8.278891074482927e-06
29519,1.763317027055864e-05
29520,1.0952789725319169e-05
29521,1.66801693039325e-05
29522,2.171238991836809e-05
29523,3.726055405653195e-06
29524,4.085985549326954e-06
29525,1.8805946600225752e-05
29526,1.6723997866334754e-05
29527,3.969928166415697e-05
29528,9.273329360391642e-06
29529,1.0341492697675664e-05
29530,1.1366559280849088e-05
29531,2.224458335753996e-06
29532,9.16577641018437e-06
29533,8.278891074482927e-06
29534,8.278891074482927e-06
29535,1.1657463000347894e-05
29536,1.8341059169026184e-06
29537,0.0001267666021767883
29538,2.9414532597051834e-06
29539,2.0420658256241298e-05
29540,1.1050065501815846e-05
29541,0.00019951436752078792
29542,3.579259214609329e-05
29543,2.0940793139358538e-05
29544,1.1152414258539597e-05
29545,6.076666691901281e-06
29546,9.89800748622995e-06
29547,1.6778098339098316e-05
29548,1.6723997866334754e-05
29549,3.54898591020141e-06
29550,4.433994353239081e-06
29551,1.8024136615215226e-05
29552,3.16808003668308e-05
29553,5.489708419760574e-06
29554,2.3668062390108516e-05
29555,1.9756906355571455e-05
29556,1.1918676508060773e-05
29557,3.2445422920513604e-05
29558,1.6685613070036195e-05
29559,3.550170591009911e-05
29560,5.74256060132945e-06
29561,6.533037179739474e-06
29562,1.0377534339301461e-05
29563,1.8341059169026184e-06
29564,1.9756906355571455e-05
29565,9.622365479210942e-06
29566,3.539311530167583e-06
29567,1.0377534339301461e-05
29568,1.0924115674501308e-05
29569,1.8341059169026184e-06
29570,5.2946251810429825e-06
29571,1.8581267500807902e-05
29572,8.892737362243828e-06
29573,9.89800748622995e-06
29574,1.0924115674501308e-05
29575,3.646874802707865e-06
29576,5.509607098696422e-06
29577,2.124438723017059e-06
29578,1.0213215316709365e-05
29579,9.311758198035013e-07
29580,1.0026530187256368e-06
29581,1.6723997866334754e-05
29582,2.510603690142444e-06
29583,1.4435200760840362e-05
29584,4.6875123074126315e-06
29585,1.1152414258539597e-05
29586,5.119913791204008e-06
29587,1.6778098339098316e-05
29588,0.00012097526690905077
29589,1.529962178010783e-05
29590,7.226869489066659e-06
29591,4.646086757607567e-06
29592,5.874221594061904e-06
29593,1.763317027055864e-05
29594,2.0549076217869553e-05
29595,1.2857782005483696e-05
29596,4.344563232312016e-06
29597,2.5710983162623927e-06
29598,1.174889992272431e-05
29599,3.6338396511195733e-06
29600,2.1889635175949354e-05
29601,1.1668668853090769e-05
29602,2.8638297407765024e-05
29603,1.9004063843858377e-07
29604,1.0341492697675664e-05
29605,7.212723485587739e-05
29606,1.6723997866334754e-05
29607,1.9756906355571455e-05
29608,5.574238617669124e-06
29609,1.9496757374554444e-05
29610,2.5345955738682367e-05
29611,8.779840414085029e-06
29612,9.8162622946691e-06
29613,1.5217656917777877e-05
29614,1.6723997866334754e-05
29615,3.926828147199314e-05
29616,8.768460132188203e-07
29617,2.7355434752483625e-05
29618,1.8341059169026184e-06
29619,3.54898591020141e-06
29620,1.8341059169026184e-06
29621,7.009694715600637e-06
29622,7.005562279500642e-05
29623,3.903056025989452e-05
29624,6.533037179739474e-06
29625,4.712418813254684e-06
29626,6.0517276086091855e-06
29627,7.293191880507838e-06
29628,9.736558757118512e-06
29629,8.981221596183088e-06
29630,1.2752228797459337e-05
29631,2.7911491191413743e-06
29632,5.167543924003077e-06
29633,2.3774684702571228e-05
29634,1.8974895579305917e-05
29635,6.79532587176064e-05
29636,3.3334057599760894e-06
29637,6.234937843055909e-06
29638,3.919953362856588e-06
29639,5.637976846777472e-06
29640,9.754983796674525e-05
29641,2.569745318314875e-05
29642,4.223512266542004e-05
29643,6.604102156649155e-06
29644,5.377591186363026e-06
29645,4.681375912419083e-07
29646,1.6723997866334754e-05
29647,2.7911491191413743e-06
29648,6.604551486953346e-07
29649,1.1285318256470092e-05
29650,3.903056025989452e-05
29651,1.3510556190963273e-06
29652,2.5341379931947438e-05
29653,8.865359047952257e-06
29654,1.0341492697675664e-05
29655,2.7137656612532234e-05
29656,9.594154120435579e-06
29657,3.2445422920513604e-05
29658,3.4798398522953628e-06
29659,8.28663599998875e-06
29660,1.6709694019828036e-05
29661,9.273329360391642e-06
29662,9.983179633554033e-06
29663,6.234937843055909e-06
29664,2.8653897807031286e-05
29665,4.170085057168363e-06
29666,2.270282098024166e-06
29667,5.574238617669124e-06
29668,5.044342703661722e-05
29669,1.4571977729669638e-05
29670,1.6709694019828036e-05
29671,3.2155348743841803e-06
29672,1.698141059269409e-05
29673,1.6723997866334754e-05
29674,9.622365479210942e-06
29675,5.116756414939322e-05
29676,2.5098335131120705e-06
29677,6.306632850805595e-06
29678,1.577955613586142e-06
29679,5.469711135728868e-06
29680,1.0341492697675664e-05
29681,1.0679981774516916e-05
29682,4.361463544814087e-07
29683,1.2451007501704985e-05
29684,9.263726349490309e-06
29685,5.255304396475011e-07
29686,2.48715554831371e-06
29687,1.0341492697675664e-05
29688,4.9310916187287665e-05
29689,7.993519340531444e-06
29690,9.983179633554033e-06
29691,6.30059474816449e-05
29692,9.273329360391642e-06
29693,3.457546241666303e-06
29694,4.1947711618982264e-05
29695,5.574238617669124e-06
29696,1.8024136615215226e-05
29697,1.0924115674501308e-05
29698,1.8868111523841994e-06
29699,2.6232464898206492e-05
29700,4.344563232312016e-06
29701,2.8638297407765024e-05
29702,2.0549076217869553e-05
29703,7.009694715600637e-06
29704,4.200484154866769e-06
29705,9.318008668577259e-06
29706,6.8012151300323124e-06
29707,3.367122987356735e-06
29708,2.6274323424368077e-05
29709,2.1208844162678095e-05
29710,1.3706031896906176e-06
29711,5.574238617669124e-06
29712,1.6321563674865662e-06
29713,8.687523880754282e-05
29714,2.5457024326321722e-05
29715,8.4607249939904e-05
29716,1.8024136615215226e-05
29717,1.9971688459737037e-05
29718,2.324106206228486e-05
29719,1.0667695979192363e-05
29720,3.54898591020141e-06
29721,1.128061277732567e-05
29722,6.3391743123908195e-06
29723,1.813517261639127e-05
29724,3.0381166186930668e-05
29725,1.2085578189964074e-05
29726,1.3947470132478752e-06
29727,1.6723997866334754e-05
29728,2.991560302263112e-05
29729,2.171238991836809e-05
29730,1.0377534339301461e-05
29731,1.0377534339301461e-05
29732,6.3391743123908195e-06
29733,4.373458287193397e-07
29734,2.5457024326321722e-05
29735,4.19786478823539e-05
29736,1.8341059169026184e-06
29737,4.344563232312016e-06
29738,1.6723997866334754e-05
29739,6.000980126026234e-06
29740,7.329428962093246e-06
29741,3.727382220091563e-06
29742,1.4168350467223687e-05
29743,1.3510556190963273e-06
29744,1.1152414258539597e-05
29745,1.5217656917777877e-05
29746,1.3656663751615575e-05
29747,2.212503139575054e-05
29748,6.533037179739474e-06
29749,3.2066451653224546e-06
29750,5.270695988429431e-07
29751,3.54898591020141e-06
29752,1.1050065501815846e-05
29753,6.784292077741517e-06
29754,6.533037179739474e-06
29755,1.0341492697675664e-05
29756,5.489708419760574e-06
29757,8.779840414085029e-06
29758,5.094381667434789e-06
29759,4.081953044758512e-06
29760,2.3074341812228413e-05
29761,5.574238617669124e-06
29762,3.2445422920513604e-05
29763,1.2451007501704985e-05
29764,2.172899659165772e-06
29765,0.0005729596149574971
29766,8.981221596183088e-06
29767,1.3673862377922261e-05
29768,3.7160634000884236e-06
29769,2.5457024326321722e-05
29770,3.2446151946335693e-06
29771,5.489708419760574e-06
29772,7.009694715600637e-06
29773,6.404403602302025e-05
29774,1.7629656216829875e-06
29775,3.6954725355878477e-06
29776,9.903911426043947e-06
29777,8.268727026443922e-05
29778,1.3676037489052945e-06
29779,2.0843521630699076e-08
29780,1.2279115364674386e-05
29781,3.4748795822786305e-05
29782,1.2148574038694506e-05
29783,2.4903694178749316e-05
29784,9.273329360391642e-06
29785,2.3147390505172322e-06
29786,2.0549076217869553e-05
29787,7.993519340531444e-06
29788,1.0952789725319169e-05
29789,4.531044181113482e-06
29790,1.128061277732567e-05
29791,3.2446151946335693e-06
29792,5.489708419760574e-06
29793,1.0332946556311193e-07
29794,9.263726349490309e-06
29795,1.0976766595274669e-05
29796,1.0377534339301461e-05
29797,1.0341492697675664e-05
29798,5.917116457175449e-06
29799,7.993519340531444e-06
29800,7.993519340531444e-06
29801,2.249111936793878e-05
29802,2.497385757514808e-05
29803,2.4683056328024187e-06
29804,5.2946251810429825e-06
29805,5.2946251810429825e-06
29806,3.457546241666303e-06
29807,3.394941681205257e-05
29808,6.0517276086091855e-06
29809,4.717817132719374e-06
29810,2.5457024326321722e-05
29811,1.2752228797459337e-05
29812,8.7754132147943e-07
29813,9.273329360391642e-06
29814,1.9496757374554444e-05
29815,1.2451007501704985e-05
29816,1.6723997866334754e-05
29817,2.000338063109173e-05
29818,2.6319758826481655e-05
29819,1.950897543364397e-05
29820,2.5457024326321722e-05
29821,4.685917832397219e-06
29822,7.063549449832523e-07
29823,3.2155348743841803e-06
29824,5.2946251810429825e-06
29825,3.54898591020141e-06
29826,8.865359047952257e-06
29827,3.096609344774479e-05
29828,9.983179633554033e-06
29829,6.784292077741517e-06
29830,1.2499106818882815e-05
29831,1.3794497302494021e-06
29832,5.510935341068495e-06
29833,1.0419316881349636e-05
29834,2.172899659165772e-06
29835,1.9496757374554444e-05
29836,2.171238991836809e-05
29837,1.0679981774516916e-05
29838,9.622365479210942e-06
29839,1.0816912648696365e-05
29840,3.54898591020141e-06
29841,1.7697377370276988e-05
29842,6.0306524856918034e-05
29843,4.433994353239081e-06
29844,1.8117689782328067e-05
29845,2.5457024326321722e-05
29846,6.533037179739474e-06
29847,5.74256060132945e-06
29848,1.4571977729669638e-05
29849,6.533037179739474e-06
29850,3.682437588552389e-06
29851,9.273329360391642e-06
29852,1.4571977729669638e-05
29853,3.2445422920513604e-05
29854,1.0679981774516916e-05
29855,2.9463573275273432e-05
29856,1.4571977729669638e-05
29857,6.110151509903756e-05
29858,1.2502128903267543e-05
29859,3.2445422920513604e-05
29860,4.884819068856996e-05
29861,3.857321283308478e-05
29862,1.2504365465339304e-05
29863,1.660118878074839e-05
29864,2.5341379931947438e-05
29865,3.172312495002965e-06
29866,1.4423151725802495e-05
29867,9.318008668577259e-06
29868,1.2128269328467285e-05
29869,2.5710983162623927e-06
29870,1.5185482622532934e-05
29871,1.0754660573650312e-05
29872,7.545407336700241e-05
29873,5.469079616141989e-07
29874,2.0549076217869553e-05
29875,2.0549076217869553e-05
29876,4.717817132719374e-06
29877,1.1875799467932967e-05
29878,4.06660491484393e-05
29879,5.659867290427026e-06
29880,1.0313207022366888e-05
29881,2.8638297407765024e-05
29882,1.5623712047274186e-05
29883,9.102425402803029e-05
29884,2.0549076217869553e-05
29885,3.080654430191315e-05
29886,2.567756127444846e-06
29887,3.946442858425871e-07
29888,5.574238617669124e-06
29889,2.257859274798186e-05
29890,6.784292077741517e-06
29891,6.604102156649155e-06
29892,3.489693626393209e-06
29893,1.1676394396410102e-05
29894,1.0169209452128884e-05
29895,2.747322708366491e-05
29896,2.7911491191413743e-06
29897,3.550170591009911e-05
29898,1.4485552592580338e-05
29899,1.0169209452128884e-05
29900,4.739205207123671e-06
29901,1.8024136615215226e-05
29902,6.400322023800324e-05
29903,8.28663599998875e-06
29904,3.579259214609329e-05
29905,1.6723997866334754e-05
29906,2.834078365345221e-06
29907,1.5462754272636223e-06
29908,1.2547158450459412e-05
29909,6.784292077741517e-06
29910,1.2727432446450108e-06
29911,1.166205935181289e-05
29912,1.102911624623662e-05
29913,5.917116457175449e-06
29914,6.784292077741517e-06
29915,4.68476637197657e-06
29916,4.8557900828684785e-06
29917,1.8341059169026184e-06
29918,3.54898591020141e-06
29919,9.273329360391642e-06
29920,1.8341059169026184e-06
29921,1.1542505250732856e-05
29922,4.200484154866769e-06
29923,2.171238991836809e-05
29924,1.0679981774516916e-05
29925,6.374685471734877e-07
29926,4.4059462965053656e-05
29927,1.1187858695687232e-05
29928,1.8805946600225752e-05
29929,3.959054662825049e-05
29930,1.1676394396410102e-05
29931,2.1889635175949354e-05
29932,2.0549076217869553e-05
29933,3.5726778121197856e-05
29934,2.0389030618798876e-05
29935,4.085985549326954e-06
29936,2.0549076217869553e-05
29937,8.35396901245353e-06
29938,3.543302466457338e-05
29939,2.638324172073524e-06
29940,3.080654430191315e-05
29941,1.1152414258539597e-05
29942,9.318008668577259e-06
29943,5.574238617669124e-06
29944,2.0549076217869553e-05
29945,3.857321283308478e-05
29946,1.0438274842770595e-05
29947,8.35396901245353e-06
29948,4.496647434593277e-06
29949,4.681375912419083e-07
29950,3.54898591020141e-06
29951,2.0843521630699076e-08
29952,2.0843521630699076e-08
29953,1.1050065501815846e-05
29954,1.1152414258539597e-05
29955,1.1187858695687232e-05
29956,9.753306518785305e-06
29957,7.89755808065313e-06
29958,6.0517276086091855e-06
29959,1.0924115674501308e-05
29960,1.6116889749685004e-05
29961,1.1050065501815846e-05
29962,8.768460132188203e-07
29963,4.712418813254684e-06
29964,1.1050065501815846e-05
29965,5.1699839138381205e-06
29966,1.1050065501815846e-05
29967,1.1050065501815846e-05
29968,1.2085578189964074e-05
29969,1.1050065501815846e-05
29970,6.490178552997004e-06
29971,2.3079566049958632e-05
29972,2.6021019309663816e-05
29973,2.3079566049958632e-05
29974,4.758563856264241e-06
29975,6.784292077741517e-06
29976,4.494177150590377e-06
29977,6.632624483857994e-06
29978,1.2752228797459337e-05
29979,2.3079566049958632e-05
29980,1.0416189543517678e-05
29981,1.66801693039325e-05
29982,2.0549076217869553e-05
29983,2.557838228476347e-06
29984,9.983179633554033e-06
29985,4.154168394128788e-06
29986,6.047390258570638e-06
29987,6.0517276086091855e-06
29988,6.9763925007491356e-06
29989,8.981221596183088e-06
29990,3.080654430191315e-05
29991,1.428400311030304e-06
29992,1.6627177907637575e-06
29993,1.6362735480503537e-05
29994,1.4660187829436324e-05
29995,5.509607098696422e-06
29996,6.0812585611422054e-06
29997,1.6917059972408012e-06
29998,1.2502128903267543e-05
29999,3.919953362856588e-06
30000,7.548761950666645e-06
30001,5.574238617669124e-06
30002,1.9977029603934174e-05
30003,1.6984012151060729e-06
30004,3.6854845048586053e-06
30005,1.6917059972408012e-06
30006,1.2547158450459412e-05
30007,3.5512823101964576e-06
30008,9.883460640919919e-06
30009,1.0679981774516916e-05
30010,2.6561922325278466e-06
30011,3.309667459598288e-05
30012,1.66801693039325e-05
30013,6.0517276086091855e-06
30014,2.4662631681292474e-05
30015,2.1889635175949354e-05
30016,2.385536642401955e-06
30017,9.802835711729158e-07
30018,1.4179314817945976e-05
30019,1.56237812375348e-05
30020,1.8341059169026184e-06
30021,3.489693626393209e-06
30022,1.8341059169026184e-06
30023,1.4247492712672494e-05
30024,1.8460090098661703e-06
30025,1.1050065501815846e-05
30026,5.5993101961503935e-05
30027,3.5517004061818853e-06
30028,1.2013322342028058e-05
30029,3.5517004061818853e-06
30030,1.8341059169026184e-06
30031,6.77801328557527e-06
30032,1.9756906355571455e-05
30033,5.119913791204008e-06
30034,7.04087630940213e-06
30035,3.6384885364149834e-06
30036,5.351576112237181e-05
30037,2.3147390505172322e-06
30038,1.763317027055864e-05
30039,5.377591186363026e-06
30040,3.682437588552389e-06
30041,5.100076148586477e-06
30042,3.8490488257466405e-05
30043,5.819100281622349e-06
30044,3.309667459598288e-05
30045,2.5457024326321722e-05
30046,1.66801693039325e-05
30047,6.249110241859464e-06
30048,8.58487116859954e-07
30049,2.5457024326321722e-05
30050,1.6917059972408012e-06
30051,4.085985549326954e-06
30052,7.04087630940213e-06
30053,1.950897543364397e-05
30054,5.819100281622349e-06
30055,2.5341379931947438e-05
30056,2.1282515193666954e-05
30057,1.6917059972408012e-06
30058,2.124438723017059e-06
30059,7.383412113819585e-06
30060,1.6549725166295783e-05
30061,4.88001542070682e-06
30062,1.1162994263206335e-05
30063,2.814480122753761e-06
30064,2.8638297407765024e-05
30065,1.567964616032283e-06
30066,6.784292077741517e-06
30067,1.6778098339098316e-05
30068,2.9317407158261725e-06
30069,5.489708419760574e-06
30070,1.4551209440644694e-06
30071,2.1889635175949354e-05
30072,1.1784024723653693e-05
30073,1.6917059972408012e-06
30074,1.983676114667277e-05
30075,1.7905598194470777e-05
30076,5.726319896952129e-06
30077,1.23319264848507e-05
30078,4.7641157993465865e-06
30079,5.819100281622349e-06
30080,1.5286874656238851e-06
30081,1.1918676508060773e-05
30082,3.6296626616412776e-05
30083,1.3140923796326781e-05
30084,2.767691883844998e-05
30085,1.1439436660058208e-05
30086,5.46746317790583e-06
30087,8.244613255882126e-06
30088,1.3656663751615575e-05
30089,1.0679981774516916e-05
30090,1.2547158450459412e-05
30091,1.1657463000347894e-05
30092,5.917116457175449e-06
30093,3.080654430191315e-05
30094,2.171238991836809e-05
30095,5.74256060132945e-06
30096,5.67338538194055e-06
30097,1.5371601014051626e-05
30098,2.8667443349988375e-06
30099,3.903056025989452e-05
30100,9.7950553838749e-06
30101,1.6917059972408012e-06
30102,1.5110544139588908e-05
30103,9.7950553838749e-06
30104,2.212503139575054e-05
30105,5.726319896952129e-06
30106,2.171238991836809e-05
30107,1.1863193057143497e-05
30108,1.5217656917777877e-05
30109,1.6709694019828036e-05
30110,1.8805946600225752e-05
30111,1.2948878532913037e-05
30112,3.776363892288694e-05
30113,1.0857419387940288e-05
30114,1.5110544139588908e-05
30115,5.981531900235198e-06
30116,4.280276360890319e-05
30117,5.167543924003077e-06
30118,2.8638297407765024e-05
30119,3.2445422920513604e-05
30120,2.3142578998832037e-05
30121,9.360161008768145e-06
30122,1.1875799467932967e-05
30123,1.0274166338583712e-05
30124,3.54898591020141e-06
30125,1.102911624623662e-05
30126,2.079854819816605e-06
30127,1.0434514848307231e-06
30128,4.085985549326954e-06
30129,1.377546840990069e-05
30130,1.8341059169026184e-06
30131,4.715648469132916e-05
30132,3.080654430191315e-05
30133,1.8460090098661703e-06
30134,6.0517276086091855e-06
30135,1.6778098339098316e-05
30136,4.6875123074126315e-06
30137,2.39372234713232e-05
30138,2.886647395239286e-06
30139,0.00043055282607977577
30140,6.229396957021664e-06
30141,3.926828147199314e-05
30142,1.09231490319743e-05
30143,6.229396957021664e-06
30144,2.510603690142444e-06
30145,6.229396957021664e-06
30146,1.8024136615215226e-05
30147,6.784292077741517e-06
30148,1.60280005887528e-06
30149,1.1187858695687232e-05
30150,3.309667459598288e-05
30151,1.0319925847946167e-06
30152,5.469711135728868e-06
30153,1.2547158450459412e-05
30154,9.318008668577259e-06
30155,1.0924115674501308e-05
30156,3.3391968294401246e-06
30157,2.5341379931947438e-05
30158,1.5334208349073928e-05
30159,4.261699030998209e-05
30160,9.594154120435579e-06
30161,1.763317027055864e-05
30162,3.646874802707865e-06
30163,2.5341379931947438e-05
30164,8.278891074482927e-06
30165,3.0449547099873613e-05
30166,5.821636477661691e-06
30167,2.638324172073524e-06
30168,3.2309268194194954e-06
30169,6.533037179739474e-06
30170,4.085803688443996e-06
30171,2.1889635175949354e-05
30172,5.819100281622349e-06
30173,1.0341492697675664e-05
30174,9.263726349490309e-06
30175,1.8341059169026184e-06
30176,8.58487116859954e-07
30177,6.784292077741517e-06
30178,1.3409376265318766e-05
30179,1.634994038941602e-05
30180,2.172899659165772e-06
30181,6.229396957021664e-06
30182,9.360161008768145e-06
30183,3.080654430191315e-05
30184,4.414732653217319e-05
30185,2.224458335753996e-06
30186,9.260221771632981e-07
30187,9.037310875955778e-06
30188,6.229396957021664e-06
30189,1.0679981774516916e-05
30190,2.833324327432506e-05
30191,0.0008259178509719972
30192,1.0274166338583712e-05
30193,4.064543654664952e-05
30194,1.183325528466339e-05
30195,9.844233795786024e-06
30196,4.712418813254684e-06
30197,9.318008668577259e-06
30198,2.0606425709841903e-06
30199,2.785041548221168e-05
30200,1.60280005887528e-06
30201,1.0952789725319169e-05
30202,3.5512823101964576e-06
30203,3.2445422920513604e-05
30204,8.244613255882126e-06
30205,8.101288340134312e-07
30206,2.8667443349988375e-06
30207,6.229396957021664e-06
30208,1.8868111523841994e-06
30209,5.726319896952129e-06
30210,6.076666691901281e-06
30211,1.911306405245216e-05
30212,1.2139689997609837e-06
30213,8.031641710132544e-08
30214,1.6778098339098316e-05
30215,1.0377534339301461e-05
30216,1.1152414258539597e-05
30217,6.95709462097379e-06
30218,1.5110544139588908e-05
30219,5.469711135728868e-06
30220,1.0341492697675664e-05
30221,6.424982015785985e-05
30222,6.474271344130775e-05
30223,3.9291244105240924e-05
30224,1.5110544139588908e-05
30225,3.2445422920513604e-05
30226,2.171238991836809e-05
30227,6.632624483857994e-06
30228,2.171238991836809e-05
30229,0.00022009060187505515
30230,1.2279115364674386e-05
30231,4.035362184388446e-06
30232,1.4509444111154486e-05
30233,7.383412113819585e-06
30234,5.509607098696422e-06
30235,2.5341379931947438e-05
30236,9.366472633001832e-06
30237,5.306868214407795e-07
30238,7.329428962093246e-06
30239,3.2446151946335693e-06
30240,1.0991002387294113e-05
30241,4.398077317176066e-06
30242,1.166205935181289e-05
30243,1.1152414258539597e-05
30244,6.374685471734877e-07
30245,4.7641157993465865e-06
30246,2.0549076217869553e-05
30247,1.6723997866334754e-05
30248,6.0517276086091855e-06
30249,3.309667459598288e-05
30250,1.783334204856849e-06
30251,2.39372234713232e-05
30252,1.1988169966819532e-05
30253,1.98276511246248e-05
30254,1.9739103059167247e-05
30255,1.09231490319743e-05
30256,5.791375776054895e-06
30257,9.983179633554033e-06
30258,5.9117501360328634e-06
30259,5.9117501360328634e-06
30260,8.58487116859954e-07
30261,2.320654997288232e-06
30262,2.8369282808913568e-05
30263,9.753306518785305e-06
30264,1.56237812375348e-05
30265,1.2013322342028058e-05
30266,3.550170591009911e-05
30267,1.4515881844721867e-06
30268,3.0451393363935958e-05
30269,2.569745318314875e-05
30270,6.229396957021664e-06
30271,2.6366617112429715e-05
30272,6.807153939081614e-06
30273,2.689689662004895e-05
30274,2.39372234713232e-05
30275,1.9496757374554444e-05
30276,2.3079566049958632e-05
30277,3.302592321090118e-07
30278,5.094381667434789e-06
30279,2.970325875375545e-06
30280,4.995117563042747e-06
30281,3.2445422920513604e-05
30282,9.983179633554033e-06
30283,3.1640275916112384e-06
30284,1.2727432446450108e-06
30285,1.9004063843858377e-07
30286,2.8792329459577703e-05
30287,1.0952789725319169e-05
30288,7.993519340531444e-06
30289,1.983676114667277e-05
30290,2.5345955738682367e-05
30291,4.646086757607567e-06
30292,6.229396957021664e-06
30293,6.229396957021664e-06
30294,6.229396957021664e-06
30295,6.229396957021664e-06
30296,7.206440890938093e-07
30297,3.550170591009911e-05
30298,5.659867290427026e-06
30299,2.785041548221168e-05
30300,1.1663973207448035e-05
30301,5.2946251810429825e-06
30302,1.2508986890623746e-06
30303,6.229396957021664e-06
30304,3.2445422920513604e-05
30305,1.8341059169026184e-06
30306,1.8341059169026184e-06
30307,4.995117563042747e-06
30308,1.0169209452128884e-05
30309,2.404715575735162e-07
30310,2.5720557676180047e-05
30311,5.659867290427026e-06
30312,7.795624630076884e-06
30313,1.6124673690182643e-06
30314,1.8341059169026184e-06
30315,6.604102156649155e-06
30316,2.834078365345221e-06
30317,4.750268108589107e-06
30318,2.0843521630699076e-08
30319,3.080654430191315e-05
30320,6.04968054366963e-06
30321,1.8129085397442568e-05
30322,6.076666691901281e-06
30323,6.606194031682172e-05
30324,3.2445422920513604e-05
30325,1.0377534339301461e-05
30326,7.383412113819585e-06
30327,3.543302466457338e-05
30328,1.128061277732567e-05
30329,1.0169209452128884e-05
30330,3.2446151946335693e-06
30331,3.2446151946335693e-06
30332,3.2446151946335693e-06
30333,3.2446151946335693e-06
30334,9.273329360391642e-06
30335,3.2446151946335693e-06
30336,3.2445422920513604e-05
30337,6.03146442030491e-06
30338,1.634994038941602e-05
30339,1.1988169966819532e-05
30340,1.0332946556311193e-07
30341,6.660113175588203e-06
30342,6.660113175588203e-06
30343,6.660113175588203e-06
30344,3.2446151946335693e-06
30345,1.2752228797459337e-05
30346,3.550170591009911e-05
30347,1.0169209452128884e-05
30348,3.2446151946335693e-06
30349,2.9414532597051834e-06
30350,9.753306518785305e-06
30351,5.67338538194055e-06
30352,1.6797119349840586e-06
30353,1.783334204856849e-06
30354,1.6627177907637575e-06
30355,6.714701880409444e-06
30356,1.4632000443051207e-06
30357,9.640825058192401e-06
30358,7.801117340595816e-06
30359,5.917116457175449e-06
30360,2.249111936793878e-05
30361,6.660113175588203e-06
30362,6.660113175588203e-06
30363,6.660113175588203e-06
30364,2.3074341812228413e-05
30365,1.8183367716529516e-05
30366,2.6232464898206492e-05
30367,3.3334057599760894e-06
30368,2.4683056328024187e-06
30369,2.5341379931947438e-05
30370,2.472446640117757e-05
30371,1.763317027055864e-05
30372,3.7521152634236e-05
30373,4.7641157993465865e-06
30374,2.98737211413672e-06
30375,2.39372234713232e-05
30376,1.1050065501815846e-05
30377,9.7950553838749e-06
30378,9.7950553838749e-06
30379,9.7950553838749e-06
30380,2.5457024326321722e-05
30381,8.278891074482927e-06
30382,2.39372234713232e-05
30383,1.2547158450459412e-05
30384,2.9658433015577584e-05
30385,6.374685471734877e-07
30386,8.779840414085029e-06
30387,8.278891074482927e-06
30388,7.063549449832523e-07
30389,1.6709694019828036e-05
30390,1.9756906355571455e-05
30391,1.7207844604559312e-05
30392,6.076666691901281e-06
30393,9.16577641018437e-06
30394,8.779840414085029e-06
30395,1.3073514415799466e-05
30396,8.58487116859954e-07
30397,1.2668639946208822e-05
30398,1.0169209452128884e-05
30399,9.883460640919919e-06
30400,8.191150244508629e-08
30401,8.768460132188203e-07
30402,3.682437588552389e-06
30403,2.406179858049953e-06
30404,5.509607098696422e-06
30405,1.9756906355571455e-05
30406,2.173004727633276e-05
30407,3.3334057599760894e-06
30408,6.533037179739474e-06
30409,1.1196717915405056e-05
30410,2.39372234713232e-05
30411,2.39372234713232e-05
30412,2.39372234713232e-05
30413,3.682437588552389e-06
30414,3.2445422920513604e-05
30415,1.3656663751615575e-05
30416,9.753306518785305e-06
30417,1.0169209452128884e-05
30418,2.6021019309663816e-05
30419,1.0438274842770595e-05
30420,9.273329360391642e-06
30421,3.080654430191315e-05
30422,3.309667459598288e-05
30423,1.1187858695687232e-05
30424,5.902936485716995e-05
30425,1.1050065501815846e-05
30426,7.548761950666645e-06
30427,1.4551209440644694e-06
30428,2.39372234713232e-05
30429,1.1050065501815846e-05
30430,1.1050065501815846e-05
30431,2.5720557676180047e-05
30432,9.7950553838749e-06
30433,6.0517276086091855e-06
30434,7.89755808065313e-06
30435,6.03146442030491e-06
30436,3.3334057599760894e-06
30437,1.1235776676082058e-06
30438,3.367122987356735e-06
30439,5.874221594061904e-06
30440,9.883460640919919e-06
30441,8.58487116859954e-07
30442,3.543302466457338e-05
30443,4.531044181113482e-06
30444,1.9496757374554444e-05
30445,3.096609344774479e-05
30446,6.660113175588203e-06
30447,6.660113175588203e-06
30448,6.660113175588203e-06
30449,6.660113175588203e-06
30450,1.1995280057508101e-05
30451,6.660113175588203e-06
30452,9.8162622946691e-06
30453,3.7014776919734555e-05
30454,3.223478423162025e-06
30455,9.273329360391642e-06
30456,1.1187858695687232e-05
30457,6.604102156649155e-06
30458,2.5457024326321722e-05
30459,9.844233795786024e-06
30460,3.539311530167583e-06
30461,2.3074341812228413e-05
30462,9.273329360391642e-06
30463,1.8805946600225752e-05
30464,3.2446151946335693e-06
30465,9.7950553838749e-06
30466,1.863188248613669e-05
30467,9.7950553838749e-06
30468,4.061845086579305e-06
30469,1.2502128903267543e-05
30470,4.7641157993465865e-06
30471,2.3147390505172322e-06
30472,9.7950553838749e-06
30473,1.1743900489535227e-05
30474,3.579259214609329e-05
30475,7.548761950666645e-06
30476,1.6778098339098316e-05
30477,5.36822217329111e-06
30478,2.8638297407765024e-05
30479,5.574238617669124e-06
30480,7.682893847554348e-06
30481,1.1918676508060773e-05
30482,4.398077317176066e-06
30483,1.6268595255204886e-05
30484,1.0341492697675664e-05
30485,1.6452166147152925e-05
30486,6.784292077741517e-06
30487,9.89800748622995e-06
30488,4.681375912419083e-07
30489,6.784292077741517e-06
30490,1.1439436660058208e-05
30491,1.9004063843858377e-07
30492,3.682437588552389e-06
30493,3.7774337547790563e-06
30494,5.874221594061904e-06
30495,1.0377534339301461e-05
30496,1.3656663751615575e-05
30497,2.171238991836809e-05
30498,1.1050065501815846e-05
30499,3.2445422920513604e-05
30500,0.0001333765773311948
30501,6.229396957021664e-06
30502,9.983179633554033e-06
30503,1.66801693039325e-05
30504,2.970325875375545e-06
30505,1.3656663751615575e-05
30506,2.6366617112429715e-05
30507,3.309667459598288e-05
30508,4.739205207123671e-06
30509,2.8638297407765024e-05
30510,2.119828201308502e-05
30511,2.5457024326321722e-05
30512,9.823787234911673e-06
30513,1.0341492697675664e-05
30514,1.75856283615666e-05
30515,3.508757374352308e-05
30516,5.469711135728868e-06
30517,8.881973286371031e-06
30518,4.687336814084638e-06
30519,6.03146442030491e-06
30520,8.461195848300982e-06
30521,3.54898591020141e-06
30522,3.550170591009911e-05
30523,3.223478423162025e-06
30524,5.807625376517772e-05
30525,8.137564451293906e-06
30526,2.567756127444846e-06
30527,7.124176368197579e-06
30528,5.119913791204008e-06
30529,4.687336814084638e-06
30530,1.369814157940644e-05
30531,1.1152414258539597e-05
30532,5.67338538194055e-06
30533,5.574238617669124e-06
30534,4.7641157993465865e-06
30535,9.903911426043947e-06
30536,3.2583785784517278e-06
30537,1.09231490319743e-05
30538,2.6232464898206492e-05
30539,1.0169209452128884e-05
30540,2.6232464898206492e-05
30541,2.767691883844998e-05
30542,5.489708419760574e-06
30543,6.660113175588203e-06
30544,3.7160634000884236e-06
30545,3.7160634000884236e-06
30546,1.6867743870140347e-06
30547,3.539311530167583e-06
30548,1.1106870906897075e-05
30549,2.3147390505172322e-06
30550,1.8024136615215226e-05
30551,2.5710983162623927e-06
30552,1.66801693039325e-05
30553,8.244613255882126e-06
30554,1.5247259181415138e-05
30555,9.273329360391642e-06
30556,4.433994353239081e-06
30557,2.5710983162623927e-06
30558,1.6867743870140347e-06
30559,2.7911491191413743e-06
30560,3.7774337547790563e-06
30561,9.006527703519867e-07
30562,8.865359047952257e-06
30563,3.682437588552389e-06
30564,3.197007371508808e-06
30565,1.0438274842770595e-05
30566,1.7310886838235323e-05
30567,3.543302466457338e-05
30568,9.622365479210942e-06
30569,1.1439436660058208e-05
30570,3.2445422920513604e-05
30571,1.1863193057143497e-05
30572,1.683179230717907e-05
30573,1.9756906355571455e-05
30574,5.819100281622349e-06
30575,9.273329360391642e-06
30576,1.974437336869654e-05
30577,7.89755808065313e-06
30578,1.0679981774516916e-05
30579,5.489708419760574e-06
30580,6.47964763296422e-06
30581,1.095676865700563e-06
30582,6.784292077741517e-06
30583,7.795624630076884e-06
30584,9.594154120435579e-06
30585,1.1152414258539597e-05
30586,4.739205207123671e-06
30587,1.6452166147152925e-05
30588,3.204607872343378e-05
30589,2.5457024326321722e-05
30590,2.0278891203424817e-05
30591,1.3676037489052945e-06
30592,3.6954725355878477e-06
30593,4.739205207123671e-06
30594,3.354153459986863e-06
30595,3.309667459598288e-05
30596,3.6954725355878477e-06
30597,3.080654430191315e-05
30598,4.763658862776077e-06
30599,8.851037022999384e-06
30600,1.7629656216829875e-06
30601,2.212503139575054e-05
30602,7.227686254926452e-06
30603,5.67338538194055e-06
30604,1.1187858695687232e-05
30605,1.228708439718689e-05
30606,3.223478423162025e-06
30607,1.5217656917777877e-05
30608,3.543302466457338e-05
30609,6.328344014678506e-05
30610,1.7110390729055665e-05
30611,3.949540783894427e-05
30612,7.325903801898597e-06
30613,6.374685471734877e-07
30614,8.865359047952257e-06
30615,1.2547158450459412e-05
30616,6.109286801912687e-06
30617,2.2043617958606783e-05
30618,9.640825058192401e-06
30619,7.698525158811343e-06
30620,2.9414532597051834e-06
30621,5.574238617669124e-06
30622,3.6954725355878477e-06
30623,5.821636477661691e-06
30624,8.865359047952257e-06
30625,3.6954725355878477e-06
30626,3.2445422920513604e-05
30627,3.794762843547894e-06
30628,8.881973286371031e-06
30629,5.2946251810429825e-06
30630,3.172312495002965e-06
30631,5.2946251810429825e-06
30632,3.3334057599760894e-06
30633,3.3334057599760894e-06
30634,2.6232464898206492e-05
30635,6.968368106932211e-06
30636,6.03146442030491e-06
30637,1.9766402380370655e-05
30638,1.56237812375348e-05
30639,5.821636477661691e-06
30640,1.0313207022366888e-05
30641,1.56237812375348e-05
30642,1.0332946556311193e-07
30643,0.00014021001349770435
30644,3.223478423162025e-06
30645,4.305506070831409e-06
30646,9.273329360391642e-06
30647,1.1918676508060773e-05
30648,3.080654430191315e-05
30649,1.4632000443051207e-06
30650,1.09231490319743e-05
30651,3.794762843547894e-06
30652,7.76037730929793e-05
30653,6.632624483857994e-06
30654,2.172899659165772e-06
30655,3.682437588552389e-06
30656,7.1469930078055945e-06
30657,6.830633588881178e-06
30658,9.318008668577259e-06
30659,9.7950553838749e-06
30660,7.139326936626449e-06
30661,7.89755808065313e-06
30662,2.279887060561325e-06
30663,1.4571977729669638e-05
30664,1.4571977729669638e-05
30665,1.591100680984303e-06
30666,2.0940793139358538e-05
30667,3.579259214609329e-05
30668,1.6124673690182643e-06
30669,1.0416189543517678e-05
30670,6.249110241859464e-06
30671,1.1918676508060773e-05
30672,1.3656663751615575e-05
30673,5.638264639183681e-05
30674,1.536507465114561e-05
30675,0.00013373085636717586
30676,1.6685613070036195e-05
30677,9.7950553838749e-06
30678,1.0169209452128884e-05
30679,4.7641157993465865e-06
30680,5.094381667434789e-06
30681,3.613309748776203e-07
30682,3.543302466457338e-05
30683,3.926828147199314e-05
30684,5.167543924003077e-06
30685,1.6778098339098316e-05
30686,1.6723997866334754e-05
30687,3.172312495002965e-06
30688,6.03146442030491e-06
30689,2.249111936793878e-05
30690,6.879364539130577e-06
30691,0.00011242456892227755
30692,6.0517276086091855e-06
30693,3.2066451653224546e-06
30694,1.8538364677761307e-05
30695,1.9792695525349584e-06
30696,3.5606009976195343e-05
30697,3.457546241666303e-06
30698,2.9414532597051834e-06
30699,9.273329360391642e-06
30700,0.00012082058613691351
30701,1.2857782005483696e-05
30702,1.0313207022366888e-05
30703,1.2504365465339304e-05
30704,6.918042387662285e-06
30705,9.983179633554033e-06
30706,3.3334057599760894e-06
30707,5.489708419760574e-06
30708,1.0026530187256368e-06
30709,1.0169209452128884e-05
30710,1.1918676508060773e-05
30711,1.166205935181289e-05
30712,8.137564451293906e-06
30713,2.5727195700756993e-06
30714,5.469711135728868e-06
30715,2.124438723017059e-06
30716,7.329428962093246e-06
30717,1.2502128903267543e-05
30718,1.1918676508060773e-05
30719,2.3074341812228413e-05
30720,9.360161008768145e-06
30721,4.739205207123671e-06
30722,5.395302922764298e-05
30723,1.1445049771455828e-05
30724,7.805217374622108e-06
30725,1.8024136615215226e-05
30726,8.865359047952257e-06
30727,1.974437336869654e-05
30728,2.590536458695729e-06
30729,8.243848403349646e-06
30730,8.865359047952257e-06
30731,6.7349596039378535e-06
30732,2.889334277513483e-05
30733,2.8638297407765024e-05
30734,2.249111936793878e-05
30735,1.5822479104540874e-06
30736,1.4551209440644694e-06
30737,3.6338396511195733e-06
30738,6.076666691901281e-06
30739,2.3079566049958632e-05
30740,9.657003491552299e-06
30741,1.7809713372937753e-05
30742,3.926828147199314e-05
30743,8.981221596183088e-06
30744,3.7160634000884236e-06
30745,1.783334204856849e-06
30746,1.2859160646836952e-05
30747,3.5512823101964576e-06
30748,1.0273732253466651e-05
30749,6.918042387662285e-06
30750,6.807153939081614e-06
30751,0.0001899659276841248
30752,1.0273732253466651e-05
30753,3.7160634000884236e-06
30754,1.8460090098661703e-06
30755,1.0169209452128884e-05
30756,1.4515881844721867e-06
30757,2.3805619838825533e-05
30758,9.318008668577259e-06
30759,4.8062581530261184e-06
30760,8.491704704360493e-06
30761,9.312984933801117e-05
30762,3.579259214609329e-05
30763,3.926828147199314e-05
30764,1.1050065501815846e-05
30765,9.983179633554033e-06
30766,1.1050065501815846e-05
30767,2.1145056985208625e-06
30768,1.0169209452128884e-05
30769,1.9756906355571455e-05
30770,7.65439688810413e-06
30771,1.0169209452128884e-05
30772,8.446553387898975e-06
30773,5.489708419760574e-06
30774,1.7905032155057229e-06
30775,1.1106870906897075e-05
30776,1.8805946600225752e-05
30777,1.6124673690182643e-06
30778,8.981221596183088e-06
30779,2.124438723017059e-06
30780,1.2085578189964074e-05
30781,4.344563232312016e-06
30782,5.574238617669124e-06
30783,7.1063867990134775e-06
30784,2.5710983162623927e-06
30785,6.229396957021664e-06
30786,1.5845526237844237e-06
30787,1.0416189543517678e-05
30788,1.777324006841287e-05
30789,6.234937843055909e-06
30790,2.767691883844998e-05
30791,1.0169209452128884e-05
30792,9.260221771632981e-07
30793,3.080654430191315e-05
30794,3.2446151946335693e-06
30795,2.9414532597051834e-06
30796,1.9756906355571455e-05
30797,1.0948484236713208e-05
30798,4.433994353239081e-06
30799,1.763317027055864e-05
30800,2.3895855388216243e-07
30801,1.6778098339098316e-05
30802,1.3409376265318766e-05
30803,1.128061277732567e-05
30804,3.2445422920513604e-05
30805,8.491704704360493e-06
30806,2.0549076217869553e-05
30807,2.9414532597051834e-06
30808,7.325903801898597e-06
30809,5.2946251810429825e-06
30810,1.1657463000347894e-05
30811,2.5341379931947438e-05
30812,4.842035380334198e-06
30813,7.009694715600637e-06
30814,1.1050065501815846e-05
30815,1.6452166147152925e-05
30816,4.173486881781762e-06
30817,1.1187858695687232e-05
30818,1.1187858695687232e-05
30819,4.5642877980907465e-06
30820,1.66801693039325e-05
30821,4.344563232312016e-06
30822,1.1187858695687232e-05
30823,1.1676394396410102e-05
30824,9.318008668577259e-06
30825,2.8638297407765024e-05
30826,1.8974895579305917e-05
30827,2.7149084543122447e-06
30828,1.6471837375168771e-06
30829,4.750268108589107e-06
30830,1.634994038941602e-05
30831,5.008679972745319e-05
30832,5.791375776054895e-06
30833,5.574238617669124e-06
30834,1.60280005887528e-06
30835,2.093229920457446e-06
30836,1.983676114667277e-05
30837,1.7585791962924055e-05
30838,1.75856283615666e-05
30839,6.830633588881178e-06
30840,1.1988169966819532e-05
30841,4.687336814084638e-06
30842,2.2225923163577746e-06
30843,2.3079566049958632e-05
30844,4.517264451286071e-06
30845,1.1152414258539597e-05
30846,1.5217656917777877e-05
30847,1.1187858695687232e-05
30848,3.309667459598288e-05
30849,2.4662631681292474e-05
30850,1.4632000443051207e-06
30851,2.0549076217869553e-05
30852,1.7905032155057229e-06
30853,1.0026530187256368e-06
30854,2.0549076217869553e-05
30855,2.6232464898206492e-05
30856,8.865359047952257e-06
30857,2.8176759004359728e-05
30858,1.1836670161158395e-05
30859,1.0169209452128884e-05
30860,2.3074341812228413e-05
30861,6.604551486953346e-07
30862,1.983676114667277e-05
30863,1.6685613070036195e-05
30864,2.879281384623148e-06
30865,1.0169209452128884e-05
30866,1.0169209452128884e-05
30867,7.009694715600637e-06
30868,4.7811388260189116e-05
30869,3.080654430191315e-05
30870,3.309667459598288e-05
30871,2.5053157920068433e-05
30872,9.16577641018437e-06
30873,2.577431470715796e-05
30874,3.682437588552389e-06
30875,9.273329360391642e-06
30876,2.4662631681292474e-05
30877,9.255783930672972e-07
30878,5.1699839138381205e-06
30879,9.77699499185846e-06
30880,3.903056025989452e-05
30881,1.2547158450459412e-05
30882,5.6602540967319366e-05
30883,7.89755808065313e-06
30884,6.229396957021664e-06
30885,1.6824649648840555e-05
30886,7.993519340531444e-06
30887,1.9496757374554444e-05
30888,2.3079566049958632e-05
30889,5.241875531581324e-06
30890,2.1889635175949354e-05
30891,6.47964763296422e-06
30892,1.1187858695687232e-05
30893,9.7950553838749e-06
30894,1.1663729314833774e-05
30895,1.0169209452128884e-05
30896,1.1875799467932967e-05
30897,9.7950553838749e-06
30898,2.093229920457446e-06
30899,1.398545076197968e-05
30900,1.2547158450459412e-05
30901,8.632232152270172e-06
30902,1.6709694019828036e-05
30903,6.193499748701765e-06
30904,8.881973286371031e-06
30905,4.646086757607567e-06
30906,1.1050065501815846e-05
30907,1.2547158450459412e-05
30908,1.6778098339098316e-05
30909,9.7950553838749e-06
30910,9.7950553838749e-06
30911,2.3895855388216243e-07
30912,9.7950553838749e-06
30913,3.7774337547790563e-06
30914,1.1152414258539597e-05
30915,9.736558757118512e-06
30916,2.9414532597051834e-06
30917,1.2857782005483696e-05
30918,5.821636477661691e-06
30919,1.8805946600225752e-05
30920,2.6232464898206492e-05
30921,2.5515775695340235e-05
30922,9.318008668577259e-06
30923,3.54898591020141e-06
30924,4.791395248311862e-07
30925,9.7950553838749e-06
30926,2.3895855388216243e-07
30927,6.216246558395697e-06
30928,9.318008668577259e-06
30929,3.096609344774479e-05
30930,5.917116457175449e-06
30931,1.7905032155057229e-06
30932,3.54898591020141e-06
30933,1.1542505250732856e-05
30934,2.5409458264529133e-06
30935,6.115777068064974e-06
30936,3.309667459598288e-05
30937,1.4406269508056996e-06
30938,1.8500756511093587e-06
30939,8.548017629526084e-06
30940,1.66801693039325e-05
30941,1.4632000443051207e-06
30942,3.2445422920513604e-05
30943,3.54898591020141e-06
30944,3.3024904747861657e-06
30945,6.234937843055909e-06
30946,2.212503139575054e-05
30947,9.006527703519867e-07
30948,7.805217374622108e-06
30949,1.634994038941602e-05
30950,3.309667459598288e-05
30951,9.903911426043947e-06
30952,1.2499106818882815e-05
30953,4.318728061330904e-09
30954,3.197007371508808e-06
30955,8.881973286371031e-06
30956,3.579259214609329e-05
30957,2.249111936793878e-05
30958,1.657546504416191e-05
30959,1.2451007501704985e-05
30960,1.0274166338583712e-05
30961,9.871437000059156e-06
30962,3.7320217383465214e-05
30963,1.1875799467932967e-05
30964,8.779840414085029e-06
30965,9.7950553838749e-06
30966,9.273329360391642e-06
30967,1.3656663751615575e-05
30968,9.255783930672972e-07
30969,3.172312495002965e-06
30970,5.377591186363026e-06
30971,3.54898591020141e-06
30972,3.54898591020141e-06
30973,2.019100849903499e-05
30974,9.7950553838749e-06
30975,8.632232152270172e-06
30976,1.4551209440644694e-06
30977,1.1363930013822478e-05
30978,5.489708419760574e-06
30979,1.2504365465339304e-05
30980,5.821636477661691e-06
30981,1.0679981774516916e-05
30982,3.54898591020141e-06
30983,5.26623736331172e-06
30984,1.1106870906897075e-05
30985,3.926828147199314e-05
30986,3.857321283308478e-05
30987,1.4632000443051207e-06
30988,4.88001542070682e-06
30989,8.446553387898975e-06
30990,2.8814771136448644e-05
30991,1.6709694019828036e-05
30992,3.7160634000884236e-06
30993,8.865359047952257e-06
30994,4.7641157993465865e-06
30995,2.6232464898206492e-05
30996,1.0377534339301461e-05
30997,1.0679981774516916e-05
30998,1.658495497062072e-05
30999,2.1889635175949354e-05
31000,5.637976846777472e-06
31001,3.096609344774479e-05
31002,9.883460640919919e-06
31003,9.318008668577259e-06
31004,2.767691883844998e-05
31005,3.543302466457338e-05
31006,5.119557492071202e-05
31007,1.369814157940644e-05
31008,4.517264451286071e-06
31009,3.309667459598288e-05
31010,3.080654430191315e-05
31011,1.6709694019828036e-05
31012,1.653980374858993e-06
31013,1.0169209452128884e-05
31014,2.3895855388216243e-07
31015,1.4632000443051207e-06
31016,9.260221771632981e-07
31017,5.377591186363026e-06
31018,5.377591186363026e-06
31019,6.229396957021664e-06
31020,2.0389030618798876e-05
31021,2.1135022209280455e-06
31022,4.88001542070682e-06
31023,2.785041548221168e-05
31024,5.791375776054895e-06
31025,6.751016720822462e-05
31026,4.895495790997916e-06
31027,1.2504365465339304e-05
31028,5.241875531581324e-06
31029,3.080654430191315e-05
31030,1.2859160646836952e-05
31031,2.324106206228486e-05
31032,1.0377534339301461e-05
31033,1.1657463000347894e-05
31034,1.8974895579305917e-05
31035,1.7774616526518243e-05
31036,5.094381667434789e-06
31037,3.721232060762215e-06
31038,1.0679981774516916e-05
31039,1.0679981774516916e-05
31040,1.0679981774516916e-05
31041,1.0679981774516916e-05
31042,9.883460640919919e-06
31043,1.4824918967651027e-05
31044,3.309667459598288e-05
31045,2.4683056328024187e-06
31046,1.75856283615666e-05
31047,9.983179633554033e-06
31048,3.54898591020141e-06
31049,1.0213215316709365e-05
31050,4.687336814084638e-06
31051,1.1187858695687232e-05
31052,5.469711135728868e-06
31053,7.04087630940213e-06
31054,4.146945752964598e-06
31055,9.903911426043947e-06
31056,2.5515775695340235e-05
31057,1.6452166147152925e-05
31058,1.1995280057508101e-05
31059,2.279887060561325e-06
31060,1.8805946600225752e-05
31061,5.480405858776192e-07
31062,1.4515881844721867e-06
31063,5.066824247869157e-06
31064,1.0679981774516916e-05
31065,2.171238991836809e-05
31066,9.318008668577259e-06
31067,1.1187858695687232e-05
31068,2.900439593488112e-05
31069,1.3054365844925615e-06
31070,3.926828147199314e-05
31071,3.698845678546419e-07
31072,2.5575340259676346e-05
31073,3.367122987356735e-06
31074,1.1657463000347894e-05
31075,1.6778098339098316e-05
31076,1.5597427615731944e-05
31077,9.7950553838749e-06
31078,4.791395248311862e-07
31079,2.0549076217869553e-05
31080,1.0332946556311193e-07
31081,1.4571977729669638e-05
31082,3.54898591020141e-06
31083,5.67338538194055e-06
31084,3.54898591020141e-06
31085,9.16577641018437e-06
31086,3.615110403958678e-05
31087,1.5822479104540874e-06
31088,2.379669988274216e-06
31089,1.2547158450459412e-05
31090,1.0313207022366888e-05
31091,6.604551486953346e-07
31092,6.7349596039378535e-06
31093,2.171238991836809e-05
31094,5.377591186363026e-06
31095,1.1050065501815846e-05
31096,1.9756906355571455e-05
31097,4.113968275687658e-05
31098,2.5515775695340235e-05
31099,1.1445049771455828e-05
31100,6.3391743123908195e-06
31101,1.2085578189964074e-05
31102,2.8638297407765024e-05
31103,1.2752228797459337e-05
31104,1.6917059972408012e-06
31105,1.2091120312104653e-05
31106,1.2091120312104653e-05
31107,2.5727195700756993e-06
31108,1.5217656917777877e-05
31109,6.0517276086091855e-06
31110,5.821636477661691e-06
31111,1.6723997866334754e-05
31112,9.16577641018437e-06
31113,1.56237812375348e-05
31114,5.377591186363026e-06
31115,4.133462118675535e-06
31116,2.5515775695340235e-05
31117,5.917116457175449e-06
31118,1.4947297656023093e-05
31119,5.874221594061904e-06
31120,5.819100281622349e-06
31121,4.763658862776077e-06
31122,1.1836670161158395e-05
31123,8.35396901245353e-06
31124,3.309667459598288e-05
31125,3.655588078277919e-06
31126,7.476998738209224e-05
31127,9.640825058192401e-06
31128,1.0026530187256368e-06
31129,2.6169145722825235e-05
31130,2.7149084543122447e-06
31131,8.58487116859954e-07
31132,2.8483417257409518e-06
31133,7.698525158811343e-06
31134,1.6685613070036195e-05
31135,2.834078365345221e-06
31136,2.171238991836809e-05
31137,2.4662631681292474e-05
31138,3.655588078277919e-06
31139,1.2547158450459412e-05
31140,5.015136255119003e-05
31141,3.655588078277919e-06
31142,1.4179314817945976e-05
31143,4.387974460970874e-05
31144,4.361463544814087e-07
31145,1.6984012151060729e-06
31146,9.983179633554033e-06
31147,5.843593650337833e-05
31148,4.085803688443996e-06
31149,1.763317027055864e-05
31150,7.226360711145934e-06
31151,1.1814313729705485e-06
31152,8.454726644098438e-07
31153,2.0231258384286043e-05
31154,2.98324686539641e-07
31155,8.865359047952257e-06
31156,6.0517276086091855e-06
31157,1.0169209452128884e-05
31158,1.0213215316709365e-05
31159,3.550170591009911e-05
31160,2.5341379931947438e-05
31161,1.7207844604559312e-05
31162,2.171238991836809e-05
31163,1.3656663751615575e-05
31164,1.1187858695687232e-05
31165,2.9414532597051834e-06
31166,3.367122987356735e-06
31167,3.929128211308483e-06
31168,1.3656663751615575e-05
31169,1.5700385844655744e-05
31170,9.360161008768145e-06
31171,1.1187858695687232e-05
31172,6.8012151300323124e-06
31173,3.080654430191315e-05
31174,1.1187858695687232e-05
31175,5.821636477661691e-06
31176,3.721232060762215e-06
31177,1.6709694019828036e-05
31178,1.1187858695687232e-05
31179,4.366701550646521e-05
31180,1.1187858695687232e-05
31181,6.830633588881178e-06
31182,1.3656663751615575e-05
31183,1.3656663751615575e-05
31184,0.0001861063056501002
31185,3.682437588552389e-06
31186,2.0940793139358538e-05
31187,1.3656663751615575e-05
31188,1.3656663751615575e-05
31189,1.3656663751615575e-05
31190,1.3656663751615575e-05
31191,1.4168278080111728e-05
31192,1.3656663751615575e-05
31193,7.499015165752427e-06
31194,1.3656663751615575e-05
31195,1.8538364677761307e-05
31196,1.4632000443051207e-06
31197,3.54898591020141e-06
31198,9.823787234911673e-06
31199,1.3656663751615575e-05
31200,1.3656663751615575e-05
31201,8.58487116859954e-07
31202,7.65439688810413e-06
31203,1.0026530187256368e-06
31204,8.865359047952257e-06
31205,2.568460908890246e-05
31206,9.585825207823223e-07
31207,1.2504365465339304e-05
31208,3.903056025989452e-05
31209,1.0169209452128884e-05
31210,7.548761950666645e-06
31211,2.970325875375545e-06
31212,4.9131166243979826e-05
31213,3.5512823101964576e-06
31214,4.398077317176066e-06
31215,3.857321283308478e-05
31216,1.2668639946208822e-05
31217,3.367122987356735e-06
31218,3.420573996948513e-05
31219,3.926828147199314e-05
31220,1.1988169966819532e-05
31221,1.1050065501815846e-05
31222,1.228708439718689e-05
31223,3.73547022739755e-05
31224,1.1187858695687232e-05
31225,5.509607098696422e-06
31226,2.5727195700756993e-06
31227,3.096609344774479e-05
31228,1.2451007501704985e-05
31229,2.5727195700756993e-06
31230,2.212503139575054e-05
31231,1.0169209452128884e-05
31232,3.550170591009911e-05
31233,9.006527703519867e-07
31234,1.0679981774516916e-05
31235,2.0549076217869553e-05
31236,6.8012151300323124e-06
31237,6.47964763296422e-06
31238,6.076666691901281e-06
31239,1.2752228797459337e-05
31240,2.7149084543122447e-06
31241,2.093229920457446e-06
31242,1.6894602605992524e-06
31243,6.3391743123908195e-06
31244,6.229396957021664e-06
31245,3.6854845048586053e-06
31246,2.767691883844998e-05
31247,5.74256060132945e-06
31248,6.533037179739474e-06
31249,1.0679981774516916e-05
31250,6.234937843055909e-06
31251,9.318008668577259e-06
31252,2.171238991836809e-05
31253,4.7641157993465865e-06
31254,1.3629474847298844e-05
31255,1.8538364677761307e-05
31256,5.799588233115551e-06
31257,2.324106206228486e-05
31258,2.39372234713232e-05
31259,6.0517276086091855e-06
31260,3.080654430191315e-05
31261,8.454726644098438e-07
31262,7.86375023253337e-06
31263,3.3334057599760894e-06
31264,1.1445049771455828e-05
31265,2.3074341812228413e-05
31266,4.7641157993465865e-06
31267,3.682437588552389e-06
31268,2.770786786678639e-06
31269,3.655588078277919e-06
31270,3.682437588552389e-06
31271,4.200484154866769e-06
31272,5.509607098696422e-06
31273,2.5727195700756993e-06
31274,1.2752228797459337e-05
31275,7.86375023253337e-06
31276,2.9414532597051834e-06
31277,2.3805619838825533e-05
31278,1.6917059972408012e-06
31279,1.529962178010783e-05
31280,4.712418813254684e-06
31281,9.883460640919919e-06
31282,7.009694715600637e-06
31283,1.1392319154604372e-06
31284,1.1187858695687232e-05
31285,3.926828147199314e-05
31286,1.398545076197968e-05
31287,9.273329360391642e-06
31288,1.3656663751615575e-05
31289,3.678081659200565e-05
31290,1.0313207022366888e-05
31291,7.65439688810413e-06
31292,8.243848403349646e-06
31293,1.5217656917777877e-05
31294,3.682437588552389e-06
31295,4.687336814084638e-06
31296,2.5341379931947438e-05
31297,1.1050065501815846e-05
31298,9.318008668577259e-06
31299,2.834078365345221e-06
31300,8.865359047952257e-06
31301,2.0467248635903864e-05
31302,3.7774337547790563e-06
31303,3.903056025989452e-05
31304,2.3446793258670223e-05
31305,1.60280005887528e-06
31306,9.983179633554033e-06
31307,1.7256637679571568e-06
31308,3.309667459598288e-05
31309,4.7641157993465865e-06
31310,3.678081659200565e-05
31311,6.03146442030491e-06
31312,1.0169209452128884e-05
31313,3.2445422920513604e-05
31314,4.754748103679141e-06
31315,8.58487116859954e-07
31316,1.5623712047274186e-05
31317,4.687336814084638e-06
31318,2.970325875375545e-06
31319,7.04087630940213e-06
31320,5.981531900235198e-06
31321,6.328344014678506e-05
31322,3.550170591009911e-05
31323,4.095934029708635e-06
31324,1.847106690969064e-05
31325,3.309667459598288e-05
31326,9.7950553838749e-06
31327,7.795624630076884e-06
31328,6.3391743123908195e-06
31329,1.2727432446450108e-06
31330,1.2752228797459337e-05
31331,3.16808003668308e-05
31332,8.518218154287182e-06
31333,3.716143897080219e-07
31334,2.824710997396171e-05
31335,5.469711135728868e-06
31336,2.5710983162623927e-06
31337,1.2547158450459412e-05
31338,3.096609344774479e-05
31339,1.2547158450459412e-05
31340,4.791395248311862e-07
31341,2.5440097089576535e-06
31342,1.2547158450459412e-05
31343,7.009694715600637e-06
31344,1.8024136615215226e-05
31345,2.638324172073524e-06
31346,2.889334277513483e-05
31347,1.1050065501815846e-05
31348,1.1836670161158395e-05
31349,5.2946251810429825e-06
31350,5.241875531581324e-06
31351,1.6778098339098316e-05
31352,1.2547158450459412e-05
31353,3.8566287438222824e-05
31354,4.207408501786292e-06
31355,1.1439436660058208e-05
31356,2.3079566049958632e-05
31357,9.983179633554033e-06
31358,3.2155348743841803e-06
31359,1.3656663751615575e-05
31360,4.207408501786292e-06
31361,1.3409376265318766e-05
31362,1.6452166147152925e-05
31363,1.1187858695687232e-05
31364,4.176001701172557e-06
31365,1.0679981774516916e-05
31366,4.7641157993465865e-06
31367,5.489708419760574e-06
31368,4.200484154866769e-06
31369,5.2946251810429825e-06
31370,7.548761950666645e-06
31371,6.9394427988923505e-06
31372,3.197007371508808e-06
31373,2.3147390505172322e-06
31374,1.66801693039325e-05
31375,5.67338538194055e-06
31376,6.406940557512786e-05
31377,5.145206914391492e-05
31378,3.2446151946335693e-06
31379,2.0389030618798876e-05
31380,3.3334057599760894e-06
31381,3.2445422920513604e-05
31382,5.094381667434789e-06
31383,2.7090952015066443e-05
31384,1.1106870906897075e-05
31385,5.377591186363026e-06
31386,1.6452166147152925e-05
31387,1.9756906355571455e-05
31388,6.632624483857994e-06
31389,1.66801693039325e-05
31390,2.0549076217869553e-05
31391,6.968368106932211e-06
31392,4.7641157993465865e-06
31393,1.4406269508056996e-06
31394,6.328344014678506e-05
31395,2.5710983162623927e-06
31396,9.318008668577259e-06
31397,2.3079566049958632e-05
31398,5.67338538194055e-06
31399,1.1050065501815846e-05
31400,4.809929670852476e-07
31401,1.9496757374554444e-05
31402,1.2859160646836952e-05
31403,3.7521152634236e-05
31404,2.9414532597051834e-06
31405,1.2461845878743877e-05
31406,9.7950553838749e-06
31407,4.681375912419083e-07
31408,1.5110544139588908e-05
31409,7.04087630940213e-06
31410,1.2859160646836952e-05
31411,8.865359047952257e-06
31412,9.7950553838749e-06
31413,4.88001542070682e-06
31414,3.551742868154992e-05
31415,8.865359047952257e-06
31416,2.7911491191413743e-06
31417,1.6709694019828036e-05
31418,1.4253341519358878e-05
31419,4.7641157993465865e-06
31420,1.8500756511093587e-06
31421,6.076666691901281e-06
31422,1.0313207022366888e-05
31423,5.606493715984668e-06
31424,7.698525158811343e-06
31425,9.594154120435579e-06
31426,1.3073514415799466e-05
31427,4.449671676898806e-06
31428,5.2946251810429825e-06
31429,5.2946251810429825e-06
31430,2.39372234713232e-05
31431,1.2756390628669485e-06
31432,3.197007371508808e-06
31433,7.183965645408706e-06
31434,3.926828147199314e-05
31435,9.594154120435579e-06
31436,1.1918676508060773e-05
31437,5.469711135728868e-06
31438,5.2946251810429825e-06
31439,2.5341379931947438e-05
31440,6.306632850805595e-06
31441,8.58487116859954e-07
31442,8.35396901245353e-06
31443,8.865359047952257e-06
31444,5.377591186363026e-06
31445,2.569745318314875e-05
31446,5.401584346520074e-06
31447,2.3313287691362715e-05
31448,1.0319925847946167e-06
31449,2.785041548221168e-05
31450,1.194968383889213e-05
31451,1.8024136615215226e-05
31452,6.576810779292334e-06
31453,2.093229920457446e-06
31454,3.309667459598288e-05
31455,7.016287745516977e-06
31456,4.344563232312016e-06
31457,3.96629146092707e-05
31458,2.0231258384286043e-05
31459,2.0231258384286043e-05
31460,2.212503139575054e-05
31461,1.6685613070036195e-05
31462,5.2946251810429825e-06
31463,9.7950553838749e-06
31464,3.2155348743841803e-06
31465,1.9756906355571455e-05
31466,1.665043557145344e-05
31467,4.811788670371425e-06
31468,8.632232152270172e-06
31469,9.006527703519867e-07
31470,9.594154120435579e-06
31471,1.6917059972408012e-06
31472,9.8162622946691e-06
31473,1.0976766595274669e-05
31474,9.273329360391642e-06
31475,1.0169209452128884e-05
31476,3.3334057599760894e-06
31477,9.006527703519867e-07
31478,2.0662159286740268e-05
31479,4.791395248311862e-07
31480,7.485926624902738e-06
31481,9.7950553838749e-06
31482,1.8500756511093587e-06
31483,1.0679981774516916e-05
31484,8.851037022999384e-06
31485,1.0169209452128884e-05
31486,4.154168394128788e-06
31487,1.0341492697675664e-05
31488,1.0341492697675664e-05
31489,1.75856283615666e-05
31490,1.66801693039325e-05
31491,7.009694715600637e-06
31492,1.0169209452128884e-05
31493,2.5457024326321722e-05
31494,4.146945752964598e-06
31495,6.03146442030491e-06
31496,2.3147390505172322e-06
31497,8.851037022999384e-06
31498,9.7950553838749e-06
31499,2.11140561887626e-05
31500,3.309667459598288e-05
31501,1.0679981774516916e-05
31502,5.489708419760574e-06
31503,2.6366617112429715e-05
31504,1.3409376265318766e-05
31505,2.0231258384286043e-05
31506,3.2446151946335693e-06
31507,7.293191880507838e-06
31508,8.137564451293906e-06
31509,6.7349596039378535e-06
31510,2.889334277513483e-05
31511,3.655588078277919e-06
31512,7.009694715600637e-06
31513,6.9763925007491356e-06
31514,1.5217656917777877e-05
31515,6.784292077741517e-06
31516,1.398545076197968e-05
31517,6.0517276086091855e-06
31518,1.6549725166295783e-05
31519,1.6549725166295783e-05
31520,3.721232060762215e-06
31521,4.754748103679141e-06
31522,1.989086404942652e-05
31523,1.09231490319743e-05
31524,7.993519340531444e-06
31525,1.6723997866334754e-05
31526,6.807153939081614e-06
31527,7.04087630940213e-06
31528,7.805217374622108e-06
31529,1.7210865888480484e-05
31530,8.454726644098438e-07
31531,2.1330441693015375e-05
31532,6.686485017617818e-06
31533,1.6685613070036195e-05
31534,1.2752228797459337e-05
31535,5.819100281622349e-06
31536,9.273329360391642e-06
31537,3.457546241666303e-06
31538,1.6142641307016296e-05
31539,3.252859130671301e-06
31540,5.819100281622349e-06
31541,4.685015980230061e-06
31542,5.819100281622349e-06
31543,5.819100281622349e-06
31544,3.6954725355878477e-06
31545,5.819100281622349e-06
31546,5.819100281622349e-06
31547,1.6549725166295783e-05
31548,5.819100281622349e-06
31549,1.128061277732567e-05
31550,6.7349596039378535e-06
31551,3.682437588552389e-06
31552,9.318008668577259e-06
31553,5.819100281622349e-06
31554,5.2946251810429825e-06
31555,2.5103540723323478e-05
31556,1.0924115674501308e-05
31557,6.604102156649155e-06
31558,1.1187858695687232e-05
31559,9.273329360391642e-06
31560,1.983676114667277e-05
31561,2.3074341812228413e-05
31562,1.8581267500807902e-05
31563,9.622365479210942e-06
31564,4.207408501786292e-06
31565,4.433994353239081e-06
31566,1.4168278080111728e-05
31567,5.74256060132945e-06
31568,8.244613255882126e-06
31569,1.8024136615215226e-05
31570,1.0274166338583712e-05
31571,2.3147390505172322e-06
31572,1.9496757374554444e-05
31573,5.2946251810429825e-06
31574,9.594154120435579e-06
31575,1.822065545001345e-05
31576,2.1304099888381557e-05
31577,3.54898591020141e-06
31578,4.387974460970874e-05
31579,3.550170591009911e-05
31580,7.86375023253337e-06
31581,5.359455975736333e-06
31582,1.8974895579305917e-05
31583,1.0274166338583712e-05
31584,7.548761950666645e-06
31585,3.419241695494683e-05
31586,1.6685613070036195e-05
31587,1.6723997866334754e-05
31588,1.5217656917777877e-05
31589,7.86375023253337e-06
31590,1.0976766595274669e-05
31591,2.7149084543122447e-06
31592,2.3805619838825533e-05
31593,1.6549725166295783e-05
31594,9.263726349490309e-06
31595,2.9658433015577584e-05
31596,9.273329360391642e-06
31597,2.5710983162623927e-06
31598,5.377591186363026e-06
31599,5.377591186363026e-06
31600,5.377591186363026e-06
31601,5.377591186363026e-06
31602,8.491704704360493e-06
31603,3.6954725355878477e-06
31604,3.926828147199314e-05
31605,1.4306934671683392e-06
31606,1.9756906355571455e-05
31607,3.080654430191315e-05
31608,9.983179633554033e-06
31609,4.685917832397219e-06
31610,3.252859130671301e-06
31611,6.076666691901281e-06
31612,2.0940793139358538e-05
31613,2.6232464898206492e-05
31614,1.8936221026801777e-06
31615,1.634994038941602e-05
31616,3.682437588552389e-06
31617,3.682437588552389e-06
31618,3.2445422920513604e-05
31619,3.2445422920513604e-05
31620,3.252859130671301e-06
31621,2.900439593488112e-05
31622,1.8313309055910421e-06
31623,2.171238991836809e-05
31624,2.785008603381835e-05
31625,2.834078365345221e-06
31626,3.579259214609329e-05
31627,2.385536642401955e-06
31628,2.5341379931947438e-05
31629,3.682437588552389e-06
31630,7.063549449832523e-07
31631,1.2668639946208822e-05
31632,9.753306518785305e-06
31633,2.0231258384286043e-05
31634,6.99966537076393e-05
31635,3.543302466457338e-05
31636,8.58487116859954e-07
31637,8.243848403349646e-06
31638,8.58487116859954e-07
31639,9.16577641018437e-06
31640,3.543302466457338e-05
31641,2.0231258384286043e-05
31642,5.606493715984668e-06
31643,3.550170591009911e-05
31644,3.831220070692776e-06
31645,1.0679981774516916e-05
31646,1.8460090098661703e-06
31647,1.8460090098661703e-06
31648,2.5727195700756993e-06
31649,9.753306518785305e-06
31650,3.682437588552389e-06
31651,1.0026530187256368e-06
31652,2.0389030618798876e-05
31653,1.2105987869083227e-05
31654,3.309667459598288e-05
31655,8.243848403349646e-06
31656,2.39372234713232e-05
31657,2.9658433015577584e-05
31658,3.6854845048586053e-06
31659,1.4179314817945976e-05
31660,7.89755808065313e-06
31661,3.599505642162938e-06
31662,1.8024136615215226e-05
31663,1.1836670161158395e-05
31664,3.655588078277919e-06
31665,2.5737896622878423e-05
31666,1.6867743870140347e-06
31667,3.367122987356735e-06
31668,9.675594117262223e-06
31669,4.398077317176066e-06
31670,3.3334057599760894e-06
31671,9.16577641018437e-06
31672,1.1345002764111221e-05
31673,8.779840414085029e-06
31674,3.655588078277919e-06
31675,2.5457024326321722e-05
31676,3.655588078277919e-06
31677,1.4168278080111728e-05
31678,1.7001802941719574e-06
31679,3.682437588552389e-06
31680,8.243848403349646e-06
31681,3.309667459598288e-05
31682,1.2547158450459412e-05
31683,7.009694715600637e-06
31684,1.0679981774516916e-05
31685,3.550170591009911e-05
31686,3.550170591009911e-05
31687,5.819100281622349e-06
31688,1.1668668853090769e-05
31689,4.811788670371425e-06
31690,3.926828147199314e-05
31691,1.1836670161158395e-05
31692,7.65439688810413e-06
31693,3.543302466457338e-05
31694,3.699073383855719e-06
31695,2.5457024326321722e-05
31696,3.964840884583894e-06
31697,1.950897543364397e-05
31698,3.2445422920513604e-05
31699,1.4571977729669638e-05
31700,4.200484154866769e-06
31701,5.259343197053732e-05
31702,1.2857782005483696e-05
31703,3.5517004061818853e-06
31704,3.543302466457338e-05
31705,1.0679981774516916e-05
31706,1.1050065501815846e-05
31707,5.606493715984668e-06
31708,9.753306518785305e-06
31709,1.2547158450459412e-05
31710,1.0331353779356072e-05
31711,1.3656663751615575e-05
31712,2.093229920457446e-06
31713,6.3391743123908195e-06
31714,1.2504365465339304e-05
31715,2.3805619838825533e-05
31716,7.993519340531444e-06
31717,1.653980374858993e-06
31718,2.1889635175949354e-05
31719,7.499015165752427e-06
31720,5.46746317790583e-06
31721,1.1995280057508101e-05
31722,3.7259482505932196e-06
31723,1.2787105406845019e-05
31724,3.309667459598288e-05
31725,6.876701707091031e-06
31726,2.6232464898206492e-05
31727,2.212503139575054e-05
31728,1.0026530187256368e-06
31729,4.7641157993465865e-06
31730,4.361463544814087e-07
31731,6.632624483857994e-06
31732,5.377591186363026e-06
31733,4.531044181113482e-06
31734,3.0495527855264824e-06
31735,2.093229920457446e-06
31736,3.080654430191315e-05
31737,5.606493715984668e-06
31738,1.983676114667277e-05
31739,2.39372234713232e-05
31740,3.550170591009911e-05
31741,1.3656663751615575e-05
31742,1.3656663751615575e-05
31743,6.630825021201226e-05
31744,2.39372234713232e-05
31745,9.273329360391642e-06
31746,7.993519340531444e-06
31747,1.1814313729705485e-06
31748,1.1875799467932967e-05
31749,3.309667459598288e-05
31750,3.926828147199314e-05
31751,9.360161008768145e-06
31752,1.2668639946208822e-05
31753,8.779840414085029e-06
31754,1.2499106818882815e-05
31755,2.171238991836809e-05
31756,2.9414532597051834e-06
31757,1.1657463000347894e-05
31758,3.727382220091563e-06
31759,2.8483417257409518e-06
31760,7.993519340531444e-06
31761,7.993519340531444e-06
31762,1.9792695525349584e-06
31763,8.865359047952257e-06
31764,2.093229920457446e-06
31765,5.2946251810429825e-06
31766,1.6124673690182643e-06
31767,7.993519340531444e-06
31768,3.550170591009911e-05
31769,9.802835711729158e-07
31770,6.115777068064974e-06
31771,5.2946251810429825e-06
31772,2.093229920457446e-06
31773,6.533037179739474e-06
31774,1.9496757374554444e-05
31775,2.9658433015577584e-05
31776,1.0679981774516916e-05
31777,2.9320528483521212e-06
31778,2.3805619838825533e-05
31779,6.287861816144155e-06
31780,3.716143897080219e-07
31781,5.606493715984668e-06
31782,1.2499106818882815e-05
31783,2.3805619838825533e-05
31784,3.539311530167583e-06
31785,3.539311530167583e-06
31786,4.7641157993465865e-06
31787,2.1135022209280455e-06
31788,8.454726644098438e-07
31789,3.550170591009911e-05
31790,2.093229920457446e-06
31791,1.0016842449286495e-06
31792,3.2445422920513604e-05
31793,2.5098335131120705e-06
31794,3.964840884583894e-06
31795,2.093229920457446e-06
31796,1.0377534339301461e-05
31797,1.0377534339301461e-05
31798,7.227686254926452e-06
31799,3.2445422920513604e-05
31800,3.919953362856588e-06
31801,9.89800748622995e-06
31802,9.585825207823223e-07
31803,2.0549076217869553e-05
31804,2.093229920457446e-06
31805,6.781843794508141e-06
31806,1.6723997866334754e-05
31807,2.5341379931947438e-05
31808,1.6723997866334754e-05
31809,1.3656663751615575e-05
31810,3.367122987356735e-06
31811,2.5341379931947438e-05
31812,4.7641157993465865e-06
31813,1.1963498984774657e-06
31814,1.783334204856849e-06
31815,1.2752228797459337e-05
31816,1.9756906355571455e-05
31817,1.552252877207525e-05
31818,2.785041548221168e-05
31819,7.009694715600637e-06
31820,1.0624347107259533e-05
31821,6.533037179739474e-06
31822,5.270695988429431e-07
31823,1.810633542851438e-05
31824,3.737694859200324e-06
31825,1.653980374858993e-06
31826,1.3409376265318766e-05
31827,5.726319896952129e-06
31828,1.5597427615731944e-05
31829,9.983179633554033e-06
31830,9.16577641018437e-06
31831,2.324106206228486e-05
31832,7.009694715600637e-06
31833,3.303118268556747e-07
31834,2.8510093357032672e-05
31835,2.3805619838825533e-05
31836,2.3805619838825533e-05
31837,2.3805619838825533e-05
31838,1.2085578189964074e-05
31839,1.1152414258539597e-05
31840,2.093229920457446e-06
31841,3.2446151946335693e-06
31842,5.2946251810429825e-06
31843,7.86375023253337e-06
31844,3.309667459598288e-05
31845,4.154168394128788e-06
31846,2.093229920457446e-06
31847,6.3391743123908195e-06
31848,1.1644992356732589e-05
31849,6.88536620207169e-06
31850,1.8805946600225752e-05
31851,5.241875531581324e-06
31852,1.2752228797459337e-05
31853,1.6709694019828036e-05
31854,3.172312495002965e-06
31855,7.227686254926452e-06
31856,5.469711135728868e-06
31857,2.7149084543122447e-06
31858,2.3805619838825533e-05
31859,3.0495527855264824e-06
31860,2.093229920457446e-06
31861,3.716143897080219e-07
31862,1.2668639946208822e-05
31863,1.9004063843858377e-07
31864,8.28663599998875e-06
31865,4.7641157993465865e-06
31866,4.207408501786292e-06
31867,2.3805619838825533e-05
31868,2.9414532597051834e-06
31869,1.0924115674501308e-05
31870,7.698525158811343e-06
31871,1.0332946556311193e-07
31872,3.071800324640751e-05
31873,7.329428962093246e-06
31874,3.926828147199314e-05
31875,4.344563232312016e-06
31876,7.063549449832523e-07
31877,1.1187858695687232e-05
31878,5.819100281622349e-06
31879,4.207408501786292e-06
31880,2.6366617112429715e-05
31881,6.533037179739474e-06
31882,2.093229920457446e-06
31883,1.5597427615731944e-05
31884,4.68476637197657e-06
31885,1.438262506160836e-05
31886,6.660113175588203e-06
31887,6.660113175588203e-06
31888,7.793014496445853e-07
31889,6.660113175588203e-06
31890,6.660113175588203e-06
31891,6.660113175588203e-06
31892,1.1836670161158395e-05
31893,6.9763925007491356e-06
31894,2.093229920457446e-06
31895,9.037310875955778e-06
31896,5.2946251810429825e-06
31897,1.0679981774516916e-05
31898,2.093229920457446e-06
31899,4.496647434593277e-06
31900,6.632624483857994e-06
31901,1.0416189543517678e-05
31902,2.093229920457446e-06
31903,3.716143897080219e-07
31904,7.009694715600637e-06
31905,5.094381667434789e-06
31906,2.9414532597051834e-06
31907,6.04968054366963e-06
31908,5.2946251810429825e-06
31909,2.093229920457446e-06
31910,2.212503139575054e-05
31911,2.093229920457446e-06
31912,3.252859130671301e-06
31913,4.739205207123671e-06
31914,2.093229920457446e-06
31915,2.3805619838825533e-05
31916,7.009694715600637e-06
31917,2.093229920457446e-06
31918,3.54898591020141e-06
31919,1.0377534339301461e-05
31920,2.324106206228486e-05
31921,2.324106206228486e-05
31922,4.712418813254684e-06
31923,2.767691883844998e-05
31924,3.252859130671301e-06
31925,2.093229920457446e-06
31926,7.89755808065313e-06
31927,4.712418813254684e-06
31928,2.39372234713232e-05
31929,5.469711135728868e-06
31930,2.212503139575054e-05
31931,2.093229920457446e-06
31932,2.093229920457446e-06
31933,1.0026530187256368e-06
31934,4.739205207123671e-06
31935,6.784292077741517e-06
31936,2.093229920457446e-06
31937,2.913594373915911e-05
31938,2.9414532597051834e-06
31939,5.819100281622349e-06
31940,2.172899659165772e-06
31941,4.054883656866124e-06
31942,2.093229920457446e-06
31943,2.3765283885415858e-06
31944,2.093229920457446e-06
31945,9.983179633554033e-06
31946,1.0679981774516916e-05
31947,1.1187858695687232e-05
31948,2.093229920457446e-06
31949,2.171238991836809e-05
31950,2.093229920457446e-06
31951,1.0313207022366888e-05
31952,1.9496757374554444e-05
31953,2.093229920457446e-06
31954,2.093229920457446e-06
31955,2.8812918681352262e-05
31956,1.950897543364397e-05
31957,2.0549076217869553e-05
31958,2.093229920457446e-06
31959,1.0679981774516916e-05
31960,1.1988169966819532e-05
31961,1.0332946556311193e-07
31962,3.698845678546419e-07
31963,1.0273732253466651e-05
31964,3.131895506811054e-05
31965,2.3079566049958632e-05
31966,3.309667459598288e-05
31967,2.093229920457446e-06
31968,9.983179633554033e-06
31969,2.3805619838825533e-05
31970,2.093229920457446e-06
31971,5.119913791204008e-06
31972,1.2085578189964074e-05
31973,1.369814157940644e-05
31974,5.2946251810429825e-06
31975,3.716143897080219e-07
31976,2.3805619838825533e-05
31977,2.093229920457446e-06
31978,1.3430893273081894e-05
31979,1.4571977729669638e-05
31980,1.832563557451777e-05
31981,4.687336814084638e-06
31982,2.093229920457446e-06
31983,1.1721173360041573e-05
31984,2.093229920457446e-06
31985,3.550170591009911e-05
31986,8.28663599998875e-06
31987,3.6954725355878477e-06
31988,2.093229920457446e-06
31989,3.6954725355878477e-06
31990,7.795624630076884e-06
31991,4.146945752964598e-06
31992,3.543302466457338e-05
31993,2.093229920457446e-06
31994,3.252859130671301e-06
31995,3.6954725355878477e-06
31996,2.093229920457446e-06
31997,3.926828147199314e-05
31998,1.8581267500807902e-05
31999,2.093229920457446e-06
32000,7.548761950666645e-06
32001,3.682437588552389e-06
32002,1.4168278080111728e-05
32003,4.7641157993465865e-06
32004,8.491704704360493e-06
32005,1.8581267500807902e-05
32006,2.8638297407765024e-05
32007,3.682437588552389e-06
32008,2.5457024326321722e-05
32009,5.119913791204008e-06
32010,8.454726644098438e-07
32011,1.3073514415799466e-05
32012,2.6232464898206492e-05
32013,6.47964763296422e-06
32014,4.3088623513363964e-05
32015,2.0375145650283665e-06
32016,2.093229920457446e-06
32017,8.244613255882126e-06
32018,8.981221596183088e-06
32019,9.260221771632981e-07
32020,2.785008603381835e-05
32021,8.865359047952257e-06
32022,3.795915322958927e-05
32023,1.5217656917777877e-05
32024,4.146945752964598e-06
32025,2.093229920457446e-06
32026,5.606493715984668e-06
32027,1.2859160646836952e-05
32028,2.093229920457446e-06
32029,2.093229920457446e-06
32030,1.3656663751615575e-05
32031,1.0679981774516916e-05
32032,5.2946251810429825e-06
32033,2.093229920457446e-06
32034,5.2946251810429825e-06
32035,2.5515775695340235e-05
32036,2.093229920457446e-06
32037,3.926828147199314e-05
32038,2.093229920457446e-06
32039,1.1657463000347894e-05
32040,9.89800748622995e-06
32041,1.0377534339301461e-05
32042,1.1106870906897075e-05
32043,1.8936221026801777e-06
32044,1.1533265666156953e-05
32045,3.0209227285017713e-06
32046,4.754748103679141e-06
32047,1.398545076197968e-05
32048,7.227686254926452e-06
32049,7.698525158811343e-06
32050,1.128061277732567e-05
32051,9.360161008768145e-06
32052,1.4406269508056996e-06
32053,6.968368106932211e-06
32054,2.889334277513483e-05
32055,4.494177150590377e-06
32056,1.2013322342028058e-05
32057,2.7149084543122447e-06
32058,1.6549725166295783e-05
32059,6.9763925007491356e-06
32060,3.721232060762215e-06
32061,5.2946251810429825e-06
32062,3.2021007702808205e-06
32063,2.7911491191413743e-06
32064,3.1640275916112384e-06
32065,2.2416084507162204e-06
32066,1.4001311803056915e-05
32067,4.198318992630539e-05
32068,3.309667459598288e-05
32069,5.509607098696422e-06
32070,3.2446151946335693e-06
32071,1.2752228797459337e-05
32072,9.622365479210942e-06
32073,1.0313207022366888e-05
32074,6.65968826910499e-06
32075,2.1889635175949354e-05
32076,4.807632222904557e-06
32077,7.698525158811343e-06
32078,2.2274735313271023e-05
32079,3.550170591009911e-05
32080,2.3079566049958632e-05
32081,5.606493715984668e-06
32082,2.6366617112429715e-05
32083,1.9766402380370655e-05
32084,6.95709462097379e-06
32085,2.171238991836809e-05
32086,2.886647395239286e-06
32087,2.3805619838825533e-05
32088,1.1106870906897075e-05
32089,4.294141077046986e-05
32090,1.7207844604559312e-05
32091,5.489708419760574e-06
32092,5.489708419760574e-06
32093,2.39372234713232e-05
32094,1.66801693039325e-05
32095,8.278891074482927e-06
32096,1.983676114667277e-05
32097,1.5658917871889458e-05
32098,6.167009188748751e-06
32099,7.65439688810413e-06
32100,1.2668639946208822e-05
32101,9.983179633554033e-06
32102,9.622365479210942e-06
32103,3.926828147199314e-05
32104,4.791395248311862e-07
32105,7.805217374622108e-06
32106,1.2668639946208822e-05
32107,1.763317027055864e-05
32108,2.174518713341007e-05
32109,1.0754660573650312e-05
32110,7.04087630940213e-06
32111,2.9414532597051834e-06
32112,3.305522000517365e-06
32113,3.309667459598288e-05
32114,2.3805619838825533e-05
32115,3.412031145325864e-05
32116,3.543302466457338e-05
32117,1.4796935746218303e-05
32118,6.9763925007491356e-06
32119,2.5710983162623927e-06
32120,1.75856283615666e-05
32121,3.7160634000884236e-06
32122,1.1445049771455828e-05
32123,4.739205207123671e-06
32124,9.883460640919919e-06
32125,5.2946251810429825e-06
32126,3.794762843547894e-06
32127,1.5597427615731944e-05
32128,2.171238991836809e-05
32129,6.3391743123908195e-06
32130,1.1439436660058208e-05
32131,2.3079566049958632e-05
32132,1.0948484236713208e-05
32133,7.183965645408706e-06
32134,1.1533265666156953e-05
32135,7.227686254926452e-06
32136,4.721706381822767e-06
32137,7.795624630076884e-06
32138,7.548761950666645e-06
32139,9.823787234911673e-06
32140,2.093229920457446e-06
32141,7.227686254926452e-06
32142,2.171238991836809e-05
32143,2.320654997288232e-06
32144,1.6124673690182643e-06
32145,3.6954725355878477e-06
32146,2.093229920457446e-06
32147,2.6366617112429715e-05
32148,2.5457024326321722e-05
32149,3.54898591020141e-06
32150,7.993519340531444e-06
32151,1.0341492697675664e-05
32152,3.7160634000884236e-06
32153,2.3805619838825533e-05
32154,4.739205207123671e-06
32155,1.6549725166295783e-05
32156,4.7641157993465865e-06
32157,8.79219889454674e-06
32158,3.309667459598288e-05
32159,8.243848403349646e-06
32160,2.9922014735541627e-05
32161,1.1657463000347894e-05
32162,5.2946251810429825e-06
32163,2.171238991836809e-05
32164,1.0419316881349636e-05
32165,9.753306518785305e-06
32166,6.8012151300323124e-06
32167,6.3391743123908195e-06
32168,2.1889635175949354e-05
32169,3.309667459598288e-05
32170,1.8024136615215226e-05
32171,2.0389030618798876e-05
32172,3.3334057599760894e-06
32173,5.606493715984668e-06
32174,8.518218154287182e-06
32175,9.983179633554033e-06
32176,3.6384885364149834e-06
32177,4.207408501786292e-06
32178,5.2715339136362025e-05
32179,2.0231258384286043e-05
32180,5.733999244647437e-06
32181,1.1247631428049315e-05
32182,7.353929444195366e-06
32183,5.819100281622349e-06
32184,8.35396901245353e-06
32185,2.9414532597051834e-06
32186,6.830633588881178e-06
32187,2.5457024326321722e-05
32188,5.094381667434789e-06
32189,2.3841957788260876e-06
32190,2.172899659165772e-06
32191,5.094381667434789e-06
32192,1.737039905029174e-06
32193,1.6685613070036195e-05
32194,1.5822479104540874e-06
32195,2.1258019776055202e-05
32196,1.9496757374554444e-05
32197,1.2013322342028058e-05
32198,7.548761950666645e-06
32199,2.9414532597051834e-06
32200,1.746942083106186e-06
32201,7.009694715600637e-06
32202,1.1721173360041573e-05
32203,4.351720068988921e-05
32204,1.0679981774516916e-05
32205,1.3676037489052945e-06
32206,9.753306518785305e-06
32207,1.1439436660058208e-05
32208,8.486416061209232e-07
32209,6.187527430052336e-06
32210,2.324106206228486e-05
32211,7.325903801898597e-06
32212,5.579165999697234e-05
32213,3.550170591009911e-05
32214,1.529962178010783e-05
32215,1.9971688459737037e-05
32216,3.367122987356735e-06
32217,2.767691883844998e-05
32218,7.548761950666645e-06
32219,2.3079566049958632e-05
32220,4.305506070831409e-06
32221,2.6232464898206492e-05
32222,9.263726349490309e-06
32223,1.1663973207448035e-05
32224,1.3409376265318766e-05
32225,5.606493715984668e-06
32226,1.8538364677761307e-05
32227,1.5300986451373842e-05
32228,1.1204600872324263e-05
32229,4.739205207123671e-06
32230,5.167543924003077e-06
32231,1.359075543535206e-06
32232,6.03146442030491e-06
32233,1.4406269508056996e-06
32234,8.243848403349646e-06
32235,2.3841957788260876e-06
32236,1.1106870906897075e-05
32237,1.8805946600225752e-05
32238,4.7641157993465865e-06
32239,6.784292077741517e-06
32240,7.795624630076884e-06
32241,2.569745318314875e-05
32242,1.1663973207448035e-05
32243,1.1187858695687232e-05
32244,1.4406269508056996e-06
32245,1.2668639946208822e-05
32246,3.716143897080219e-07
32247,2.5710983162623927e-06
32248,7.485926624902738e-06
32249,4.168759257505648e-07
32250,3.367122987356735e-06
32251,2.093229920457446e-06
32252,3.926828147199314e-05
32253,1.8341059169026184e-06
32254,2.767691883844998e-05
32255,9.983179633554033e-06
32256,1.0948484236713208e-05
32257,3.367122987356735e-06
32258,4.4791955968326714e-05
32259,1.0754660573650312e-05
32260,4.168759257505648e-07
32261,1.1439436660058208e-05
32262,2.3805619838825533e-05
32263,3.543302466457338e-05
32264,5.819100281622349e-06
32265,7.009694715600637e-06
32266,2.093229920457446e-06
32267,1.5462754272636223e-06
32268,3.2309268194194954e-06
32269,4.168759257505648e-07
32270,5.819100281622349e-06
32271,2.5457024326321722e-05
32272,6.3391743123908195e-06
32273,2.1204602213527633e-05
32274,2.093229920457446e-06
32275,1.0273732253466651e-05
32276,2.9942813123276e-05
32277,2.5409458264529133e-06
32278,1.0948484236713208e-05
32279,7.795624630076884e-06
32280,8.632232152270172e-06
32281,1.6529983546849735e-05
32282,0.0002528222550032084
32283,4.265938537571931e-05
32284,8.28663599998875e-06
32285,3.080654430191315e-05
32286,4.015419028639798e-06
32287,2.6232464898206492e-05
32288,3.539311530167583e-06
32289,9.753306518785305e-06
32290,9.273329360391642e-06
32291,2.5457024326321722e-05
32292,2.6232464898206492e-05
32293,1.2502128903267543e-05
32294,7.499015165752427e-06
32295,1.1918676508060773e-05
32296,2.9414532597051834e-06
32297,3.3334057599760894e-06
32298,2.4683056328024187e-06
32299,9.844233795786024e-06
32300,2.5457024326321722e-05
32301,9.006527703519867e-07
32302,6.830633588881178e-06
32303,2.6232464898206492e-05
32304,1.0273732253466651e-05
32305,9.622365479210942e-06
32306,1.1439436660058208e-05
32307,8.486416061209232e-07
32308,1.0377534339301461e-05
32309,7.124176368197579e-06
32310,4.168759257505648e-07
32311,1.1152414258539597e-05
32312,1.2948878532913037e-05
32313,5.659867290427026e-06
32314,2.172899659165772e-06
32315,2.097404340523741e-06
32316,1.8024136615215226e-05
32317,3.543302466457338e-05
32318,4.7641157993465865e-06
32319,9.983179633554033e-06
32320,2.5821669534390205e-06
32321,2.9414532597051834e-06
32322,1.6867509204569253e-05
32323,1.1187858695687232e-05
32324,5.637976846777472e-06
32325,2.0549076217869553e-05
32326,3.6338396511195733e-06
32327,3.550170591009911e-05
32328,3.2445422920513604e-05
32329,8.243848403349646e-06
32330,9.318008668577259e-06
32331,7.485926624902738e-06
32332,4.531044181113482e-06
32333,2.5710983162623927e-06
32334,3.0495527855264824e-06
32335,2.5727195700756993e-06
32336,1.9496757374554444e-05
32337,7.009694715600637e-06
32338,1.0377534339301461e-05
32339,9.360161008768145e-06
32340,5.236114750762844e-06
32341,2.865112186423797e-05
32342,1.56237812375348e-05
32343,6.047390258570638e-06
32344,1.0679981774516916e-05
32345,4.7641157993465865e-06
32346,7.009694715600637e-06
32347,3.543302466457338e-05
32348,5.236114750762844e-06
32349,2.079854819816605e-06
32350,3.164455175637406e-05
32351,1.8936221026801777e-06
32352,1.0948484236713208e-05
32353,3.367122987356735e-06
32354,1.1439436660058208e-05
32355,1.8805946600225752e-05
32356,1.42288407137887e-07
32357,3.54898591020141e-06
32358,1.1439436660058208e-05
32359,7.548761950666645e-06
32360,1.1914019021918036e-05
32361,1.2214782620096826e-05
32362,5.917116457175449e-06
32363,1.6452166147152925e-05
32364,1.2859160646836952e-05
32365,6.3391743123908195e-06
32366,1.60280005887528e-06
32367,6.7349596039378535e-06
32368,2.7149084543122447e-06
32369,1.1721173360041573e-05
32370,8.865359047952257e-06
32371,2.249111936793878e-05
32372,1.6867743870140347e-06
32373,1.5577607448438508e-05
32374,2.590536458695729e-06
32375,3.080654430191315e-05
32376,5.469711135728868e-06
32377,2.0420658256241298e-05
32378,3.080654430191315e-05
32379,7.325903801898597e-06
32380,3.367122987356735e-06
32381,2.5457024326321722e-05
32382,6.0010939246525414e-05
32383,1.1187858695687232e-05
32384,1.4571977729669638e-05
32385,3.716143897080219e-07
32386,1.0679981774516916e-05
32387,5.819100281622349e-06
32388,2.212503139575054e-05
32389,4.7641157993465865e-06
32390,1.5217656917777877e-05
32391,4.807632222904557e-06
32392,6.047390258570638e-06
32393,1.3169724519525425e-06
32394,3.54898591020141e-06
32395,8.779840414085029e-06
32396,1.3656663751615575e-05
32397,2.569745318314875e-05
32398,1.8538364677761307e-05
32399,1.2547158450459412e-05
32400,1.810633542851438e-05
32401,1.1050065501815846e-05
32402,4.146945752964598e-06
32403,5.469711135728868e-06
32404,6.374685471734877e-07
32405,7.682893847554348e-06
32406,1.6778098339098316e-05
32407,2.5341379931947438e-05
32408,1.8024136615215226e-05
32409,4.687336814084638e-06
32410,2.093229920457446e-06
32411,1.3656663751615575e-05
32412,3.080654430191315e-05
32413,1.1836670161158395e-05
32414,2.5457024326321722e-05
32415,2.9414532597051834e-06
32416,7.009694715600637e-06
32417,2.171238991836809e-05
32418,9.983179633554033e-06
32419,2.0167755210234932e-06
32420,3.2309268194194954e-06
32421,1.1863193057143497e-05
32422,1.369814157940644e-05
32423,3.929128211308483e-06
32424,2.093229920457446e-06
32425,1.0754660573650312e-05
32426,2.9414532597051834e-06
32427,2.7209850260935155e-05
32428,6.47964763296422e-06
32429,2.6232464898206492e-05
32430,4.5642877980907465e-06
32431,9.844233795786024e-06
32432,1.128061277732567e-05
32433,7.009694715600637e-06
32434,8.445193835956618e-05
32435,3.2446151946335693e-06
32436,6.374685471734877e-07
32437,4.042610355807612e-05
32438,3.080654430191315e-05
32439,3.367122987356735e-06
32440,1.0313207022366888e-05
32441,5.066824247869157e-06
32442,6.879364539130577e-06
32443,3.543302466457338e-05
32444,1.4102353710987567e-05
32445,1.2752228797459337e-05
32446,1.3656663751615575e-05
32447,1.6709694019828036e-05
32448,1.4168278080111728e-05
32449,7.548761950666645e-06
32450,2.472446640117757e-05
32451,6.187527430052336e-06
32452,2.7471378098867538e-05
32453,1.1050065501815846e-05
32454,2.9414532597051834e-06
32455,1.3656663751615575e-05
32456,2.093229920457446e-06
32457,5.469711135728868e-06
32458,4.7641157993465865e-06
32459,1.1918676508060773e-05
32460,1.0332946556311193e-07
32461,8.779840414085029e-06
32462,1.0377534339301461e-05
32463,2.7090952015066443e-05
32464,8.137564451293906e-06
32465,1.0169209452128884e-05
32466,8.031641710132544e-08
32467,1.8024136615215226e-05
32468,8.768460132188203e-07
32469,1.1863193057143497e-05
32470,6.374685471734877e-07
32471,3.687781427719516e-05
32472,7.009694715600637e-06
32473,1.75856283615666e-05
32474,3.080654430191315e-05
32475,2.6867799412359272e-05
32476,2.785041548221168e-05
32477,1.75856283615666e-05
32478,1.950897543364397e-05
32479,4.7641157993465865e-06
32480,8.923409068108718e-06
32481,4.496221929152011e-06
32482,1.1187858695687232e-05
32483,2.0231258384286043e-05
32484,5.799588233115551e-06
32485,2.39372234713232e-05
32486,1.8805946600225752e-05
32487,3.794762843547894e-06
32488,1.1152414258539597e-05
32489,9.16577641018437e-06
32490,1.1152414258539597e-05
32491,1.66801693039325e-05
32492,1.2857782005483696e-05
32493,3.309667459598288e-05
32494,7.795624630076884e-06
32495,1.0169209452128884e-05
32496,4.449671676898806e-06
32497,3.550170591009911e-05
32498,1.6867743870140347e-06
32499,7.009694715600637e-06
32500,1.6867743870140347e-06
32501,1.6867743870140347e-06
32502,2.5727195700756993e-06
32503,9.640825058192401e-06
32504,8.461195848300982e-06
32505,4.7641157993465865e-06
32506,1.0169209452128884e-05
32507,1.66801693039325e-05
32508,1.8942998186870606e-06
32509,1.9004063843858377e-07
32510,2.093229920457446e-06
32511,1.8805946600225752e-05
32512,3.682437588552389e-06
32513,2.093229920457446e-06
32514,1.128061277732567e-05
32515,1.8024136615215226e-05
32516,1.8024136615215226e-05
32517,8.518218154287182e-06
32518,2.3147390505172322e-06
32519,1.1106870906897075e-05
32520,1.6685613070036195e-05
32521,3.550170591009911e-05
32522,1.2218817668013311e-06
32523,5.167543924003077e-06
32524,9.318008668577259e-06
32525,1.4515881844721867e-06
32526,1.847106690969064e-05
32527,1.2547158450459412e-05
32528,4.717817132719374e-06
32529,1.6709694019828036e-05
32530,7.226360711145934e-06
32531,1.2085578189964074e-05
32532,5.094381667434789e-06
32533,6.187527430052336e-06
32534,2.093229920457446e-06
32535,3.543302466457338e-05
32536,1.1050065501815846e-05
32537,3.5512823101964576e-06
32538,9.823787234911673e-06
32539,3.869217156195683e-05
32540,1.6549725166295783e-05
32541,3.08952167712862e-06
32542,1.9793697494958287e-05
32543,1.1836670161158395e-05
32544,3.489693626393209e-06
32545,7.548761950666645e-06
32546,2.171238991836809e-05
32547,1.8581267500807902e-05
32548,2.39372234713232e-05
32549,1.1439436660058208e-05
32550,9.16577641018437e-06
32551,4.449671676898806e-06
32552,5.819100281622349e-06
32553,2.093229920457446e-06
32554,4.449671676898806e-06
32555,2.767691883844998e-05
32556,1.6709694019828036e-05
32557,2.093229920457446e-06
32558,1.3239210500608966e-05
32559,2.9414532597051834e-06
32560,1.183325528466339e-05
32561,1.0416189543517678e-05
32562,1.0416189543517678e-05
32563,1.3409376265318766e-05
32564,6.03146442030491e-06
32565,8.243848403349646e-06
32566,1.6549725166295783e-05
32567,1.2085578189964074e-05
32568,6.632624483857994e-06
32569,7.89755808065313e-06
32570,6.193499748701765e-06
32571,1.1657463000347894e-05
32572,3.6338396511195733e-06
32573,5.489708419760574e-06
32574,4.449671676898806e-06
32575,1.0026530187256368e-06
32576,1.0026530187256368e-06
32577,1.847106690969064e-05
32578,4.449671676898806e-06
32579,2.9320528483521212e-06
32580,1.6867743870140347e-06
32581,2.093229920457446e-06
32582,3.550170591009911e-05
32583,7.795624630076884e-06
32584,4.7641157993465865e-06
32585,5.377591186363026e-06
32586,9.16577641018437e-06
32587,1.983676114667277e-05
32588,4.361463544814087e-07
32589,3.457546241666303e-06
32590,2.093229920457446e-06
32591,4.085803688443996e-06
32592,1.6685613070036195e-05
32593,3.367122987356735e-06
32594,1.832563557451777e-05
32595,2.0606425709841903e-06
32596,2.0990608531799997e-06
32597,3.646874802707865e-06
32598,1.2451007501704985e-05
32599,1.1152414258539597e-05
32600,7.499015165752427e-06
32601,6.95709462097379e-06
32602,3.550170591009911e-05
32603,1.1657463000347894e-05
32604,1.4780495544012343e-05
32605,9.273329360391642e-06
32606,3.278292812822032e-05
32607,1.66801693039325e-05
32608,5.039403949064811e-06
32609,2.1629972067841374e-05
32610,2.093229920457446e-06
32611,1.9496757374554444e-05
32612,1.1533265666156953e-05
32613,2.0444074050850578e-05
32614,2.093229920457446e-06
32615,2.093229920457446e-06
32616,7.009694715600637e-06
32617,1.0377534339301461e-05
32618,2.093229920457446e-06
32619,2.093229920457446e-06
32620,2.324106206228486e-05
32621,6.0517276086091855e-06
32622,1.983676114667277e-05
32623,1.6709694019828036e-05
32624,2.3079566049958632e-05
32625,4.081953044758512e-06
32626,8.49163255255179e-06
32627,2.093229920457446e-06
32628,2.093229920457446e-06
32629,1.8341059169026184e-06
32630,4.449671676898806e-06
32631,6.968368106932211e-06
32632,3.080654430191315e-05
32633,1.3656663751615575e-05
32634,2.093229920457446e-06
32635,2.638324172073524e-06
32636,9.983179633554033e-06
32637,5.606493715984668e-06
32638,1.369814157940644e-05
32639,5.821636477661691e-06
32640,1.926045809992359e-06
32641,1.0332946556311193e-07
32642,1.8024136615215226e-05
32643,6.076666691901281e-06
32644,4.449671676898806e-06
32645,4.449671676898806e-06
32646,4.081953044758512e-06
32647,4.085985549326954e-06
32648,9.844233795786024e-06
32649,1.0679981774516916e-05
32650,1.1439436660058208e-05
32651,2.9414532597051834e-06
32652,2.6232464898206492e-05
32653,3.301927629617517e-06
32654,1.3629474847298844e-05
32655,7.314321039839969e-05
32656,1.0377534339301461e-05
32657,1.3676037489052945e-06
32658,1.1050065501815846e-05
32659,1.0169209452128884e-05
32660,1.1050065501815846e-05
32661,8.923409068108718e-06
32662,1.1050065501815846e-05
32663,1.3656663751615575e-05
32664,7.548761950666645e-06
32665,2.172899659165772e-06
32666,1.1050065501815846e-05
32667,1.1050065501815846e-05
32668,6.8012151300323124e-06
32669,2.9320528483521212e-06
32670,1.1050065501815846e-05
32671,1.1050065501815846e-05
32672,5.2946251810429825e-06
32673,4.081953044758512e-06
32674,3.6338396511195733e-06
32675,8.865359047952257e-06
32676,2.9414532597051834e-06
32677,2.0420658256241298e-05
32678,4.449671676898806e-06
32679,5.119913791204008e-06
32680,2.1139176639676687e-06
32681,8.137564451293906e-06
32682,5.819100281622349e-06
32683,5.377591186363026e-06
32684,1.56237812375348e-05
32685,2.4683056328024187e-06
32686,1.2085578189964074e-05
32687,6.115777068064974e-06
32688,1.2547158450459412e-05
32689,6.632624483857994e-06
32690,1.0419316881349636e-05
32691,5.469711135728868e-06
32692,3.309667459598288e-05
32693,1.2752228797459337e-05
32694,1.6778098339098316e-05
32695,8.107597233500605e-06
32696,2.093229920457446e-06
32697,8.58487116859954e-07
32698,1.369814157940644e-05
32699,8.779840414085029e-06
32700,6.03146442030491e-06
32701,1.1439436660058208e-05
32702,4.449671676898806e-06
32703,1.75856283615666e-05
32704,2.093229920457446e-06
32705,4.081953044758512e-06
32706,2.0420658256241298e-05
32707,5.241875531581324e-06
32708,1.6627177907637575e-06
32709,8.851037022999384e-06
32710,1.09231490319743e-05
32711,2.39372234713232e-05
32712,3.54898591020141e-06
32713,1.3757492875830556e-05
32714,1.1875799467932967e-05
32715,5.46746317790583e-06
32716,1.66801693039325e-05
32717,3.309667459598288e-05
32718,2.324106206228486e-05
32719,9.255783930672972e-07
32720,2.212503139575054e-05
32721,2.5710983162623927e-06
32722,8.865359047952257e-06
32723,9.260221771632981e-07
32724,5.335618073434833e-07
32725,4.081953044758512e-06
32726,5.799588233115551e-06
32727,2.3895855388216243e-07
32728,9.318008668577259e-06
32729,6.187527430052336e-06
32730,2.590536458695729e-06
32731,3.726055405653195e-06
32732,1.1644992356732589e-05
32733,9.871437000059156e-06
32734,9.16577641018437e-06
32735,3.2445422920513604e-05
32736,2.0753334321846773e-06
32737,5.469711135728868e-06
32738,2.7471378098867538e-05
32739,1.5444097573863506e-05
32740,5.094381667434789e-06
32741,1.1050065501815846e-05
32742,1.2859160646836952e-05
32743,1.6917059972408012e-06
32744,2.171238991836809e-05
32745,6.65968826910499e-06
32746,1.8581267500807902e-05
32747,1.2504365465339304e-05
32748,5.489708419760574e-06
32749,2.0940793139358538e-05
32750,7.009694715600637e-06
32751,1.6685613070036195e-05
32752,1.2547158450459412e-05
32753,5.119913791204008e-06
32754,8.35396901245353e-06
32755,2.3895855388216243e-07
32756,8.865359047952257e-06
32757,1.1918676508060773e-05
32758,8.35396901245353e-06
32759,3.2446151946335693e-06
32760,9.260221771632981e-07
32761,1.6685613070036195e-05
32762,4.8557900828684785e-06
32763,7.063549449832523e-07
32764,1.2580926480582613e-05
32765,7.89755808065313e-06
32766,1.8024136615215226e-05
32767,1.66801693039325e-05
32768,4.449671676898806e-06
32769,2.380399464497916e-05
32770,6.65968826910499e-06
32771,6.533037179739474e-06
32772,2.212503139575054e-05
32773,1.0438274842770595e-05
32774,7.206440890938093e-07
32775,2.5457024326321722e-05
32776,5.359455975736333e-06
32777,4.807632222904557e-06
32778,1.9496757374554444e-05
32779,0.00027223191351272754
32780,3.367122987356735e-06
32781,6.115777068064974e-06
32782,5.74256060132945e-06
32783,1.2547158450459412e-05
32784,7.86375023253337e-06
32785,3.309667459598288e-05
32786,2.0549076217869553e-05
32787,2.5457024326321722e-05
32788,3.381099333877525e-05
32789,1.3656663751615575e-05
32790,1.0169209452128884e-05
32791,6.466167127861589e-06
32792,2.39372234713232e-05
32793,1.66801693039325e-05
32794,1.8936221026801777e-06
32795,8.632232152270172e-06
32796,7.485926624902738e-06
32797,6.784292077741517e-06
32798,5.119913791204008e-06
32799,2.0940793139358538e-05
32800,2.9414532597051834e-06
32801,1.6842305749521852e-06
32802,2.9414532597051834e-06
32803,1.0332946556311193e-07
32804,1.3656663751615575e-05
32805,3.367122987356735e-06
32806,1.1657463000347894e-05
32807,1.1247631428049315e-05
32808,9.515108067451576e-06
32809,4.449671676898806e-06
32810,1.2752228797459337e-05
32811,7.04087630940213e-06
32812,1.0924115674501308e-05
32813,1.763317027055864e-05
32814,2.5826453593806244e-06
32815,3.550170591009911e-05
32816,3.367122987356735e-06
32817,5.606493715984668e-06
32818,7.65439688810413e-06
32819,8.454726644098438e-07
32820,1.0377534339301461e-05
32821,6.632624483857994e-06
32822,1.6685613070036195e-05
32823,2.9414532597051834e-06
32824,9.515108067451576e-06
32825,3.309667459598288e-05
32826,7.383412113819585e-06
32827,9.318008668577259e-06
32828,3.926828147199314e-05
32829,5.606493715984668e-06
32830,4.015419028639798e-06
32831,1.4406269508056996e-06
32832,9.883460640919919e-06
32833,1.1050065501815846e-05
32834,1.1050065501815846e-05
32835,1.1050065501815846e-05
32836,1.1050065501815846e-05
32837,1.1050065501815846e-05
32838,3.172312495002965e-06
32839,1.1050065501815846e-05
32840,1.1050065501815846e-05
32841,1.1050065501815846e-05
32842,1.1050065501815846e-05
32843,2.590536458695729e-06
32844,1.3510556190963273e-06
32845,6.475491481686969e-06
32846,2.3841957788260876e-06
32847,1.2668639946208822e-05
32848,6.7349596039378535e-06
32849,4.449671676898806e-06
32850,1.6709694019828036e-05
32851,7.65439688810413e-06
32852,3.721232060762215e-06
32853,1.1204600872324263e-05
32854,3.367122987356735e-06
32855,1.1445049771455828e-05
32856,3.726055405653195e-06
32857,5.2946251810429825e-06
32858,3.550170591009911e-05
32859,1.2013322342028058e-05
32860,1.4667698547982593e-05
32861,5.489708419760574e-06
32862,1.09231490319743e-05
32863,6.435942091339023e-05
32864,1.9792695525349584e-06
32865,1.0416189543517678e-05
32866,2.0278891203424817e-05
32867,6.0517276086091855e-06
32868,2.3827162311738093e-05
32869,2.324106206228486e-05
32870,1.2547158450459412e-05
32871,2.5098335131120705e-06
32872,1.1657463000347894e-05
32873,1.763317027055864e-05
32874,2.9414532597051834e-06
32875,5.509607098696422e-06
32876,2.0389030618798876e-05
32877,3.3024904747861657e-06
32878,1.0679981774516916e-05
32879,3.54898591020141e-06
32880,5.637976846777472e-06
32881,6.918042387662285e-06
32882,2.0420658256241298e-05
32883,1.3656663751615575e-05
32884,4.449671676898806e-06
32885,2.9414532597051834e-06
32886,1.1416024309549062e-05
32887,8.137564451293906e-06
32888,1.4406269508056996e-06
32889,3.926828147199314e-05
32890,1.1836670161158395e-05
32891,3.682437588552389e-06
32892,2.5710983162623927e-06
32893,3.682437588552389e-06
32894,1.2547158450459412e-05
32895,2.7149084543122447e-06
32896,1.8024136615215226e-05
32897,3.726055405653195e-06
32898,4.88001542070682e-06
32899,2.212503139575054e-05
32900,5.802367551520773e-05
32901,3.926828147199314e-05
32902,1.6829322627717088e-05
32903,2.1145056985208625e-06
32904,9.622365479210942e-06
32905,2.172899659165772e-06
32906,1.0948484236713208e-05
32907,1.783334204856849e-06
32908,4.449671676898806e-06
32909,3.367122987356735e-06
32910,5.094381667434789e-06
32911,9.16577641018437e-06
32912,3.7160634000884236e-06
32913,8.768460132188203e-07
32914,3.682437588552389e-06
32915,1.2668639946208822e-05
32916,7.009694715600637e-06
32917,3.682437588552389e-06
32918,2.4683056328024187e-06
32919,1.6627177907637575e-06
32920,7.993519340531444e-06
32921,2.6232464898206492e-05
32922,4.687336814084638e-06
32923,5.733999244647437e-06
32924,2.3079566049958632e-05
32925,1.847106690969064e-05
32926,3.367122987356735e-06
32927,3.5461693726315654e-06
32928,9.753306518785305e-06
32929,7.89755808065313e-06
32930,3.5606009976195343e-05
32931,4.146945752964598e-06
32932,2.9414532597051834e-06
32933,1.3676037489052945e-06
32934,5.528350733663738e-05
32935,5.094381667434789e-06
32936,6.116742037646256e-06
32937,1.3073514415799466e-05
32938,2.172899659165772e-06
32939,5.606493715984668e-06
32940,9.318008668577259e-06
32941,3.6546117757595693e-06
32942,1.8805946600225752e-05
32943,2.9414532597051834e-06
32944,8.244613255882126e-06
32945,1.2547158450459412e-05
32946,3.682437588552389e-06
32947,3.845871898006274e-05
32948,1.0026530187256368e-06
32949,2.093229920457446e-06
32950,1.0377534339301461e-05
32951,6.03146442030491e-06
32952,3.655588078277919e-06
32953,7.009694715600637e-06
32954,5.094381667434789e-06
32955,6.279047499414993e-05
32956,3.309667459598288e-05
32957,3.367122987356735e-06
32958,2.171238991836809e-05
32959,2.171238991836809e-05
32960,2.171238991836809e-05
32961,9.515108067451576e-06
32962,2.3805619838825533e-05
32963,1.42288407137887e-07
32964,9.903911426043947e-06
32965,2.093229920457446e-06
32966,2.9414532597051834e-06
32967,4.7641157993465865e-06
32968,9.7950553838749e-06
32969,1.0754660573650312e-05
32970,9.318008668577259e-06
32971,3.457546241666303e-06
32972,2.0549076217869553e-05
32973,1.4406269508056996e-06
32974,1.2547158450459412e-05
32975,1.4335623204532013e-07
32976,8.137564451293906e-06
32977,3.367122987356735e-06
32978,2.39372234713232e-05
32979,6.3391743123908195e-06
32980,3.919953362856588e-06
32981,2.5341379931947438e-05
32982,1.8538364677761307e-05
32983,2.1889635175949354e-05
32984,1.1644992356732589e-05
32985,1.8805946600225752e-05
32986,1.5462754272636223e-06
32987,3.716143897080219e-07
32988,9.8162622946691e-06
32989,6.7349596039378535e-06
32990,2.6232464898206492e-05
32991,2.5457024326321722e-05
32992,3.309667459598288e-05
32993,3.54898591020141e-06
32994,5.236114750762844e-06
32995,5.094381667434789e-06
32996,6.047390258570638e-06
32997,5.733999244647437e-06
32998,6.632624483857994e-06
32999,1.60280005887528e-06
33000,7.993519340531444e-06
33001,7.795624630076884e-06
33002,2.1258019776055202e-05
33003,9.546986044437783e-06
33004,6.632624483857994e-06
33005,7.89755808065313e-06
33006,2.212503139575054e-05
33007,3.309667459598288e-05
33008,1.5217656917777877e-05
33009,1.2547158450459412e-05
33010,2.7149084543122447e-06
33011,4.717817132719374e-06
33012,3.54898591020141e-06
33013,1.1533265666156953e-05
33014,1.743275574555541e-05
33015,1.053949725398977e-05
33016,2.324106206228486e-05
33017,2.0167755210234932e-06
33018,1.0377534339301461e-05
33019,1.0679981774516916e-05
33020,5.359455975736333e-06
33021,9.318008668577259e-06
33022,1.4632000443051207e-06
33023,4.5375789960657264e-05
33024,2.39372234713232e-05
33025,1.6723997866334754e-05
33026,5.917116457175449e-06
33027,6.784292077741517e-06
33028,6.03146442030491e-06
33029,3.550170591009911e-05
33030,1.6685613070036195e-05
33031,1.2504365465339304e-05
33032,1.1152414258539597e-05
33033,5.733999244647437e-06
33034,5.606493715984668e-06
33035,8.477667502092432e-06
33036,1.9496757374554444e-05
33037,4.88001542070682e-06
33038,9.8162622946691e-06
33039,4.791395248311862e-07
33040,1.9756906355571455e-05
33041,2.4662631681292474e-05
33042,2.8483417257409518e-06
33043,1.0332946556311193e-07
33044,8.58487116859954e-07
33045,1.1050065501815846e-05
33046,2.7149084543122447e-06
33047,1.2547158450459412e-05
33048,1.1875799467932967e-05
33049,7.993519340531444e-06
33050,1.1657463000347894e-05
33051,1.5217656917777877e-05
33052,5.821636477661691e-06
33053,3.2445422920513604e-05
33054,4.7641157993465865e-06
33055,9.594154120435579e-06
33056,2.8638297407765024e-05
33057,8.244613255882126e-06
33058,1.9971688459737037e-05
33059,8.851037022999384e-06
33060,5.1699839138381205e-06
33061,4.449671676898806e-06
33062,5.799588233115551e-06
33063,2.4662631681292474e-05
33064,3.54898591020141e-06
33065,4.387974460970874e-05
33066,9.753306518785305e-06
33067,9.883460640919919e-06
33068,1.1106870906897075e-05
33069,4.7641157993465865e-06
33070,8.137564451293906e-06
33071,3.309667459598288e-05
33072,1.2547158450459412e-05
33073,5.606493715984668e-06
33074,6.8012151300323124e-06
33075,1.2547158450459412e-05
33076,1.0438274842770595e-05
33077,8.137564451293906e-06
33078,1.369814157940644e-05
33079,9.360161008768145e-06
33080,9.515108067451576e-06
33081,1.1187858695687232e-05
33082,1.1875799467932967e-05
33083,1.66801693039325e-05
33084,5.791375776054895e-06
33085,1.8805946600225752e-05
33086,1.7207844604559312e-05
33087,2.9654860686001054e-05
33088,8.137564451293906e-06
33089,8.632232152270172e-06
33090,3.926828147199314e-05
33091,5.821636477661691e-06
33092,9.16577641018437e-06
33093,7.009694715600637e-06
33094,3.6954725355878477e-06
33095,5.726319896952129e-06
33096,2.093229920457446e-06
33097,6.426076672132803e-06
33098,6.490178552997004e-06
33099,9.622365479210942e-06
33100,5.377591186363026e-06
33101,8.981221596183088e-06
33102,5.574238617669124e-06
33103,8.981221596183088e-06
33104,1.0948484236713208e-05
33105,4.398077317176066e-06
33106,3.929128211308483e-06
33107,5.489708419760574e-06
33108,2.320654997288232e-06
33109,7.329428962093246e-06
33110,1.881453747206037e-05
33111,2.9414532597051834e-06
33112,1.8898731017542063e-05
33113,2.093229920457446e-06
33114,3.54898591020141e-06
33115,2.9414532597051834e-06
33116,6.784292077741517e-06
33117,2.324106206228486e-05
33118,7.329428962093246e-06
33119,3.2445422920513604e-05
33120,3.926828147199314e-05
33121,1.0341492697675664e-05
33122,2.9414532597051834e-06
33123,4.449671676898806e-06
33124,5.791375776054895e-06
33125,8.28663599998875e-06
33126,5.843200488610128e-05
33127,1.2452238315404258e-05
33128,4.200484154866769e-06
33129,4.200484154866769e-06
33130,5.606493715984668e-06
33131,3.54898591020141e-06
33132,1.1050065501815846e-05
33133,9.16577641018437e-06
33134,5.1677942096790784e-05
33135,2.3074341812228413e-05
33136,1.0419316881349636e-05
33137,1.2085578189964074e-05
33138,3.716143897080219e-07
33139,8.243848403349646e-06
33140,1.8942998186870606e-06
33141,2.3079566049958632e-05
33142,1.1050065501815846e-05
33143,1.8500756511093587e-06
33144,8.461195848300982e-06
33145,9.8162622946691e-06
33146,3.903056025989452e-05
33147,2.913594373915911e-05
33148,7.795624630076884e-06
33149,1.8538364677761307e-05
33150,2.7149084543122447e-06
33151,9.273329360391642e-06
33152,4.7674004713794945e-06
33153,7.072924066519659e-07
33154,2.1135022209280455e-06
33155,1.1050065501815846e-05
33156,3.309667459598288e-05
33157,1.7774616526518243e-05
33158,2.9414532597051834e-06
33159,2.324106206228486e-05
33160,1.1439436660058208e-05
33161,2.39372234713232e-05
33162,1.2502128903267543e-05
33163,1.0679981774516916e-05
33164,7.795624630076884e-06
33165,7.548761950666645e-06
33166,1.0377534339301461e-05
33167,5.270695988429431e-07
33168,3.550170591009911e-05
33169,1.8538364677761307e-05
33170,4.5642877980907465e-06
33171,3.2446151946335693e-06
33172,3.926828147199314e-05
33173,6.918042387662285e-06
33174,3.367122987356735e-06
33175,9.260221771632981e-07
33176,3.309667459598288e-05
33177,5.509607098696422e-06
33178,2.3805619838825533e-05
33179,4.168759257505648e-07
33180,9.753306518785305e-06
33181,8.632232152270172e-06
33182,2.39372234713232e-05
33183,1.5217656917777877e-05
33184,3.080654430191315e-05
33185,2.0605520117939783e-05
33186,2.3079566049958632e-05
33187,4.5299462182548354e-07
33188,4.7641157993465865e-06
33189,1.2085578189964074e-05
33190,3.5512823101964576e-06
33191,6.03146442030491e-06
33192,1.1050065501815846e-05
33193,1.1050065501815846e-05
33194,9.622365479210942e-06
33195,2.212503139575054e-05
33196,1.0341492697675664e-05
33197,9.8162622946691e-06
33198,2.9414532597051834e-06
33199,4.8557900828684785e-06
33200,2.5515775695340235e-05
33201,4.449671676898806e-06
33202,8.58487116859954e-07
33203,9.16577641018437e-06
33204,2.093229920457446e-06
33205,5.2946251810429825e-06
33206,1.0924115674501308e-05
33207,8.58487116859954e-07
33208,7.04087630940213e-06
33209,1.369814157940644e-05
33210,7.65439688810413e-06
33211,4.758563856264241e-06
33212,1.6778098339098316e-05
33213,8.137564451293906e-06
33214,8.881973286371031e-06
33215,4.344563232312016e-06
33216,4.88001542070682e-06
33217,2.39372234713232e-05
33218,1.1050065501815846e-05
33219,1.0419316881349636e-05
33220,2.0444074050850578e-05
33221,4.344563232312016e-06
33222,4.7641157993465865e-06
33223,1.6984012151060729e-06
33224,8.137564451293906e-06
33225,5.606493715984668e-06
33226,2.093229920457446e-06
33227,1.2085578189964074e-05
33228,1.2547158450459412e-05
33229,7.993519340531444e-06
33230,2.8483417257409518e-06
33231,4.791395248311862e-07
33232,3.2446151946335693e-06
33233,3.926828147199314e-05
33234,3.682437588552389e-06
33235,3.302592321090118e-07
33236,1.5217656917777877e-05
33237,4.7641157993465865e-06
33238,1.2139689997609837e-06
33239,2.172899659165772e-06
33240,1.9580867208835513e-05
33241,4.848472492623487e-05
33242,1.66801693039325e-05
33243,1.1106870906897075e-05
33244,6.306632850805595e-06
33245,2.9414532597051834e-06
33246,1.783334204856849e-06
33247,1.8024136615215226e-05
33248,6.455835834869738e-05
33249,3.857321283308478e-05
33250,9.983179633554033e-06
33251,2.3805619838825533e-05
33252,7.226360711145934e-06
33253,9.983179633554033e-06
33254,7.89755808065313e-06
33255,7.86375023253337e-06
33256,1.6723997866334754e-05
33257,3.816842810740284e-08
33258,6.193499748701765e-06
33259,7.329428962093246e-06
33260,9.89800748622995e-06
33261,8.137564451293906e-06
33262,3.6036633978075923e-07
33263,2.0940793139358538e-05
33264,4.8948281830987534e-06
33265,3.7356039320767917e-06
33266,1.1050065501815846e-05
33267,1.1050065501815846e-05
33268,4.7641157993465865e-06
33269,1.840220589329597e-05
33270,3.543302466457338e-05
33271,2.6232464898206492e-05
33272,4.081953044758512e-06
33273,3.926828147199314e-05
33274,3.926828147199314e-05
33275,1.2085578189964074e-05
33276,2.6021019309663816e-05
33277,2.913594373915911e-05
33278,6.03146442030491e-06
33279,5.236114750762844e-06
33280,1.2668639946208822e-05
33281,7.1063867990134775e-06
33282,5.900895157352535e-06
33283,2.172899659165772e-06
33284,1.1814313729705485e-06
33285,1.1187858695687232e-05
33286,9.16577641018437e-06
33287,9.273329360391642e-06
33288,3.2445422920513604e-05
33289,7.698525158811343e-06
33290,5.272870183930096e-05
33291,1.6452166147152925e-05
33292,2.5457024326321722e-05
33293,2.406179858049953e-06
33294,6.632624483857994e-06
33295,7.329428962093246e-06
33296,2.6232464898206492e-05
33297,1.8024136615215226e-05
33298,8.865359047952257e-06
33299,1.2013322342028058e-05
33300,5.637976846777472e-06
33301,2.5098335131120705e-06
33302,4.496647434593277e-06
33303,1.4406269508056996e-06
33304,3.309667459598288e-05
33305,3.309667459598288e-05
33306,6.660113175588203e-06
33307,6.660113175588203e-06
33308,6.660113175588203e-06
33309,7.009694715600637e-06
33310,6.660113175588203e-06
33311,6.660113175588203e-06
33312,6.660113175588203e-06
33313,2.212503139575054e-05
33314,5.606493715984668e-06
33315,2.879281384623148e-06
33316,3.2445422920513604e-05
33317,2.171238991836809e-05
33318,8.865359047952257e-06
33319,5.2946251810429825e-06
33320,3.926828147199314e-05
33321,2.212503139575054e-05
33322,6.660113175588203e-06
33323,6.660113175588203e-06
33324,6.660113175588203e-06
33325,6.660113175588203e-06
33326,6.660113175588203e-06
33327,6.660113175588203e-06
33328,6.660113175588203e-06
33329,6.660113175588203e-06
33330,6.660113175588203e-06
33331,6.660113175588203e-06
33332,6.660113175588203e-06
33333,6.660113175588203e-06
33334,6.660113175588203e-06
33335,6.660113175588203e-06
33336,6.660113175588203e-06
33337,6.660113175588203e-06
33338,6.660113175588203e-06
33339,6.660113175588203e-06
33340,6.660113175588203e-06
33341,6.660113175588203e-06
33342,6.660113175588203e-06
33343,6.660113175588203e-06
33344,6.660113175588203e-06
33345,6.660113175588203e-06
33346,1.0754660573650312e-05
33347,6.660113175588203e-06
33348,6.660113175588203e-06
33349,6.660113175588203e-06
33350,6.660113175588203e-06
33351,6.660113175588203e-06
33352,6.660113175588203e-06
33353,3.309667459598288e-05
33354,9.273329360391642e-06
33355,5.3297663669851925e-05
33356,3.926828147199314e-05
33357,1.2752228797459337e-05
33358,6.306632850805595e-06
33359,4.168759257505648e-07
33360,3.551742868154992e-05
33361,2.879281384623148e-06
33362,3.309667459598288e-05
33363,1.6723997866334754e-05
33364,8.243848403349646e-06
33365,1.3676037489052945e-06
33366,3.197007371508808e-06
33367,1.4782475505127705e-05
33368,1.0948484236713208e-05
33369,5.270695988429431e-07
33370,5.469711135728868e-06
33371,7.124176368197579e-06
33372,2.0549076217869553e-05
33373,6.830633588881178e-06
33374,6.0812585611422054e-06
33375,4.042610355807612e-05
33376,1.634994038941602e-05
33377,9.273329360391642e-06
33378,9.753306518785305e-06
33379,8.58487116859954e-07
33380,4.7641157993465865e-06
33381,3.367122987356735e-06
33382,1.66801693039325e-05
33383,9.802835711729158e-07
33384,1.1918676508060773e-05
33385,1.398545076197968e-05
33386,2.3765283885415858e-06
33387,4.2115925194245684e-05
33388,7.329428962093246e-06
33389,1.1995280057508101e-05
33390,6.229396957021664e-06
33391,6.229396957021664e-06
33392,2.3079566049958632e-05
33393,2.5345955738682367e-05
33394,1.653980374858993e-06
33395,1.9496757374554444e-05
33396,7.009694715600637e-06
33397,1.8538364677761307e-05
33398,3.3577468101269214e-06
33399,1.6723997866334754e-05
33400,1.0679981774516916e-05
33401,1.0679981774516916e-05
33402,9.16577641018437e-06
33403,1.2218817668013311e-06
33404,1.3676037489052945e-06
33405,7.65439688810413e-06
33406,2.385536642401955e-06
33407,2.0549076217869553e-05
33408,1.128061277732567e-05
33409,2.4839939850062787e-05
33410,1.0341492697675664e-05
33411,9.273329360391642e-06
33412,9.622365479210942e-06
33413,2.093229920457446e-06
33414,1.56237812375348e-05
33415,3.716143897080219e-07
33416,1.5158321135795391e-05
33417,3.682437588552389e-06
33418,2.3147390505172322e-06
33419,1.9496757374554444e-05
33420,3.2446151946335693e-06
33421,2.9414532597051834e-06
33422,2.9414532597051834e-06
33423,1.4311794106454666e-05
33424,1.8974895579305917e-05
33425,7.009694715600637e-06
33426,2.6232464898206492e-05
33427,1.0679981774516916e-05
33428,1.66801693039325e-05
33429,7.993519340531444e-06
33430,4.449671676898806e-06
33431,1.1814313729705485e-06
33432,1.6685613070036195e-05
33433,2.510603690142444e-06
33434,1.983676114667277e-05
33435,1.2085578189964074e-05
33436,4.6032992819704194e-07
33437,1.3073514415799466e-05
33438,7.383412113819585e-06
33439,2.9414532597051834e-06
33440,9.753306518785305e-06
33441,7.89755808065313e-06
33442,2.5440097089576535e-06
33443,1.1187858695687232e-05
33444,1.2668639946208822e-05
33445,2.39372234713232e-05
33446,3.716143897080219e-07
33447,2.5341379931947438e-05
33448,1.8024136615215226e-05
33449,7.325903801898597e-06
33450,1.1106870906897075e-05
33451,3.309667459598288e-05
33452,3.309667459598288e-05
33453,5.606493715984668e-06
33454,1.4571977729669638e-05
33455,3.965881140217324e-06
33456,5.359455975736333e-06
33457,2.093229920457446e-06
33458,4.398077317176066e-06
33459,9.903911426043947e-06
33460,3.857321283308478e-05
33461,1.1247631428049315e-05
33462,1.1668668853090769e-05
33463,1.6723997866334754e-05
33464,2.698504947981456e-06
33465,3.2309268194194954e-06
33466,2.0940793139358538e-05
33467,2.5341379931947438e-05
33468,8.865359047952257e-06
33469,1.6778098339098316e-05
33470,1.9496757374554444e-05
33471,1.5217656917777877e-05
33472,5.46746317790583e-06
33473,1.2547158450459412e-05
33474,1.09231490319743e-05
33475,3.716143897080219e-07
33476,1.781691653516979e-05
33477,8.58487116859954e-07
33478,6.604102156649155e-06
33479,1.0679981774516916e-05
33480,3.2446151946335693e-06
33481,1.2727432446450108e-06
33482,1.838449257034818e-05
33483,7.698525158811343e-06
33484,1.6452166147152925e-05
33485,2.834078365345221e-06
33486,1.824107503981301e-05
33487,7.353929444195366e-06
33488,5.791375776054895e-06
33489,1.0679981774516916e-05
33490,1.8868111523841994e-06
33491,3.309667459598288e-05
33492,8.618651754575265e-07
33493,4.9820672462317636e-05
33494,1.2752228797459337e-05
33495,4.305506070831409e-06
33496,2.9414532597051834e-06
33497,2.6867799412359272e-05
33498,3.2445422920513604e-05
33499,1.9756906355571455e-05
33500,1.8974895579305917e-05
33501,2.5341379931947438e-05
33502,9.823787234911673e-06
33503,7.009694715600637e-06
33504,2.5710983162623927e-06
33505,2.0278891203424817e-05
33506,4.449671676898806e-06
33507,8.865359047952257e-06
33508,4.7641157993465865e-06
33509,5.377591186363026e-06
33510,4.572020584089037e-05
33511,1.0377534339301461e-05
33512,1.8805946600225752e-05
33513,1.56237812375348e-05
33514,1.2451007501704985e-05
33515,4.081953044758512e-06
33516,6.95709462097379e-06
33517,4.7641157993465865e-06
33518,5.445344456393789e-06
33519,2.6232464898206492e-05
33520,3.7160634000884236e-06
33521,4.717817132719374e-06
33522,1.1589801955946693e-05
33523,7.009694715600637e-06
33524,9.7950553838749e-06
33525,4.715648469132916e-05
33526,7.009694715600637e-06
33527,3.223478423162025e-06
33528,4.305506070831409e-06
33529,3.2309268194194954e-06
33530,2.9414532597051834e-06
33531,4.88001542070682e-06
33532,5.821636477661691e-06
33533,2.48715554831371e-06
33534,7.698525158811343e-06
33535,1.0332946556311193e-07
33536,3.096609344774479e-05
33537,7.329428962093246e-06
33538,5.2946251810429825e-06
33539,5.791375776054895e-06
33540,1.1988169966819532e-05
33541,3.2155348743841803e-06
33542,9.844233795786024e-06
33543,4.496647434593277e-06
33544,3.567289358800989e-06
33545,4.449671676898806e-06
33546,3.172312495002965e-06
33547,3.223478423162025e-06
33548,1.0377534339301461e-05
33549,3.2445422920513604e-05
33550,9.594154120435579e-06
33551,1.4406269508056996e-06
33552,5.574238617669124e-06
33553,1.2857782005483696e-05
33554,2.093229920457446e-06
33555,1.4406269508056996e-06
33556,2.785041548221168e-05
33557,5.489708419760574e-06
33558,2.5440097089576535e-06
33559,1.377546840990069e-05
33560,4.995117563042747e-06
33561,7.795624630076884e-06
33562,1.2547158450459412e-05
33563,5.819100281622349e-06
33564,5.489708419760574e-06
33565,7.063549449832523e-07
33566,3.926828147199314e-05
33567,5.509607098696422e-06
33568,7.993519340531444e-06
33569,6.426076672132803e-06
33570,7.548761950666645e-06
33571,3.457546241666303e-06
33572,1.66801693039325e-05
33573,1.2668639946208822e-05
33574,1.6778098339098316e-05
33575,5.377591186363026e-06
33576,2.9414532597051834e-06
33577,4.7641157993465865e-06
33578,1.1445049771455828e-05
33579,1.1298618288485303e-05
33580,5.2946251810429825e-06
33581,2.9320528483521212e-06
33582,2.3147390505172322e-06
33583,3.903056025989452e-05
33584,7.993519340531444e-06
33585,7.993519340531444e-06
33586,4.687336814084638e-06
33587,3.5606009976195343e-05
33588,1.6778098339098316e-05
33589,1.3656663751615575e-05
33590,7.548761950666645e-06
33591,1.365300199160014e-05
33592,1.2752228797459337e-05
33593,1.0331353779356072e-05
33594,1.1988169966819532e-05
33595,1.1152414258539597e-05
33596,1.763317027055864e-05
33597,6.533037179739474e-06
33598,3.926828147199314e-05
33599,4.449671676898806e-06
33600,2.5457024326321722e-05
33601,7.993519340531444e-06
33602,2.5515775695340235e-05
33603,3.579259214609329e-05
33604,9.263726349490309e-06
33605,6.533037179739474e-06
33606,2.638324172073524e-06
33607,1.0313207022366888e-05
33608,8.881973286371031e-06
33609,6.8012151300323124e-06
33610,2.39372234713232e-05
33611,4.081953044758512e-06
33612,2.785041548221168e-05
33613,3.5517004061818853e-06
33614,1.0419316881349636e-05
33615,1.3656663751615575e-05
33616,1.1918676508060773e-05
33617,7.009694715600637e-06
33618,2.5710983162623927e-06
33619,1.763317027055864e-05
33620,4.0063190858350506e-05
33621,7.124176368197579e-06
33622,9.8162622946691e-06
33623,2.913594373915911e-05
33624,2.3074341812228413e-05
33625,1.6452166147152925e-05
33626,2.5098335131120705e-06
33627,4.88001542070682e-06
33628,4.687336814084638e-06
33629,1.6797119349840586e-06
33630,1.1445049771455828e-05
33631,4.449671676898806e-06
33632,1.1439436660058208e-05
33633,1.8806259176824244e-05
33634,7.009694715600637e-06
33635,9.89800748622995e-06
33636,1.56237812375348e-05
33637,6.03146442030491e-06
33638,7.009694715600637e-06
33639,1.9756906355571455e-05
33640,1.5217656917777877e-05
33641,1.2279115364674386e-05
33642,4.791395248311862e-07
33643,3.726055405653195e-06
33644,2.638324172073524e-06
33645,3.309667459598288e-05
33646,1.3656663751615575e-05
33647,1.1918676508060773e-05
33648,5.606493715984668e-06
33649,1.9004063843858377e-07
33650,1.893662444517207e-05
33651,7.329428962093246e-06
33652,2.6232464898206492e-05
33653,1.56237812375348e-05
33654,1.56237812375348e-05
33655,3.223478423162025e-06
33656,6.3391743123908195e-06
33657,1.56237812375348e-05
33658,1.56237812375348e-05
33659,7.04087630940213e-06
33660,1.56237812375348e-05
33661,1.6778098339098316e-05
33662,2.3079566049958632e-05
33663,1.1445049771455828e-05
33664,3.721232060762215e-06
33665,1.1439436660058208e-05
33666,1.194968383889213e-05
33667,1.0274166338583712e-05
33668,1.4289811960486495e-05
33669,1.398545076197968e-05
33670,1.3073514415799466e-05
33671,3.816842810740284e-08
33672,3.2446151946335693e-06
33673,2.9414532597051834e-06
33674,1.983676114667277e-05
33675,4.739205207123671e-06
33676,6.076666691901281e-06
33677,1.8974895579305917e-05
33678,2.886647395239286e-06
33679,3.2155348743841803e-06
33680,1.0419316881349636e-05
33681,2.0549076217869553e-05
33682,8.243848403349646e-06
33683,1.1439436660058208e-05
33684,3.903056025989452e-05
33685,7.89755808065313e-06
33686,7.329428962093246e-06
33687,3.309667459598288e-05
33688,2.0167755210234932e-06
33689,9.273329360391642e-06
33690,5.509607098696422e-06
33691,1.9004063843858377e-07
33692,2.249111936793878e-05
33693,1.8805946600225752e-05
33694,2.0389030618798876e-05
33695,2.093229920457446e-06
33696,3.080654430191315e-05
33697,4.791395248311862e-07
33698,1.66801693039325e-05
33699,2.0389030618798876e-05
33700,6.8012151300323124e-06
33701,1.9004063843858377e-07
33702,1.0518816817563894e-05
33703,4.054883656866124e-06
33704,1.9004063843858377e-07
33705,9.273329360391642e-06
33706,5.480405858776192e-07
33707,3.3334057599760894e-06
33708,3.5512823101964576e-06
33709,3.54898591020141e-06
33710,4.494177150590377e-06
33711,4.2262451006167243e-05
33712,1.4406269508056996e-06
33713,1.4406269508056996e-06
33714,9.318008668577259e-06
33715,1.9766402380370655e-05
33716,3.172312495002965e-06
33717,6.7349596039378535e-06
33718,1.1657463000347894e-05
33719,1.4450932731911959e-05
33720,4.070751208278705e-05
33721,1.2547158450459412e-05
33722,1.1657463000347894e-05
33723,3.550170591009911e-05
33724,1.6723997866334754e-05
33725,1.42288407137887e-07
33726,7.795624630076884e-06
33727,1.8667014493856614e-06
33728,2.7471378098867538e-05
33729,1.9756906355571455e-05
33730,2.0278891203424817e-05
33731,8.865359047952257e-06
33732,8.981221596183088e-06
33733,3.726055405653195e-06
33734,1.6549725166295783e-05
33735,1.2547158450459412e-05
33736,7.063549449832523e-07
33737,1.0802138362249781e-05
33738,1.66801693039325e-05
33739,8.518218154287182e-06
33740,2.9320528483521212e-06
33741,1.2499106818882815e-05
33742,1.3947470132478752e-06
33743,1.1644992356732589e-05
33744,2.2416084507162204e-06
33745,1.6778098339098316e-05
33746,8.981221596183088e-06
33747,1.2279115364674386e-05
33748,1.763317027055864e-05
33749,1.2105987869083227e-05
33750,3.7259482505932196e-06
33751,5.917116457175449e-06
33752,1.2451007501704985e-05
33753,1.8868111523841994e-06
33754,7.682893847554348e-06
33755,7.682893847554348e-06
33756,1.737039905029174e-06
33757,8.461195848300982e-06
33758,1.2547158450459412e-05
33759,5.791375776054895e-06
33760,1.2547158450459412e-05
33761,5.489708419760574e-06
33762,5.335618073434833e-07
33763,1.6685613070036195e-05
33764,2.5515775695340235e-05
33765,3.857321283308478e-05
33766,9.753306518785305e-06
33767,2.3079566049958632e-05
33768,3.794762843547894e-06
33769,1.634994038941602e-05
33770,1.6321563674865662e-06
33771,3.080654430191315e-05
33772,4.7641157993465865e-06
33773,2.9414532597051834e-06
33774,4.8062581530261184e-06
33775,8.137564451293906e-06
33776,3.579259214609329e-05
33777,9.16577641018437e-06
33778,9.753306518785305e-06
33779,2.4662631681292474e-05
33780,2.4662631681292474e-05
33781,2.0753334321846773e-06
33782,5.981531900235198e-06
33783,1.369814157940644e-05
33784,3.2445422920513604e-05
33785,3.54898591020141e-06
33786,4.449671676898806e-06
33787,1.1050065501815846e-05
33788,1.1918676508060773e-05
33789,2.324106206228486e-05
33790,1.783334204856849e-06
33791,3.543302466457338e-05
33792,1.2857782005483696e-05
33793,1.3073514415799466e-05
33794,1.6124673690182643e-06
33795,7.325903801898597e-06
33796,4.687336814084638e-06
33797,1.2105987869083227e-05
33798,3.2446151946335693e-06
33799,1.6452166147152925e-05
33800,1.6778098339098316e-05
33801,1.0924115674501308e-05
33802,7.009694715600637e-06
33803,1.1152414258539597e-05
33804,5.469711135728868e-06
33805,5.066824247869157e-06
33806,8.981221596183088e-06
33807,2.5710983162623927e-06
33808,2.5710983162623927e-06
33809,1.8024136615215226e-05
33810,1.1050065501815846e-05
33811,2.5515775695340235e-05
33812,1.3656663751615575e-05
33813,7.436888477541005e-08
33814,6.412063197260876e-05
33815,3.412031145325864e-05
33816,7.325903801898597e-06
33817,7.89755808065313e-06
33818,1.3656663751615575e-05
33819,8.981221596183088e-06
33820,2.9414532597051834e-06
33821,8.244613255882126e-06
33822,1.2279115364674386e-05
33823,2.7088526775520514e-06
33824,2.9414532597051834e-06
33825,4.154915106504086e-05
33826,1.5845526237844237e-06
33827,3.926828147199314e-05
33828,8.137564451293906e-06
33829,4.685917832397219e-06
33830,2.698504947981456e-06
33831,7.325903801898597e-06
33832,3.367122987356735e-06
33833,9.903911426043947e-06
33834,7.383412113819585e-06
33835,2.0167755210234932e-06
33836,9.983179633554033e-06
33837,7.86375023253337e-06
33838,6.784292077741517e-06
33839,4.687336814084638e-06
33840,2.5341379931947438e-05
33841,5.606493715984668e-06
33842,9.277209334086808e-07
33843,7.293191880507838e-06
33844,9.277209334086808e-07
33845,1.2013322342028058e-05
33846,1.2499106818882815e-05
33847,6.784292077741517e-06
33848,7.009694715600637e-06
33849,1.66801693039325e-05
33850,5.46746317790583e-06
33851,2.4683056328024187e-06
33852,8.981221596183088e-06
33853,1.1106870906897075e-05
33854,5.900895157352535e-06
33855,2.9414532597051834e-06
33856,4.081953044758512e-06
33857,5.606493715984668e-06
33858,1.8805946600225752e-05
33859,4.449671676898806e-06
33860,4.531044181113482e-06
33861,3.6954725355878477e-06
33862,4.1279300470111685e-05
33863,3.0495527855264824e-06
33864,7.04087630940213e-06
33865,2.0278891203424817e-05
33866,2.3815343994278346e-05
33867,1.1663973207448035e-05
33868,1.1963498984774657e-06
33869,2.6982578111575647e-05
33870,2.6504725639476515e-05
33871,7.383412113819585e-06
33872,2.39372234713232e-05
33873,1.1152414258539597e-05
33874,1.2727432446450108e-06
33875,2.48715554831371e-06
33876,8.923409068108718e-06
33877,1.763317027055864e-05
33878,7.183965645408706e-06
33879,6.589552189728345e-06
33880,2.9414532597051834e-06
33881,9.277209334086808e-07
33882,1.5217656917777877e-05
33883,6.187527430052336e-06
33884,2.8638297407765024e-05
33885,1.1152414258539597e-05
33886,1.8936221026801777e-06
33887,2.324106206228486e-05
33888,1.1918676508060773e-05
33889,7.89755808065313e-06
33890,1.66801693039325e-05
33891,3.309667459598288e-05
33892,3.58934780069002e-05
33893,8.58487116859954e-07
33894,8.58487116859954e-07
33895,6.234937843055909e-06
33896,7.009694715600637e-06
33897,3.7160634000884236e-06
33898,8.518218154287182e-06
33899,2.9414532597051834e-06
33900,1.1988169966819532e-05
33901,3.367122987356735e-06
33902,9.277209334086808e-07
33903,1.194968383889213e-05
33904,1.5217656917777877e-05
33905,3.919953362856588e-06
33906,2.3805619838825533e-05
33907,1.737039905029174e-06
33908,7.04087630940213e-06
33909,4.7641157993465865e-06
33910,1.9792695525349584e-06
33911,1.3656663751615575e-05
33912,4.433994353239081e-06
33913,5.167543924003077e-06
33914,9.318008668577259e-06
33915,1.1644992356732589e-05
33916,1.56237812375348e-05
33917,3.726055405653195e-06
33918,1.2547158450459412e-05
33919,7.436888477541005e-08
33920,2.767691883844998e-05
33921,5.2946251810429825e-06
33922,4.7641157993465865e-06
33923,1.0056400756378473e-05
33924,4.759493368414725e-05
33925,6.784292077741517e-06
33926,3.309667459598288e-05
33927,5.2561529384327414e-06
33928,1.5217656917777877e-05
33929,2.324106206228486e-05
33930,1.66801693039325e-05
33931,3.543302466457338e-05
33932,7.65439688810413e-06
33933,1.5217656917777877e-05
33934,5.167543924003077e-06
33935,2.5409458264529133e-06
33936,8.58487116859954e-07
33937,5.819100281622349e-06
33938,7.04087630940213e-06
33939,4.015419028639798e-06
33940,1.0377534339301461e-05
33941,7.682893847554348e-06
33942,9.8162622946691e-06
33943,7.016287745516977e-06
33944,1.783334204856849e-06
33945,1.1863193057143497e-05
33946,1.6549725166295783e-05
33947,6.830633588881178e-06
33948,3.726055405653195e-06
33949,1.1152414258539597e-05
33950,5.2946251810429825e-06
33951,8.981221596183088e-06
33952,5.2946251810429825e-06
33953,2.0549076217869553e-05
33954,3.682437588552389e-06
33955,2.249111936793878e-05
33956,3.54898591020141e-06
33957,2.927653805636633e-05
33958,1.1106870906897075e-05
33959,1.8805946600225752e-05
33960,1.2859160646836952e-05
33961,1.950897543364397e-05
33962,2.9414532597051834e-06
33963,1.8041646386656818e-05
33964,2.9414532597051834e-06
33965,4.2262451006167243e-05
33966,5.726319896952129e-06
33967,2.9414532597051834e-06
33968,1.2547158450459412e-05
33969,4.8557900828684785e-06
33970,2.5341379931947438e-05
33971,2.1889635175949354e-05
33972,3.0495527855264824e-06
33973,7.009694715600637e-06
33974,4.449671676898806e-06
33975,4.449671676898806e-06
33976,4.154168394128788e-06
33977,7.795624630076884e-06
33978,2.0389030618798876e-05
33979,2.769606922567515e-05
33980,3.080654430191315e-05
33981,9.983179633554033e-06
33982,1.9004063843858377e-07
33983,1.8805946600225752e-05
33984,3.367122987356735e-06
33985,3.54898591020141e-06
33986,9.260221771632981e-07
33987,9.277209334086808e-07
33988,1.6685613070036195e-05
33989,7.1063867990134775e-06
33990,3.54898591020141e-06
33991,1.1988169966819532e-05
33992,3.309667459598288e-05
33993,4.449671676898806e-06
33994,4.685917832397219e-06
33995,5.819100281622349e-06
33996,7.65439688810413e-06
33997,1.75856283615666e-05
33998,1.6867743870140347e-06
33999,4.168759257505648e-07
34000,7.009694715600637e-06
34001,9.903911426043947e-06
34002,2.212503139575054e-05
34003,1.2218817668013311e-06
34004,9.767583246179316e-08
34005,4.200484154866769e-06
34006,5.637976846777472e-06
34007,1.2502128903267543e-05
34008,5.819100281622349e-06
34009,4.081953044758512e-06
34010,9.277209334086808e-07
34011,6.784292077741517e-06
34012,1.3656663751615575e-05
34013,1.0341492697675664e-05
34014,9.16577641018437e-06
34015,1.0953281206406543e-06
34016,9.006527703519867e-07
34017,3.309667459598288e-05
34018,2.212503139575054e-05
34019,6.115777068064974e-06
34020,1.9004063843858377e-07
34021,3.543302466457338e-05
34022,3.721232060762215e-06
34023,1.0746372353168317e-05
34024,7.86375023253337e-06
34025,2.834078365345221e-06
34026,1.2218817668013311e-06
34027,1.1187858695687232e-05
34028,7.698525158811343e-06
34029,1.3169724519525425e-06
34030,9.273329360391642e-06
34031,1.0313207022366888e-05
34032,1.1863193057143497e-05
34033,4.081953044758512e-06
34034,2.5457024326321722e-05
34035,5.241875531581324e-06
34036,3.831220070692776e-06
34037,1.6685613070036195e-05
34038,9.844233795786024e-06
34039,1.847106690969064e-05
34040,1.6723997866334754e-05
34041,5.726319896952129e-06
34042,5.46746317790583e-06
34043,1.2547158450459412e-05
34044,8.779840414085029e-06
34045,9.277209334086808e-07
34046,2.56222658465765e-05
34047,3.3391968294401246e-06
34048,2.6232464898206492e-05
34049,8.851037022999384e-06
34050,8.865359047952257e-06
34051,2.320654997288232e-06
34052,1.1106870906897075e-05
34053,5.819100281622349e-06
34054,1.1439436660058208e-05
34055,4.449671676898806e-06
34056,1.5217656917777877e-05
34057,1.8024136615215226e-05
34058,1.4406269508056996e-06
34059,8.58487116859954e-07
34060,2.9414532597051834e-06
34061,5.606493715984668e-06
34062,7.009694715600637e-06
34063,7.325903801898597e-06
34064,1.4780495544012343e-05
34065,2.0278891203424817e-05
34066,7.65439688810413e-06
34067,7.009694715600637e-06
34068,5.167543924003077e-06
34069,7.329428962093246e-06
34070,1.5217656917777877e-05
34071,2.0549076217869553e-05
34072,5.67338538194055e-06
34073,1.9782556808026496e-05
34074,7.383412113819585e-06
34075,2.0278891203424817e-05
34076,5.819100281622349e-06
34077,1.09231490319743e-05
34078,4.7641157993465865e-06
34079,1.6723997866334754e-05
34080,2.886647395239286e-06
34081,2.6906109901586258e-05
34082,7.499015165752427e-06
34083,1.8024136615215226e-05
34084,9.883460640919919e-06
34085,4.449671676898806e-06
34086,7.325903801898597e-06
34087,7.329428962093246e-06
34088,1.0924115674501308e-05
34089,3.7160634000884236e-06
34090,1.2502128903267543e-05
34091,1.6685613070036195e-05
34092,7.65439688810413e-06
34093,9.277209334086808e-07
34094,3.794762843547894e-06
34095,1.1152414258539597e-05
34096,9.983179633554033e-06
34097,1.6723997866334754e-05
34098,7.795624630076884e-06
34099,5.819100281622349e-06
34100,1.9766402380370655e-05
34101,7.353929444195366e-06
34102,1.6723997866334754e-05
34103,2.324106206228486e-05
34104,1.8024136615215226e-05
34105,9.7950553838749e-06
34106,7.183965645408706e-06
34107,7.65439688810413e-06
34108,1.1836670161158395e-05
34109,3.5138045007016863e-06
34110,2.891719604007158e-05
34111,1.8805946600225752e-05
34112,5.509607098696422e-06
34113,2.638324172073524e-06
34114,7.89755808065313e-06
34115,6.8012151300323124e-06
34116,9.903911426043947e-06
34117,4.995117563042747e-06
34118,4.0363958337693707e-05
34119,1.6778098339098316e-05
34120,1.6723997866334754e-05
34121,1.377546840990069e-05
34122,6.466167127861589e-06
34123,7.89755808065313e-06
34124,6.604102156649155e-06
34125,1.0026530187256368e-06
34126,2.212503139575054e-05
34127,1.0948484236713208e-05
34128,2.5710983162623927e-06
34129,1.1863193057143497e-05
34130,5.2946251810429825e-06
34131,3.543302466457338e-05
34132,7.04087630940213e-06
34133,1.1644992356732589e-05
34134,1.1657463000347894e-05
34135,1.369814157940644e-05
34136,1.2752228797459337e-05
34137,2.39372234713232e-05
34138,2.9414532597051834e-06
34139,6.879364539130577e-06
34140,9.753306518785305e-06
34141,3.3334057599760894e-06
34142,4.449671676898806e-06
34143,1.1863193057143497e-05
34144,1.2502128903267543e-05
34145,3.309667459598288e-05
34146,1.8667014493856614e-06
34147,5.46746317790583e-06
34148,1.1644992356732589e-05
34149,4.88001542070682e-06
34150,3.2445422920513604e-05
34151,1.1106870906897075e-05
34152,1.9766402380370655e-05
34153,6.604102156649155e-06
34154,2.171238991836809e-05
34155,9.883460640919919e-06
34156,2.3079566049958632e-05
34157,3.197007371508808e-06
34158,2.7209850260935155e-05
34159,9.7950553838749e-06
34160,3.309667459598288e-05
34161,3.550170591009911e-05
34162,1.0434514848307231e-06
34163,7.383412113819585e-06
34164,7.009694715600637e-06
34165,1.1187858695687232e-05
34166,4.88001542070682e-06
34167,7.89755808065313e-06
34168,4.449671676898806e-06
34169,3.0495527855264824e-06
34170,3.309667459598288e-05
34171,7.993519340531444e-06
34172,7.548761950666645e-06
34173,4.717817132719374e-06
34174,9.753306518785305e-06
34175,1.6685613070036195e-05
34176,9.753306518785305e-06
34177,4.449671676898806e-06
34178,1.4515881844721867e-06
34179,2.7149084543122447e-06
34180,9.255783930672972e-07
34181,1.6917059972408012e-06
34182,1.8805946600225752e-05
34183,1.768156212919042e-07
34184,7.009694715600637e-06
34185,7.04087630940213e-06
34186,1.6723997866334754e-05
34187,4.7641157993465865e-06
34188,3.062104534467218e-06
34189,1.763317027055864e-05
34190,9.599912754747727e-07
34191,1.4515881844721867e-06
34192,1.0341492697675664e-05
34193,7.227686254926452e-06
34194,1.1918676508060773e-05
34195,1.1050065501815846e-05
34196,1.1050065501815846e-05
34197,1.1050065501815846e-05
34198,5.819100281622349e-06
34199,9.277209334086808e-07
34200,1.128061277732567e-05
34201,3.543302466457338e-05
34202,2.0549076217869553e-05
