0,0.0014328585364344856
1,0.002247797979036195
2,0.00035493568346571866
3,0.0002743186908532961
4,0.004681973040687158
5,0.00020428990280162626
6,7.324373031776837e-05
7,0.00039458716552612114
8,0.0006771946136783333
9,0.0017914803698262757
10,6.27335355374932e-05
11,0.0002477916515078176
12,3.37320640085742e-05
13,0.0011714452810277793
14,0.0002388818047643858
15,1.045571721867534e-05
16,0.0014383451017266865
17,0.0013754579915894263
18,9.243134293251872e-06
19,0.0006000507982397056
20,5.1738391467195084e-05
21,0.0012432431285441128
22,4.5830626222435066e-05
23,1.8339087740352678e-05
24,0.0004550357447065427
25,0.00020170991150910263
26,0.00012350550302067835
27,1.6694155920231092e-05
28,0.0016460395851658845
29,0.0006194132407582115
30,3.2714356236163336e-05
31,0.0008552647568135794
32,0.0008978930105188845
33,0.00029964990798934406
34,2.985769863187654e-05
35,0.0005273793706806992
36,0.00047160972202243604
37,0.0005161780424037404
38,1.052641146073085e-05
39,0.0015099220363879685
40,0.00023301898620666756
41,0.0001484357145098297
42,1.8374790933689325e-05
43,0.0004838076740336922
44,0.002658036208106086
45,1.2039091181769635e-05
46,0.001044479144073924
47,0.0035079904691064545
48,0.0005231908061185998
49,0.0006167933839957354
50,0.00013355046673275343
51,1.550297682198703e-05
52,0.0009964685908859586
53,1.925206601758498e-05
54,0.0006879800034797699
55,0.00026088453910789333
56,9.63908308380622e-06
57,0.003343700062946007
58,0.0010950588451553323
59,0.0010766672315928579
60,3.4435947941260343e-05
61,4.031592436313864e-05
62,2.9386183144147186e-05
63,9.25906045370143e-06
64,5.614113923154593e-05
65,3.237491731056006e-05
66,0.00023540445449907486
67,0.001605244596605851
68,1.1029448466982983e-05
69,8.701594436996798e-06
70,0.0005788536724939269
71,9.582707565010591e-06
72,0.00012748065963600884
73,1.002322127836139e-05
74,0.0017000618195182019
75,0.0011690839997873126
76,0.0012765940658661062
77,0.001306606223552672
78,0.0008015339017919453
79,1.87779808250727e-05
80,0.0002168453984812307
81,1.1029448466982983e-05
82,0.0003226894424085644
83,9.728168383333168e-06
84,0.0008092141256154602
85,0.003348279994528066
86,4.669861650275254e-05
87,0.0014676711781926707
88,0.0005553441719295626
89,1.1029448466982983e-05
90,0.00350314552970891
91,0.00013944114414653457
92,7.55205999585218e-05
93,0.0004587574855920912
94,1.962369277071793e-05
95,1.1072958869998366e-05
96,0.002155696179083275
97,0.0004206032442145332
98,0.0012998568099314627
99,0.00127344762090363
100,0.0006424183556397753
101,0.0004890633517919546
102,1.892818438502006e-05
103,0.0009168127109615734
104,0.003933348150685535
105,0.004695466672260142
106,0.002008731106362621
107,0.0013474954444698004
108,0.0016405721029719269
109,0.0007461256865147561
110,0.0013517112908740508
111,0.0005493946546271394
112,0.00020104534290960404
113,0.0012915083252217298
114,9.723156484921671e-06
115,0.0006212997532619806
116,6.674408288524918e-06
117,0.0023507382574478827
118,1.3261524197022263e-05
119,0.0004803452037940322
120,1.9342239482342047e-05
121,0.002792806394033244
122,0.0005681507142458771
123,9.167046619281176e-06
124,1.0896042873277623e-05
125,9.388854581454625e-06
126,0.00044297659192408503
127,1.5185478088647956e-05
128,0.0036998132154815013
129,1.2314002950744122e-05
130,3.743389499707377e-05
131,0.0012894529702409147
132,4.092008103576648e-05
133,7.013798138717904e-05
134,0.0008518683970814902
135,0.0015497176954667046
136,0.0003982539177208349
137,0.0002163560376969384
138,0.0007558076316578125
139,0.0011635699797303298
140,0.0008732270654709523
141,1.1072958869998366e-05
142,0.0006694961827610888
143,0.0006921431660934334
144,0.0008120755793904209
145,0.0009378560775101871
146,0.0002172326784590386
147,0.0004049166817755528
148,0.0010964263200337763
149,1.371478975234826e-05
150,0.00010337789716193433
151,0.0006901673795479614
152,0.0006557832433030498
153,0.0011949786695292944
154,2.1017039769798534e-05
155,0.0009639867842663092
156,0.0014944639408170863
157,0.0002381815484340352
158,1.7746845313403838e-05
159,0.0008178489398516241
160,0.0007044174852727333
161,0.0028272896149791104
162,0.0004483797369756734
163,0.0006404026019193
164,0.00048464060327498064
165,7.007952086272122e-05
166,0.0005179906935946734
167,0.0002554829373608842
168,0.0014925314575777936
169,0.0017562080129791557
170,0.0005026103135811975
171,2.186226767644889e-05
172,0.00018500851069094295
173,3.2345140689263905e-05
174,0.0007344191948376527
175,0.0002089635328517876
176,0.0013352906061127117
177,7.999398837288995e-05
178,9.365870353764055e-06
179,0.0008202830821294492
180,0.0018212677113689677
181,0.0017922827676141112
182,0.0006981814699225107
183,0.00040981566227176337
184,0.00022323959742309038
185,0.0016885960556105545
186,0.00021616944140444029
187,0.00043455698162219955
188,2.051348868247743e-05
189,6.785775699921766e-05
190,0.00026428091159026837
191,0.0016236096018046023
192,0.0002853116001227548
193,0.00027742257285959346
194,1.4571039685745562e-05
195,0.0010248917473470317
196,0.001252976176927423
197,0.0015790811319750585
198,0.0001655645110053384
199,1.4163767406979502e-05
200,0.0007021273837380064
201,1.70358136288772e-05
202,9.861512805350344e-06
203,0.00040610341378309904
204,0.000284583018287838
205,0.000938787133604628
206,0.0019697811689371493
207,0.0010276606953719893
208,2.7848581238984638e-05
209,0.001472004619737231
210,0.001788387287183982
211,1.2386260181243683e-05
212,9.476399044439624e-06
213,0.0011978397252195437
214,1.2574856437954157e-05
215,0.00018305440975080123
216,2.056594089195652e-05
217,4.304085448887834e-05
218,4.1798995235870775e-05
219,0.0001725920108760129
220,2.6047153616086533e-05
221,0.0029204986806513197
222,1.2529614893840324e-05
223,0.0007473349472502766
224,2.387429370684682e-05
225,2.1382999921072652e-05
226,1.036236578670301e-05
227,0.00014519613480548874
228,0.001375643705968047
229,4.2755041999230916e-05
230,0.0010682600931226796
231,0.0003380874663760398
232,0.0006093795908687754
233,0.00017425149852233102
234,0.001114337433184614
235,2.3419871855064927e-05
236,0.0011652347661562908
237,5.562955353483413e-05
238,0.0009334599550802656
239,0.00015011053879593616
240,0.0012117456915705605
241,0.001645290210204279
242,0.0006209202075499467
243,0.0005829405547658612
244,9.163730894583565e-06
245,0.00048343642197599203
246,0.0009793242405690085
247,0.0006848200572552253
248,9.597929014891506e-06
249,0.0005334992303870014
250,0.0007994049033079092
251,0.0015726518785286524
252,1.800760343697809e-05
253,0.0012129589931500482
254,9.49486225349075e-06
255,0.00046284084373483895
256,1.3739990091559911e-05
257,1.0377534691953246e-05
258,0.00026207827090870964
259,1.1633752458777214e-05
260,7.58410398766486e-05
261,5.1662333513669164e-05
262,0.0022448149798240005
263,2.2050327445635745e-05
264,2.100243234518944e-05
265,9.754070560661059e-06
266,9.98898602574496e-06
267,2.73638023901515e-05
268,1.5638967882417745e-05
269,0.00038506041503744837
270,0.00013247616415975835
271,0.0004153621554928495
272,0.00023564475005256056
273,0.0009094808650686939
274,1.0377534691953246e-05
275,0.00012231816005310662
276,0.00014623765293675606
277,1.0323798207862645e-05
278,0.001529964401220862
279,9.74454702862083e-06
280,5.812282333885756e-05
281,1.0560123404569157e-05
282,0.0005302842976926227
283,4.283566486617485e-05
284,0.001277033276673379
285,0.0001834582970665169
286,0.0008455410757961082
287,0.0006214284862056946
288,2.2945377234346965e-05
289,0.0011940171890023805
290,0.0018977998871828662
291,9.74454702862083e-06
292,0.00017003957341014245
293,5.330244508974136e-06
294,0.00022023145217762083
295,0.0019010016656520524
296,1.6893712549561644e-05
297,0.0007952676799611589
298,6.185312493327204e-05
299,0.00021583369866294853
300,0.00017889443211669716
301,4.2817001258982895e-05
302,7.55205999585218e-05
303,5.330244508974136e-06
304,0.0005461543626678409
305,0.0005322818299063665
306,0.0031068233246491985
307,9.754070560661059e-06
308,0.0006582935909825886
309,1.2750557079390039e-05
310,0.0013520514595411677
311,8.98613338073191e-06
312,0.00027515380042238146
313,9.723156484921671e-06
314,0.0004594606774029824
315,9.163730894583565e-06
316,1.9542303526093738e-05
317,9.54736063630183e-06
318,0.0007125005240576231
319,5.7410503296586984e-05
320,7.722297040084898e-05
321,7.877248308908154e-05
322,0.0021287148460412118
323,0.0002338087829880834
324,1.610590398885472e-05
325,0.00038685929574155985
326,1.0400318382214499e-05
327,9.8638453999416e-05
328,0.00092696495500141
329,1.0688941906292139e-05
330,0.0004267764838795583
331,0.0010890032264222196
332,0.0009383105206245941
333,1.3519758028382828e-05
334,0.001707063515485421
335,0.00017091414618457498
336,0.001452436324593171
337,0.0016503430365835895
338,1.0264489145142471e-05
339,1.5734478749650416e-05
340,0.001300773260820925
341,9.552202977205576e-06
342,0.0005852734541571006
343,0.0004757578294488576
344,3.205442371424711e-05
345,1.4884832942543028e-05
346,0.000608842365994277
347,1.0135758113313978e-05
348,0.0006273227788404651
349,0.00011787694314031921
350,8.313055677696808e-06
351,0.0008946114428047307
352,1.0190310948017527e-05
353,3.1449080840170024e-05
354,1.1904958243208149e-05
355,0.0008276509688186234
356,5.440835100851007e-05
357,0.0007743677708059052
358,0.0011781452368180283
359,8.423577999744469e-06
360,0.0009306456498344512
361,5.7669484487390066e-05
362,9.597929014891506e-06
363,0.0018444768382811737
364,0.00013244874349526895
365,1.4884832942543028e-05
366,0.0009136573614767097
367,9.065625499627814e-05
368,0.0009049392936326642
369,1.0688941906292139e-05
370,0.0010098810629802966
371,0.00015623836388507477
372,1.585790491577891e-05
373,9.05904969832021e-05
374,4.429169514326716e-05
375,2.2658021204255852e-05
376,7.098939068395863e-05
377,2.68576749461107e-05
378,3.7075253691820514e-05
379,1.2529614893840324e-05
380,2.2611073692035913e-05
381,0.0021093824226831406
382,4.916479599491287e-05
383,0.0005738474076751536
384,4.816631528799434e-05
385,1.0044546564286435e-05
386,0.0021370919988222027
387,3.183168821113358e-05
388,0.000254548834832287
389,8.316408602707099e-06
390,0.0005826875025837364
391,2.5453219680231195e-05
392,0.0008786180854507183
393,1.4976308147503926e-05
394,0.001328955851260373
395,0.0007081740000471817
396,0.00036128677985985437
397,9.74454702862083e-06
398,1.4681152873123713e-05
399,1.6087393637960034e-05
400,0.0008029533852219739
401,9.71769253600263e-06
402,2.2031266809075572e-05
403,0.0017177993190761588
404,2.3581628749349047e-05
405,0.0002980705035241676
406,1.5954328071672517e-05
407,0.0013745301782406099
408,0.0013843359331472177
409,0.00048362113174428177
410,0.0003893189663403115
411,1.2639093002656946e-05
412,9.552202977205576e-06
413,3.069156485273737e-05
414,0.00022763886195911783
415,0.00011548905783630595
416,0.0009388588645788558
417,1.0639045552312857e-05
418,0.0008155318131486485
419,1.1317600624029021e-05
420,8.71567621363031e-05
421,0.00019167058922933661
422,0.00011673278338184451
423,0.0010937320124687765
424,0.00042270370866303344
425,1.484692022844812e-05
426,0.00062849707788404
427,0.003747822465254254
428,1.353974428103868e-05
429,0.00032902853872210456
430,1.5517898602417652e-05
431,1.0015019411163172e-05
432,0.00010355981250315178
433,1.9336468600935405e-05
434,1.4260640408081236e-05
435,0.0008087701513163081
436,1.0523567967782293e-05
437,8.801301594525623e-06
438,6.081918689488414e-05
439,1.754783943120325e-05
440,0.0006965070956280109
441,8.92760565575325e-06
442,7.313281339808168e-05
443,0.00019724749230071444
444,0.0001919400810215597
445,0.0003148151627529676
446,2.7108608765323133e-05
447,9.63849168571555e-06
448,0.0002374464001217893
449,0.00017669366490019622
450,1.567411298240696e-05
451,0.0004694172550944326
452,1.0639045552312857e-05
453,8.802855653514305e-05
454,0.00261820277877105
455,5.863964052914533e-05
456,0.0002325085769665485
457,7.978894583581997e-06
458,0.0001387875485411474
459,0.00013907841918729116
460,0.00013231723980859232
461,9.007728934627767e-06
462,5.278168548582268e-05
463,9.598517099071531e-06
464,0.0006430803181544463
465,1.0015019411163172e-05
466,0.0007400292018982293
467,7.992781377142298e-06
468,7.55205999585218e-05
469,4.479472018543446e-05
470,0.0027572784405702675
471,3.706711430309865e-05
472,0.00026777514558146804
473,3.749323732737837e-05
474,0.0005227318059203109
475,0.0013847627642321727
476,9.289948335583e-06
477,9.080530119703727e-06
478,0.0010291354148613493
479,1.0633902373928431e-05
480,9.289948335583e-06
481,2.3320464737868032e-05
482,8.92760565575325e-06
483,8.38647689683554e-06
484,0.0008095932114667994
485,0.0006319589460664912
486,1.0015800834386606e-05
487,9.39029598452456e-05
488,6.185663427406944e-06
489,1.4126556324515389e-05
490,0.0004509386116000707
491,1.4926401941380121e-05
492,2.0981088571726265e-05
493,0.0018195368301098841
494,9.681320269540957e-06
495,0.000878469821266974
496,0.0019951263146104348
497,8.709456420603492e-06
498,9.75560315801874e-05
499,2.9786443390258465e-05
500,1.0066991580100452e-05
501,8.061159797328737e-05
502,1.7313236248405362e-05
503,1.002322127836139e-05
504,0.003460741676627622
505,3.722855206153179e-05
506,8.900231607773971e-06
507,1.5441091755617044e-05
508,3.12662551315741e-05
509,0.00010615663421244316
510,1.0579067218970241e-05
511,1.0560123404569157e-05
512,1.3638731294397522e-05
513,0.00016744687406002693
514,1.8554041944308712e-05
515,1.1861338859021963e-05
516,0.0002374652746616819
517,5.2127680228287344e-05
518,2.8916279240503715e-05
519,0.0009884445084971769
520,7.900968631603151e-06
521,0.0005677283799595162
522,1.2447262700099505e-05
523,0.0009264154585845215
524,1.4964063571235821e-05
525,9.861512805350344e-06
526,1.0377534691953246e-05
527,1.9843105975068733e-05
528,0.0012163496519774688
529,0.0008148727755834575
530,1.6706857157807635e-05
531,0.0027045025723658107
532,9.105964578815469e-06
533,1.0942141109456647e-05
534,7.900968631603151e-06
535,1.541405221319717e-05
536,9.463714720507445e-06
537,0.0011968476336114576
538,0.00030606898741468625
539,0.0010068736037539023
540,1.785948372406521e-05
541,1.1022989657855392e-05
542,4.3643891279171894e-05
543,1.002322127836139e-05
544,1.6613340681307897e-05
545,0.0030025649682293046
546,8.674958738307506e-06
547,0.002061533803597379
548,0.0005303847817549924
549,0.0004628716305793658
550,0.0007573795666375719
551,1.1022989657855392e-05
552,0.0005033256579398816
553,1.4905588803105445e-05
554,1.7567336969508157e-05
555,3.1903835809491695e-05
556,4.664929196613172e-05
557,1.5661975055462127e-05
558,0.00020534442217965052
559,2.3840015185544247e-05
560,1.4300166751889158e-05
561,0.0002976625538290825
562,0.0002969025515213588
563,1.2342765285178582e-05
564,2.2148426252719392e-05
565,1.7365209332213487e-05
566,9.83086475285655e-06
567,0.00032031085532896
568,6.610610332511076e-05
569,0.00016380188138154626
570,9.158656342036634e-06
571,0.0008358901953836592
572,9.861512805350344e-06
573,1.4038589701182969e-05
574,0.0022157145855226227
575,8.507706948517618e-06
576,2.5525454334466032e-05
577,0.00042991935610293914
578,0.0008184015202112421
579,0.0026154614253339693
580,1.69944481837663e-05
581,1.4354623729130883e-05
582,1.0673198845483249e-05
583,9.573603815458379e-06
584,0.0005798379321239588
585,0.000657789059763157
586,7.900968631603151e-06
587,0.0005858947287133499
588,2.2447128244901552e-05
589,1.2639093002656946e-05
590,0.00034799084066608856
591,1.5629900350352482e-05
592,0.00012058146238240206
593,2.2973343332237588e-05
594,0.00032741973243794836
595,8.674958738307506e-06
596,0.00023454362935087307
597,2.423016491262777e-05
598,3.433545160093821e-05
599,1.0222606984423466e-05
600,3.1706191399729613e-05
601,9.316842424275981e-06
602,0.0010732747167317984
603,8.51225720920098e-05
604,7.345676718115886e-05
605,0.000398242573629686
606,0.00017317773366780026
607,9.861512805350344e-06
608,0.00038339429211705966
609,8.471712938562997e-05
610,0.0002088650572429738
611,0.0015063971922802475
612,3.152443331009303e-05
613,9.875238193826672e-06
614,0.0014387649188253586
615,0.001069102001186245
616,9.779141176581009e-06
617,1.6024633960453684e-05
618,6.808147280535982e-05
619,1.1261317758557567e-05
620,0.0012295436553371837
621,3.5359355063873476e-05
622,9.271261400480925e-06
623,0.00021661650571070258
624,1.14672736681883e-05
625,9.573603815458379e-06
626,1.3285250176704821e-05
627,0.00022208441815291905
628,0.00034319124888163314
629,0.0005274546007868106
630,5.011149441921382e-06
631,0.001417409379289011
632,4.265755527013314e-05
633,2.631606835654372e-05
634,0.0004497818024738972
635,0.0014402196752798808
636,3.7139968162896436e-05
637,7.739740216783897e-05
638,3.635629184865449e-05
639,0.00013205489956082532
640,1.1022989657855392e-05
641,8.966816258866327e-06
642,0.0017570387661086223
643,0.0015823033572663254
644,0.0003920696386720157
645,6.378691365457648e-05
646,0.0014409172815535768
647,9.46984213922782e-06
648,0.0005216558088473894
649,1.2540285636603083e-05
650,1.7050597247284056e-05
651,0.001446003001665197
652,0.0001307119189909794
653,1.2447262700099505e-05
654,4.3012432939179354e-05
655,9.434906633416035e-06
656,4.7626400419867864e-05
657,4.542964284377665e-05
658,5.892767363085209e-05
659,1.1078478163378258e-05
660,1.884053077493571e-05
661,1.1317600624029021e-05
662,1.5254975402569197e-05
663,0.0015938879618526578
664,9.804799282565535e-06
665,1.0066991580100452e-05
666,1.0942141109456647e-05
667,9.866856785287496e-06
668,9.399491531494186e-06
669,0.0002890372407559242
670,1.9261997727539168e-05
671,0.00015643816046723378
672,0.00011531276069622842
673,2.8389590507012688e-05
674,1.1606234661709025e-05
675,1.0222606984423466e-05
676,0.0003534181711575816
677,1.0719318706660731e-05
678,9.575534257900319e-06
679,0.00016737641883328886
680,2.1794721185677805e-05
681,1.742688773176934e-05
682,9.861512805350344e-06
683,2.0868710071987554e-05
684,2.095535141239125e-05
685,0.00037282643814913756
686,7.518456650265444e-05
687,0.0004920009961699227
688,0.0005399784526916959
689,1.4489005507653181e-05
690,1.1218005877214256e-05
691,1.1190914478695744e-05
692,1.2203954207176694e-05
693,9.762798887303221e-05
694,2.1897881203457874e-05
695,2.6962148494432188e-05
696,0.0008538548057605737
697,9.522496970085773e-05
698,1.4829607921345028e-05
699,0.002827784004319211
700,0.0002233934924393747
701,9.254412739787047e-06
702,0.0005043967865752
703,1.036236578670301e-05
704,2.4753506427988404e-05
705,1.139810098846653e-05
706,9.681320269540957e-06
707,0.0006451948935847626
708,9.804799282565535e-06
709,9.05804862443082e-06
710,0.0004900605933549975
711,3.070904045228343e-05
712,9.024897217262012e-06
713,1.353974428103868e-05
714,1.6086087664988727e-05
715,0.0004312739825827122
716,1.305159326232427e-05
717,0.000244687427295583
718,0.0005303727023491414
719,0.0021460364217439367
720,0.001147600198003045
721,0.0004319780736850484
722,1.835649602656447e-05
723,0.0001670526486544354
724,1.8339087740352678e-05
725,0.00030609828418401306
726,2.3385079134567738e-05
727,0.0009390729746122004
728,1.0264489145142471e-05
729,7.279044848704344e-05
730,0.0006926385792071325
731,0.00013209102194747477
732,1.2639093002656946e-05
733,8.423577999744469e-06
734,1.3990603342473679e-05
735,0.0003664087489278644
736,0.00011109399350535711
737,1.9704474309437907e-05
738,0.00016498777417664048
739,0.0003203975388628839
740,1.3304011950316987e-05
741,0.0015042552848562908
742,0.0005212308899611778
743,9.463714720507445e-06
744,1.240405310203985e-05
745,9.861512805350344e-06
746,0.00028161729187094984
747,2.0792632742810943e-05
748,9.463714720507445e-06
749,9.21288922684213e-06
750,0.0006772255339045004
751,0.000583825372490031
752,2.7594433811813244e-05
753,8.444617015338625e-06
754,0.00029527281339374197
755,0.0006234482457729994
756,0.0006870759131038967
757,1.7330212843703103e-05
758,0.0016942397777985302
759,1.4152515106352303e-05
760,1.6680934887212546e-05
761,1.0365859094959847e-05
762,0.00016668340534242056
763,2.265861959081282e-05
764,0.00041472323777531434
765,0.0005673252193890848
766,6.450589876162595e-06
767,8.862252582906677e-06
768,7.794943719837476e-05
769,9.569620684438151e-06
770,3.48184450775642e-05
771,4.924015049843702e-05
772,9.599813657387e-05
773,0.00041772610773051753
774,0.0006647840264884488
775,1.4856374351304084e-05
776,9.700862731621744e-06
777,3.591766196752556e-05
778,0.0014217318302853614
779,1.061481761300295e-05
780,0.00030724685720712115
781,4.552810900507714e-05
782,1.5333402352639965e-05
783,1.0226947814012442e-05
784,0.0001999538548657681
785,2.7996865096024026e-05
786,0.0016029272747394895
787,0.0008081803414370405
788,0.00036446854666330404
789,9.138470236805655e-06
790,0.0005150770530595411
791,6.848318894276419e-06
792,0.0006953615102153154
793,0.0006691725950948653
794,9.076566886993103e-06
795,0.001650123547934378
796,0.0008706222463707619
797,5.3246085485285854e-05
798,0.0006687292788190318
799,2.3057256021722773e-05
800,0.0005700388633791506
801,1.5519215693883322e-05
802,6.674408288524918e-06
803,0.00011307317410614144
804,0.0001234800332259036
805,4.5677656503261506e-05
806,1.0406263609766445e-05
807,0.00035415784691175065
808,2.1088130303988542e-05
809,1.0414935439835905e-05
810,0.00046574653269060583
811,1.9448175662806815e-05
812,1.66350462993791e-05
813,7.860386033512395e-05
814,0.00018488683720292175
815,0.0002830315271206027
816,8.862252582906677e-06
817,2.1952504052898266e-05
818,2.289145292756663e-05
819,0.0006445524929698978
820,1.177697881591642e-05
821,0.00042455284148910916
822,7.03903547157095e-06
823,2.1106444497263687e-05
824,6.910173230784989e-05
825,0.0012016758390571481
826,1.0729831536478351e-05
827,0.0021938797913288234
828,0.0013832725183636585
829,9.506609223454037e-05
830,3.016540906484277e-05
831,1.523275168059983e-05
832,0.0015913759736052577
833,0.0006288229520557118
834,8.123339018192422e-06
835,4.115752417381421e-05
836,0.0017134923502973747
837,2.0039236555893874e-05
838,0.0004326764482180507
839,5.7592497068065324e-06
840,0.00018238438677262503
841,1.8374790933689325e-05
842,9.598517099071531e-06
843,0.0007727412326326859
844,2.048494123758251e-05
845,0.0005833891858662903
846,8.444617015338625e-06
847,0.0004884350053468784
848,1.812320021850859e-05
849,0.00013982579107359487
850,0.001954262895521601
851,6.538861886862344e-05
852,7.75001001753734e-05
853,1.0190310948017527e-05
854,1.959486737674952e-05
855,0.001170207603548696
856,2.0500802794064044e-05
857,1.6594762604470164e-05
858,0.0005844636614046521
859,9.582707565010591e-06
860,9.439127771363733e-06
861,1.6857578891956823e-05
862,1.0804275205124589e-05
863,1.0579067218970241e-05
864,9.21288922684213e-06
865,0.0005462567995969172
866,7.647257744657819e-05
867,6.674408288524918e-06
868,8.57728690881886e-06
869,1.4730613452384302e-05
870,9.667713638989134e-06
871,0.0005654989903904695
872,9.293040134460558e-06
873,2.4923975989840566e-05
874,1.353974428103868e-05
875,0.0004541797194702726
876,4.683809905010424e-05
877,3.634590023793445e-05
878,0.0001742426310979815
879,9.63908308380622e-06
880,2.250885864501739e-05
881,3.178114045992191e-05
882,0.0011403942016507559
883,1.7516198781691895e-05
884,0.0011976190853424662
885,9.948291810840633e-06
886,1.550213158546817e-05
887,9.667392672126224e-06
888,9.681320269540957e-06
889,0.0004079023234159367
890,1.5519215693883322e-05
891,0.00016612008217028627
892,7.389879570661871e-06
893,1.0711341726803775e-05
894,0.0005358292106434261
895,1.1212693996919311e-05
896,1.0610711704845131e-05
897,1.3354032430169249e-05
898,1.177697881591642e-05
899,1.5519215693883322e-05
900,0.0004600640657784872
901,1.7926446337007817e-05
902,0.0007861452045991009
903,1.0563899047708251e-05
904,1.4412617543268523e-05
905,1.513585979439687e-05
906,9.05804862443082e-06
907,1.6843844356597913e-05
908,0.00043955614220948525
909,3.781259694061037e-05
910,0.0016829618207813038
911,0.00036551242943987555
912,1.4378330174934248e-05
913,3.254802142468129e-05
914,1.557768156965788e-05
915,0.0002127378479671164
916,0.0009925477054701704
917,1.1028616036275543e-05
918,8.839672031365243e-06
919,0.00028580264573267803
920,2.6573397349839736e-05
921,1.529405374410581e-05
922,0.0002731945059700996
923,0.00030766753776677926
924,0.0002582927510153094
925,2.480651281510891e-05
926,0.0006213872779453847
927,1.4950815802085093e-05
928,1.5517898602417652e-05
929,1.0190310948017527e-05
930,9.076566886993103e-06
931,0.00020435517648467044
932,6.131071487401019e-05
933,0.0002430253031473218
934,0.00044326634289033976
935,0.0001249422678241634
936,4.069654535060229e-05
937,0.0003796015355149743
938,1.0523567967782293e-05
939,1.7085806249234425e-05
940,0.00023367904855828056
941,0.0006628039562260804
942,0.00031702052426924564
943,0.0006787646379571947
944,2.0746675738125744e-05
945,1.437125775467886e-05
946,1.0452836128321915e-05
947,4.848124748836641e-05
948,0.0006549196796682489
949,1.1522525439412445e-05
950,6.984484435447653e-05
951,0.000575074727456327
952,9.811995885297593e-06
953,1.0395100361401984e-05
954,1.2529614893840324e-05
955,1.0226947814012442e-05
956,9.254412739787047e-06
957,2.4295878556696754e-05
958,1.0360425969893026e-05
959,2.0951703855378637e-05
960,9.935008023651504e-06
961,1.0152000896655648e-05
962,3.339408313006793e-05
963,5.3408879785035786e-05
964,9.49486225349075e-06
965,1.602094131816059e-05
966,4.438356385724472e-05
967,1.4455934953551706e-05
968,2.2152916598689626e-05
969,0.00014070383524683385
970,9.105964578815469e-06
971,7.198291186783901e-05
972,0.0001276060780303274
973,0.00021757877283143585
974,2.001984514594059e-05
975,0.0001383416175138607
976,1.0152000896655648e-05
977,0.0003304938868962072
978,0.0004716504595421371
979,4.561148297292374e-05
980,1.0474522801572617e-05
981,0.0014900000689133744
982,3.109582369678263e-05
983,0.0003107032685604677
984,1.1498732401418236e-05
985,0.00010408687259370231
986,0.0008890717120495612
987,1.0152000896655648e-05
988,1.3519758028382828e-05
989,3.021727094554227e-05
990,9.289948335583e-06
991,1.549637160546649e-05
992,1.0637314892586927e-05
993,0.002213849575034872
994,5.432002254677977e-06
995,4.782384974843966e-05
996,1.775616473684819e-05
997,0.00020674082437710552
998,0.0010614887611520823
999,0.0001022820033874178
1000,3.531909962642174e-05
1001,1.16452300893274e-05
1002,1.1904958243208149e-05
1003,0.00012631264614551137
1004,1.0015019411163172e-05
1005,2.5041620829804598e-05
1006,0.00012983469081642195
1007,6.57630990739005e-05
1008,1.0438800493865949e-05
1009,0.0006338077706620121
1010,2.596968475552304e-05
1011,3.188795722111224e-05
1012,1.437125775467886e-05
1013,0.0005448117820796218
1014,1.5092288568345662e-05
1015,0.0010942179722152232
1016,0.00011078262276032138
1017,9.552202977205576e-06
1018,0.00030576955078389815
1019,0.000855794241399535
1020,9.875238193826672e-06
1021,3.8885011218771576e-05
1022,8.674958738307506e-06
1023,0.00010622049581904006
1024,0.00039896861073161576
1025,2.614127950780418e-05
1026,1.0923473382729238e-05
1027,4.8526010532274125e-05
1028,1.3091972186581859e-05
1029,2.1103039657626803e-05
1030,9.316842424275981e-06
1031,9.316842424275981e-06
1032,0.0006309821783869161
1033,2.0346222108780608e-05
1034,1.6795528393099495e-05
1035,1.0323798207862645e-05
1036,1.0633902373928431e-05
1037,9.855818921322782e-06
1038,4.2546960596573126e-05
1039,1.0152000896655648e-05
1040,2.9835022599394386e-05
1041,0.0001551206661032587
1042,1.1728661315964814e-05
1043,0.0003110010820391267
1044,0.0013944759350011612
1045,1.2032706307433641e-05
1046,1.0639045552312857e-05
1047,3.4130128365526305e-05
1048,0.000508082248210476
1049,1.0560123404569157e-05
1050,2.039912432668771e-05
1051,9.63462487911372e-06
1052,0.0003890468400136649
1053,5.3441720126927686e-05
1054,0.00022862763233145206
1055,0.0008052093119212939
1056,0.0011871716078251059
1057,5.63425388887638e-05
1058,9.439127771363733e-06
1059,0.0011314477259254203
1060,0.001226344121187815
1061,0.0005612326108565827
1062,2.0654512168795214e-05
1063,0.00012091941955632588
1064,1.0523567967782293e-05
1065,4.0332931571811356e-05
1066,9.562433975323611e-06
1067,0.0004908435561084752
1068,1.0719318706660731e-05
1069,1.0044546564286435e-05
1070,1.002322127836139e-05
1071,1.0770814934632905e-05
1072,8.498698569228688e-05
1073,9.46984213922782e-06
1074,0.00040829539405233946
1075,1.546047799348385e-05
1076,0.00046882805791712126
1077,9.076566886993103e-06
1078,1.353974428103868e-05
1079,0.00047638225543196586
1080,8.881599773114271e-06
1081,9.811995885297593e-06
1082,0.0005885114876393202
1083,1.3456502102729658e-05
1084,9.293040134460558e-06
1085,1.69154278624204e-05
1086,1.0053411756575844e-05
1087,9.549114309328014e-06
1088,9.573603815458379e-06
1089,9.549114309328014e-06
1090,0.00013498782030842808
1091,8.263718040604235e-05
1092,1.3774424876635258e-05
1093,1.0015019411163172e-05
1094,9.318889495833345e-05
1095,1.0323798207862645e-05
1096,9.514281501058351e-06
1097,0.0008326597386513175
1098,1.5049998187358282e-05
1099,3.7156090734694e-05
1100,7.978894583581997e-06
1101,7.4137074395127525e-06
1102,1.1004350244038656e-05
1103,9.740905230263259e-05
1104,2.3310891503629232e-05
1105,9.293040134460558e-06
1106,9.239550899912532e-06
1107,2.5183933458655132e-05
1108,5.332265355028607e-05
1109,9.74454702862083e-06
1110,3.820167004105237e-05
1111,2.3802591692631157e-05
1112,0.0002817912905599838
1113,3.946710147133188e-05
1114,9.575534257900319e-06
1115,9.293040134460558e-06
1116,0.0009684204920579334
1117,1.606425989181329e-05
1118,0.00021815959935067046
1119,1.1522525439412445e-05
1120,0.0008195578032608123
1121,0.000348759891530937
1122,1.0124193252204173e-05
1123,9.723156484921671e-06
1124,3.709353162477785e-05
1125,9.271261400480925e-06
1126,0.00043857345482446514
1127,9.239550899912532e-06
1128,1.8765304551769102e-05
1129,3.3320434585291106e-05
1130,2.301876153313861e-05
1131,0.00024931785963590026
1132,8.80058397664867e-06
1133,9.885989024162485e-06
1134,0.00028603815310261404
1135,1.0332553080377697e-05
1136,9.476399044439624e-06
1137,9.8181494486727e-05
1138,8.966816258866327e-06
1139,7.782489008702506e-05
1140,1.551583554237881e-05
1141,9.399491531494186e-06
1142,3.0604647142365974e-05
1143,1.6880249189043665e-05
1144,1.026465231346552e-05
1145,0.0008866867179412494
1146,1.5422586829125246e-05
1147,9.357368727589197e-05
1148,0.0003967806408246604
1149,8.30724933669107e-06
1150,1.003161474217399e-05
1151,0.0012646993327465107
1152,1.4609638653280185e-05
1153,0.00021814336874618665
1154,2.827868066536249e-05
1155,8.881599773114271e-06
1156,0.00031319313319347146
1157,1.4633247552564724e-05
1158,9.804799282565535e-06
1159,1.9835689093807866e-05
1160,1.0816858899900522e-05
1161,1.4225691658048537e-05
1162,5.330244508974136e-06
1163,0.0011365826963949885
1164,1.909184034756954e-05
1165,8.966816258866327e-06
1166,1.0241717869620738e-05
1167,0.0008491208666088377
1168,9.896272091706858e-06
1169,0.0005964513563616216
1170,1.195602319665265e-05
1171,0.0009488559373179859
1172,0.000538155266876347
1173,0.00017304691758685128
1174,9.163730894583565e-06
1175,0.0003022726296423858
1176,1.2314002950744122e-05
1177,9.948291810840633e-06
1178,0.0007046931764360543
1179,8.57728690881886e-06
1180,9.635349917732746e-05
1181,9.598517099071531e-06
1182,1.6102366101768837e-05
1183,0.00027904064210495984
1184,1.861026015959958e-05
1185,4.6137378490356836e-05
1186,2.9208510390001403e-05
1187,1.416197950061573e-05
1188,0.0001989533681453704
1189,0.000856553293166103
1190,9.986120975271117e-06
1191,2.0654512168795214e-05
1192,1.050537032126487e-05
1193,0.000129243927008095
1194,0.0017792558093393755
1195,4.592074843784087e-05
1196,0.00018068629231021358
1197,0.0017987149452748708
1198,1.2903399410220977e-05
1199,1.670619169054229e-05
1200,0.0001958678900369373
1201,3.0395693930126807e-05
1202,7.954084585726584e-05
1203,0.0008250665501866463
1204,1.2019060333386763e-05
1205,2.493763926443587e-05
1206,2.4992350902201817e-05
1207,9.274351034608919e-06
1208,0.000440875043029546
1209,1.6966930863636057e-05
1210,1.587115706852183e-05
1211,0.00045087997059765195
1212,1.5010340042222065e-05
1213,0.0003205924364101144
1214,0.0009402094419117882
1215,9.71769253600263e-06
1216,1.2122215599808555e-05
1217,0.000946393064823427
1218,0.0003206872932087967
1219,0.0005006760633240267
1220,1.0213357406846318e-05
1221,1.177697881591642e-05
1222,9.399491531494186e-06
1223,1.1522525439412445e-05
1224,2.569031077972158e-05
1225,1.7051751655416345e-05
1226,8.850362598793439e-06
1227,1.0535891551366242e-05
1228,8.269430062904883e-06
1229,6.18803062946736e-06
1230,1.0851799913451715e-05
1231,0.00012171707672822483
1232,1.00595519188609e-05
1233,0.00011925085476054354
1234,1.969735609254766e-05
1235,5.432002254677977e-06
1236,1.6426893562733363e-05
1237,1.7181170636141386e-05
1238,0.0005108551974006794
1239,1.2447262700099505e-05
1240,1.0093258079298354e-05
1241,0.000415116445489132
1242,2.5145820697488956e-05
1243,9.05804862443082e-06
1244,1.1386712111680349e-05
1245,1.003161474217399e-05
1246,1.6963076407128617e-05
1247,1.0377534691953246e-05
1248,0.0003577575266624111
1249,1.050537032126487e-05
1250,1.0365859094959847e-05
1251,1.3908156587818388e-05
1252,0.001734438760898084
1253,1.563222465163165e-05
1254,0.0006975390342463346
1255,6.616905716609978e-06
1256,8.966816258866327e-06
1257,1.1219725905641207e-05
1258,0.00010827657987722763
1259,4.458368407250658e-05
1260,1.0874654466644864e-05
1261,0.0010000808556757924
1262,9.597929014891506e-06
1263,4.7928767480857965e-05
1264,4.107760503665461e-05
1265,0.0004356917842483663
1266,0.00034726260558764674
1267,3.581714475056733e-05
1268,1.383421871242365e-05
1269,9.05804862443082e-06
1270,2.7599079914021416e-05
1271,9.261002864982228e-06
1272,1.0165217108108049e-05
1273,0.0002477954212472778
1274,4.914356733727286e-05
1275,1.0355831943563639e-05
1276,2.0211062111762026e-05
1277,2.308239124272676e-05
1278,6.674408288524918e-06
1279,9.63849168571555e-06
1280,9.289948335583e-06
1281,1.5755437808255985e-05
1282,0.00013415045095283506
1283,3.0671285844584295e-05
1284,0.0001679891455094829
1285,5.008043033268367e-05
1286,2.4771750065416536e-05
1287,2.9455143746761868e-05
1288,0.0001103808929609639
1289,1.8803176138520466e-05
1290,1.0327374865332602e-05
1291,9.463714720507445e-06
1292,4.178678531335903e-05
1293,1.1104152863120281e-05
1294,1.5519215693883322e-05
1295,1.405705535578172e-05
1296,4.311025061262888e-05
1297,3.708344114002905e-05
1298,3.0729328415245265e-05
1299,6.761364722775497e-05
1300,9.63462487911372e-06
1301,1.16452300893274e-05
1302,0.00045439937446320195
1303,1.9858481987517252e-05
1304,1.1398788038460363e-05
1305,1.813247164054306e-05
1306,2.450115360598138e-05
1307,2.5296727548761386e-05
1308,1.0414935439835905e-05
1309,1.2574856437954157e-05
1310,3.0105089758012245e-05
1311,2.0232062281965062e-05
1312,8.862247251869215e-05
1313,9.850440573120747e-06
1314,1.050537032126487e-05
1315,1.656710269575403e-05
1316,1.14672736681883e-05
1317,0.001208583853448443
1318,1.0633902373928431e-05
1319,0.0001542757079555294
1320,0.00024421794821623846
1321,1.0160998317039673e-05
1322,4.861306584629148e-05
1323,1.0152000896655648e-05
1324,5.96201933781434e-05
1325,3.7683359279518433e-05
1326,1.9288149868832157e-05
1327,1.0719318706660731e-05
1328,1.0637314892586927e-05
1329,1.416197950061573e-05
1330,8.283266730847643e-05
1331,8.98613338073191e-06
1332,1.0323798207862645e-05
1333,0.0011853029479959674
1334,4.730685546341102e-05
1335,1.0523567967782293e-05
1336,1.0160998317039673e-05
1337,1.1398788038460363e-05
1338,9.567382476592197e-06
1339,1.0614819942957108e-05
1340,9.875238193826672e-06
1341,1.2039091181769635e-05
1342,1.6658083203291383e-05
1343,9.463714720507445e-06
1344,1.496399563723397e-05
1345,2.606510272144671e-05
1346,2.879033204508783e-05
1347,1.6405588835335817e-05
1348,1.1364417115222792e-05
1349,1.177697881591642e-05
1350,6.860381384723892e-05
1351,1.7225152646187267e-05
1352,0.00025100135785209175
1353,3.721610864621102e-05
1354,1.050537032126487e-05
1355,9.476399044439624e-06
1356,2.2840660992742787e-05
1357,1.1029448466982983e-05
1358,9.851722063127132e-06
1359,1.1028616036275543e-05
1360,1.405705535578172e-05
1361,1.353974428103868e-05
1362,2.719184613221048e-05
1363,9.777263074180927e-06
1364,1.0323798207862645e-05
1365,8.320621952828994e-05
1366,1.998433378837854e-05
1367,1.6770848759764718e-05
1368,3.846459501846876e-05
1369,1.052641146073085e-05
1370,1.0614819942957108e-05
1371,0.00023325209121648265
1372,1.0632560201404219e-05
1373,1.172179950376948e-05
1374,0.00042291146499879537
1375,2.3750273502012756e-05
1376,9.54736063630183e-06
1377,0.00014194912408500436
1378,4.3108084803565335e-05
1379,3.4615977053252066e-05
1380,1.5125985966789104e-05
1381,2.2404540625550923e-05
1382,1.8880815321035873e-05
1383,0.0003880224550660617
1384,1.8691622758358114e-05
1385,9.932037782160667e-05
1386,1.0606931434926932e-05
1387,3.613247642586597e-05
1388,2.82838127580108e-05
1389,0.0008693317399828095
1390,1.407893534598882e-05
1391,6.115155897140189e-05
1392,0.00043609207603872654
1393,0.00034311842359264886
1394,3.039929759553959e-05
1395,1.1453354286263499e-05
1396,9.434838296707893e-06
1397,9.553310908885458e-05
1398,1.0369786528028124e-05
1399,9.63849168571555e-06
1400,1.4412550939957576e-05
1401,2.470490399366167e-05
1402,0.0008543924242450775
1403,1.0103479922825078e-05
1404,1.14672736681883e-05
1405,4.366469276686418e-05
1406,1.0560123404569157e-05
1407,9.434906633416035e-06
1408,1.837382753157449e-05
1409,9.98898602574496e-06
1410,1.6630144707014348e-05
1411,6.302067681979338e-05
1412,9.893028832896335e-06
1413,4.83123395269598e-05
1414,9.667392672126224e-06
1415,1.2574856437954157e-05
1416,0.000663320355020182
1417,8.57728690881886e-06
1418,2.093692279213856e-05
1419,2.4245370208659995e-05
1420,1.4884832942543028e-05
1421,8.043156887467968e-05
1422,0.000743860260067728
1423,2.550786325337288e-05
1424,2.2790389224156774e-05
1425,9.777263074180927e-06
1426,3.8702634200614845e-05
1427,3.065756509461229e-05
1428,0.0007523666915089591
1429,2.5934849323033255e-05
1430,2.0117087273914438e-05
1431,3.001084781343037e-05
1432,9.893028832896335e-06
1433,5.9102007057288094e-05
1434,0.0005381831201830141
1435,1.050537032126487e-05
1436,1.558350482951023e-05
1437,9.817036970387167e-05
1438,1.0560123404569157e-05
1439,1.1004350244038656e-05
1440,0.0005333458718704286
1441,2.4966109034528057e-05
1442,1.6680934887212546e-05
1443,1.218607892267229e-05
1444,1.1029448466982983e-05
1445,0.00014353783741126685
1446,9.476399044439624e-06
1447,1.1446736855642405e-05
1448,0.00018252122949938618
1449,0.00010181174107672636
1450,9.582707565010591e-06
1451,0.0005536084512825618
1452,1.0719318706660731e-05
1453,3.0511222703311097e-05
1454,0.0003511958609349832
1455,1.5758433372742386e-05
1456,9.504497492612455e-06
1457,3.085554858923673e-05
1458,8.80058397664867e-06
1459,9.519294286364606e-06
1460,9.552202977205576e-06
1461,1.7328960423487648e-05
1462,0.000240219969666752
1463,9.317540546083008e-06
1464,1.415979469163858e-05
1465,2.3110761458123427e-05
1466,1.0673198845483249e-05
1467,1.2263073709424741e-05
1468,1.5984363944463875e-05
1469,2.4071951633058552e-05
1470,1.3985289328560112e-05
1471,6.281259096182385e-05
1472,7.395486651134218e-05
1473,0.0009088119111751827
1474,1.1522525439412445e-05
1475,1.0560123404569157e-05
1476,2.134301022986555e-05
1477,1.654206159220754e-05
1478,3.1196077177771265e-05
1479,2.3231875828529765e-05
1480,2.4510314607035435e-05
1481,8.839672031365243e-06
1482,3.654507046973324e-05
1483,0.00010613587324601508
1484,2.770266893483116e-05
1485,9.339471607813863e-06
1486,0.0001668527734288823
1487,0.000376265362675624
1488,0.0009493535326252869
1489,0.00015056835566297952
1490,9.317540546083008e-06
1491,0.00018342365391211453
1492,1.0673198845483249e-05
1493,2.3313291430757763e-05
1494,5.789150518387648e-05
1495,1.577226556343981e-05
1496,9.399877875532114e-06
1497,1.7328960423487648e-05
1498,1.7040285123618386e-05
1499,0.00018440450117913556
1500,9.54736063630183e-06
1501,2.1288355089564008e-05
1502,9.076566886993103e-06
1503,1.9489249518043864e-05
1504,1.569938753518477e-05
1505,0.00012242973111348108
1506,1.9985714637606584e-05
1507,0.0001231521827321011
1508,2.1581688471665412e-05
1509,9.138178963690783e-06
1510,0.0011185679624269745
1511,1.313529346607597e-05
1512,1.9033299934882377e-05
1513,0.0005015813229889957
1514,9.299934016402563e-05
1515,1.0406263609766445e-05
1516,1.4412617543268523e-05
1517,1.1048121390319183e-05
1518,0.0004543843132328068
1519,3.594268952790418e-05
1520,1.1317600624029021e-05
1521,1.0673198845483249e-05
1522,0.0001908881766161749
1523,9.54736063630183e-06
1524,9.83086475285655e-06
1525,1.16452300893274e-05
1526,5.532286285166944e-05
1527,2.707995419957929e-05
1528,1.0323798207862645e-05
1529,9.700862731621744e-06
1530,3.157921497435105e-05
1531,0.00039386882135805147
1532,1.0147900018722789e-05
1533,2.1911963927847177e-05
1534,8.839672031365243e-06
1535,5.6443287824064205e-05
1536,9.986120975271117e-06
1537,3.173377504077324e-05
1538,1.0563899047708251e-05
1539,5.3474501432986885e-05
1540,0.0003364510413174344
1541,1.16117097546835e-05
1542,1.4716430378643245e-05
1543,1.0323798207862645e-05
1544,5.725162351868401e-06
1545,2.71022050154102e-05
1546,6.80582668691389e-05
1547,9.84128048041037e-06
1548,2.9025280037420794e-05
1549,1.0112470398890739e-05
1550,0.00011797388733195001
1551,0.0005570292869668539
1552,1.829283415815738e-05
1553,1.240405310203985e-05
1554,1.668896203806819e-05
1555,1.218607892267229e-05
1556,1.7028034847402294e-05
1557,2.799942039753819e-05
1558,9.076566886993103e-06
1559,1.1019279807699367e-05
1560,6.530991146990292e-05
1561,9.244975147240444e-06
1562,1.1212693996919311e-05
1563,1.818758750400843e-05
1564,4.1059260467732304e-05
1565,9.076566886993103e-06
1566,1.024622844441018e-05
1567,1.55905060209867e-05
1568,9.597929014891506e-06
1569,1.5546649815994904e-05
1570,4.9767099799300815e-05
1571,0.00013937006569743476
1572,6.889486976643554e-05
1573,0.0005590268223538749
1574,1.7641064982257323e-05
1575,1.0678217015801007e-05
1576,1.5491133915295056e-05
1577,2.956595616410054e-05
1578,1.3154699285668765e-05
1579,2.298610171027906e-05
1580,1.6681107992657685e-05
1581,2.2417870226615793e-05
1582,0.0004400268010316504
1583,6.826692270049611e-05
1584,1.638014655547175e-05
1585,1.0348370002420954e-05
1586,9.138178963690783e-06
1587,1.6864866389597922e-05
1588,2.837768090690509e-05
1589,3.6464006403411515e-05
1590,0.0005417408609599914
1591,1.0608279290858941e-05
1592,4.9210260826821295e-06
1593,1.2669299031653114e-05
1594,8.866040516812656e-05
1595,6.592726683556964e-05
1596,9.685841526932834e-06
1597,1.3091972186581859e-05
1598,1.836690989911593e-05
1599,1.5161442931829424e-05
1600,0.00015057915632367693
1601,0.0002596105312204978
1602,1.174121193020162e-05
1603,4.122739201541534e-05
1604,1.0165217108108049e-05
1605,2.578651095019063e-05
1606,5.261213971148287e-05
1607,0.0004932342571363779
1608,1.1518484203629429e-05
1609,1.3261524197022263e-05
1610,3.147815716819719e-05
1611,2.325800536587383e-05
1612,1.16452300893274e-05
1613,1.1029448466982983e-05
1614,1.484934201229251e-05
1615,1.0816858899900522e-05
1616,1.052641146073085e-05
1617,1.16117097546835e-05
1618,1.0347163086799967e-05
1619,1.4412617543268523e-05
1620,1.0523567967782293e-05
1621,1.492503784800991e-05
1622,9.575534257900319e-06
1623,0.001302347316607667
1624,1.0103479922825078e-05
1625,1.0369786528028124e-05
1626,2.298093322626474e-05
1627,1.0365859094959847e-05
1628,9.811995885297593e-06
1629,1.6087043318641534e-05
1630,1.0264489145142471e-05
1631,1.5098016116714168e-05
1632,1.0912632421942477e-05
1633,2.257566347828788e-05
1634,2.0154101934687637e-05
1635,4.2642950411285604e-05
1636,1.480021403885088e-05
1637,0.00036510706292216996
1638,1.888239406998308e-05
1639,1.2065147999362142e-05
1640,1.4951118712253233e-05
1641,8.92760565575325e-06
1642,1.1594325978611455e-05
1643,7.065360676433031e-05
1644,1.050537032126487e-05
1645,8.980088304004427e-06
1646,9.476399044439624e-06
1647,0.00011118558945593534
1648,7.774676354785443e-05
1649,8.535519308892527e-05
1650,1.0605862121923956e-05
1651,1.1212693996919311e-05
1652,2.2321909619483592e-05
1653,1.0896042873277623e-05
1654,7.498606802127053e-05
1655,1.388923140625193e-05
1656,1.3025499630417105e-05
1657,1.3374143261500811e-05
1658,1.0729831536478351e-05
1659,4.0523399124630615e-05
1660,1.4200942277129729e-05
1661,2.8568366005965995e-05
1662,2.5150237790759053e-05
1663,9.793412700163626e-06
1664,1.4835619038464057e-05
1665,3.087562406732049e-05
1666,9.112543435252359e-05
1667,1.0571992351797697e-05
1668,0.00010945057807598886
1669,8.57728690881886e-06
1670,2.058796696706577e-05
1671,0.00033455572589002707
1672,6.00388857099574e-05
1673,9.84128048041037e-06
1674,1.2529614893840324e-05
1675,9.49486225349075e-06
1676,1.0632560201404219e-05
1677,1.246725840014532e-05
1678,9.439127771363733e-06
1679,1.050537032126487e-05
1680,1.240405310203985e-05
1681,9.575534257900319e-06
1682,9.715239379587256e-06
1683,0.0016053948233152263
1684,8.123339018192422e-06
1685,0.00032477559910796644
1686,0.0004110424766363142
1687,0.0006359231737848773
1688,3.1431539438478036e-05
1689,1.0605862121923956e-05
1690,5.4678377687871233e-05
1691,1.3091972186581859e-05
1692,6.725310423360932e-05
1693,3.380570233218875e-05
1694,1.0347163086799967e-05
1695,3.401302432501767e-05
1696,9.855818921322782e-06
1697,0.00028303371017150285
1698,1.0264489145142471e-05
1699,8.98613338073191e-06
1700,2.1045239802073617e-05
1701,9.63849168571555e-06
1702,2.148564493172417e-05
1703,9.575534257900319e-06
1704,2.8461714564394974e-05
1705,9.05994938881045e-05
1706,9.22237046987849e-06
1707,9.05804862443082e-06
1708,1.976217599776824e-05
1709,5.903213627281158e-05
1710,2.7658840545537238e-05
1711,6.494609738437941e-05
1712,1.5244551628983437e-05
1713,1.2574856437954157e-05
1714,9.875238193826672e-06
1715,1.1453354286263499e-05
1716,2.1653617466279696e-05
1717,1.0673198845483249e-05
1718,1.0369786528028124e-05
1719,1.5692514679071038e-05
1720,0.0002369629891311716
1721,0.00023297999416246835
1722,0.00013633235718884788
1723,3.845295818501301e-05
1724,3.105514755342362e-05
1725,1.316500138189201e-05
1726,1.925266368574618e-05
1727,1.5519215693883322e-05
1728,9.289948335583e-06
1729,8.423577999744469e-06
1730,8.914527800305774e-05
1731,1.5964665062564646e-05
1732,1.0348370002420954e-05
1733,1.0070741236215382e-05
1734,1.3074226847997412e-05
1735,1.939193257830848e-05
1736,2.12063459928849e-05
1737,0.0002031653293173873
1738,1.3365833814455345e-05
1739,3.608916149842977e-05
1740,9.63908308380622e-06
1741,5.2044365968360764e-05
1742,2.8160837122993644e-05
1743,1.0332553080377697e-05
1744,1.0296113256437114e-05
1745,0.00016176305747808128
1746,0.00016630145624420238
1747,1.0942141109456647e-05
1748,0.000709913432171476
1749,9.499363410106409e-06
1750,9.855818921322782e-06
1751,1.6885637054253278e-05
1752,1.8197488760048776e-05
1753,2.6751120153201955e-05
1754,1.353974428103868e-05
1755,2.036051492157762e-05
1756,0.0012107964207387525
1757,3.530759634741984e-05
1758,0.0003047338318346921
1759,6.674408288524918e-06
1760,0.0003523404972897119
1761,1.793746970096916e-05
1762,1.4639261731368058e-05
1763,0.00015564764320136716
1764,1.2529614893840324e-05
1765,5.3900016864373134e-05
1766,1.16452300893274e-05
1767,1.0523567967782293e-05
1768,1.7321021483771914e-05
1769,1.2523040583816098e-05
1770,1.5613067685734504e-05
1771,4.275252507922735e-05
1772,1.0165217108108049e-05
1773,1.0296113256437114e-05
1774,7.331972356617178e-05
1775,4.092008103576648e-05
1776,1.0008352767091742e-05
1777,4.379636021522697e-05
1778,1.3972213620879796e-05
1779,1.1317600624029021e-05
1780,8.862252582906677e-06
1781,2.0597306146960484e-05
1782,1.8377791444320352e-05
1783,1.1446736855642405e-05
1784,4.7339122382694916e-05
1785,0.0005568607930267238
1786,2.3707450611645523e-05
1787,1.3348394245257142e-05
1788,6.674408288524918e-06
1789,1.3381641488624728e-05
1790,0.0001481704210222911
1791,1.5684624353427632e-05
1792,1.0257921833760655e-05
1793,1.0406263609766445e-05
1794,3.219397008151504e-05
1795,7.712618904599959e-05
1796,2.0823884357785004e-05
1797,1.2284812629115731e-05
1798,4.3220806941538345e-05
1799,0.00012115205247052399
1800,1.3477674132788268e-05
1801,1.687403358155479e-05
1802,1.0190310948017527e-05
1803,3.065266710442175e-05
1804,0.00013990548594693483
1805,0.00036569357079805834
1806,2.575885022550071e-05
1807,9.163730894583565e-06
1808,5.432002254677977e-06
1809,0.000304314391367162
1810,0.0002221301132347443
1811,1.0226947814012442e-05
1812,9.809582392541579e-06
1813,1.4839000073810876e-05
1814,1.16117097546835e-05
1815,1.0633902373928431e-05
1816,1.177697881591642e-05
1817,9.700862731621744e-06
1818,9.920286267500786e-06
1819,1.0332553080377697e-05
1820,1.1004350244038656e-05
1821,3.5409521881041684e-05
1822,9.187772221265003e-06
1823,1.0327374865332602e-05
1824,8.966816258866327e-06
1825,1.7831464028695882e-05
1826,9.582707565010591e-06
1827,0.0004195244820747135
1828,1.7323235246896785e-05
1829,9.339471607813863e-06
1830,0.000275342437780403
1831,1.246725840014532e-05
1832,5.1691403716302234e-05
1833,2.3550246613705653e-05
1834,1.2152454439821123e-05
1835,0.00029078014449065764
1836,1.0365859094959847e-05
1837,0.0003826946210418383
1838,9.53237362447028e-06
1839,8.97547957802772e-06
1840,9.582707565010591e-06
1841,2.376836107761625e-05
1842,3.985597531461674e-05
1843,5.97279147123118e-05
1844,0.0001688142435882271
1845,1.003161474217399e-05
1846,0.0001264037058697179
1847,1.8377791444320352e-05
1848,0.00015462715787036853
1849,0.0002456310968431857
1850,1.0438800493865949e-05
1851,9.654870802543586e-06
1852,2.7816356684292273e-05
1853,9.422703642885622e-06
1854,9.547795064912261e-05
1855,8.980088304004427e-06
1856,9.024897217262012e-06
1857,3.1127116557286984e-05
1858,0.00012818847043504346
1859,6.674408288524918e-06
1860,1.459368251986808e-05
1861,1.7365209332213487e-05
1862,1.0296113256437114e-05
1863,8.848748200179625e-06
1864,0.0006405958759125478
1865,7.866277637987757e-05
1866,1.0691282150835419e-05
1867,1.7448659289594113e-05
1868,1.4865283765953634e-05
1869,2.895050375710621e-05
1870,1.1317600624029021e-05
1871,9.593922196304636e-06
1872,1.0336096338087536e-05
1873,9.61567250659419e-06
1874,0.0002671891628595196
1875,2.770266893483116e-05
1876,9.61567250659419e-06
1877,4.180529910133523e-05
1878,1.4588245719321399e-05
1879,9.804799282565535e-06
1880,8.57729752388675e-06
1881,0.00011461684133866989
1882,9.700862731621744e-06
1883,1.3103425582395954e-05
1884,5.598218079480293e-06
1885,0.0005598326257023202
1886,1.1728661315964814e-05
1887,2.699398107864586e-05
1888,1.484692022844812e-05
1889,1.177697881591642e-05
1890,8.839672031365243e-06
1891,1.0474522801572617e-05
1892,1.6102366101768837e-05
1893,1.16117097546835e-05
1894,1.0632560201404219e-05
1895,7.450146406746096e-05
1896,2.5956191548317433e-05
1897,1.1364417115222792e-05
1898,4.526770883253544e-05
1899,2.6027695532465295e-05
1900,1.431177116616667e-05
1901,9.163730894583565e-06
1902,1.0304389685578956e-05
1903,2.1241803354590803e-05
1904,1.6484223388972515e-05
1905,9.243134293251872e-06
1906,4.416651363769725e-05
1907,0.0003514974702361826
1908,8.980088304004427e-06
1909,2.2393636148713134e-05
1910,7.900968631603151e-06
1911,4.838388251777581e-05
1912,1.1019279807699367e-05
1913,9.37368426311911e-06
1914,1.002322127836139e-05
1915,9.476399044439624e-06
1916,1.779174195617724e-05
1917,2.2798841548334254e-05
1918,8.966816258866327e-06
1919,3.250701308770285e-05
1920,4.494792652079216e-05
1921,1.0213357406846318e-05
1922,0.00013445255879103907
1923,8.839672031365243e-06
1924,0.0013009882870026895
1925,5.604940644692818e-05
1926,3.723100236775715e-05
1927,5.010270526756814e-05
1928,1.1398788038460363e-05
1929,1.0152000896655648e-05
1930,9.149489293946556e-06
1931,1.4950088215413077e-05
1932,0.000280953084796321
1933,8.57729752388675e-06
1934,1.172179950376948e-05
1935,1.6209113276961592e-05
1936,1.962369277071793e-05
1937,1.1517190344352242e-05
1938,1.6274506645744957e-05
1939,0.0008124352773124122
1940,3.2576313382765865e-05
1941,8.98613338073191e-06
1942,1.1004350244038656e-05
1943,1.0474522801572617e-05
1944,1.0377534691953246e-05
1945,9.399491531494186e-06
1946,8.674958738307506e-06
1947,9.804799282565535e-06
1948,1.8748736992751133e-05
1949,0.0001587358263536883
1950,7.932299100704299e-06
1951,1.0015019411163172e-05
1952,1.3765777570485048e-05
1953,1.9703188530331393e-05
1954,1.240405310203985e-05
1955,8.785848222579045e-06
1956,1.2630908081454534e-05
1957,0.00015991056417249695
1958,2.83027528337134e-05
1959,8.57729752388675e-06
1960,3.6872092130039704e-05
1961,1.640385136550519e-05
1962,3.6456222546964626e-05
1963,1.569938753518477e-05
1964,1.587628647965499e-05
1965,1.8398926231502455e-05
1966,9.63849168571555e-06
1967,3.6841996909596034e-05
1968,1.003161474217399e-05
1969,1.6590412271266976e-05
1970,0.00037332427474612875
1971,0.00011379258815003434
1972,1.5306914628119978e-05
1973,1.0778534129978959e-05
1974,1.1522525439412445e-05
1975,3.7207984405730296e-05
1976,1.8377791444320352e-05
1977,1.3795861079627888e-05
1978,9.007728934627767e-06
1979,2.1433743560989395e-05
1980,1.0560123404569157e-05
1981,9.190780516689155e-06
1982,2.001815656066635e-05
1983,2.027022538656776e-05
1984,1.494544255364172e-05
1985,6.910207560923827e-06
1986,2.5945329196820838e-05
1987,1.353974428103868e-05
1988,3.090633851062606e-05
1989,8.503783769685729e-06
1990,0.0005070769550398323
1991,8.108707891453703e-06
1992,3.303968485126635e-05
1993,1.7162543362070513e-05
1994,0.00023459576218267368
1995,2.286751957304646e-05
1996,1.6245964058396513e-05
1997,1.1477733912667578e-05
1998,1.613210633448883e-05
1999,3.6112877127517125e-05
2000,1.0651734090915297e-05
2001,2.9609412550488353e-05
2002,1.0804275205124589e-05
2003,8.235115149818874e-06
2004,1.0323798207862645e-05
2005,9.255464373014995e-05
2006,1.7043757968559847e-05
2007,1.0327811939182512e-05
2008,1.0327811939182512e-05
2009,1.0327811939182512e-05
2010,1.0327811939182512e-05
2011,1.7333330532810173e-05
2012,7.866696127201038e-05
2013,9.66366577643837e-06
2014,1.0336096338087536e-05
2015,1.0347163086799967e-05
2016,2.6873968476796533e-05
2017,1.0711341726803775e-05
2018,4.674101134268954e-05
2019,1.8566525375164354e-05
2020,1.036236578670301e-05
2021,9.54736063630183e-06
2022,1.353974428103868e-05
2023,3.999862678820623e-05
2024,0.00012345363048120182
2025,1.832183133949951e-05
2026,6.697958124039644e-06
2027,5.662036373269526e-05
2028,9.076566886993103e-06
2029,1.5476011991182047e-05
2030,1.9374333673165186e-05
2031,1.0190310948017527e-05
2032,2.351998802762522e-05
2033,6.905113513521598e-05
2034,5.277007418628384e-05
2035,1.0770814934632905e-05
2036,0.0001987705658906102
2037,9.793412700163626e-06
2038,2.3719348188648125e-05
2039,9.582707565010591e-06
2040,3.822262299430891e-05
2041,8.807659066140166e-06
2042,1.3338022956870685e-05
2043,1.0660709689367653e-05
2044,1.4901445636237312e-05
2045,2.5389454754577338e-05
2046,0.00016640517075155084
2047,9.34996456218263e-06
2048,8.653877904907496e-06
2049,9.986120975271117e-06
2050,0.00014870442220621966
2051,8.848748200179625e-06
2052,3.547695374809381e-05
2053,2.1288647377466172e-05
2054,1.62792354432099e-05
2055,1.389877659268725e-05
2056,1.5261472932596376e-05
2057,1.4914662407893656e-05
2058,2.8468085462239e-05
2059,1.0304389685578956e-05
2060,4.069654535060229e-05
2061,9.076566886993103e-06
2062,9.86788215339441e-06
2063,9.076566886993103e-06
2064,1.0855663141263886e-05
2065,9.476399044439624e-06
2066,9.05804862443082e-06
2067,1.6617769156970757e-05
2068,9.74454702862083e-06
2069,0.0001617840022690196
2070,1.9261997727539168e-05
2071,9.317540546083008e-06
2072,0.0010178508866770946
2073,1.7050597247284056e-05
2074,4.8692694332667764e-05
2075,1.884011875891562e-05
2076,2.0560696937805562e-05
2077,1.1104152863120281e-05
2078,9.563183498384039e-06
2079,5.0861117383909674e-05
2080,8.503783769685729e-06
2081,1.3261524197022263e-05
2082,9.549114309328014e-06
2083,1.8949941435994087e-05
2084,9.582707565010591e-06
2085,0.00017322749269630926
2086,3.630941818585095e-05
2087,2.07639246695807e-05
2088,1.5294050639820526e-05
2089,2.611757064800263e-05
2090,2.1979666757809057e-05
2091,9.187772221265003e-06
2092,1.5811251638019956e-05
2093,6.848318894276419e-06
2094,1.9803881082127047e-05
2095,2.5956388786159744e-05
2096,1.16452300893274e-05
2097,1.5394019201992757e-05
2098,1.1522525439412445e-05
2099,7.992781377142298e-06
2100,1.6546973239016305e-05
2101,1.635835986943655e-05
2102,9.46984213922782e-06
2103,9.024897217262012e-06
2104,9.690616076324506e-06
2105,9.476399044439624e-06
2106,0.00010194836480566753
2107,3.114830591174808e-05
2108,1.6314590126096474e-05
2109,3.4069374763258805e-05
2110,3.3583208395690915e-05
2111,9.935008023651504e-06
2112,1.1317600624029021e-05
2113,3.47928093404297e-05
2114,4.083224059858064e-05
2115,1.1541475521316615e-05
2116,1.4018751820382514e-05
2117,1.909184034756954e-05
2118,9.22237046987849e-06
2119,1.4412617543268523e-05
2120,1.3634565041343432e-05
2121,9.855818921322782e-06
2122,3.79123508650732e-05
2123,1.4468940910734337e-05
2124,1.2204527911802652e-05
2125,9.076566886993103e-06
2126,1.0474522801572617e-05
2127,1.7823272172343303e-05
2128,9.431571606477142e-06
2129,1.9121844177451276e-05
2130,2.486660768886747e-05
2131,1.0983549165868838e-05
2132,4.8810363962610384e-05
2133,1.750056953574144e-05
2134,6.852913168149918e-05
2135,1.3694893407229891e-05
2136,1.0360425969893026e-05
2137,1.5336650606236413e-05
2138,1.5087707289547117e-05
2139,9.739201429527203e-05
2140,1.2288780948123302e-05
2141,1.0719318706660731e-05
2142,1.0304389685578956e-05
2143,7.527818660629503e-06
2144,0.0001891887014373945
2145,1.9521155896459717e-05
2146,8.519751819647818e-06
2147,9.875238193826672e-06
2148,9.875238193826672e-06
2149,2.3492066104089153e-05
2150,9.422703642885622e-06
2151,9.476399044439624e-06
2152,1.527699598275307e-05
2153,3.687035810661964e-05
2154,0.00016655614858760454
2155,2.877155009120034e-05
2156,9.685841526932834e-06
2157,9.493430501116393e-06
2158,1.2204527911802652e-05
2159,9.190780516689155e-06
2160,9.582707565010591e-06
2161,1.1004350244038656e-05
2162,1.0365859094959847e-05
2163,2.418568980797935e-05
2164,1.4884832942543028e-05
2165,1.3634565041343432e-05
2166,4.367893514089616e-05
2167,6.989889248909894e-06
2168,1.1029448466982983e-05
2169,1.1347282628427675e-05
2170,7.325107648791939e-05
2171,1.2276657800621667e-05
2172,9.893028832896335e-06
2173,1.1974112763695036e-05
2174,2.1247070454687964e-05
2175,1.2386260181243683e-05
2176,9.850440573120747e-06
2177,1.2447262700099505e-05
2178,1.3974923138039418e-05
2179,2.1960874038201393e-05
2180,4.3825023169491846e-05
2181,7.03903547157095e-06
2182,2.8759012180591083e-05
2183,1.2903399410220977e-05
2184,1.0190310948017527e-05
2185,1.353974428103868e-05
2186,9.74983946570471e-06
2187,0.0007401260954093707
2188,1.480137962936326e-05
2189,2.1510528121329315e-05
2190,2.1993467151257965e-05
2191,1.0684697574237795e-05
2192,2.0016772127333312e-05
2193,1.3074226847997412e-05
2194,1.0304389685578956e-05
2195,0.0003156543161398175
2196,1.1029448466982983e-05
2197,9.92867238526007e-06
2198,1.4403129319318577e-05
2199,2.6761911573048308e-05
2200,2.1701531915022263e-05
2201,1.627513734927362e-05
2202,8.446582058610286e-06
2203,3.9419349858490496e-05
2204,9.850440573120747e-06
2205,9.54736063630183e-06
2206,1.5771713320954122e-05
2207,1.0304389685578956e-05
2208,1.620637144637586e-05
2209,0.00020608305493615615
2210,1.722190187720104e-05
2211,2.139219310815585e-05
2212,2.122247546923988e-05
2213,1.4240566589473017e-05
2214,8.197873587739833e-05
2215,1.396535951379383e-05
2216,4.5721793107489295e-05
2217,0.00016580985839977053
2218,3.794443701979914e-05
2219,2.4771930749893533e-05
2220,2.16556163336251e-05
2221,1.507257289777e-05
2222,2.1608038927577094e-05
2223,1.8339087740352678e-05
2224,1.061481761300295e-05
2225,1.5780138497486332e-05
2226,1.0135758113313978e-05
2227,6.8051188215072e-05
2228,9.35141338334851e-06
2229,1.6891441861349293e-05
2230,1.879882812764989e-05
2231,1.5946616904122593e-05
2232,2.162045201540725e-05
2233,7.190366277590006e-05
2234,1.4976308147503926e-05
2235,1.7425752275928284e-05
2236,9.920286267500786e-06
2237,1.0218714753299135e-05
2238,1.3569148014152579e-05
2239,9.908381712638796e-06
2240,1.1518484203629429e-05
2241,1.1569544951282742e-05
2242,0.00011553960909406715
2243,1.1522525439412445e-05
2244,2.2568055127730914e-05
2245,1.6957281041284466e-05
2246,2.2798453485267307e-05
2247,0.0001473357110373079
2248,7.296311037195468e-05
2249,9.63462487911372e-06
2250,2.00102264275715e-05
2251,1.3519758028382828e-05
2252,2.2870902741300417e-05
2253,1.5915509499689762e-05
2254,1.0165217108108049e-05
2255,9.076566886993103e-06
2256,2.2290502942604767e-05
2257,1.3519758028382828e-05
2258,1.0581429682234979e-05
2259,1.7013545048914908e-05
2260,0.0007001415128682351
2261,2.5344450603949654e-05
2262,0.00011181880785337064
2263,8.801301594525623e-06
2264,9.187772221265003e-06
2265,1.4132023922455826e-05
2266,1.3004638271954105e-05
2267,1.4412617543268523e-05
2268,9.510111211076036e-06
2269,1.9721558855335943e-05
2270,1.1905788186692852e-05
2271,1.549659604174745e-05
2272,1.0347163086799967e-05
2273,7.287006512735803e-05
2274,8.969077104345952e-06
2275,9.956974897762962e-06
2276,0.0002843378362897657
2277,0.00041113276240831994
2278,0.0004323032069005955
2279,0.0003771215691665279
2280,1.0369786528028124e-05
2281,1.515644082948633e-05
2282,0.00011080732837634306
2283,0.0004351365541671882
2284,2.0475787053153187e-05
2285,9.54736063630183e-06
2286,2.72894508211006e-05
2287,1.0165217108108049e-05
2288,1.0320122706611893e-05
2289,1.1522525439412445e-05
2290,1.0560123404569157e-05
2291,1.4810730625350912e-05
2292,3.061794195022157e-05
2293,5.4066624685334975e-05
2294,9.476399044439624e-06
2295,0.00015702273387172792
2296,1.5931820655393905e-05
2297,1.515644082948633e-05
2298,4.2513556399696984e-05
2299,1.4357831277989106e-05
2300,1.5244551628983437e-05
2301,9.239550899912532e-06
2302,2.0667344586486126e-05
2303,3.14218546668727e-05
2304,0.00010315972821655586
2305,2.1639897013701443e-05
2306,1.0015019411163172e-05
2307,0.0004977682096839692
2308,1.485649215422552e-05
2309,1.4929572000049548e-05
2310,0.00014640282426824837
2311,1.1861338859021963e-05
2312,1.2574856437954157e-05
2313,4.6766778721100216e-05
2314,3.0871483031327816e-05
2315,1.811736068931856e-05
2316,1.719619788621987e-05
2317,6.731003883845905e-05
2318,1.6187885438619122e-05
2319,5.085489213511907e-06
2320,0.00016668873344089676
2321,3.0270505673408552e-05
2322,9.857833848985988e-06
2323,8.516743973111364e-05
2324,1.5254629917306684e-05
2325,9.879854495037761e-06
2326,1.0360425969893026e-05
2327,2.744689703225767e-05
2328,1.4545924737036339e-05
2329,2.565444986638457e-05
2330,1.460021090424547e-05
2331,2.2596200110667137e-05
2332,1.145795212043991e-05
2333,1.050537032126487e-05
2334,9.857833848985988e-06
2335,1.5564524086672032e-05
2336,1.5974242269962575e-05
2337,1.6159560871312463e-05
2338,1.657077819700478e-05
2339,2.1950476792054973e-05
2340,1.1019279807699367e-05
2341,2.6213190314907833e-05
2342,9.263821395050691e-06
2343,5.346194108492493e-05
2344,0.00043306719575042166
2345,1.1510848380920765e-05
2346,2.9871033261080853e-05
2347,1.0438800493865949e-05
2348,2.925794578856432e-05
2349,9.489074365034779e-06
2350,7.072829468046519e-05
2351,2.0249458483356287e-05
2352,1.1909870126827609e-05
2353,2.333680192503985e-05
2354,9.434838296707893e-06
2355,6.935681326051914e-05
2356,1.1398788038460363e-05
2357,3.05718503178133e-05
2358,1.369680425787697e-05
2359,1.9410362934025568e-05
2360,9.697915604753337e-06
2361,1.177697881591642e-05
2362,9.05804862443082e-06
2363,4.951694853685846e-05
2364,1.0241717869620738e-05
2365,1.6707785184376005e-05
2366,1.0452836128321915e-05
2367,1.80312939660019e-05
2368,9.567382476592197e-06
2369,1.9494557797238462e-05
2370,2.3223350557915945e-05
2371,7.03903547157095e-06
2372,1.0501844755673104e-05
2373,1.8547994067221608e-05
2374,9.875238193826672e-06
2375,1.0433895804699462e-05
2376,1.0267670007139493e-05
2377,1.0433895804699462e-05
2378,1.0641409131589505e-05
2379,0.0003238311440584236
2380,1.0452836128321915e-05
2381,1.0165217108108049e-05
2382,1.6304966515418533e-05
2383,9.076566886993103e-06
2384,2.0663382008404142e-05
2385,3.4329057468282035e-05
2386,9.339471607813863e-06
2387,3.0870750443668694e-05
2388,1.353974428103868e-05
2389,2.035297383766634e-05
2390,1.1905788186692852e-05
2391,9.431571606477142e-06
2392,9.476399044439624e-06
2393,8.98613338073191e-06
2394,7.183289849730622e-05
2395,1.531862366159914e-05
2396,2.46444416810831e-05
2397,9.81173367781952e-06
2398,2.229585310847699e-05
2399,1.5049998187358282e-05
2400,0.00023802151268263836
2401,1.4926075113883764e-05
2402,1.3172279399738993e-05
2403,1.5074449691813875e-05
2404,1.1052403610642951e-05
2405,9.811995885297593e-06
2406,2.9982056264342132e-05
2407,3.0446636925885595e-05
2408,3.254366628460897e-05
2409,1.1679258096707297e-05
2410,1.848538948212919e-05
2411,1.280742674021427e-05
2412,1.417081681234083e-05
2413,1.0395100361401984e-05
2414,1.157527985366987e-05
2415,1.1118294444784053e-05
2416,9.59484738868822e-06
2417,1.6848687291702045e-05
2418,1.0348370002420954e-05
2419,1.0433895804699462e-05
2420,1.0896042873277623e-05
2421,9.777263074180927e-06
2422,1.837476775093712e-05
2423,1.4403129319318577e-05
2424,0.0001416799852799814
2425,1.443302148486507e-05
2426,7.749322746519399e-05
2427,8.791670321956946e-06
2428,2.0692581095505655e-05
2429,9.71769253600263e-06
2430,2.1349925513903795e-05
2431,1.9755177333994433e-05
2432,1.2058786164846864e-05
2433,5.432002254677977e-06
2434,9.920286267500786e-06
2435,7.126357264384472e-05
2436,1.7248897945937415e-05
2437,0.0006442893940150327
2438,9.255426568317661e-06
2439,2.760991735156855e-05
2440,2.3319515086285027e-05
2441,8.674958738307506e-06
2442,1.6758566148157253e-05
2443,8.674958738307506e-06
2444,9.123059353913232e-05
2445,1.0673198845483249e-05
2446,0.00015747993862054406
2447,1.0394028520652429e-05
2448,1.1022989657855392e-05
2449,2.390387463138911e-05
2450,5.7606881552115544e-05
2451,1.5995822104968284e-05
2452,9.63849168571555e-06
2453,1.0605862121923956e-05
2454,8.767473216099917e-06
2455,1.353974428103868e-05
2456,1.3074226847997412e-05
2457,3.062041026239897e-05
2458,8.862252582906677e-06
2459,1.7607097770564098e-05
2460,9.885989024162485e-06
2461,2.0958132236423537e-05
2462,1.0846275897866931e-05
2463,0.00034236552269110694
2464,9.920286267500786e-06
2465,1.8501367057208627e-05
2466,2.4962478937447806e-05
2467,1.4809467201842904e-05
2468,2.315986510090733e-05
2469,9.187772221265003e-06
2470,1.546410579148372e-05
2471,1.050537032126487e-05
2472,2.5305895042089698e-05
2473,0.0002185694819509645
2474,8.864586465865975e-05
2475,1.0394028520652429e-05
2476,1.5050176253672617e-05
2477,9.967603528957248e-06
2478,1.6594762604470164e-05
2479,2.6195952984552646e-05
2480,9.804799282565535e-06
2481,1.1398788038460363e-05
2482,0.00030356299640806587
2483,1.16452300893274e-05
2484,1.3091972186581859e-05
2485,1.4403129319318577e-05
2486,1.0414935439835905e-05
2487,2.417488622997557e-05
2488,4.4332451753125625e-05
2489,1.1347282628427675e-05
2490,6.380930663854082e-05
2491,5.8520826259629213e-05
2492,1.998167675480442e-05
2493,2.3764122074533907e-05
2494,9.979290158014458e-06
2495,3.423297369051578e-05
2496,9.105964578815469e-06
2497,9.63908308380622e-06
2498,1.871300416332882e-05
2499,3.0198067869009225e-05
2500,2.0980701184174748e-05
2501,8.969077104345952e-06
2502,1.55905060209867e-05
2503,1.0296113256437114e-05
2504,8.590149903225016e-06
2505,2.0285039713239146e-05
2506,9.700862731621744e-06
2507,8.380470887366407e-05
2508,3.1216069000696426e-05
2509,4.150045229357587e-05
2510,9.567382476592197e-06
2511,4.507119755542284e-05
2512,0.0002922272672474019
2513,1.4998906680052876e-05
2514,1.3340911441996726e-05
2515,0.0007510391150931125
2516,1.0336096338087536e-05
2517,9.46984213922782e-06
2518,9.46984213922782e-06
2519,8.97547957802772e-06
2520,2.65966223040457e-05
2521,9.499363410106409e-06
2522,9.316842424275981e-06
2523,4.9566970806583654e-05
2524,1.7486981559903315e-05
2525,8.316408602707099e-06
2526,1.0304389685578956e-05
2527,0.0002629955866805548
2528,1.5684624353427632e-05
2529,9.575534257900319e-06
2530,9.46984213922782e-06
2531,1.0360425969893026e-05
2532,1.1004350244038656e-05
2533,4.819834247159793e-05
2534,1.2523040583816098e-05
2535,1.836690989911593e-05
2536,1.5301653866862183e-05
2537,9.489074365034779e-06
2538,1.1453354286263499e-05
2539,3.943507885852489e-05
2540,3.140310502276424e-05
2541,1.4500772370783006e-05
2542,6.142834100629383e-06
2543,1.9149646414572368e-05
2544,7.273316748192013e-05
2545,1.00758020558691e-05
2546,1.1453354286263499e-05
2547,1.0474522801572617e-05
2548,1.9209576649058e-05
2549,9.497136086334239e-06
2550,1.0218714753299135e-05
2551,9.582707565010591e-06
2552,1.4364671807594408e-05
2553,5.7415367530762767e-05
2554,1.0365859094959847e-05
2555,1.5608089529007567e-05
2556,1.0639045552312857e-05
2557,1.2204527911802652e-05
2558,1.0336096338087536e-05
2559,9.667392672126224e-06
2560,9.777263074180927e-06
2561,0.00034630269028737765
2562,1.2795788404948052e-05
2563,3.3558986515593085e-05
2564,1.8674264256557227e-05
2565,2.3145150454708353e-05
2566,1.713706397962972e-05
2567,1.6226575819731493e-05
2568,9.74454702862083e-06
2569,3.8545183681450906e-05
2570,5.4684229022534505e-05
2571,9.434906633416035e-06
2572,9.98898602574496e-06
2573,2.5839421649763053e-05
2574,9.289948335583e-06
2575,1.1364417115222792e-05
2576,8.353867252994451e-06
2577,9.493588591525832e-06
2578,3.3091932907728043e-05
2579,1.7216465918898466e-05
2580,1.5951051600879274e-05
2581,1.0639045552312857e-05
2582,1.4472157442928997e-05
2583,1.139810098846653e-05
2584,1.14672736681883e-05
2585,1.4018751820382514e-05
2586,3.110117571986954e-05
2587,3.274119495488344e-05
2588,9.967603528957248e-06
2589,1.0711341726803775e-05
2590,9.804799282565535e-06
2591,6.848318894276419e-06
2592,1.0598164728847593e-05
2593,9.908087847875337e-06
2594,1.3761984250670257e-05
2595,9.908087847875337e-06
2596,9.567382476592197e-06
2597,1.1398788038460363e-05
2598,5.522535152762496e-05
2599,0.00018767248434692048
2600,2.4834080887503933e-05
2601,1.00595519188609e-05
2602,8.316408602707099e-06
2603,2.499204061521282e-05
2604,1.0336096338087536e-05
2605,9.497136086334239e-06
2606,1.1131852832364164e-05
2607,9.493588591525832e-06
2608,9.439127771363733e-06
2609,9.896272091706858e-06
2610,1.9755177333994433e-05
2611,9.720723507752985e-06
2612,1.7348617114291984e-05
2613,2.6538947162687554e-05
2614,8.381642699285752e-06
2615,9.317540546083008e-06
2616,9.024897217262012e-06
2617,6.218336400259329e-06
2618,1.699219203984375e-05
2619,8.45349111778105e-06
2620,2.2414038652433822e-05
2621,2.4728638773835768e-05
2622,4.7829493521556086e-05
2623,8.839672031365243e-06
2624,5.186808650337345e-05
2625,8.184625832172077e-06
2626,1.1904958243208149e-05
2627,5.9677043372267534e-05
2628,0.00011924742879005827
2629,4.944067831665051e-05
2630,1.3480440126824566e-05
2631,0.00016049752790385513
2632,1.0614819942957108e-05
2633,9.339471607813863e-06
2634,9.86788215339441e-06
2635,1.6102366101768837e-05
2636,9.270778132472718e-06
2637,8.35108128676514e-06
2638,9.84128048041037e-06
2639,1.1413605809791496e-05
2640,1.962369277071793e-05
2641,8.041256647600513e-05
2642,9.681320269540957e-06
2643,1.0369786528028124e-05
2644,0.00017340989406202024
2645,0.00024384973825980144
2646,1.0327374865332602e-05
2647,1.3972246923708247e-05
2648,1.9764556079361946e-05
2649,1.0501844755673104e-05
2650,1.0614819942957108e-05
2651,2.58451372313214e-05
2652,1.0558042072649292e-05
2653,9.777263074180927e-06
2654,3.0289643611851972e-05
2655,1.739940606481939e-05
2656,9.86788215339441e-06
2657,2.2305261907783924e-05
2658,1.0474522801572617e-05
2659,0.00016797484375129912
2660,1.1131852832364164e-05
2661,2.465403273323222e-05
2662,1.1364417115222792e-05
2663,5.128685909905793e-05
2664,2.0114130369036676e-05
2665,1.6380346530990517e-05
2666,0.0001972367615259878
2667,1.6360669304907713e-05
2668,9.84128048041037e-06
2669,1.8872786575952146e-05
2670,9.690616076324506e-06
2671,1.0770814934632905e-05
2672,9.395147227376721e-05
2673,2.367065088905763e-05
2674,1.0691282150835419e-05
2675,9.582707565010591e-06
2676,9.956974897762962e-06
2677,3.216849458150009e-05
2678,3.8083604269831304e-05
2679,1.0678217015801007e-05
2680,1.1029448466982983e-05
2681,9.986120975271117e-06
2682,1.7953748335965148e-05
2683,1.036236578670301e-05
2684,0.0002237176528950388
2685,2.0047556173877365e-05
2686,9.293040134460558e-06
2687,1.739940606481939e-05
2688,9.316842424275981e-06
2689,1.6616492807852307e-05
2690,1.024622844441018e-05
2691,9.875238193826672e-06
2692,9.63849168571555e-06
2693,9.105964578815469e-06
2694,1.542497068570321e-05
2695,3.153664936226819e-05
2696,0.00036685241959048755
2697,9.875238193826672e-06
2698,4.021054994959044e-05
2699,1.0474522801572617e-05
2700,5.469377564011524e-06
2701,6.114025001366874e-05
2702,1.547915256099893e-05
2703,3.9456408490793874e-05
2704,0.00011521636162577437
2705,4.7658608477125595e-05
2706,3.2689929971544927e-05
2707,3.90986289141005e-05
2708,1.0015019411163172e-05
2709,9.63908308380622e-06
2710,9.935008023651504e-06
2711,0.00010271026264978033
2712,5.13300924322605e-05
2713,1.0678217015801007e-05
2714,1.0053411756575844e-05
2715,1.0327374865332602e-05
2716,9.076566886993103e-06
2717,9.170991394914389e-05
2718,5.4608749454719496e-06
2719,5.5356908591093174e-05
2720,1.6290828505164673e-05
2721,9.007728934627767e-06
2722,0.00011404248617443418
2723,1.962369277071793e-05
2724,1.052641146073085e-05
2725,1.0264489145142471e-05
2726,1.1594325978611455e-05
2727,1.280742674021427e-05
2728,1.0523567967782293e-05
2729,1.0093258079298354e-05
2730,1.280742674021427e-05
2731,8.862252582906677e-06
2732,0.0001125501850243613
2733,0.0010469604756945506
2734,1.3100551993086592e-05
2735,1.4895450088301274e-05
2736,9.63849168571555e-06
2737,2.798102024524037e-05
2738,1.0044546564286435e-05
2739,9.83359020575719e-06
2740,1.5355649102808712e-05
2741,9.809582392541579e-06
2742,2.6293169840734572e-05
2743,2.680744651385984e-05
2744,9.105964578815469e-06
2745,9.399877875532114e-06
2746,2.371668082276658e-05
2747,9.654870802543586e-06
2748,1.2019060333386763e-05
2749,9.128951749126823e-05
2750,6.87753526383783e-05
2751,1.0218714753299135e-05
2752,3.231426976285556e-05
2753,1.9288918865848836e-05
2754,1.0395100361401984e-05
2755,6.183289540116145e-05
2756,1.3166075531457237e-05
2757,8.791482199158835e-06
2758,4.9210260826821295e-06
2759,1.9325010112631227e-05
2760,7.943426795483605e-05
2761,2.6824334558967328e-05
2762,1.0395100361401984e-05
2763,0.00012292131515682277
2764,1.0395100361401984e-05
2765,9.855818921322782e-06
2766,9.793412700163626e-06
2767,1.0327811939182512e-05
2768,1.4862479997752372e-05
2769,1.7364649684652795e-05
2770,1.0711341726803775e-05
2771,9.510111211076036e-06
2772,4.561310528118881e-06
2773,5.544377259682145e-05
2774,1.0523880672159554e-05
2775,9.986120975271117e-06
2776,9.582707565010591e-06
2777,6.162605517118313e-06
2778,1.0327811939182512e-05
2779,1.5608089529007567e-05
2780,9.489074365034779e-06
2781,9.715239379587256e-06
2782,1.050537032126487e-05
2783,1.0719318706660731e-05
2784,1.2204527911802652e-05
2785,1.0641409131589505e-05
2786,8.900231607773971e-06
2787,2.409818314275047e-05
2788,8.966816258866327e-06
2789,8.674958738307506e-06
2790,1.859286391720135e-05
2791,0.00010734045013131188
2792,9.728168383333168e-06
2793,1.0248059245605469e-05
2794,1.1072958869998366e-05
2795,2.343028825304569e-05
2796,8.425454016943824e-05
2797,1.0605862121923956e-05
2798,1.050537032126487e-05
2799,3.449320874977041e-05
2800,1.5931820655393905e-05
2801,1.6360669304907713e-05
2802,9.901718571693991e-06
2803,9.048068213875043e-05
2804,1.2386260181243683e-05
2805,1.606789288035782e-05
2806,9.897250846409457e-06
2807,1.2288780948123302e-05
2808,2.0988582004262133e-05
2809,2.2253415055616113e-05
2810,4.217476442990428e-05
2811,1.017154309342146e-05
2812,2.3215719657203706e-05
2813,2.0694290286862346e-05
2814,1.3124703986751003e-05
2815,0.0005223431451234345
2816,6.478777032776298e-05
2817,3.5176471115090526e-05
2818,3.908222711158884e-05
2819,6.139749769906579e-05
2820,5.660004751502464e-06
2821,9.317540546083008e-06
2822,1.6412132541359105e-05
2823,1.0610711704845131e-05
2824,5.725162351868401e-06
2825,9.876348029005935e-06
2826,9.138178963690783e-06
2827,1.0296113256437114e-05
2828,1.8652039920852506e-05
2829,1.4875798373508094e-05
2830,5.533996846189382e-05
2831,1.7944057742060736e-05
2832,1.3637129179545775e-05
2833,1.1665267082120567e-05
2834,3.550328911381741e-05
2835,1.4275828361283299e-05
2836,1.0241717869620738e-05
2837,1.0641409131589505e-05
2838,1.0614819942957108e-05
2839,9.956974897762962e-06
2840,2.2078881955648576e-05
2841,1.2039091181769635e-05
2842,4.299445931398925e-05
2843,2.3014510040803595e-05
2844,1.6408284352282673e-05
2845,2.7362253925957297e-05
2846,7.078266333764462e-05
2847,1.1476600297527835e-05
2848,9.897250846409457e-06
2849,2.3892373622157936e-05
2850,1.1542455236127653e-05
2851,0.0004822279985425452
2852,2.0989223357805513e-05
2853,3.0858408599848104e-05
2854,1.2671780489160915e-05
2855,1.2113469516883801e-05
2856,1.139810098846653e-05
2857,1.5160553706178775e-05
2858,3.46925212078058e-05
2859,2.1516846744133084e-05
2860,2.0822533296546685e-05
2861,9.699998832179042e-06
2862,2.128060895009675e-05
2863,8.716259692959632e-06
2864,1.779174195617724e-05
2865,1.0688941906292139e-05
2866,1.4211461636722e-05
2867,1.0347163086799967e-05
2868,1.5322635288665993e-05
2869,2.2052191741487107e-05
2870,5.1168840443215255e-05
2871,5.797881986608538e-05
2872,1.0347163086799967e-05
2873,1.42849203066273e-05
2874,9.21288922684213e-06
2875,1.504721082571649e-05
2876,8.98613338073191e-06
2877,1.6657038127133375e-05
2878,1.16452300893274e-05
2879,2.79748450341403e-05
2880,0.0002628305957648519
2881,9.493588591525832e-06
2882,2.1043804885908325e-05
2883,3.994184131212807e-05
2884,1.6961484941538588e-05
2885,2.8505522983342097e-05
2886,9.434520593808654e-06
2887,1.2032706307433641e-05
2888,9.632499591488105e-06
2889,1.1317600624029021e-05
2890,8.57729752388675e-06
2891,1.0818983916402888e-05
2892,1.0165217108108049e-05
2893,1.2529614893840324e-05
2894,1.050537032126487e-05
2895,9.274634413796507e-06
2896,9.725920108296228e-06
2897,1.0523567967782293e-05
2898,2.613123743782097e-05
2899,1.0323798207862645e-05
2900,1.962369277071793e-05
2901,2.26740693773142e-05
2902,2.6792499924315422e-05
2903,9.190780516689155e-06
2904,1.0327374865332602e-05
2905,9.875238193826672e-06
2906,9.779141176581009e-06
2907,1.0587009329418567e-05
2908,1.5172918017456835e-05
2909,1.4438594544152923e-05
2910,9.255411106325404e-06
2911,9.563183498384039e-06
2912,9.053328994739186e-06
2913,1.1104152863120281e-05
2914,1.0323798207862645e-05
2915,1.5065910384888402e-05
2916,1.145795212043991e-05
2917,2.2348921545647142e-05
2918,6.284483474169768e-05
2919,2.014323746575023e-05
2920,8.881599773114271e-06
2921,1.4847405340396893e-05
2922,1.9448175662806815e-05
2923,9.63849168571555e-06
2924,7.600365966764404e-06
2925,1.6679394952168224e-05
2926,3.0251755135989328e-05
2927,3.659867334994321e-05
2928,2.6907441444907137e-05
2929,1.0560123404569157e-05
2930,2.2907334251449506e-05
2931,4.773898673496477e-05
2932,9.967603528957248e-06
2933,1.1029448466982983e-05
2934,2.4035146849252108e-05
2935,1.0327374865332602e-05
2936,2.32626733715706e-05
2937,1.2535758503666293e-05
2938,9.967603528957248e-06
2939,9.655747257728404e-06
2940,8.766594802060043e-05
2941,1.1453354286263499e-05
2942,8.674958738307506e-06
2943,1.0369786528028124e-05
2944,1.5297262696282424e-05
2945,9.967603528957248e-06
2946,9.076566886993103e-06
2947,3.429079353676513e-05
2948,1.7496881656708872e-05
2949,8.530722915133776e-06
2950,2.0519634845211998e-05
2951,3.014603058447998e-05
2952,1.072046261837092e-05
2953,1.4970339696497952e-05
2954,2.7104200513686343e-05
2955,1.16117097546835e-05
2956,1.5121482695044454e-05
2957,1.1118294444784053e-05
2958,2.7050658938169457e-05
2959,1.0846275897866931e-05
2960,1.0213357406846318e-05
2961,1.3553713199137633e-05
2962,0.0003235811640293132
2963,9.463714720507445e-06
2964,2.1328474573697038e-05
2965,1.1118294444784053e-05
2966,1.353974428103868e-05
2967,8.966816258866327e-06
2968,9.434906633416035e-06
2969,1.1022989657855392e-05
2970,4.5151385174753476e-05
2971,1.6090750206091212e-05
2972,1.0241717869620738e-05
2973,9.875238193826672e-06
2974,1.0270470779057243e-05
2975,1.0719318706660731e-05
2976,1.145795212043991e-05
2977,1.315467809777112e-05
2978,1.6102366101768837e-05
2979,1.052641146073085e-05
2980,0.000185207558913216
2981,1.240405310203985e-05
2982,1.5075611908220997e-05
2983,9.715239379587256e-06
2984,1.0998759080324583e-05
2985,1.620161493140177e-05
2986,3.499872656322928e-05
2987,0.0004185393201697713
2988,2.0654512168795214e-05
2989,1.4132023922455826e-05
2990,9.053328994739186e-06
2991,5.253687832912573e-05
2992,9.499363410106409e-06
2993,9.728168383333168e-06
2994,3.052050233756695e-05
2995,1.1364417115222792e-05
2996,9.05804862443082e-06
2997,9.02497625970319e-06
2998,6.927165527238421e-05
2999,1.1498732401418236e-05
3000,3.500239127023694e-05
3001,0.00021326683244258376
3002,0.00016257485665374568
3003,1.5737717227170055e-05
3004,9.076566886993103e-06
3005,3.2181576972992653e-05
3006,1.174121193020162e-05
3007,1.108558325863586e-05
3008,1.0833485893886806e-05
3009,0.00030139153398408354
3010,2.9471137286169056e-05
3011,5.402268615894357e-05
3012,1.0296113256437114e-05
3013,0.0004703900186973395
3014,2.0109862155126506e-05
3015,1.0395100361401984e-05
3016,4.400388811436056e-05
3017,1.0053411756575844e-05
3018,9.63908308380622e-06
3019,9.399877875532114e-06
3020,5.743482595906964e-05
3021,1.718366150649879e-05
3022,1.5441091755617044e-05
3023,1.0637314892586927e-05
3024,1.305159326232427e-05
3025,1.0650730644944786e-05
3026,2.0955519046874517e-05
3027,0.0004216906304313919
3028,9.439127771363733e-06
3029,1.5256784157427835e-05
3030,1.1498732401418236e-05
3031,4.188449932363933e-05
3032,1.2263073709424741e-05
3033,3.2893480969346915e-05
3034,1.0998759080324583e-05
3035,9.289948335583e-06
3036,1.0347163086799967e-05
3037,1.0711341726803775e-05
3038,9.61567250659419e-06
3039,1.8972643215934295e-05
3040,1.0406263609766445e-05
3041,1.1029448466982983e-05
3042,1.000267214017536e-05
3043,8.590149903225016e-06
3044,1.1446736855642405e-05
3045,1.0165217108108049e-05
3046,9.875238193826672e-06
3047,1.2002464372649052e-05
3048,9.91480548679001e-06
3049,1.16117097546835e-05
3050,7.992781377142298e-06
3051,8.674958738307506e-06
3052,8.98613338073191e-06
3053,2.1532789237400304e-05
3054,9.655747257728404e-06
3055,1.0608279290858941e-05
3056,1.9080239049479647e-05
3057,9.530479144825802e-06
3058,1.343604744412327e-05
3059,9.875238193826672e-06
3060,1.468505479946483e-05
3061,1.5608089529007567e-05
3062,9.728168383333168e-06
3063,1.592720402134552e-05
3064,1.1861338859021963e-05
3065,1.1542455236127653e-05
3066,1.0474522801572617e-05
3067,7.55205999585218e-05
3068,9.582707565010591e-06
3069,1.653148879450886e-05
3070,1.1398788038460363e-05
3071,3.896533027234427e-05
3072,7.900968631603151e-06
3073,9.463714720507445e-06
3074,1.7339895641537048e-05
3075,1.2574856437954157e-05
3076,8.862252582906677e-06
3077,3.482318102699639e-05
3078,1.4362661394807078e-05
3079,9.37368426311911e-06
3080,1.1877378251394953e-05
3081,1.1190914478695744e-05
3082,9.399491531494186e-06
3083,9.84128048041037e-06
3084,1.5111934300433655e-05
3085,9.74983946570471e-06
3086,9.573603815458379e-06
3087,8.980088304004427e-06
3088,4.81181003493866e-05
3089,1.0770814934632905e-05
3090,0.0003930545526600868
3091,1.4554122491789938e-05
3092,1.0605862121923956e-05
3093,8.74946123010101e-06
3094,3.5670235765588966e-05
3095,1.9546388936362025e-05
3096,1.0264489145142471e-05
3097,1.8339087740352678e-05
3098,2.712922860851943e-05
3099,1.5951051600879274e-05
3100,1.9177385347137987e-05
3101,9.697915604753337e-06
3102,1.6572120369528994e-05
3103,2.633243225155243e-05
3104,2.4900985225633683e-05
3105,9.746406357827071e-06
3106,9.339471607813863e-06
3107,2.0248288465866848e-05
3108,1.3638731294397522e-05
3109,7.900968631603151e-06
3110,3.9662253475199164e-05
3111,1.0327374865332602e-05
3112,1.549670982756529e-05
3113,5.028942577226272e-05
3114,1.1398788038460363e-05
3115,2.2518217975093308e-05
3116,3.565733360402757e-05
3117,1.5369477707832813e-05
3118,1.1029448466982983e-05
3119,1.9755177333994433e-05
3120,1.353974428103868e-05
3121,8.880679081288482e-06
3122,9.632499591488105e-06
3123,0.00035509650835474274
3124,9.589580765736588e-06
3125,1.1904958243208149e-05
3126,8.674958738307506e-06
3127,1.0875680193864348e-05
3128,9.053328994739186e-06
3129,3.90890673653582e-05
3130,1.504721082571649e-05
3131,9.215423587209066e-06
3132,2.9491809920566722e-05
3133,2.0404793102368637e-05
3134,1.3091972186581859e-05
3135,3.099558508934438e-05
3136,1.5260180070604955e-05
3137,9.187772221265003e-06
3138,2.057956050970426e-05
3139,8.864262995694006e-06
3140,1.7288946123806007e-05
3141,1.687234228380961e-05
3142,8.423577999744469e-06
3143,0.00010000638934691447
3144,1.0320122706611893e-05
3145,1.0360425969893026e-05
3146,0.000233579184874426
3147,2.0648282828924316e-05
3148,9.573603815458379e-06
3149,9.22237046987849e-06
3150,1.003161474217399e-05
3151,1.177697881591642e-05
3152,8.353867252994451e-06
3153,9.434906633416035e-06
3154,2.355686904270965e-05
3155,6.448856771656077e-05
3156,9.875238193826672e-06
3157,1.0152000896655648e-05
3158,1.16452300893274e-05
3159,2.0428665912082154e-05
3160,1.0304389685578956e-05
3161,1.0691282150835419e-05
3162,1.0152000896655648e-05
3163,1.024622844441018e-05
3164,3.0036111092586497e-05
3165,5.432002254677977e-06
3166,2.9993276082938695e-05
3167,2.8872478462072622e-05
3168,1.0320122706611893e-05
3169,3.44249572133546e-05
3170,9.885989024162485e-06
3171,8.316408602707099e-06
3172,1.1317600624029021e-05
3173,1.6870816068733344e-05
3174,9.567382476592197e-06
3175,1.9799528952506122e-05
3176,9.573603815458379e-06
3177,1.0369786528028124e-05
3178,2.87810659739946e-05
3179,1.2386260181243683e-05
3180,1.2060090925782294e-05
3181,1.4197025688803654e-05
3182,1.836690989911593e-05
3183,9.552202977205576e-06
3184,9.417928224364459e-05
3185,3.415106775869772e-05
3186,1.2002464372649052e-05
3187,1.4375226044983984e-05
3188,9.476399044439624e-06
3189,6.450656689139073e-06
3190,1.3246244734768097e-05
3191,2.1622968267200807e-05
3192,1.723461741053332e-05
3193,2.3988487910906337e-05
3194,0.00017071389013635204
3195,3.317406101879165e-05
3196,1.9138657337489316e-05
3197,1.3074226847997412e-05
3198,1.8131658311937904e-05
3199,4.8406892154425196e-05
3200,1.6255548222316765e-05
3201,1.7578181386635743e-05
3202,9.138178963690783e-06
3203,1.8331823200630313e-05
3204,9.255411106325404e-06
3205,3.4922173154179135e-05
3206,1.3735905664245764e-05
3207,1.4639261731368058e-05
3208,0.00032791436537492666
3209,1.4055313972788839e-05
3210,1.177697881591642e-05
3211,1.0008352767091742e-05
3212,1.5626569880981603e-05
3213,2.3973525692922328e-05
3214,9.244975147240444e-06
3215,1.0336096338087536e-05
3216,1.396535951379383e-05
3217,1.1581591593786284e-05
3218,6.803165163678163e-05
3219,4.8283522651856254e-05
3220,4.552263925919721e-05
3221,1.3071502979272158e-05
3222,1.4875798373508094e-05
3223,0.0002861240911047229
3224,9.317540546083008e-06
3225,1.0327811939182512e-05
3226,1.3836739162347253e-05
3227,1.1072958869998366e-05
3228,3.2993613407402835e-05
3229,4.2876277872008654e-05
3230,1.0135758113313978e-05
3231,1.2039091181769635e-05
3232,1.566721974545432e-05
3233,9.35141338334851e-06
3234,1.4749330329954085e-05
3235,1.1510848380920765e-05
3236,9.593922196304636e-06
3237,2.137341144353836e-05
3238,1.6689844262928864e-05
3239,1.3100551993086592e-05
3240,7.4137074395127525e-06
3241,1.542547374342764e-05
3242,1.1355015410120625e-05
3243,1.62792354432099e-05
3244,5.171406679232845e-05
3245,1.0651734090915297e-05
3246,9.575534257900319e-06
3247,8.969077104345952e-06
3248,1.2647750262270231e-05
3249,2.3313357746245417e-05
3250,1.2535758503666293e-05
3251,8.791482199158835e-06
3252,1.922859391507047e-05
3253,9.593922196304636e-06
3254,9.967603528957248e-06
3255,1.6339188935354345e-05
3256,1.3124703986751003e-05
3257,1.0637853883326657e-05
3258,9.093273707967679e-06
3259,1.1905788186692852e-05
3260,9.076566886993103e-06
3261,1.6767064995283458e-05
3262,1.1019279807699367e-05
3263,3.0417040888885668e-05
3264,0.00018802179389572604
3265,1.857152212112641e-05
3266,1.895249739436704e-05
3267,9.718210177599535e-06
3268,1.542579759691195e-05
3269,2.658029220721099e-05
3270,1.9650038781828172e-05
3271,9.552202977205576e-06
3272,8.674958738307506e-06
3273,1.0226947814012442e-05
3274,1.6935921895434272e-05
3275,9.024897217262012e-06
3276,1.3913469607568114e-05
3277,2.4274443947923923e-05
3278,1.7435999817669115e-05
3279,1.9509158897536807e-05
3280,0.0002998297538841348
3281,9.875238193826672e-06
3282,9.190780516689155e-06
3283,8.115758372517354e-05
3284,1.4472157442928997e-05
3285,1.0066991580100452e-05
3286,1.313529346607597e-05
3287,0.0002468523538962925
3288,1.0152000896655648e-05
3289,1.3064375848985305e-05
3290,1.0770814934632905e-05
3291,7.807470566608943e-05
3292,1.0452836128321915e-05
3293,7.498190359891659e-05
3294,9.053328994739186e-06
3295,1.0839835555999003e-05
3296,6.355979621359743e-05
3297,1.5625772423762285e-05
3298,9.908381712638796e-06
3299,1.9478051489672222e-05
3300,1.1261317758557567e-05
3301,1.1261317758557567e-05
3302,0.00018037214362351064
3303,1.0008352767091742e-05
3304,4.106004086308974e-05
3305,4.24325932219572e-05
3306,5.6995258643290595e-05
3307,1.4555524446835056e-05
3308,2.533715161209182e-05
3309,1.638014655547175e-05
3310,1.1078478163378258e-05
3311,0.0003029583174330646
3312,3.569626457588347e-05
3313,9.986120975271117e-06
3314,2.3534322842286906e-05
3315,1.6846969827262133e-05
3316,1.3309259187963309e-05
3317,1.909184034756954e-05
3318,1.62792354432099e-05
3319,9.697915604753337e-06
3320,1.1703085965558177e-05
3321,1.1407847813587565e-05
3322,1.0441326443113213e-05
3323,1.4669954725421873e-05
3324,1.1398788038460363e-05
3325,2.1938604545208658e-05
3326,1.353974428103868e-05
3327,1.9546388936362025e-05
3328,1.0673198845483249e-05
3329,9.422703642885622e-06
3330,3.34507037140753e-05
3331,1.4472157442928997e-05
3332,1.0365859094959847e-05
3333,0.00033479406872773674
3334,1.0226947814012442e-05
3335,1.1028616036275543e-05
3336,9.967603528957248e-06
3337,3.821999760865311e-05
3338,1.7033705471612478e-05
3339,1.0360425969893026e-05
3340,8.674958738307506e-06
3341,9.024897217262012e-06
3342,9.434838296707893e-06
3343,2.270350915686583e-05
3344,6.697958124039644e-06
3345,1.5912108715771363e-05
3346,8.74946123010101e-06
3347,9.804799282565535e-06
3348,9.289948335583e-06
3349,1.5880442779396417e-05
3350,1.353974428103868e-05
3351,1.009278174243314e-05
3352,3.648943947316416e-05
3353,1.3519758028382828e-05
3354,1.7257744284595406e-05
3355,2.2673863236960962e-05
3356,2.365939378117414e-05
3357,1.0689881014854909e-05
3358,1.0264489145142471e-05
3359,1.734549958293393e-05
3360,9.967603528957248e-06
3361,1.44323727121021e-05
3362,1.6780160400169423e-05
3363,8.8687787159733e-06
3364,2.1190613278072886e-05
3365,1.0637314892586927e-05
3366,2.3513465253036265e-05
3367,1.5519215693883322e-05
3368,9.493588591525832e-06
3369,7.935958174012888e-06
3370,9.804799282565535e-06
3371,9.514281501058351e-06
3372,9.254412739787047e-06
3373,8.530722915133776e-06
3374,2.008805442318722e-05
3375,2.9408645023018173e-05
3376,9.582707565010591e-06
3377,1.405705535578172e-05
3378,2.6858599407644944e-05
3379,8.900231607773971e-06
3380,8.674958738307506e-06
3381,2.161695065778583e-05
3382,1.177697881591642e-05
3383,1.3022978431850824e-05
3384,8.530722915133776e-06
3385,1.1004350244038656e-05
3386,1.0015019411163172e-05
3387,2.0831911765812862e-05
3388,9.46984213922782e-06
3389,3.2898687297207105e-05
3390,4.808455979327323e-05
3391,1.7831464028695882e-05
3392,1.780220344465618e-05
3393,8.674958738307506e-06
3394,1.1229740216439755e-05
3395,1.5735632723723202e-05
3396,0.00026571211724125645
3397,1.0332553080377697e-05
3398,1.1398788038460363e-05
3399,0.00024222826480924196
3400,3.292454146737562e-05
3401,3.139015707175492e-05
3402,1.1518484203629429e-05
3403,5.039932610099146e-05
3404,1.8878201918944534e-05
3405,0.00016138441671462143
3406,1.2616202941595436e-05
3407,1.1398788038460363e-05
3408,2.6799655280261607e-05
3409,8.839672031365243e-06
3410,1.0165217108108049e-05
3411,1.831482437357273e-05
3412,1.4276221890895706e-05
3413,1.16117097546835e-05
3414,6.848318894276419e-06
3415,1.5042149778973176e-05
3416,1.313529346607597e-05
3417,1.527699598275307e-05
3418,1.9512755623930006e-05
3419,0.0001360361635915703
3420,2.257155445523415e-05
3421,1.5236163296462498e-05
3422,9.439127771363733e-06
3423,2.2570798078206578e-05
3424,1.0304389685578956e-05
3425,1.0523567967782293e-05
3426,3.231868210020897e-05
3427,4.259632461938856e-05
3428,9.497136086334239e-06
3429,3.946593135872349e-05
3430,0.00017539643800312498
3431,2.8637942623918537e-05
3432,1.5172918017456835e-05
3433,1.1072958869998366e-05
3434,6.848318894276419e-06
3435,1.0395100361401984e-05
3436,2.5350648511216753e-05
3437,1.1904958243208149e-05
3438,9.316842424275981e-06
3439,9.86788215339441e-06
3440,8.927377406965493e-06
3441,1.2650836532082414e-05
3442,0.00012491709368771196
3443,8.503783769685729e-06
3444,1.689962394072419e-05
3445,1.5574292469066757e-05
3446,9.875238193826672e-06
3447,9.86788215339441e-06
3448,3.3251669517395474e-05
3449,9.775649902071626e-06
3450,9.948291810840633e-06
3451,9.270778132472718e-06
3452,1.1078478163378258e-05
3453,1.4124432860886148e-05
3454,3.0305334501831018e-05
3455,2.063770068385391e-05
3456,2.0623732446829796e-05
3457,1.0689881014854909e-05
3458,1.962369277071793e-05
3459,6.674408288524918e-06
3460,9.053328994739186e-06
3461,1.1498732401418236e-05
3462,9.98898602574496e-06
3463,5.286176513536342e-05
3464,9.861512805350344e-06
3465,1.5126133799486783e-05
3466,2.4731915731476004e-05
3467,5.502575943461914e-05
3468,9.804799282565535e-06
3469,9.076566886993103e-06
3470,9.317540546083008e-06
3471,1.5646986909958167e-05
3472,1.2639093002656946e-05
3473,2.7255142114864885e-05
3474,1.542579759691195e-05
3475,8.98613338073191e-06
3476,3.9104912122966977e-05
3477,1.0441326443113213e-05
3478,8.38647689683554e-06
3479,1.0190781318694255e-05
3480,3.801045667405427e-05
3481,1.4571935453946875e-05
3482,5.055712280523036e-05
3483,1.3194176966599353e-05
3484,2.1515324080971948e-05
3485,8.848748200179625e-06
3486,1.7831464028695882e-05
3487,9.167046619281176e-06
3488,1.1141307992344001e-05
3489,1.0406263609766445e-05
3490,9.855818921322782e-06
3491,1.7514812905054196e-05
3492,9.885989024162485e-06
3493,1.5161884584182934e-05
3494,1.0044546564286435e-05
3495,2.3326146855042436e-05
3496,9.463714720507445e-06
3497,9.339471607813863e-06
3498,2.006024894294209e-05
3499,9.728168383333168e-06
3500,4.723388583583923e-05
3501,8.874399124719438e-06
3502,1.1398788038460363e-05
3503,9.793412700163626e-06
3504,1.0523567967782293e-05
3505,1.4952910305632511e-05
3506,1.305159326232427e-05
3507,1.4472157442928997e-05
3508,1.4901445636237312e-05
3509,9.46984213922782e-06
3510,1.206237794957882e-05
3511,2.1467743460327267e-05
3512,9.497136086334239e-06
3513,9.63849168571555e-06
3514,1.374552916434338e-05
3515,9.63908308380622e-06
3516,7.67957681734087e-06
3517,2.2916558446215505e-05
3518,9.187772221265003e-06
3519,1.0523880672159554e-05
3520,9.460412405344382e-05
3521,1.1453354286263499e-05
3522,3.8342202239640406e-05
3523,1.9501763704378446e-05
3524,6.145814894806767e-06
3525,8.832117818009644e-06
3526,9.885989024162485e-06
3527,1.9158739990078604e-05
3528,9.602138300744518e-06
3529,1.4049724767648021e-05
3530,1.1028616036275543e-05
3531,9.582707565010591e-06
3532,0.0005775512180287615
3533,1.9467926398403568e-05
3534,1.0414935439835905e-05
3535,1.4297827770261287e-05
3536,5.98922929968418e-05
3537,9.552202977205576e-06
3538,2.4633629013170512e-05
3539,1.4884832942543028e-05
3540,1.353974428103868e-05
3541,6.47770572288029e-06
3542,9.98898602574496e-06
3543,1.045648312641421e-05
3544,0.0003285429812358744
3545,2.310634922786713e-05
3546,5.389582202210001e-05
3547,4.939965527091209e-05
3548,8.674958738307506e-06
3549,1.313529346607597e-05
3550,1.028892948360175e-05
3551,8.07606026174172e-05
3552,2.534875686306767e-05
3553,0.0003321624563026125
3554,5.330244508974136e-06
3555,2.385375156462102e-05
3556,6.674408288524918e-06
3557,1.0053411756575844e-05
3558,6.848318894276419e-06
3559,2.9289035058545605e-05
3560,1.4010618778407947e-05
3561,9.83086475285655e-06
3562,8.791670321956946e-06
3563,1.353974428103868e-05
3564,4.4323201326371416e-05
3565,1.9755177333994433e-05
3566,9.439127771363733e-06
3567,4.065202507064656e-05
3568,3.0241501089913504e-05
3569,1.0226947814012442e-05
3570,1.0523567967782293e-05
3571,9.489074365034779e-06
3572,1.496399563723397e-05
3573,2.0617404334401497e-05
3574,1.1104152863120281e-05
3575,1.0093258079298354e-05
3576,1.0558042072649292e-05
3577,2.916141087273046e-05
3578,5.4794880581554625e-05
3579,1.5509000244194757e-05
3580,1.1078478163378258e-05
3581,1.4609501232657317e-05
3582,1.0896042873277623e-05
3583,2.3101785169295996e-05
3584,1.417536755020791e-05
3585,9.05804862443082e-06
3586,7.527818660629503e-06
3587,1.1637314087886803e-05
3588,1.177697881591642e-05
3589,1.2288780948123302e-05
3590,9.489074365034779e-06
3591,4.3441456775529625e-05
3592,9.59484738868822e-06
3593,1.2529614893840324e-05
3594,9.239550899912532e-06
3595,6.333986590406518e-06
3596,8.75678691026644e-06
3597,9.289948335583e-06
3598,4.882888170568896e-05
3599,0.00011201993579979615
3600,9.439127771363733e-06
3601,1.0218714753299135e-05
3602,9.493588591525832e-06
3603,1.0327374865332602e-05
3604,1.5400485357673907e-05
3605,2.0059051189590566e-05
3606,2.37778829005356e-05
3607,7.55205999585218e-05
3608,9.149489293946556e-06
3609,1.3833951500351187e-05
3610,1.0213357406846318e-05
3611,7.55205999585218e-05
3612,1.2288780948123302e-05
3613,1.5880442779396417e-05
3614,1.8092050745997626e-05
3615,1.6235573362779445e-05
3616,2.566021106149249e-05
3617,9.489074365034779e-06
3618,1.16117097546835e-05
3619,1.2058786164846864e-05
3620,1.6573010486478536e-05
3621,1.0560123404569157e-05
3622,9.879854495037761e-06
3623,1.4832965890585151e-05
3624,1.177697881591642e-05
3625,1.5880442779396417e-05
3626,1.3261524197022263e-05
3627,2.9640015394773788e-05
3628,2.5665710378169465e-05
3629,1.3836739162347253e-05
3630,3.357853515011768e-05
3631,5.330244508974136e-06
3632,8.767001534425418e-06
3633,4.611323327592556e-05
3634,1.450895937654189e-05
3635,9.489074365034779e-06
3636,1.5254975402569197e-05
3637,3.258361874904506e-05
3638,1.701956596748626e-05
3639,1.8302549845088357e-05
3640,1.0152000896655648e-05
3641,1.2113469516883801e-05
3642,1.4976308147503926e-05
3643,1.150272742503856e-05
3644,9.21288922684213e-06
3645,9.476399044439624e-06
3646,9.728168383333168e-06
3647,9.720723507752985e-06
3648,1.948197600795911e-05
3649,1.1453354286263499e-05
3650,8.862252582906677e-06
3651,1.7981250559690183e-05
3652,1.6259975473272875e-05
3653,1.2529614893840324e-05
3654,6.333986590406518e-06
3655,5.042004775800123e-05
3656,9.986120975271117e-06
3657,1.5167367457495105e-05
3658,3.253994014882271e-05
3659,1.4821541506266123e-05
3660,1.0327374865332602e-05
3661,1.050537032126487e-05
3662,1.3771968045980782e-05
3663,1.8784339259544823e-05
3664,1.0501844755673104e-05
3665,2.1298476031562156e-05
3666,1.0711341726803775e-05
3667,9.007728934627767e-06
3668,1.504721082571649e-05
3669,1.3688747244087365e-05
3670,9.439127771363733e-06
3671,3.278991053218871e-05
3672,1.3100551993086592e-05
3673,9.263821395050691e-06
3674,2.3656163036973094e-05
3675,1.3261524197022263e-05
3676,9.793412700163626e-06
3677,9.746406357827071e-06
3678,1.2386260181243683e-05
3679,3.289787578621126e-05
3680,1.3519758028382828e-05
3681,9.422703642885622e-06
3682,1.0152000896655648e-05
3683,3.1108052127736014e-05
3684,1.0165217108108049e-05
3685,1.353974428103868e-05
3686,1.1538865961995837e-05
3687,1.0395100361401984e-05
3688,7.55205999585218e-05
3689,9.575534257900319e-06
3690,8.807659066140166e-06
3691,1.6204076602561197e-05
3692,1.14672736681883e-05
3693,1.8144071081209736e-05
3694,5.729187986739336e-05
3695,1.2039091181769635e-05
3696,1.0633902373928431e-05
3697,1.1453354286263499e-05
3698,8.862252582906677e-06
3699,9.597929014891506e-06
3700,1.1522525439412445e-05
3701,1.0812452155678734e-05
3702,5.7032530462069e-05
3703,1.8302549845088357e-05
3704,8.674958738307506e-06
3705,2.535405454682286e-05
3706,9.597929014891506e-06
3707,8.862252582906677e-06
3708,1.632756162121019e-05
3709,7.38323845605833e-05
3710,1.0414935439835905e-05
3711,1.1510848380920765e-05
3712,1.3499866600486748e-05
3713,1.1118294444784053e-05
3714,1.3800617480244108e-05
3715,1.576801552310027e-05
3716,2.8663696034242053e-05
3717,1.0689881014854909e-05
3718,2.9559915775802713e-05
3719,3.271687143629178e-05
3720,5.378770952291919e-06
3721,8.674958738307506e-06
3722,2.5692591939257753e-05
3723,9.725920108296228e-06
3724,1.0226947814012442e-05
3725,1.629145485975575e-05
3726,9.428496852249126e-05
3727,1.613535630224767e-05
3728,5.6622659696709546e-05
3729,1.0986418995693328e-05
3730,1.480021403885088e-05
3731,3.639861280294063e-05
3732,3.158164774021994e-05
3733,8.314591188339411e-06
3734,9.613090796572468e-06
3735,9.582707565010591e-06
3736,2.3081449562260192e-05
3737,1.4948606120395323e-05
3738,1.0986418995693328e-05
3739,1.6058713666961655e-05
3740,9.316842424275981e-06
3741,9.22237046987849e-06
3742,1.246725840014532e-05
3743,1.0678217015801007e-05
3744,6.204585038286904e-05
3745,0.00027508138395325704
3746,1.0986418995693328e-05
3747,1.0070741236215382e-05
3748,9.575534257900319e-06
3749,1.398434730735981e-05
3750,1.4052213844825474e-05
3751,9.92867238526007e-06
3752,2.1410989271502434e-05
3753,1.16452300893274e-05
3754,1.0678217015801007e-05
3755,4.572528134019355e-05
3756,5.453512646817117e-06
3757,1.0264685643842888e-05
3758,2.5729851045329712e-05
3759,9.007728934627767e-06
3760,1.9997380349306455e-05
3761,1.0226947814012442e-05
3762,4.0494770131354964e-05
3763,9.715239379587256e-06
3764,9.582707565010591e-06
3765,1.2288780948123302e-05
3766,6.145814894806767e-06
3767,1.4875798373508094e-05
3768,4.069654535060229e-05
3769,1.0165217108108049e-05
3770,6.028485941324857e-05
3771,0.00019177050714822764
3772,1.2032706307433641e-05
3773,1.9600827507749365e-05
3774,1.6626298622770747e-05
3775,9.655747257728404e-06
3776,8.78158507753969e-06
3777,5.19593215460866e-05
3778,1.174121193020162e-05
3779,9.623776343241303e-06
3780,1.335618971823764e-05
3781,2.524546172314542e-05
3782,1.2523040583816098e-05
3783,4.848245274863124e-05
3784,8.57728690881886e-06
3785,5.865629799412765e-05
3786,1.206237794957882e-05
3787,9.861512805350344e-06
3788,1.0336096338087536e-05
3789,9.876348029005935e-06
3790,9.567382476592197e-06
3791,1.5626569880981603e-05
3792,1.1118294444784053e-05
3793,9.22237046987849e-06
3794,9.901718571693991e-06
3795,1.003161474217399e-05
3796,1.5284526215627456e-05
3797,1.2351335316162519e-05
3798,1.0241717869620738e-05
3799,1.949772463841613e-05
3800,9.63849168571555e-06
3801,9.289948335583e-06
3802,9.087188963134636e-06
3803,1.177697881591642e-05
3804,1.036236578670301e-05
3805,2.8790852932339497e-05
3806,1.16452300893274e-05
3807,1.5348095091118383e-05
3808,3.8083604269831304e-05
3809,9.399491531494186e-06
3810,9.83086475285655e-06
3811,1.1398788038460363e-05
3812,1.5192935399194035e-05
3813,8.590149903225016e-06
3814,1.0270470779057243e-05
3815,1.0270470779057243e-05
3816,9.54736063630183e-06
3817,1.640953041362798e-05
3818,1.0756172345545868e-05
3819,1.637866527574835e-05
3820,6.612506093526545e-05
3821,1.6541380730281157e-05
3822,1.502664790724596e-05
3823,9.187772221265003e-06
3824,9.728168383333168e-06
3825,2.7870088530865702e-05
3826,2.1185547133393223e-05
3827,9.399877875532114e-06
3828,1.444881795264814e-05
3829,0.00011107372781723168
3830,8.251292371225482e-06
3831,5.8326572002205675e-05
3832,3.3907199825484345e-05
3833,1.4934128647149933e-05
3834,9.91480548679001e-06
3835,9.243134293251872e-06
3836,1.177697881591642e-05
3837,1.6166868718922343e-05
3838,1.16452300893274e-05
3839,2.5957579200662084e-05
3840,9.138178963690783e-06
3841,1.9844464945374636e-05
3842,9.582707565010591e-06
3843,1.4150247237211252e-05
3844,3.391119086722466e-05
3845,1.1518484203629429e-05
3846,9.422703642885622e-06
3847,1.4132023922455826e-05
3848,9.875238193826672e-06
3849,1.6405588835335817e-05
3850,1.2058786164846864e-05
3851,1.8378619949566505e-05
3852,1.040634852296654e-05
3853,1.0729831536478351e-05
3854,1.0365859094959847e-05
3855,1.0783171814142291e-05
3856,1.997246978879617e-05
3857,1.4817300987954772e-05
3858,2.1948950576978707e-05
3859,1.072046261837092e-05
3860,1.647901113780478e-05
3861,9.567382476592197e-06
3862,3.5371012973529075e-05
3863,5.250035306272643e-05
3864,1.6126255898564543e-05
3865,2.0648409779556922e-05
3866,1.5977658295267323e-05
3867,9.271261400480925e-06
3868,9.289948335583e-06
3869,1.1505654674703786e-05
3870,2.683818022410807e-05
3871,4.4168546308485986e-05
3872,9.897250846409457e-06
3873,1.6102366101768837e-05
3874,1.5457559663825955e-05
3875,1.1078478163378258e-05
3876,1.3051348505612058e-05
3877,9.967603528957248e-06
3878,1.619189114991139e-05
3879,9.711597088106313e-06
3880,1.1261317758557567e-05
3881,3.0160270995122273e-05
3882,1.075355678101189e-05
3883,9.623776343241303e-06
3884,9.598517099071531e-06
3885,9.63908308380622e-06
3886,9.316842424275981e-06
3887,4.044705334622064e-05
3888,9.463714720507445e-06
3889,9.138178963690783e-06
3890,1.2039091181769635e-05
3891,5.395187712290665e-05
3892,9.076566886993103e-06
3893,1.0645395354398507e-05
3894,1.0454605894594207e-05
3895,1.8374790933689325e-05
3896,3.7452345646453936e-05
3897,8.791670321956946e-06
3898,1.0474522801572617e-05
3899,9.187772221265003e-06
3900,1.5836028069558294e-05
3901,2.870045389047854e-05
3902,9.37368426311911e-06
3903,1.206237794957882e-05
3904,1.0660709689367653e-05
3905,1.0673198845483249e-05
3906,9.365870353764055e-06
3907,0.00017972134267329955
3908,1.962369277071793e-05
3909,1.0942141109456647e-05
3910,1.007952052925644e-05
3911,1.637866527574835e-05
3912,4.25112734184576e-05
3913,4.567438765638759e-05
3914,9.897250846409457e-06
3915,9.187772221265003e-06
3916,1.16452300893274e-05
3917,6.848318894276419e-06
3918,3.2040833928602244e-05
3919,1.5434396388057782e-05
3920,2.0158514312815256e-05
3921,9.174762821699772e-06
3922,1.353974428103868e-05
3923,7.4355842063086166e-06
3924,2.5946289453652214e-05
3925,8.699125313446456e-06
3926,9.728168383333168e-06
3927,2.026748123542694e-05
3928,9.63849168571555e-06
3929,1.4147383921029989e-05
3930,6.786735718260431e-05
3931,1.028892948360175e-05
3932,1.6941368922008674e-05
3933,1.2386260181243683e-05
3934,9.885989024162485e-06
3935,1.5134993948242021e-05
3936,1.0719318706660731e-05
3937,1.050537032126487e-05
3938,2.6341431536781617e-05
3939,1.3972213620879796e-05
3940,2.2133296719316316e-05
3941,5.692362181967652e-06
3942,0.00014227849376961395
3943,4.479795543075931e-05
3944,1.814243957200666e-05
3945,4.4619927163890416e-05
3946,1.4514947480414442e-05
3947,1.5805030369046533e-05
3948,1.3913469607568114e-05
3949,1.0691282150835419e-05
3950,0.00017164137304660206
3951,6.145814894806767e-06
3952,1.353974428103868e-05
3953,1.2204527911802652e-05
3954,1.0641647050221365e-05
3955,1.0896042873277623e-05
3956,1.2032706307433641e-05
3957,1.2338555447741234e-05
3958,1.0015019411163172e-05
3959,3.1784295708811664e-05
3960,2.7091747852423786e-05
3961,1.0983549165868838e-05
3962,1.353974428103868e-05
3963,9.365870353764055e-06
3964,9.399877875532114e-06
3965,1.585790491577891e-05
3966,1.6915162251916855e-05
3967,1.0581429682234979e-05
3968,1.2523040583816098e-05
3969,1.3437730114272226e-05
3970,1.00595519188609e-05
3971,1.2523040583816098e-05
3972,1.109331791915716e-05
3973,1.573929260921026e-05
3974,8.785848222579045e-06
3975,1.743117492920656e-05
3976,2.9908940805339736e-05
3977,9.434838296707893e-06
3978,1.0896042873277623e-05
3979,1.5626569880981603e-05
3980,9.582707565010591e-06
3981,1.052641146073085e-05
3982,1.1072958869998366e-05
3983,8.674958738307506e-06
3984,9.875238193826672e-06
3985,5.8369193066451345e-06
3986,9.562433975323611e-06
3987,9.46984213922782e-06
3988,9.896272091706858e-06
3989,1.0581429682234979e-05
3990,9.316842424275981e-06
3991,2.0675641160837677e-05
3992,1.177697881591642e-05
3993,4.519072598846148e-05
3994,1.0729831536478351e-05
3995,4.425825639383097e-05
3996,9.431571606477142e-06
3997,1.2523040583816098e-05
3998,7.389879570661871e-06
3999,6.848318894276419e-06
4000,1.0713786418925417e-05
4001,9.243134293251872e-06
4002,1.5164730881705756e-05
4003,1.1453354286263499e-05
4004,2.2703816119650798e-05
4005,1.1029448466982983e-05
4006,8.966816258866327e-06
4007,2.3114952985714257e-05
4008,9.875238193826672e-06
4009,3.197884596245244e-05
4010,0.00021622583510026778
4011,1.728620917897778e-05
4012,1.3381641488624728e-05
4013,1.962369277071793e-05
4014,1.6102366101768837e-05
4015,9.514281501058351e-06
4016,1.0550386899890988e-05
4017,9.575534257900319e-06
4018,1.1072958869998366e-05
4019,9.100911172186245e-06
4020,1.6720614413219174e-05
4021,1.353974428103868e-05
4022,8.839672031365243e-06
4023,1.0304389685578956e-05
4024,1.240405310203985e-05
4025,0.0004431445902925027
4026,1.4083435021252674e-05
4027,9.71769253600263e-06
4028,1.787143555330744e-05
4029,1.0657744691249782e-05
4030,1.1048121390319183e-05
4031,2.8422983507996306e-05
4032,1.0581429682234979e-05
4033,1.4810218149320974e-05
4034,9.967603528957248e-06
4035,1.2032706307433641e-05
4036,1.4869283270108514e-05
4037,1.6999202267852774e-05
4038,9.809582392541579e-06
4039,1.0691282150835419e-05
4040,7.992781377142298e-06
4041,3.823721297644724e-05
4042,5.4118095792183125e-05
4043,1.5003373372892749e-05
4044,1.246725840014532e-05
4045,1.353974428103868e-05
4046,9.948291810840633e-06
4047,8.927377406965493e-06
4048,1.530608465506805e-05
4049,9.339471607813863e-06
4050,1.9584638867799982e-05
4051,6.441155121498653e-05
4052,2.9365432364370226e-05
4053,1.6367024739642573e-05
4054,2.0471366640894773e-05
4055,1.1398788038460363e-05
4056,1.2113469516883801e-05
4057,2.1616190865040008e-05
4058,9.434838296707893e-06
4059,2.081372802863735e-05
4060,1.0377534691953246e-05
4061,9.777263074180927e-06
4062,8.862252582906677e-06
4063,5.7592497068065324e-06
4064,1.5164730881705756e-05
4065,8.862252582906677e-06
4066,2.5393226701556066e-05
4067,1.0688941906292139e-05
4068,1.0811104847770054e-05
4069,8.519751819647818e-06
4070,9.908381712638796e-06
4071,1.15145112453897e-05
4072,1.4608041248311509e-05
4073,2.6365667175544136e-05
4074,1.1105079873180284e-05
4075,1.0579067218970241e-05
4076,1.2152454439821123e-05
4077,2.5403350207387907e-05
4078,1.0637314892586927e-05
4079,1.7831464028695882e-05
4080,1.0394028520652429e-05
4081,8.35108128676514e-06
4082,1.907543650720727e-05
4083,8.674958738307506e-06
4084,9.949416286996071e-06
4085,9.346563246058247e-05
4086,1.9512755623930006e-05
4087,5.711025559225934e-05
4088,9.428316725526897e-06
4089,2.12446282423504e-05
4090,9.61567250659419e-06
4091,1.0719318706660731e-05
4092,9.136632654823229e-06
4093,3.7351343829748556e-05
4094,1.1028616036275543e-05
4095,1.0165217108108049e-05
4096,6.450656689139073e-06
4097,1.4875798373508094e-05
4098,1.0365859094959847e-05
4099,8.608553576821105e-06
4100,2.1362619862537157e-05
4101,1.0008352767091742e-05
4102,9.399877875532114e-06
4103,9.793412700163626e-06
4104,1.5098016116714168e-05
4105,6.349590784729238e-05
4106,9.439127771363733e-06
4107,2.0654512168795214e-05
4108,1.050537032126487e-05
4109,2.039912432668771e-05
4110,1.2447262700099505e-05
4111,1.0770814934632905e-05
4112,1.050537032126487e-05
4113,5.2235599306622514e-05
4114,1.4639261731368058e-05
4115,1.5221289653901191e-05
4116,1.5519215693883322e-05
4117,1.353974428103868e-05
4118,1.5626569880981603e-05
4119,1.0452836128321915e-05
4120,4.206354266144104e-05
4121,4.304155434456285e-05
4122,1.7829122807084104e-05
4123,1.2113469516883801e-05
4124,8.693169150980948e-06
4125,1.2898088080423283e-05
4126,8.767001534425418e-06
4127,8.848748200179625e-06
4128,1.0550566850102846e-05
4129,9.593922196304636e-06
4130,9.866856785287496e-06
4131,1.313529346607597e-05
4132,1.1022989657855392e-05
4133,4.5019469904852866e-05
4134,9.866856785287496e-06
4135,2.1431775704783662e-05
4136,9.866856785287496e-06
4137,1.0360425969893026e-05
4138,2.934970698349696e-05
4139,1.0846275897866931e-05
4140,9.723156484921671e-06
4141,1.2188787532046804e-05
4142,6.848318894276419e-06
4143,1.0264489145142471e-05
4144,1.2113469516883801e-05
4145,6.82067735490995e-05
4146,0.00022212251304897434
4147,1.2133853161233068e-05
4148,9.274351034608919e-06
4149,2.0696267270612153e-05
4150,9.74454702862083e-06
4151,9.317540546083008e-06
4152,1.2006436698572032e-05
4153,1.5009233470913116e-05
4154,9.61567250659419e-06
4155,9.646521210851372e-06
4156,2.2972763679022116e-05
4157,1.1019279807699367e-05
4158,1.5441091755617044e-05
4159,1.5796578506197173e-05
4160,8.530722915133776e-06
4161,8.839672031365243e-06
4162,9.967603528957248e-06
4163,1.9130493329019506e-05
4164,3.26758374126057e-05
4165,6.697958124039644e-06
4166,3.2558300031522354e-05
4167,5.016744720238246e-05
4168,1.6891441861349293e-05
4169,1.1029448466982983e-05
4170,1.050537032126487e-05
4171,1.6010163053553784e-05
4172,0.00032983992782315886
4173,6.2180242557229486e-06
4174,5.777914666945043e-05
4175,5.9832902792161184e-05
4176,1.7317534359729232e-05
4177,1.86616854703174e-05
4178,1.024622844441018e-05
4179,1.750056953574144e-05
4180,1.834858780618007e-05
4181,1.0632560201404219e-05
4182,1.0241717869620738e-05
4183,9.908381712638796e-06
4184,1.2060090925782294e-05
4185,2.7281747998859953e-05
4186,2.1572229124590377e-05
4187,8.615466536240107e-05
4188,2.3759061737945503e-05
4189,2.8275059354807886e-05
4190,1.0347163086799967e-05
4191,3.4237273618776167e-05
4192,1.240405310203985e-05
4193,1.1004350244038656e-05
4194,1.6102366101768837e-05
4195,1.7770810848741965e-05
4196,9.317540546083008e-06
4197,1.052641146073085e-05
4198,9.920286267500786e-06
4199,2.5992177767329405e-05
4200,9.875238193826672e-06
4201,2.7002287815072248e-05
4202,5.585331077970883e-05
4203,9.92867238526007e-06
4204,5.353311715986351e-05
4205,1.1364417115222792e-05
4206,1.7190728395912986e-05
4207,1.638505584574765e-05
4208,9.263821395050691e-06
4209,9.463714720507445e-06
4210,1.1325188958987316e-05
4211,1.3074226847997412e-05
4212,3.881256417076219e-05
4213,1.061481761300295e-05
4214,9.686652833489436e-06
4215,1.5167564811210896e-05
4216,1.0304389685578956e-05
4217,2.0696293215986918e-05
4218,6.674408288524918e-06
4219,1.0264489145142471e-05
4220,1.2529614893840324e-05
4221,9.243134293251872e-06
4222,1.0571992351797697e-05
4223,9.339471607813863e-06
4224,1.656787150828935e-05
4225,3.134549638479039e-05
4226,1.0377534691953246e-05
4227,1.1118294444784053e-05
4228,2.535864909616436e-05
4229,8.173087983928427e-05
4230,1.7647110200126712e-05
4231,9.879854495037761e-06
4232,1.157527985366987e-05
4233,8.969077104345952e-06
4234,9.71769253600263e-06
4235,1.580831612817278e-05
4236,1.5333402352639965e-05
4237,2.0743934731224566e-05
4238,1.0008352767091742e-05
4239,1.206237794957882e-05
4240,9.431571606477142e-06
4241,2.5200035132800843e-05
4242,9.169056936043574e-05
4243,9.700862731621744e-06
4244,1.0015019411163172e-05
4245,3.7718802255074236e-05
4246,1.531365500229173e-05
4247,9.167046619281176e-06
4248,1.2447262700099505e-05
4249,1.549040502933396e-05
4250,5.565086645780474e-05
4251,2.0665773438393358e-05
4252,1.2386260181243683e-05
4253,1.5573362856702474e-05
4254,9.83086475285655e-06
4255,2.8660696023623e-05
4256,1.1522525439412445e-05
4257,1.1104152863120281e-05
4258,1.0008352767091742e-05
4259,1.3951681302949477e-05
4260,1.3755447814818552e-05
4261,1.0778534129978959e-05
4262,5.4608749454719496e-06
4263,7.55205999585218e-05
4264,2.3780451673823136e-05
4265,1.9634794554220085e-05
4266,2.013992474420307e-05
4267,1.240405310203985e-05
4268,1.1022989657855392e-05
4269,1.5626569880981603e-05
4270,2.020888527714867e-05
4271,1.3369647715062077e-05
4272,1.139810098846653e-05
4273,2.568827120351508e-05
4274,1.5626569880981603e-05
4275,9.920286267500786e-06
4276,1.0874654466644864e-05
4277,9.690616076324506e-06
4278,2.02460272468679e-05
4279,1.0120416270001321e-05
4280,8.38647689683554e-06
4281,9.053328994739186e-06
4282,9.562433975323611e-06
4283,1.0874654466644864e-05
4284,1.62792354432099e-05
4285,2.770821950966278e-05
4286,9.562433975323611e-06
4287,1.5638967882417745e-05
4288,9.316842424275981e-06
4289,1.2002464372649052e-05
4290,3.498392291561336e-05
4291,1.6626298622770747e-05
4292,1.6435905095373613e-05
4293,1.6780160400169423e-05
4294,1.0598164728847593e-05
4295,1.0563899047708251e-05
4296,1.1317600624029021e-05
4297,5.5614832976926184e-05
4298,1.00595519188609e-05
4299,3.0011363113994267e-05
4300,1.0711341726803775e-05
4301,1.5567776680469825e-05
4302,2.308467874862493e-05
4303,1.177697881591642e-05
4304,3.4447428745797746e-05
4305,1.1510848380920765e-05
4306,9.855818921322782e-06
4307,1.5506235980749515e-05
4308,9.901718571693991e-06
4309,0.0001251917429318372
4310,8.966816258866327e-06
4311,2.346730159861269e-05
4312,9.317540546083008e-06
4313,2.8137905761281298e-05
4314,2.238141082274152e-05
4315,1.3664444591909596e-05
4316,1.806231926861939e-05
4317,5.157829694885834e-05
4318,0.0001036206722087036
4319,9.920286267500786e-06
4320,1.371478975234826e-05
4321,1.5519215693883322e-05
4322,0.00013091938261276318
4323,9.63908308380622e-06
4324,1.0213357406846318e-05
4325,9.597929014891506e-06
4326,1.177697881591642e-05
4327,4.261909719427449e-05
4328,8.97547957802772e-06
4329,1.2912512215563351e-05
4330,2.6848330497832248e-05
4331,1.0719318706660731e-05
4332,1.1118294444784053e-05
4333,1.1398788038460363e-05
4334,1.16452300893274e-05
4335,1.3074226847997412e-05
4336,9.316842424275981e-06
4337,9.493998917765896e-06
4338,9.582707565010591e-06
4339,2.072908766421059e-05
4340,1.3664444591909596e-05
4341,6.47770572288029e-06
4342,2.4626301840728892e-05
4343,1.1317600624029021e-05
4344,1.9445723878875384e-05
4345,2.810169827823046e-05
4346,1.4660105087330726e-05
4347,1.2456526004314562e-05
4348,2.7550761513245717e-05
4349,2.019481114256943e-05
4350,9.613090796572468e-06
4351,1.7567336969508157e-05
4352,8.5620208331475e-05
4353,1.8377791444320352e-05
4354,3.594706593672885e-05
4355,1.0606931434926932e-05
4356,3.769757981588701e-05
4357,9.967603528957248e-06
4358,5.4383060506195246e-05
4359,4.980847985954976e-05
4360,1.2314002950744122e-05
4361,1.6698438140554858e-05
4362,6.848318894276419e-06
4363,1.1881695900038936e-05
4364,9.093508318571206e-05
4365,1.5684624353427632e-05
4366,0.000302230598057563
4367,2.432309350785608e-05
4368,9.568833028344554e-06
4369,5.456467051986437e-05
4370,1.0365859094959847e-05
4371,9.811995885297593e-06
4372,8.839672031365243e-06
4373,9.63849168571555e-06
4374,2.661612551427311e-05
4375,8.966816258866327e-06
4376,9.728168383333168e-06
4377,0.00020839193711407893
4378,9.620803812354212e-06
4379,1.6204125158310944e-05
4380,9.434520593808654e-06
4381,8.980088304004427e-06
4382,9.63908308380622e-06
4383,9.05804862443082e-06
4384,3.139015707175492e-05
4385,1.050537032126487e-05
4386,1.1261317758557567e-05
4387,9.956974897762962e-06
4388,8.503783769685729e-06
4389,1.353974428103868e-05
4390,1.1446736855642405e-05
4391,1.654206159220754e-05
4392,8.966816258866327e-06
4393,1.305159326232427e-05
4394,7.831222942980604e-05
4395,8.876674958475657e-06
4396,1.0639045552312857e-05
4397,9.885989024162485e-06
4398,1.1118294444784053e-05
4399,9.793412700163626e-06
4400,9.875238193826672e-06
4401,2.2472353167403827e-05
4402,1.1971344261213511e-05
4403,1.353974428103868e-05
4404,1.0817996061144057e-05
4405,1.8880580601936048e-05
4406,1.1028616036275543e-05
4407,9.875238193826672e-06
4408,1.5128149667280137e-05
4409,1.0724042150259893e-05
4410,9.63849168571555e-06
4411,1.1364417115222792e-05
4412,1.1669720289008406e-05
4413,1.1078478163378258e-05
4414,1.2903399410220977e-05
4415,1.0637314892586927e-05
4416,1.2702955705999417e-05
4417,2.535880558309149e-05
4418,1.0523567967782293e-05
4419,1.353974428103868e-05
4420,1.061481761300295e-05
4421,1.4045875552928135e-05
4422,1.16117097546835e-05
4423,1.4181108527297387e-05
4424,3.112292063900566e-05
4425,2.6386427717951624e-05
4426,9.967603528957248e-06
4427,9.98898602574496e-06
4428,9.91480548679001e-06
4429,2.250934584093324e-05
4430,9.728168383333168e-06
4431,1.5922234504706273e-05
4432,2.578033246793458e-05
4433,0.00010981018423453611
4434,1.0365859094959847e-05
4435,4.565224911880621e-05
4436,9.809582392541579e-06
4437,2.979639320095606e-05
4438,8.862252582906677e-06
4439,8.69655031020445e-05
4440,2.048392729919837e-05
4441,2.754182823293005e-05
4442,1.5519215693883322e-05
4443,1.2447262700099505e-05
4444,1.0226947814012442e-05
4445,1.0474522801572617e-05
4446,1.9031813147437362e-05
4447,9.399491531494186e-06
4448,1.0503398104220844e-05
4449,9.777263074180927e-06
4450,5.660004751502464e-06
4451,6.587649444116389e-05
4452,1.2002464372649052e-05
4453,1.5254975402569197e-05
4454,1.2523040583816098e-05
4455,9.552202977205576e-06
4456,7.03903547157095e-06
4457,1.0972657349413722e-05
4458,1.30266979812436e-05
4459,1.0691282150835419e-05
4460,1.2113469516883801e-05
4461,9.499333526257177e-06
4462,1.567178742824849e-05
4463,4.144468590879087e-05
4464,2.560704051431852e-05
4465,1.0474522801572617e-05
4466,1.1665267082120567e-05
4467,1.94240141690152e-05
4468,1.2113469516883801e-05
4469,1.240405310203985e-05
4470,1.0563899047708251e-05
4471,0.00010384690981376456
4472,9.023916164203273e-06
4473,1.0563899047708251e-05
4474,1.1398788038460363e-05
4475,1.1104152863120281e-05
4476,1.4536318010991189e-05
4477,2.5211038299469346e-05
4478,3.1939609294035256e-05
4479,1.1665267082120567e-05
4480,9.908381712638796e-06
4481,1.0304389685578956e-05
4482,1.4716430378643245e-05
4483,8.674958738307506e-06
4484,7.156098342387079e-05
4485,1.4651290904820651e-05
4486,9.655747257728404e-06
4487,9.63849168571555e-06
4488,1.7831464028695882e-05
4489,1.374552916434338e-05
4490,1.6102366101768837e-05
4491,1.796554334579255e-05
4492,3.10443129681498e-05
4493,1.7907398899070506e-05
4494,1.5506235980749515e-05
4495,2.306583283510651e-05
4496,2.6434112531488645e-05
4497,1.0637314892586927e-05
4498,2.0282811781298415e-05
4499,1.0406263609766445e-05
4500,5.178444353553172e-06
4501,2.2651272004822817e-05
4502,1.531862366159914e-05
4503,1.774642774509311e-05
4504,2.0280035495112114e-05
4505,2.3584689625176168e-05
4506,8.653877904907496e-06
4507,1.0347163086799967e-05
4508,9.63462487911372e-06
4509,1.572011543671661e-05
4510,1.0719318706660731e-05
4511,1.0152000896655648e-05
4512,1.0347163086799967e-05
4513,9.948291810840633e-06
4514,1.0377534691953246e-05
4515,1.543204014652759e-05
4516,1.4132023922455826e-05
4517,1.7021402946674147e-05
4518,4.416393668569256e-05
4519,1.0093258079298354e-05
4520,3.293596433847636e-05
4521,1.0320122706611893e-05
4522,1.7647110200126712e-05
4523,9.920286267500786e-06
4524,9.598517099071531e-06
4525,8.92760565575325e-06
4526,9.35141338334851e-06
4527,1.1078478163378258e-05
4528,1.3817754092134961e-05
4529,9.793412700163626e-06
4530,9.804799282565535e-06
4531,1.0626626211072955e-05
4532,7.077484043904249e-06
4533,1.900167410570978e-05
4534,6.250997655999383e-05
4535,3.2490613093294044e-05
4536,1.3261524197022263e-05
4537,1.606496296207627e-05
4538,9.428316725526897e-06
4539,1.573929260921026e-05
4540,9.850440573120747e-06
4541,8.839672031365243e-06
4542,6.14481776158982e-05
4543,9.076566886993103e-06
4544,1.0218714753299135e-05
4545,1.0598164728847593e-05
4546,1.3074226847997412e-05
4547,1.0896042873277623e-05
4548,1.5425411707770593e-05
4549,1.3519758028382828e-05
4550,1.0523567967782293e-05
4551,1.0226947814012442e-05
4552,9.463714720507445e-06
4553,2.0428780964749455e-05
4554,8.674958738307506e-06
4555,1.0724042150259893e-05
4556,1.0804275205124589e-05
4557,9.149489293946556e-06
4558,4.465976970582493e-05
4559,1.0691282150835419e-05
4560,9.267398360518381e-06
4561,4.05826768397869e-05
4562,1.0438800493865949e-05
4563,1.1004350244038656e-05
4564,6.394220346524439e-05
4565,1.0818983916402888e-05
4566,1.713706397962972e-05
4567,1.5604461057497145e-05
4568,1.00595519188609e-05
4569,1.0641409131589505e-05
4570,3.716814921565368e-05
4571,1.1021942368660868e-05
4572,1.6447427409620483e-05
4573,6.77709959297997e-05
4574,9.365870353764055e-06
4575,1.4524371187975286e-05
4576,1.5642485248132664e-05
4577,6.848318894276419e-06
4578,9.514281501058351e-06
4579,1.3074226847997412e-05
4580,1.3769705480578832e-05
4581,1.8642894659916004e-05
4582,1.240405310203985e-05
4583,9.620803812354212e-06
4584,7.570912974793052e-06
4585,1.9975387606690384e-05
4586,9.83086475285655e-06
4587,9.02497625970319e-06
4588,8.444617015338625e-06
4589,1.1131852832364164e-05
4590,1.0610711704845131e-05
4591,2.084037965715293e-05
4592,9.793412700163626e-06
4593,1.003161474217399e-05
4594,2.1800520494653283e-05
4595,1.003161474217399e-05
4596,1.1274961456994746e-05
4597,1.577086074598218e-05
4598,5.596694070896349e-05
4599,1.0470739855513193e-05
4600,1.0999490662742042e-05
4601,9.575534257900319e-06
4602,2.1609451472374747e-05
4603,8.57728690881886e-06
4604,1.6445313553313575e-05
4605,6.062350201511004e-05
4606,4.8712817787507075e-06
4607,1.353974428103868e-05
4608,3.3308544914491513e-05
4609,3.811817325846044e-05
4610,5.029291629911566e-05
4611,8.30724933669107e-06
4612,1.0304389685578956e-05
4613,1.0190310948017527e-05
4614,9.875238193826672e-06
4615,1.0360425969893026e-05
4616,1.723461741053332e-05
4617,1.602094131816059e-05
4618,1.3338022956870685e-05
4619,1.0729831536478351e-05
4620,1.024622844441018e-05
4621,1.0152000896655648e-05
4622,2.102754148375758e-05
4623,4.9210260826821295e-06
4624,1.1028616036275543e-05
4625,1.0452836128321915e-05
4626,1.3261524197022263e-05
4627,9.271261400480925e-06
4628,1.0015800834386606e-05
4629,1.0264489145142471e-05
4630,9.365870353764055e-06
4631,1.822546334161267e-05
4632,9.681320269540957e-06
4633,9.569620684438151e-06
4634,3.005388349214359e-05
4635,5.693722892381079e-05
4636,2.1081418683486278e-05
4637,1.0452836128321915e-05
4638,3.401043070074968e-05
4639,1.2447262700099505e-05
4640,1.6360163909100007e-05
4641,9.74454702862083e-06
4642,2.9383285701633856e-05
4643,1.1072958869998366e-05
4644,2.3532487283962815e-05
4645,8.839672031365243e-06
4646,8.423577999744469e-06
4647,1.0637314892586927e-05
4648,7.852950476000116e-05
4649,9.167046619281176e-06
4650,8.98613338073191e-06
4651,1.0579067218970241e-05
4652,9.146542499755883e-06
4653,1.0267670007139493e-05
4654,1.62792354432099e-05
4655,9.422703642885622e-06
4656,1.4826998463935609e-05
4657,1.16452300893274e-05
4658,1.4869175378138328e-05
4659,1.0304389685578956e-05
4660,2.0158514312815256e-05
4661,1.4835619038464057e-05
4662,9.365870353764055e-06
4663,2.339272979007806e-05
4664,8.590755400506633e-05
4665,8.503783769685729e-06
4666,3.7794726415776155e-05
4667,1.1048121390319183e-05
4668,1.0438800493865949e-05
4669,1.8009823806484777e-05
4670,7.993529217956258e-05
4671,1.0637314892586927e-05
4672,1.028892948360175e-05
4673,1.5468434349156775e-05
4674,1.579695669099507e-05
4675,1.2775876901770261e-05
4676,1.2344257881049745e-05
4677,1.1048121390319183e-05
4678,8.881599773114271e-06
4679,1.2263073709424741e-05
4680,1.0348370002420954e-05
4681,9.681320269540957e-06
4682,9.952576165819675e-05
4683,2.9875560097578256e-05
4684,1.5745701312038366e-05
4685,7.283582586781511e-05
4686,8.98613338073191e-06
4687,1.559631767225282e-05
4688,4.013622239400583e-05
4689,1.5244551628983437e-05
4690,9.655747257728404e-06
4691,1.622186417437614e-05
4692,5.648138520699926e-06
4693,1.1364417115222792e-05
4694,1.0581429682234979e-05
4695,7.1601098550135425e-06
4696,9.422703642885622e-06
4697,1.1028616036275543e-05
4698,9.66366577643837e-06
4699,4.8712817787507075e-06
4700,1.5189207876385091e-05
4701,2.3148079389294275e-05
4702,1.4658583648635516e-05
4703,8.862252582906677e-06
4704,1.3836739162347253e-05
4705,1.5254975402569197e-05
4706,2.0352533849241188e-05
4707,1.455984930510267e-05
4708,9.316842424275981e-06
4709,9.54736063630183e-06
4710,1.177697881591642e-05
4711,1.0588724794969408e-05
4712,9.715239379587256e-06
4713,9.244975147240444e-06
4714,9.087188963134636e-06
4715,0.0002016796883172118
4716,1.4797396956217253e-05
4717,1.0778534129978959e-05
4718,2.070816708275615e-05
4719,8.867344265774378e-06
4720,9.105964578815469e-06
4721,1.1190914478695744e-05
4722,1.0693114032578455e-05
4723,2.4052703251982326e-05
4724,1.1477733912667578e-05
4725,1.9937474294243046e-05
4726,1.206237794957882e-05
4727,1.507257289777e-05
4728,2.4222221241654997e-05
4729,8.123339018192422e-06
4730,1.353974428103868e-05
4731,1.0673198845483249e-05
4732,1.3333210704087244e-05
4733,1.0044546564286435e-05
4734,1.4362661394807078e-05
4735,1.0729831536478351e-05
4736,8.444617015338625e-06
4737,9.967603528957248e-06
4738,1.5981702125110953e-05
4739,4.2859417927307e-05
4740,1.4265206140030396e-05
4741,1.492503784800991e-05
4742,2.07115541217193e-05
4743,2.5528218805301823e-05
4744,1.5974242269962575e-05
4745,1.2903399410220977e-05
4746,9.967603528957248e-06
4747,1.0369786528028124e-05
4748,1.4716430378643245e-05
4749,1.003161474217399e-05
4750,9.434906633416035e-06
4751,1.0972657349413722e-05
4752,9.74454702862083e-06
4753,1.1190914478695744e-05
4754,3.115852710314165e-05
4755,2.417488622997557e-05
4756,1.526574119480843e-05
4757,1.5932384134302447e-05
4758,9.365870353764055e-06
4759,1.0226947814012442e-05
4760,1.3465051625671786e-05
4761,1.0395100361401984e-05
4762,1.16452300893274e-05
4763,1.0129614530115665e-05
4764,1.0129614530115665e-05
4765,1.0129614530115665e-05
4766,1.0323798207862645e-05
4767,1.1212693996919311e-05
4768,1.0846275897866931e-05
4769,1.6748568197324636e-05
4770,1.962369277071793e-05
4771,1.0673198845483249e-05
4772,9.63908308380622e-06
4773,1.0678217015801007e-05
4774,2.6862415669870968e-05
4775,9.655747257728404e-06
4776,9.399877875532114e-06
4777,1.0474522801572617e-05
4778,1.1048121390319183e-05
4779,9.59484738868822e-06
4780,8.966816258866327e-06
4781,2.7332885804436422e-05
4782,1.7216465918898466e-05
4783,9.391614894342553e-06
4784,1.918459572633767e-05
4785,1.7532616658639517e-05
4786,1.2058786164846864e-05
4787,9.561041139947305e-06
4788,1.4181108527297387e-05
4789,1.1903663138696242e-05
4790,1.576941665908078e-05
4791,1.0671494317199332e-05
4792,1.0438800493865949e-05
4793,1.9755177333994433e-05
4794,6.425448407732871e-06
4795,1.636334540373932e-05
4796,6.697958124039644e-06
4797,0.0001041099527836486
4798,2.6732659703239154e-05
4799,2.8652556037691242e-05
4800,1.1044881389740348e-05
4801,9.080530119703727e-06
4802,2.2323783642568177e-05
4803,1.0325521945413936e-05
4804,9.891519024521349e-05
4805,9.855818921322782e-06
4806,1.5653448218109947e-05
4807,9.261002864982228e-06
4808,1.1728661315964814e-05
4809,1.0691282150835419e-05
4810,1.9660774564341622e-05
4811,1.0414935439835905e-05
4812,1.4981671254877306e-05
4813,1.601320990520443e-05
4814,1.9850573476551065e-05
4815,0.00017003865377096945
4816,1.0241717869620738e-05
4817,5.5400234147759556e-05
4818,6.697958124039644e-06
4819,1.1317600624029021e-05
4820,1.5931820655393905e-05
4821,1.1347282628427675e-05
4822,9.725920108296228e-06
4823,1.5988481364842907e-05
4824,1.8814211581363967e-05
4825,1.2529614893840324e-05
4826,1.5574292469066757e-05
4827,1.5082897163314186e-05
4828,2.7988651031414007e-05
4829,9.076566886993103e-06
4830,9.855818921322782e-06
4831,1.0598164728847593e-05
4832,9.582707565010591e-06
4833,2.83432575234499e-05
4834,2.141915198982456e-05
4835,1.4457912034049893e-05
4836,6.348654243792065e-05
4837,1.5224419461820159e-05
4838,1.3972213620879796e-05
4839,9.434520593808654e-06
4840,9.274634413796507e-06
4841,8.81268002018718e-06
4842,1.3913469607568114e-05
4843,6.674408288524918e-06
4844,1.9305933112982565e-05
4845,2.0997871164442504e-05
4846,1.5846359993187258e-05
4847,1.4823880055811612e-05
4848,8.503783769685729e-06
4849,2.9315877971129212e-05
4850,1.66846745774458e-05
4851,0.00010783381800037411
4852,1.1861338859021963e-05
4853,1.1261317758557567e-05
4854,1.3440697641966732e-05
4855,2.5309495496506833e-05
4856,8.720501904768429e-06
4857,1.0008352767091742e-05
4858,1.423466586761174e-05
4859,1.0691282150835419e-05
4860,6.145814894806767e-06
4861,5.9469544671076466e-05
4862,2.0689208431468612e-05
4863,1.1669720289008406e-05
4864,1.0588724794969408e-05
4865,1.9261997727539168e-05
4866,2.5574079664042872e-05
4867,1.7151520870937987e-05
4868,9.720723507752985e-06
4869,2.1417052805285208e-05
4870,9.087188963134636e-06
4871,9.434838296707893e-06
4872,2.9082754735191506e-05
4873,4.5241433332716866e-05
4874,1.6561995839633313e-05
4875,9.263821395050691e-06
4876,1.5550380015531262e-05
4877,1.526185563863588e-05
4878,4.462246722342991e-05
4879,2.1357638680613634e-05
4880,1.0639045552312857e-05
4881,1.1477733912667578e-05
4882,4.666279055727569e-05
4883,1.0651734090915297e-05
4884,1.3074226847997412e-05
4885,1.6087393637960034e-05
4886,1.002322127836139e-05
4887,6.848318894276419e-06
4888,2.432309350785608e-05
4889,2.066319391118995e-05
4890,9.244975147240444e-06
4891,1.1028616036275543e-05
4892,4.338870750679601e-05
4893,1.7323235246896785e-05
4894,8.839672031365243e-06
4895,8.14627796232814e-05
4896,1.416000305297288e-05
4897,9.896272091706858e-06
4898,1.4746453154712292e-05
4899,2.7899722143767597e-05
4900,1.206237794957882e-05
4901,1.3591218282504992e-05
4902,1.4536318010991189e-05
4903,1.0637314892586927e-05
4904,2.8391024691896978e-05
4905,1.4716430378643245e-05
4906,9.690616076324506e-06
4907,9.690616076324506e-06
4908,9.007728934627767e-06
4909,7.03903547157095e-06
4910,1.5519215693883322e-05
4911,9.875238193826672e-06
4912,4.2262548997728276e-05
4913,1.0365859094959847e-05
4914,1.5795603653769512e-05
4915,1.050537032126487e-05
4916,1.4250415852667555e-05
4917,3.0963970294701805e-05
4918,8.444617015338625e-06
4919,9.105964578815469e-06
4920,1.0347163086799967e-05
4921,9.875238193826672e-06
4922,1.0711341726803775e-05
4923,1.3440886271321814e-05
4924,2.114168520531315e-05
4925,9.875238193826672e-06
4926,1.0523567967782293e-05
4927,4.718546338367465e-05
4928,2.1096179292845947e-05
4929,1.1029448466982983e-05
4930,1.0688941906292139e-05
4931,1.0641409131589505e-05
4932,1.024622844441018e-05
4933,2.1287524052250374e-05
4934,8.980088304004427e-06
4935,1.0264489145142471e-05
4936,1.3357754457336179e-05
4937,9.05804862443082e-06
4938,1.0264489145142471e-05
4939,9.434906633416035e-06
4940,1.0015800834386606e-05
4941,1.5611383951240945e-05
4942,9.46984213922782e-06
4943,1.4966097896015027e-05
4944,1.992003261538038e-05
4945,1.708518258303239e-05
4946,1.8608200227067208e-05
4947,9.875238193826672e-06
4948,1.177697881591642e-05
4949,9.582707565010591e-06
4950,9.875238193826672e-06
4951,1.4716430378643245e-05
4952,6.060636879285588e-05
4953,1.526574119480843e-05
4954,9.254412739787047e-06
4955,1.036236578670301e-05
4956,1.580831612817278e-05
4957,2.6169833443025965e-05
4958,3.946530225683646e-05
4959,9.967603528957248e-06
4960,1.002322127836139e-05
4961,4.245840091640738e-05
4962,4.622959009158923e-05
4963,2.7855232658975676e-05
4964,1.4542756922270346e-05
4965,1.7043757968559847e-05
4966,1.550343883040975e-05
4967,1.0264489145142471e-05
4968,1.4658583648635516e-05
4969,3.452694781483011e-05
4970,1.722266035307188e-05
4971,3.248017341498159e-05
4972,4.9439068930457966e-05
4973,3.8798720367870346e-05
4974,1.3100551993086592e-05
4975,4.1060280489379305e-05
4976,0.00014031751326727468
4977,1.1029448466982983e-05
4978,2.6069320904045867e-05
4979,1.16117097546835e-05
4980,9.255426568317661e-06
4981,1.2314002950744122e-05
4982,9.394769817727571e-06
4983,3.7597813152150905e-05
4984,9.623776343241303e-06
4985,2.0830340462086484e-05
4986,1.2294062037272947e-05
4987,1.1498732401418236e-05
4988,1.2574856437954157e-05
4989,1.280742674021427e-05
4990,8.980088304004427e-06
4991,1.9561331611960017e-05
4992,1.9831452547909574e-05
4993,1.4083435021252674e-05
4994,3.744531489485412e-05
4995,9.007728934627767e-06
4996,4.8917072282658143e-05
4997,1.5513533811994108e-05
4998,1.0304389685578956e-05
4999,9.493566059282185e-06
5000,1.0563899047708251e-05
5001,1.1522483784845849e-05
5002,2.5596753034933235e-05
5003,1.4203214895590434e-05
5004,9.317540546083008e-06
5005,1.559522266318491e-05
5006,1.0257921833760655e-05
5007,9.105964578815469e-06
5008,2.0973613526085486e-05
5009,1.0226947814012442e-05
5010,2.9263435880395197e-05
5011,3.084434937326927e-05
5012,1.0336096338087536e-05
5013,8.98613338073191e-06
5014,9.514281501058351e-06
5015,1.4463429202776053e-05
5016,8.98613338073191e-06
5017,2.5266540629573893e-05
5018,1.550262704986742e-05
5019,1.835499728701485e-05
5020,8.801301594525623e-06
5021,1.9448175662806815e-05
5022,8.423577999744469e-06
5023,1.0719318706660731e-05
5024,2.340117344620111e-05
5025,9.875238193826672e-06
5026,8.801301594525623e-06
5027,2.54403575608043e-05
5028,1.6045335582504964e-05
5029,9.602138300744518e-06
5030,1.5168857268463388e-05
5031,1.0719318706660731e-05
5032,1.0165217108108049e-05
5033,9.499363410106409e-06
5034,1.5284526215627456e-05
5035,1.4431981454659701e-05
5036,1.3920218874875996e-05
5037,3.4425621166750594e-05
5038,1.6062533940830677e-05
5039,3.814440974725968e-05
5040,9.337233669156108e-06
5041,9.866856785287496e-06
5042,8.839672031365243e-06
5043,5.037110149008421e-05
5044,9.685841526932834e-06
5045,1.1320356980366022e-05
5046,1.2122215599808555e-05
5047,0.00010118115833927285
5048,8.801301594525623e-06
5049,1.711755862558608e-05
5050,1.1364417115222792e-05
5051,0.00017222660126890008
5052,9.582707565010591e-06
5053,2.16620201147268e-05
5054,1.5616738297656325e-05
5055,1.206237794957882e-05
5056,9.908381712638796e-06
5057,1.5301781787640313e-05
5058,9.893028832896335e-06
5059,1.8179373669433595e-05
5060,1.728529649372189e-05
5061,9.54736063630183e-06
5062,9.567382476592197e-06
5063,1.3074226847997412e-05
5064,1.0673198845483249e-05
5065,1.0972657349413722e-05
5066,1.0673198845483249e-05
5067,1.962369277071793e-05
5068,1.2851268277655292e-05
5069,6.749108897637413e-05
5070,2.552358811150433e-05
5071,1.206237794957882e-05
5072,9.489074365034779e-06
5073,9.34106932876218e-06
5074,1.0248059245605469e-05
5075,3.87839597552287e-05
5076,1.3091972186581859e-05
5077,5.0790282249654184e-05
5078,1.1118294444784053e-05
5079,1.679857593971855e-05
5080,1.1091564958361322e-05
5081,7.064984707226648e-05
5082,5.554886008363858e-05
5083,9.359950071151196e-06
5084,1.0394028520652429e-05
5085,0.00010869809048024677
5086,1.0673198845483249e-05
5087,9.875238193826672e-06
5088,9.138178963690783e-06
5089,6.848318894276419e-06
5090,1.9478535810866886e-05
5091,1.3261524197022263e-05
5092,1.0719318706660731e-05
5093,9.681320269540957e-06
5094,8.381043332545282e-06
5095,1.0433895804699462e-05
5096,2.0654512168795214e-05
5097,9.439127771363733e-06
5098,1.0296113256437114e-05
5099,2.64461106335061e-05
5100,1.0377534691953246e-05
5101,1.0719318706660731e-05
5102,1.5441091755617044e-05
5103,1.4403129319318577e-05
5104,2.4392619968128263e-05
5105,0.00031910446347131055
5106,8.590149903225016e-06
5107,9.289948335583e-06
5108,9.711597088106313e-06
5109,1.437125775467886e-05
5110,1.0304389685578956e-05
5111,1.437125775467886e-05
5112,1.2058786164846864e-05
5113,1.637799473406079e-05
5114,1.416197950061573e-05
5115,2.7539754806867127e-05
5116,2.108470481421273e-05
5117,2.661192024191433e-05
5118,0.00010214416573517922
5119,3.520945270699683e-05
5120,1.2113469516883801e-05
5121,1.0452836128321915e-05
5122,1.2541712951143893e-05
5123,1.5041860958770166e-05
5124,1.429650369855669e-05
5125,9.967603528957248e-06
5126,1.537483443822056e-05
5127,2.3021199335300675e-05
5128,8.674958738307506e-06
5129,9.316842424275981e-06
5130,5.725162351868401e-06
5131,1.56018436706592e-05
5132,9.49486225349075e-06
5133,9.49486225349075e-06
5134,1.1477733912667578e-05
5135,1.1905788186692852e-05
5136,2.5144766469240925e-05
5137,1.0804275205124589e-05
5138,1.5211898628328888e-05
5139,1.0365859094959847e-05
5140,1.4147415622330946e-05
5141,1.0896042873277623e-05
5142,9.255411106325404e-06
5143,1.0729831536478351e-05
5144,1.0804275205124589e-05
5145,1.598333440802249e-05
5146,1.00758020558691e-05
5147,3.3039599972863146e-05
5148,2.4764111296111692e-05
5149,9.598517099071531e-06
5150,1.0165217108108049e-05
5151,3.253750862105433e-05
5152,9.053328994739186e-06
5153,4.9210260826821295e-06
5154,1.028892948360175e-05
5155,9.694972666057905e-06
5156,1.4914662407893656e-05
5157,8.674958738307506e-06
5158,1.6102366101768837e-05
5159,1.685629238814625e-05
5160,1.3100551993086592e-05
5161,2.0574956428983643e-05
5162,9.956974897762962e-06
5163,1.685629238814625e-05
5164,1.0248059245605469e-05
5165,5.806211299654418e-05
5166,8.674958738307506e-06
5167,1.2263073709424741e-05
5168,1.0543798637511789e-05
5169,1.9334470522230937e-05
5170,1.3638731294397522e-05
5171,1.374552916434338e-05
5172,8.590149903225016e-06
5173,1.0226947814012442e-05
5174,1.550262704986742e-05
5175,6.848318894276419e-06
5176,2.0405201436677785e-05
5177,1.542627328865445e-05
5178,9.715239379587256e-06
5179,2.265861959081282e-05
5180,1.5531690235704527e-05
5181,2.6053390386637164e-05
5182,9.267398360518381e-06
5183,1.003161474217399e-05
5184,1.0264489145142471e-05
5185,1.0353676433103318e-05
5186,8.98613338073191e-06
5187,1.9755177333994433e-05
5188,1.0402302655707543e-05
5189,1.0923473382729238e-05
5190,2.2016471276101952e-05
5191,1.670585514769916e-05
5192,9.514281501058351e-06
5193,9.63849168571555e-06
5194,1.0304389685578956e-05
5195,1.0304389685578956e-05
5196,1.2113469516883801e-05
5197,9.37368426311911e-06
5198,3.0230442119323624e-05
5199,2.3217927340526737e-05
5200,1.3519758028382828e-05
5201,1.2347383409238747e-05
5202,1.040634852296654e-05
5203,1.1078478163378258e-05
5204,1.3100551993086592e-05
5205,8.75678691026644e-06
5206,1.811558360757794e-05
5207,1.8302549845088357e-05
5208,1.009278174243314e-05
5209,1.3913469607568114e-05
5210,8.75678691026644e-06
5211,1.0355831943563639e-05
5212,9.967603528957248e-06
5213,3.614355962056152e-05
5214,1.682019557539411e-05
5215,1.585360162627854e-05
5216,3.073888491213348e-05
5217,1.1498732401418236e-05
5218,1.8102332063350264e-05
5219,9.271261400480925e-06
5220,1.6689689130284933e-05
5221,9.929732042831334e-06
5222,1.1498732401418236e-05
5223,2.27309242709259e-05
5224,1.5284526215627456e-05
5225,9.98898602574496e-06
5226,1.0264489145142471e-05
5227,9.71769253600263e-06
5228,2.40089605390525e-05
5229,1.0226947814012442e-05
5230,9.66366577643837e-06
5231,9.632499591488105e-06
5232,1.2002464372649052e-05
5233,1.6672004907799416e-05
5234,1.4291254360338042e-05
5235,9.076566886993103e-06
5236,1.1118294444784053e-05
5237,9.21288922684213e-06
5238,4.427196763822987e-05
5239,1.16117097546835e-05
5240,9.573603815458379e-06
5241,2.138771519963369e-05
5242,2.1697363213846893e-05
5243,5.495659935261889e-05
5244,8.653877904907496e-06
5245,9.076566886993103e-06
5246,2.2432745334327813e-05
5247,1.5626569880981603e-05
5248,9.007728934627767e-06
5249,1.1518484203629429e-05
5250,1.2058786164846864e-05
5251,2.2750175169896614e-05
5252,1.174121193020162e-05
5253,8.314591188339411e-06
5254,1.009278174243314e-05
5255,1.5499139917863647e-05
5256,1.4716430378643245e-05
5257,9.92867238526007e-06
5258,9.986120975271117e-06
5259,9.804799282565535e-06
5260,9.685841526932834e-06
5261,1.3608045827341609e-05
5262,0.0001187148681886217
5263,9.63908308380622e-06
5264,1.3638731294397522e-05
5265,1.1019279807699367e-05
5266,1.0190781318694255e-05
5267,1.1019279807699367e-05
5268,1.492503784800991e-05
5269,1.579912264780038e-05
5270,2.8443390782764348e-05
5271,1.4613503575536275e-05
5272,1.3694920081708408e-05
5273,3.644228967490671e-05
5274,2.1824915787046673e-05
5275,1.4083435021252674e-05
5276,9.439127771363733e-06
5277,6.2180242557229486e-06
5278,4.6853231607525544e-05
5279,2.6029113102348296e-05
5280,1.1398788038460363e-05
5281,9.655747257728404e-06
5282,8.98613338073191e-06
5283,1.240405310203985e-05
5284,1.9261997727539168e-05
5285,9.66366577643837e-06
5286,1.4963088973361677e-05
5287,2.454045596583531e-05
5288,9.463714720507445e-06
5289,9.422703642885622e-06
5290,8.999522573062998e-06
5291,2.1761113106156447e-05
5292,7.67957681734087e-06
5293,3.324197124629647e-05
5294,1.0743898418684671e-05
5295,1.3124703986751003e-05
5296,1.5592542476322413e-05
5297,2.503470226096013e-05
5298,1.6665703088892923e-05
5299,1.0438800493865949e-05
5300,1.718366150649879e-05
5301,9.399877875532114e-06
5302,1.5626569880981603e-05
5303,1.818285411873095e-05
5304,9.597929014891506e-06
5305,1.0778534129978959e-05
5306,9.715239379587256e-06
5307,9.690616076324506e-06
5308,8.381043332545282e-06
5309,1.050537032126487e-05
5310,1.1029448466982983e-05
5311,1.0044546564286435e-05
5312,1.4205012389845548e-05
5313,1.1542455236127653e-05
5314,1.0365859094959847e-05
5315,1.0637853883326657e-05
5316,1.1048121390319183e-05
5317,3.938667990053478e-05
5318,1.3638731294397522e-05
5319,1.698617665643133e-05
5320,2.3235451509248938e-05
5321,9.076566886993103e-06
5322,9.897250846409457e-06
5323,8.23675255475412e-06
5324,9.715239379587256e-06
5325,1.5626569880981603e-05
5326,9.239550899912532e-06
5327,4.2513628914468834e-05
5328,9.875238193826672e-06
5329,1.009278174243314e-05
5330,2.0526829596390437e-05
5331,1.0645395354398507e-05
5332,2.6439861172976448e-05
5333,1.0719318706660731e-05
5334,1.0689881014854909e-05
5335,9.552202977205576e-06
5336,1.750056953574144e-05
5337,1.5880442779396417e-05
5338,1.9799528952506122e-05
5339,9.05804862443082e-06
5340,1.5536409292971617e-05
5341,9.804799282565535e-06
5342,1.0719318706660731e-05
5343,1.0610711704845131e-05
5344,9.316842424275981e-06
5345,1.028892948360175e-05
5346,1.2058786164846864e-05
5347,3.044734156587194e-05
5348,1.0008352767091742e-05
5349,8.966816258866327e-06
5350,1.1904958243208149e-05
5351,9.575534257900319e-06
5352,1.0620135411760611e-05
5353,0.00010869809048024677
5354,9.562268453481727e-06
5355,0.000125430396973417
5356,1.0896042873277623e-05
5357,2.2802089618100856e-05
5358,8.423577999744469e-06
5359,9.63908308380622e-06
5360,2.7834892275279008e-05
5361,1.015245543295525e-05
5362,0.00012972850625720506
5363,1.0983549165868838e-05
5364,2.8419371595547183e-05
5365,9.667713638989134e-06
5366,1.1072958869998366e-05
5367,1.2903399410220977e-05
5368,1.661315554582276e-05
5369,1.2903399410220977e-05
5370,2.8267068452125186e-05
5371,1.040634852296654e-05
5372,1.1029448466982983e-05
5373,8.35108128676514e-06
5374,1.5005984601063102e-05
5375,8.927377406965493e-06
5376,9.244975147240444e-06
5377,1.5737717227170055e-05
5378,2.8160837122993644e-05
5379,2.8160837122993644e-05
5380,9.875238193826672e-06
5381,1.0650730644944786e-05
5382,1.4354623729130883e-05
5383,1.8377791444320352e-05
5384,2.5713500072792355e-05
5385,7.77204113755741e-05
5386,1.0296113256437114e-05
5387,1.0044546564286435e-05
5388,1.1453354286263499e-05
5389,1.0053411756575844e-05
5390,1.0296113256437114e-05
5391,5.415732788362645e-05
5392,9.875238193826672e-06
5393,1.0851799913451715e-05
5394,1.1347282628427675e-05
5395,2.238141082274152e-05
5396,9.076566886993103e-06
5397,9.289948335583e-06
5398,8.801301594525623e-06
5399,9.804799282565535e-06
5400,1.1029448466982983e-05
5401,9.562433975323611e-06
5402,7.694575966367508e-05
5403,2.3316299367996997e-05
5404,9.98898602574496e-06
5405,9.46984213922782e-06
5406,6.674408288524918e-06
5407,1.4929572000049548e-05
5408,1.7221566842573507e-05
5409,5.4487439542194866e-05
5410,1.0226947814012442e-05
5411,1.549637160546649e-05
5412,1.0633902373928431e-05
5413,2.7418097437313596e-05
5414,9.811995885297593e-06
5415,1.9755177333994433e-05
5416,1.1165516753784056e-05
5417,1.0912632421942477e-05
5418,1.2039091181769635e-05
5419,2.525400566887141e-05
5420,8.836678727996811e-06
5421,3.876208253477515e-05
5422,2.6000846399463953e-05
5423,2.7119034326186874e-05
5424,4.430776741100059e-06
5425,1.031566730789522e-05
5426,3.104405077922518e-05
5427,9.811995885297593e-06
5428,1.9803881082127047e-05
5429,1.0896042873277623e-05
5430,1.0896042873277623e-05
5431,1.3519758028382828e-05
5432,1.1909870126827609e-05
5433,2.1416074516922336e-05
5434,9.37368426311911e-06
5435,3.5249594378801664e-05
5436,1.1398788038460363e-05
5437,9.514281501058351e-06
5438,1.7900343977873144e-05
5439,3.217253198866585e-05
5440,1.1261317758557567e-05
5441,1.026734224461449e-05
5442,1.0323798207862645e-05
5443,9.504497492612455e-06
5444,2.332359252797241e-05
5445,1.3184870949540459e-05
5446,9.715239379587256e-06
5447,8.444617015338625e-06
5448,5.290892317082377e-06
5449,1.0135758113313978e-05
5450,1.009278174243314e-05
5451,1.0896042873277623e-05
5452,1.353974428103868e-05
5453,1.004334818679909e-05
5454,1.00595519188609e-05
5455,7.978894583581997e-06
5456,1.2523040583816098e-05
5457,1.2032706307433641e-05
5458,1.1498732401418236e-05
5459,1.206237794957882e-05
5460,9.593922196304636e-06
5461,1.0625988213105185e-05
5462,8.848748200179625e-06
5463,9.804799282565535e-06
5464,9.715239379587256e-06
5465,1.2039091181769635e-05
5466,9.725920108296228e-06
5467,9.493588591525832e-06
5468,1.6367024739642573e-05
5469,9.995371324642058e-06
5470,3.076263090273526e-05
5471,1.5066172829585524e-05
5472,2.809174704772366e-05
5473,4.877229977021905e-05
5474,1.2523040583816098e-05
5475,2.357870648763665e-05
5476,2.7340006636253635e-05
5477,1.0332553080377697e-05
5478,8.530722915133776e-06
5479,1.3074226847997412e-05
5480,1.3074226847997412e-05
5481,3.14065717323659e-05
5482,1.0983549165868838e-05
5483,9.365870353764055e-06
5484,2.6180889895328786e-05
5485,9.593922196304636e-06
5486,6.768835524179333e-05
5487,5.3557043490211346e-05
5488,1.139810098846653e-05
5489,2.5282592019884517e-05
5490,2.4128762678312378e-05
5491,9.187772221265003e-06
5492,1.2276657800621667e-05
5493,1.2951423464090418e-05
5494,1.0365859094959847e-05
5495,1.6312107457263555e-05
5496,1.1522525439412445e-05
5497,1.962369277071793e-05
5498,1.0474522801572617e-05
5499,1.0912632421942477e-05
5500,9.602138300744518e-06
5501,1.10479886016766e-05
5502,1.004334818679909e-05
5503,2.6975012435689036e-05
5504,9.582707565010591e-06
5505,1.1594325978611455e-05
5506,1.206237794957882e-05
5507,1.1032040180462468e-05
5508,9.434906633416035e-06
5509,9.700862731621744e-06
5510,9.865371888160221e-06
5511,1.2058786164846864e-05
5512,2.770266893483116e-05
5513,7.935958174012888e-06
5514,1.145795212043991e-05
5515,3.007294598187241e-05
5516,2.696080622570486e-05
5517,1.1123016459075553e-05
5518,8.503783769685729e-06
5519,3.143591107904072e-05
5520,1.6743113461487657e-05
5521,9.715239379587256e-06
5522,2.2963254299822824e-05
5523,3.372414747719488e-05
5524,1.6594762604470164e-05
5525,2.4496321171495822e-05
5526,1.0190781318694255e-05
5527,1.0614819942957108e-05
5528,2.1016140512050366e-05
5529,1.6102366101768837e-05
5530,1.2002464372649052e-05
5531,1.0689881014854909e-05
5532,1.045648312641421e-05
5533,3.321560878028752e-05
5534,1.0394028520652429e-05
5535,9.63849168571555e-06
5536,9.076566886993103e-06
5537,1.3437730114272226e-05
5538,1.0304389685578956e-05
5539,7.935958174012888e-06
5540,3.105552631348375e-05
5541,1.986629436327826e-05
5542,9.885989024162485e-06
5543,9.908381712638796e-06
5544,1.4124432860886148e-05
5545,1.1028616036275543e-05
5546,9.63908308380622e-06
5547,1.1011685005440917e-05
5548,1.3860863593642852e-05
5549,9.885989024162485e-06
5550,1.2523040583816098e-05
5551,7.932299100704299e-06
5552,1.5802084646129802e-05
5553,5.069160662508765e-05
5554,1.1004350244038656e-05
5555,7.899409006001376e-06
5556,7.4137074395127525e-06
5557,7.4137074395127525e-06
5558,1.2188787532046804e-05
5559,7.4137074395127525e-06
5560,1.2188787532046804e-05
5561,2.2002980296739925e-05
5562,1.1703085965558177e-05
5563,2.56899454064137e-05
5564,2.18691756355012e-05
5565,2.9884504816910856e-05
5566,7.4137074395127525e-06
5567,1.1703085965558177e-05
5568,7.899409006001376e-06
5569,1.0903708364401166e-05
5570,2.3004410604078816e-05
5571,7.4137074395127525e-06
5572,1.6157177784661336e-05
5573,3.073178031837575e-05
5574,3.986329221692732e-05
5575,7.899409006001376e-06
5576,2.87859144461935e-05
5577,5.75497014022643e-05
5578,2.282765617975679e-05
5579,7.4137074395127525e-06
5580,4.456823710956742e-05
5581,1.7770810848741965e-05
5582,1.1703085965558177e-05
5583,1.7172835122678338e-05
5584,1.882878028400869e-05
5585,1.2188787532046804e-05
5586,1.2188787532046804e-05
5587,1.6157177784661336e-05
5588,1.4233147500400027e-05
5589,1.1698454625911372e-05
5590,1.728510928225334e-05
5591,1.1703085965558177e-05
5592,7.86462732726503e-06
5593,1.2188787532046804e-05
5594,7.4137074395127525e-06
5595,7.4137074395127525e-06
5596,2.5065734846219575e-05
5597,0.00011931613517272542
5598,1.752739050407922e-05
5599,7.4137074395127525e-06
5600,1.1703085965558177e-05
5601,1.1703085965558177e-05
5602,1.327435567166085e-05
5603,1.1703085965558177e-05
5604,2.3170721339967254e-05
5605,1.1698454625911372e-05
5606,7.899409006001376e-06
5607,6.674408288524918e-06
5608,7.4137074395127525e-06
5609,9.317540546083008e-06
5610,1.1703085965558177e-05
5611,3.05774658463183e-05
5612,1.0673198845483249e-05
5613,9.317540546083008e-06
5614,1.5475207635114692e-05
5615,7.003396001236721e-05
5616,1.0264489145142471e-05
5617,1.7700458166194172e-05
5618,1.1703085965558177e-05
5619,1.1703085965558177e-05
5620,7.899409006001376e-06
5621,7.899409006001376e-06
5622,1.1703085965558177e-05
5623,1.1703085965558177e-05
5624,1.2353500825104538e-05
5625,7.4137074395127525e-06
5626,2.4105101602260653e-05
5627,9.875238193826672e-06
5628,7.4137074395127525e-06
5629,7.899409006001376e-06
5630,1.2782197787911728e-05
5631,7.899409006001376e-06
5632,1.0818983916402888e-05
5633,5.073785549819147e-05
5634,2.01278793882415e-05
5635,7.899409006001376e-06
5636,3.095904069065968e-05
5637,3.141081395149969e-05
5638,2.4687206347263592e-05
5639,7.899409006001376e-06
5640,1.2523040583816098e-05
5641,9.567382476592197e-06
5642,1.272812605942971e-05
5643,1.1703085965558177e-05
5644,3.224497452642939e-05
5645,1.2188787532046804e-05
5646,7.4137074395127525e-06
5647,9.897250846409457e-06
5648,7.899409006001376e-06
5649,9.875238193826672e-06
5650,7.899409006001376e-06
5651,2.5681706077020707e-05
5652,2.039157439204161e-05
5653,7.899409006001376e-06
5654,1.003161474217399e-05
5655,8.653877904907496e-06
5656,9.74983946570471e-06
5657,1.1398788038460363e-05
5658,1.2386260181243683e-05
5659,1.62792354432099e-05
5660,8.864262995694006e-06
5661,1.1078478163378258e-05
5662,4.5232446766996746e-05
5663,9.431571606477142e-06
5664,1.3074226847997412e-05
5665,1.949002008559086e-05
5666,9.138178963690783e-06
5667,1.6161271105100324e-05
5668,1.1446736855642405e-05
5669,1.036236578670301e-05
5670,1.4622060659323549e-05
5671,9.700862731621744e-06
5672,1.8668245195536067e-05
5673,1.3541216845392596e-05
5674,1.0785944777122422e-05
5675,1.5830664678953725e-05
5676,1.16117097546835e-05
5677,1.5023082744740484e-05
5678,1.6488828342867953e-05
5679,1.3124703986751003e-05
5680,9.63849168571555e-06
5681,1.491520651840131e-05
5682,1.779174195617724e-05
5683,8.75678691026644e-06
5684,1.4303739378247045e-05
5685,9.777263074180927e-06
5686,1.644280798058864e-05
5687,3.495278314220516e-05
5688,9.655747257728404e-06
5689,3.836906186469503e-05
5690,1.5758504928802644e-05
5691,1.3836739162347253e-05
5692,9.255426568317661e-06
5693,9.138178963690783e-06
5694,1.945136551824717e-05
5695,1.2002464372649052e-05
5696,8.74946123010101e-06
5697,2.4190004731953335e-05
5698,1.0804275205124589e-05
5699,8.74946123010101e-06
5700,8.881599773114271e-06
5701,1.4813910575316146e-05
5702,1.0837800586025711e-05
5703,9.893028832896335e-06
5704,1.1029448466982983e-05
5705,8.701594436996798e-06
5706,1.3261524197022263e-05
5707,1.3124703986751003e-05
5708,8.801301594525623e-06
5709,2.0573948709802427e-05
5710,8.980088304004427e-06
5711,1.7526992121679805e-05
5712,2.167956555628616e-05
5713,2.506932591071942e-05
5714,2.249430439576497e-05
5715,1.606425989181329e-05
5716,8.57729752388675e-06
5717,1.1198169485978185e-05
5718,1.9755177333994433e-05
5719,1.003161474217399e-05
5720,1.3074226847997412e-05
5721,2.201801021805966e-05
5722,1.4209458731588166e-05
5723,2.9363210277691503e-05
5724,1.003161474217399e-05
5725,8.674958738307506e-06
5726,1.4850449943161117e-05
5727,9.46984213922782e-06
5728,1.2523040583816098e-05
5729,2.2444840684400905e-05
5730,1.0012800057795225e-05
5731,1.2002464372649052e-05
5732,2.1827877994211917e-05
5733,2.0560696937805562e-05
5734,8.674958738307506e-06
5735,5.483207792272817e-05
5736,1.5784455293111894e-05
5737,9.63908308380622e-06
5738,9.582707565010591e-06
5739,1.6626298622770747e-05
5740,9.05804862443082e-06
5741,1.4764007551484892e-05
5742,2.380374996105662e-05
5743,1.5348095091118383e-05
5744,1.0327374865332602e-05
5745,1.8868603107684206e-05
5746,6.396693835505581e-05
5747,1.0729831536478351e-05
5748,9.22237046987849e-06
5749,2.693441356884304e-05
5750,9.765976734099317e-06
5751,1.0803253796221225e-05
5752,3.052341874454616e-05
5753,1.572011543671661e-05
5754,8.423577999744469e-06
5755,9.05804862443082e-06
5756,1.0688941906292139e-05
5757,1.5541700036299615e-05
5758,1.1048121390319183e-05
5759,9.948291810840633e-06
5760,2.3145150454708353e-05
5761,1.3114564674475486e-05
5762,1.5519215693883322e-05
5763,9.623776343241303e-06
5764,7.03903547157095e-06
5765,8.344047992286466e-05
5766,3.2413740245453574e-05
5767,2.40630786773175e-05
5768,1.5014066458991673e-05
5769,1.050537032126487e-05
5770,9.865120129571832e-06
5771,3.6062226180330393e-05
5772,9.076566886993103e-06
5773,9.623776343241303e-06
5774,1.1923467553090805e-05
5775,1.2032706307433641e-05
5776,1.1463213484876141e-05
5777,1.0579067218970241e-05
5778,1.0783171814142291e-05
5779,2.164405635501061e-05
5780,1.0304389685578956e-05
5781,1.1398788038460363e-05
5782,9.552202977205576e-06
5783,9.076566886993103e-06
5784,1.4119732555085926e-05
5785,1.2058786164846864e-05
5786,9.428316725526897e-06
5787,1.4637748528466378e-05
5788,1.0304389685578956e-05
5789,1.003161474217399e-05
5790,1.246725840014532e-05
5791,9.504497492612455e-06
5792,9.167046619281176e-06
5793,1.1398788038460363e-05
5794,1.0147900018722789e-05
5795,1.967086093359592e-05
5796,1.2386260181243683e-05
5797,3.8083604269831304e-05
5798,4.069654535060229e-05
5799,1.0633902373928431e-05
5800,2.0547689451844907e-05
5801,0.0010480096865063135
5802,3.757417220405711e-05
5803,2.5684419519301283e-05
5804,1.4270193826824335e-05
5805,2.263370517197496e-05
5806,1.4359467450359605e-05
5807,1.0203235324803235e-05
5808,9.728168383333168e-06
5809,9.339471607813863e-06
5810,8.720501904768429e-06
5811,1.4524371187975286e-05
5812,1.6706857157807635e-05
5813,1.0719318706660731e-05
5814,1.9842769646010214e-05
5815,9.700862731621744e-06
5816,9.728168383333168e-06
5817,1.4572886957960645e-05
5818,9.136632654823229e-06
5819,5.290892317082377e-06
5820,9.697915604753337e-06
5821,1.0147900018722789e-05
5822,1.5844839780744502e-05
5823,9.655747257728404e-06
5824,9.967603528957248e-06
5825,9.63849168571555e-06
5826,1.0727799886620179e-05
5827,1.0558042072649292e-05
5828,1.8377791444320352e-05
5829,3.446600060667513e-05
5830,9.728168383333168e-06
5831,1.4410144850763636e-05
5832,9.956974897762962e-06
5833,8.23675255475412e-06
5834,1.050537032126487e-05
5835,6.674408288524918e-06
5836,6.943887088388426e-06
5837,9.076566886993103e-06
5838,1.218607892267229e-05
5839,9.857833848985988e-06
5840,6.040507513560736e-05
5841,1.0147900018722789e-05
5842,1.355900184504802e-05
5843,1.9267517898285425e-05
5844,9.63849168571555e-06
5845,6.549987561372607e-05
5846,6.148518034054821e-05
5847,1.0673198845483249e-05
5848,1.2851268277655292e-05
5849,0.0007370128433397172
5850,1.1254764577080778e-05
5851,1.0012800057795225e-05
5852,1.1498732401418236e-05
5853,1.2523040583816098e-05
5854,1.976496796395845e-05
5855,9.74454702862083e-06
5856,1.0360425969893026e-05
5857,9.63908308380622e-06
5858,1.16452300893274e-05
5859,9.289948335583e-06
5860,1.6876321755975388e-05
5861,1.353974428103868e-05
5862,1.1453354286263499e-05
5863,1.2032706307433641e-05
5864,1.685629238814625e-05
5865,1.613210633448883e-05
5866,1.1172157593788467e-05
5867,6.674408288524918e-06
5868,1.0395100361401984e-05
5869,1.0560123404569157e-05
5870,9.598517099071531e-06
5871,1.53868225992607e-05
5872,1.1029448466982983e-05
5873,7.419104214836543e-05
5874,1.55303151275358e-05
5875,1.5837192579561308e-05
5876,1.7114608110234097e-05
5877,9.866856785287496e-06
5878,2.265861959081282e-05
5879,1.5391605709236747e-05
5880,9.74454702862083e-06
5881,1.3528035782459068e-05
5882,1.098355847616302e-05
5883,5.565033374118159e-05
5884,1.1398788038460363e-05
5885,8.674958738307506e-06
5886,1.2049308688035964e-05
5887,4.3902708024738354e-05
5888,1.0688941906292139e-05
5889,9.885989024162485e-06
5890,3.483890975138274e-05
5891,7.67957681734087e-06
5892,1.2113469516883801e-05
5893,1.3913469607568114e-05
5894,6.674408288524918e-06
5895,1.0304389685578956e-05
5896,1.16452300893274e-05
5897,1.0147900018722789e-05
5898,9.053328994739186e-06
5899,2.125865259275648e-05
5900,2.3712367206348915e-05
5901,8.767473216099917e-06
5902,1.35979808343122e-05
5903,9.439127771363733e-06
5904,1.67017370197119e-05
5905,1.4197025688803654e-05
5906,8.674958738307506e-06
5907,2.1251130807158823e-05
5908,3.081391126886542e-05
5909,9.437053268484187e-06
5910,1.0579067218970241e-05
5911,7.03903547157095e-06
5912,1.5546649815994904e-05
5913,1.5293531270545115e-05
5914,1.6435204876328895e-05
5915,2.392035685065981e-05
5916,2.850209890528266e-05
5917,9.63849168571555e-06
5918,1.4331360169462904e-05
5919,1.1212693996919311e-05
5920,2.0654512168795214e-05
5921,1.1004350244038656e-05
5922,9.893028832896335e-06
5923,9.076566886993103e-06
5924,1.0012821076224137e-05
5925,0.00036420174520482285
5926,2.26959356221573e-05
5927,1.0523567967782293e-05
5928,1.6317267711800925e-05
5929,1.6472899427653643e-05
5930,9.431571606477142e-06
5931,1.5793930043523555e-05
5932,8.423577999744469e-06
5933,1.0325521945413936e-05
5934,8.423577999744469e-06
5935,9.967603528957248e-06
5936,9.105964578815469e-06
5937,9.187772221265003e-06
5938,1.461435661018492e-05
5939,9.92867238526007e-06
5940,0.00036996884022570605
5941,9.62680544879162e-06
5942,1.240405310203985e-05
5943,1.2702955705999417e-05
5944,9.62680544879162e-06
5945,1.676369133749909e-05
5946,1.565948970640983e-05
5947,2.7638146483033926e-05
5948,8.767473216099917e-06
5949,4.1698526810632586e-05
5950,1.5398601382354394e-05
5951,1.0414935439835905e-05
5952,1.1078478163378258e-05
5953,1.14672736681883e-05
5954,1.7320254076254217e-05
5955,1.7317931522289677e-05
5956,2.1004160199700084e-05
5957,1.1029448466982983e-05
5958,1.0304389685578956e-05
5959,1.621269222808121e-05
5960,1.532673405107555e-05
5961,1.0226947814012442e-05
5962,9.244975147240444e-06
5963,2.0044047581196626e-05
5964,1.4658583648635516e-05
5965,2.397032673749064e-05
5966,1.206237794957882e-05
5967,9.804799282565535e-06
5968,1.4472157442928997e-05
5969,1.2962026921746081e-05
5970,8.653877904907496e-06
5971,1.6634584160689114e-05
5972,0.00010242733982012145
5973,4.365033148196844e-05
5974,1.2650836532082414e-05
5975,1.0719318706660731e-05
5976,8.57729752388675e-06
5977,1.396535951379383e-05
5978,4.9210260826821295e-06
5979,9.575534257900319e-06
5980,2.8552768912942947e-05
5981,1.1904958243208149e-05
5982,9.897250846409457e-06
5983,9.92867238526007e-06
5984,1.1317600624029021e-05
5985,8.674958738307506e-06
5986,1.0719318706660731e-05
5987,5.340978531897532e-05
5988,9.728168383333168e-06
5989,1.9617926848161936e-05
5990,1.914927102036326e-05
5991,1.785141313966422e-05
5992,9.22237046987849e-06
5993,1.1019279807699367e-05
5994,9.935008023651504e-06
5995,1.1510848380920765e-05
5996,1.5625772423762285e-05
5997,3.9582284400460344e-05
5998,1.6412132541359105e-05
5999,1.0474522801572617e-05
6000,1.0688941906292139e-05
6001,1.0296113256437114e-05
6002,1.1019279807699367e-05
6003,5.130241297018611e-06
6004,2.16785485672753e-05
6005,2.9503484466465306e-05
6006,0.00010812289499356988
6007,1.0152000896655648e-05
6008,1.0248059245605469e-05
6009,1.0606931434926932e-05
6010,1.6823185766001026e-05
6011,9.885989024162485e-06
6012,9.007728934627767e-06
6013,5.1651911234359266e-06
6014,1.4875798373508094e-05
6015,9.61684282628943e-05
6016,2.3691560745473798e-05
6017,3.3489760796498104e-05
6018,1.3972213620879796e-05
6019,1.024622844441018e-05
6020,1.0633902373928431e-05
6021,1.6823185766001026e-05
6022,9.879854495037761e-06
6023,9.956974897762962e-06
6024,2.1491130029038323e-05
6025,8.674958738307506e-06
6026,1.0347163086799967e-05
6027,3.8019270540262125e-05
6028,2.6688242894247863e-05
6029,2.203539911207917e-05
6030,9.63849168571555e-06
6031,1.2032706307433641e-05
6032,1.0688941906292139e-05
6033,1.0614819942957108e-05
6034,1.4554833419272193e-05
6035,1.2058786164846864e-05
6036,7.978894583581997e-06
6037,2.9306316372084384e-05
6038,1.5709664276813323e-05
6039,1.1028616036275543e-05
6040,9.568833028344554e-06
6041,9.632499591488105e-06
6042,1.0816858899900522e-05
6043,2.1638558717291784e-05
6044,1.0637314892586927e-05
6045,1.1398788038460363e-05
6046,1.0637314892586927e-05
6047,1.240405310203985e-05
6048,1.240405310203985e-05
6049,9.623776343241303e-06
6050,1.0264489145142471e-05
6051,1.832235910263709e-05
6052,9.21288922684213e-06
6053,1.750056953574144e-05
6054,9.243134293251872e-06
6055,1.1364417115222792e-05
6056,1.0053411756575844e-05
6057,9.582707565010591e-06
6058,9.439127771363733e-06
6059,1.1004515823678769e-05
6060,1.0135758113313978e-05
6061,3.3109209320929985e-05
6062,1.0327374865332602e-05
6063,3.0972893160240186e-05
6064,2.3311313586541233e-05
6065,2.9652942680465365e-05
6066,2.291887589382307e-05
6067,8.969077104345952e-06
6068,9.711597088106313e-06
6069,9.138178963690783e-06
6070,9.986120975271117e-06
6071,9.715239379587256e-06
6072,1.844720801128245e-05
6073,8.98613338073191e-06
6074,8.443164883814248e-05
6075,8.423577999744469e-06
6076,1.4354257188469111e-05
6077,1.3605030515306468e-05
6078,5.290892317082377e-06
6079,1.0365859094959847e-05
6080,9.076566886993103e-06
6081,1.4491912535233908e-05
6082,2.9828003140950736e-05
6083,4.0401910426557706e-05
6084,1.6823185766001026e-05
6085,8.98613338073191e-06
6086,9.582707565010591e-06
6087,2.117219382626395e-05
6088,9.804799282565535e-06
6089,1.050537032126487e-05
6090,6.674408288524918e-06
6091,1.9499192331738224e-05
6092,1.1019279807699367e-05
6093,4.960382506334399e-05
6094,2.3486740150378255e-05
6095,4.7397929105312e-05
6096,1.560725816286499e-05
6097,1.3913469607568114e-05
6098,2.1115561705387925e-05
6099,2.4372500813047316e-05
6100,1.026734224461449e-05
6101,2.1761113106156447e-05
6102,1.0369786528028124e-05
6103,1.4445132183457463e-05
6104,1.4132023922455826e-05
6105,1.6512246833936097e-05
6106,2.1792522443938823e-05
6107,1.3913469607568114e-05
6108,1.4233318243745742e-05
6109,1.0650730644944786e-05
6110,9.007728934627767e-06
6111,1.0812452155678734e-05
6112,8.446582058610286e-06
6113,8.446582058610286e-06
6114,1.0474522801572617e-05
6115,1.004334818679909e-05
6116,4.376049144054946e-05
6117,9.855818921322782e-06
6118,9.05804862443082e-06
6119,9.623776343241303e-06
6120,9.875238193826672e-06
6121,1.0332553080377697e-05
6122,1.5053137921277866e-05
6123,1.5053137921277866e-05
6124,9.243134293251872e-06
6125,1.353974428103868e-05
6126,8.874399124719438e-06
6127,1.4815789986776275e-05
6128,9.690616076324506e-06
6129,1.1029448466982983e-05
6130,9.684771821929977e-06
6131,9.681320269540957e-06
6132,1.609852904960256e-05
6133,9.885989024162485e-06
6134,9.63908308380622e-06
6135,8.503783769685729e-06
6136,3.0241501089913504e-05
6137,9.850440573120747e-06
6138,1.1551979632159076e-05
6139,3.295713761102262e-05
6140,2.038392349710921e-05
6141,1.353974428103868e-05
6142,1.71291108272927e-05
6143,1.353974428103868e-05
6144,2.290926410886354e-05
6145,1.4525578151791728e-05
6146,9.986120975271117e-06
6147,1.0296113256437114e-05
6148,1.0605862121923956e-05
6149,1.050537032126487e-05
6150,1.0783171814142291e-05
6151,9.190780516689155e-06
6152,1.174121193020162e-05
6153,1.8374790933689325e-05
6154,9.728168383333168e-06
6155,9.715239379587256e-06
6156,9.007728934627767e-06
6157,2.9963236296157355e-05
6158,2.656602668424485e-05
6159,1.5649781873937067e-05
6160,9.728168383333168e-06
6161,1.5894093775517374e-05
6162,1.2989351306182824e-05
6163,1.5586290015067726e-05
6164,2.117219382626395e-05
6165,9.463714720507445e-06
6166,2.3150720078485734e-05
6167,6.848318894276419e-06
6168,3.481533800092931e-05
6169,9.22237046987849e-06
6170,1.3771968045980782e-05
6171,1.2203954207176694e-05
6172,2.6517915006445416e-05
6173,9.783732642307983e-06
6174,1.4858133904280163e-05
6175,9.654870802543586e-06
6176,1.0711341726803775e-05
6177,8.801301594525623e-06
6178,9.71769253600263e-06
6179,1.536254866957986e-05
6180,8.503783769685729e-06
6181,1.009278174243314e-05
6182,1.0327811939182512e-05
6183,1.1594325978611455e-05
6184,6.848318894276419e-06
6185,5.808101691345358e-05
6186,9.317540546083008e-06
6187,2.8087898235992426e-05
6188,1.622186417437614e-05
6189,9.337233669156108e-06
6190,9.007728934627767e-06
6191,9.975638048799439e-06
6192,1.0998759080324583e-05
6193,1.909184034756954e-05
6194,1.0452836128321915e-05
6195,5.290199671838324e-05
6196,1.4591621085625427e-05
6197,1.1118294444784053e-05
6198,9.885989024162485e-06
6199,9.804799282565535e-06
6200,8.674958738307506e-06
6201,1.0571992351797697e-05
6202,1.2203954207176694e-05
6203,8.38647689683554e-06
6204,3.2278452911246435e-05
6205,1.8374790933689325e-05
6206,1.0729831536478351e-05
6207,1.918459572633767e-05
6208,9.654870802543586e-06
6209,9.610210116740116e-06
6210,1.0641647050221365e-05
6211,1.0689881014854909e-05
6212,9.53237362447028e-06
6213,2.6899297351938642e-05
6214,1.1261317758557567e-05
6215,9.908381712638796e-06
6216,1.0641409131589505e-05
6217,1.0241717869620738e-05
6218,9.84128048041037e-06
6219,8.98613338073191e-06
6220,1.144840881813943e-05
6221,3.5693513897981886e-05
6222,1.0673198845483249e-05
6223,8.716259692959632e-06
6224,9.654870802543586e-06
6225,1.0241717869620738e-05
6226,2.2120349492575625e-05
6227,9.136632654823229e-06
6228,1.0688941906292139e-05
6229,4.128547011353213e-05
6230,1.0320122706611893e-05
6231,5.514326184091605e-05
6232,1.3114564674475486e-05
6233,1.0579067218970241e-05
6234,1.028892948360175e-05
6235,1.1505654674703786e-05
6236,9.809582392541579e-06
6237,1.0320122706611893e-05
6238,1.353974428103868e-05
6239,1.444953238845065e-05
6240,1.0248059245605469e-05
6241,1.0778534129978959e-05
6242,2.128211699672103e-05
6243,9.896272091706858e-06
6244,1.0070741236215382e-05
6245,9.239550899912532e-06
6246,1.0327374865332602e-05
6247,9.809582392541579e-06
6248,9.431571606477142e-06
6249,5.503763776205309e-06
6250,1.3124703986751003e-05
6251,9.74454702862083e-06
6252,2.5757797009419106e-05
6253,1.513559926838581e-05
6254,1.1029448466982983e-05
6255,8.74946123010101e-06
6256,1.6757067804825277e-05
6257,9.63849168571555e-06
6258,9.882082474788552e-06
6259,1.5424814791226663e-05
6260,9.793412700163626e-06
6261,1.1728661315964814e-05
6262,6.478346543137308e-05
6263,2.0027034691983437e-05
6264,4.9272625166065805e-05
6265,1.0817996061144057e-05
6266,1.0804275205124589e-05
6267,2.0654512168795214e-05
6268,3.12517038611952e-05
6269,1.2288780948123302e-05
6270,1.0190781318694255e-05
6271,1.0632560201404219e-05
6272,1.621933820928209e-05
6273,2.625049940174354e-05
6274,8.35108128676514e-06
6275,9.697915604753337e-06
6276,1.0323798207862645e-05
6277,1.5835029488590043e-05
6278,2.6935467301409898e-05
6279,3.8243181390524006e-05
6280,9.138178963690783e-06
6281,8.530722915133776e-06
6282,8.98613338073191e-06
6283,9.896272091706858e-06
6284,1.6082766984149663e-05
6285,9.809582392541579e-06
6286,9.986120975271117e-06
6287,3.09824558140948e-05
6288,2.421260288065546e-05
6289,9.986120975271117e-06
6290,2.0652364241608444e-05
6291,1.1072958869998366e-05
6292,9.308980804974973e-06
6293,1.8913525397142825e-05
6294,5.325166570064877e-05
6295,1.0711341726803775e-05
6296,2.0560696937805562e-05
6297,1.4866791784054184e-05
6298,9.46984213922782e-06
6299,2.1056443521328885e-05
6300,9.967603528957248e-06
6301,1.670457080864676e-05
6302,1.6710439352497493e-05
6303,9.655747257728404e-06
6304,1.4800475238138736e-05
6305,7.55205999585218e-05
6306,9.777263074180927e-06
6307,1.353974428103868e-05
6308,1.6694804711234493e-05
6309,2.6731133993138622e-05
6310,1.5228868237134661e-05
6311,8.999522573062998e-06
6312,1.9458553754355554e-05
6313,1.3553713199137633e-05
6314,1.0579067218970241e-05
6315,9.861512805350344e-06
6316,1.1048121390319183e-05
6317,3.309481711776131e-05
6318,1.8566525375164354e-05
6319,1.6811384916275566e-05
6320,1.0377534691953246e-05
6321,1.4495444989447979e-05
6322,9.809582392541579e-06
6323,3.5417985310537557e-05
6324,1.3817941216135846e-05
6325,8.807659066140166e-06
6326,1.564700853119212e-05
6327,1.2032706307433641e-05
6328,1.5106549276343051e-05
6329,1.6752085575301417e-05
6330,1.6062533940830677e-05
6331,1.789717249100893e-05
6332,1.9734248778182426e-05
6333,2.8609133994463037e-05
6334,1.3634565041343432e-05
6335,1.040634852296654e-05
6336,1.0688941906292139e-05
6337,4.8712817787507075e-06
6338,3.9302167761991986e-05
6339,3.760516083140831e-05
6340,4.885650566033146e-05
6341,1.4359467450359605e-05
6342,1.144840881813943e-05
6343,1.4609638653280185e-05
6344,0.0003596605203966294
6345,1.1212693996919311e-05
6346,1.7489105323946133e-05
6347,1.0598164728847593e-05
6348,1.026734224461449e-05
6349,1.5398601382354394e-05
6350,1.0739562233243814e-05
6351,1.4132023922455826e-05
6352,5.233976084135274e-06
6353,2.298610171027906e-05
6354,9.71769253600263e-06
6355,2.0375608952630973e-05
6356,1.3836739162347253e-05
6357,4.5451554319436465e-05
6358,1.464026938504619e-05
6359,1.0983549165868838e-05
6360,1.5611950299315574e-05
6361,1.1364417115222792e-05
6362,4.604788947244692e-05
6363,1.003161474217399e-05
6364,9.654870802543586e-06
6365,1.0248059245605469e-05
6366,9.897250846409457e-06
6367,9.365870353764055e-06
6368,9.948291810840633e-06
6369,6.848318894276419e-06
6370,1.0414935439835905e-05
6371,1.2058786164846864e-05
6372,8.927377406965493e-06
6373,1.144840881813943e-05
6374,1.4994098328386499e-05
6375,1.9261997727539168e-05
6376,1.00595519188609e-05
6377,9.700862731621744e-06
6378,9.84128048041037e-06
6379,2.049487414430762e-05
6380,1.633005025047426e-05
6381,1.1904958243208149e-05
6382,8.35108128676514e-06
6383,1.2541712951143893e-05
6384,1.1190914478695744e-05
6385,1.4802461821524116e-05
6386,1.5805030369046533e-05
6387,2.117219382626395e-05
6388,1.4233318243745742e-05
6389,1.0248059245605469e-05
6390,1.166445740269477e-05
6391,1.945444514867387e-05
6392,9.575534257900319e-06
6393,9.655747257728404e-06
6394,1.0323798207862645e-05
6395,1.9136767334561818e-05
6396,9.493588591525832e-06
6397,1.3100551993086592e-05
6398,1.0587009329418567e-05
6399,2.390443387669371e-05
6400,1.003161474217399e-05
6401,1.0688941906292139e-05
6402,1.1029448466982983e-05
6403,3.070016065320875e-05
6404,8.653877904907496e-06
6405,1.542788842870487e-05
6406,1.2002464372649052e-05
6407,1.028892948360175e-05
6408,1.0606931434926932e-05
6409,9.746406357827071e-06
6410,9.700862731621744e-06
6411,2.884181693137527e-05
6412,9.399877875532114e-06
6413,1.4132023922455826e-05
6414,9.05804862443082e-06
6415,1.5111934300433655e-05
6416,1.1029448466982983e-05
6417,1.3107526471622968e-05
6418,3.721990751563047e-05
6419,2.1848019266705054e-05
6420,3.165558368708216e-05
6421,1.0347163086799967e-05
6422,1.1904958243208149e-05
6423,1.0474522801572617e-05
6424,1.16117097546835e-05
6425,8.966816258866327e-06
6426,1.0606931434926932e-05
6427,1.9830105180616e-05
6428,1.9617413105033646e-05
6429,1.3053622269263053e-05
6430,1.2447262700099505e-05
6431,1.16117097546835e-05
6432,1.0435160785416307e-05
6433,1.5161293186092262e-05
6434,1.5955581909627095e-05
6435,1.2344257881049745e-05
6436,1.0641647050221365e-05
6437,8.74946123010101e-06
6438,1.0951091175073234e-05
6439,1.614423083555159e-05
6440,7.55205999585218e-05
6441,1.3739990091559911e-05
6442,1.0053411756575844e-05
6443,1.00595519188609e-05
6444,9.896272091706858e-06
6445,1.0691282150835419e-05
6446,1.2447262700099505e-05
6447,1.1669720289008406e-05
6448,1.2303505798708656e-05
6449,1.0070741236215382e-05
6450,2.0171775721478098e-05
6451,1.0241717869620738e-05
6452,1.551026899819445e-05
6453,5.1607537489429445e-05
6454,2.0295292846384882e-05
6455,9.728168383333168e-06
6456,1.0816858899900522e-05
6457,1.5136315414036929e-05
6458,8.807659066140166e-06
6459,8.693169150980948e-06
6460,9.360000703992135e-06
6461,8.900231607773971e-06
6462,1.177697881591642e-05
6463,1.5049998187358282e-05
6464,1.0614819942957108e-05
6465,1.0637853883326657e-05
6466,3.423238704950394e-05
6467,1.14672736681883e-05
6468,1.0203235324803235e-05
6469,5.130241297018611e-06
6470,9.914018292015523e-06
6471,1.1261317758557567e-05
6472,1.0377534691953246e-05
6473,1.1004515823678769e-05
6474,9.46984213922782e-06
6475,8.74946123010101e-06
6476,1.0660709689367653e-05
6477,1.0606931434926932e-05
6478,1.9891575103110475e-05
6479,1.0365859094959847e-05
6480,1.4845725191746715e-05
6481,1.5626569880981603e-05
6482,1.0579067218970241e-05
6483,1.026734224461449e-05
6484,1.1028616036275543e-05
6485,1.0433895804699462e-05
6486,1.6949729613792502e-05
6487,1.2039091181769635e-05
6488,2.135112371272215e-05
6489,1.7552993582407373e-05
6490,9.748359755398614e-05
6491,8.590149903225016e-06
6492,1.050537032126487e-05
6493,9.948291810840633e-06
6494,1.5630938440760445e-05
6495,1.1446736855642405e-05
6496,1.2058786164846864e-05
6497,2.0052878199959206e-05
6498,9.05804862443082e-06
6499,1.2058786164846864e-05
6500,9.575534257900319e-06
6501,9.71769253600263e-06
6502,1.0207916664227508e-05
6503,2.2399572444836627e-05
6504,9.49486225349075e-06
6505,2.991462737596053e-05
6506,9.86788215339441e-06
6507,1.0070741236215382e-05
6508,4.975563986204589e-05
6509,9.493588591525832e-06
6510,6.984484435447653e-05
6511,1.954642384008839e-05
6512,1.6617328588676258e-05
6513,3.7724054306363687e-05
6514,1.7216465918898466e-05
6515,1.1078478163378258e-05
6516,0.000759498741819901
6517,9.239550899912532e-06
6518,9.510111211076036e-06
6519,1.946069780500956e-05
6520,1.0691282150835419e-05
6521,1.1261317758557567e-05
6522,1.569938753518477e-05
6523,1.3542147907196541e-05
6524,1.036236578670301e-05
6525,1.0135758113313978e-05
6526,1.0394028520652429e-05
6527,1.0433895804699462e-05
6528,2.010957633933646e-05
6529,1.2058786164846864e-05
6530,1.1028616036275543e-05
6531,1.4880223864920806e-05
6532,1.0160998317039673e-05
6533,1.0691282150835419e-05
6534,1.2314002950744122e-05
6535,9.63849168571555e-06
6536,1.729390230840702e-05
6537,1.5471917458089434e-05
6538,8.98613338073191e-06
6539,1.0070741236215382e-05
6540,1.313529346607597e-05
6541,7.154682478408322e-05
6542,1.0008352767091742e-05
6543,1.8358894925012662e-05
6544,1.0304389685578956e-05
6545,1.16452300893274e-05
6546,2.2264095112120805e-05
6547,8.98613338073191e-06
6548,1.353974428103868e-05
6549,2.2220543391559062e-05
6550,6.848318894276419e-06
6551,2.9116855702768524e-05
6552,6.452998978158232e-05
6553,1.1029448466982983e-05
6554,9.105964578815469e-06
6555,1.0296113256437114e-05
6556,1.954642384008839e-05
6557,1.0673198845483249e-05
6558,9.463714720507445e-06
6559,1.0588724794969408e-05
6560,1.4878199123147321e-05
6561,2.0103918124404303e-05
6562,2.5572885789230412e-05
6563,1.2039091181769635e-05
6564,9.967603528957248e-06
6565,2.5740703107592077e-05
6566,1.4752836397801313e-05
6567,8.98613338073191e-06
6568,1.0817996061144057e-05
6569,1.2113469516883801e-05
6570,1.1029448466982983e-05
6571,1.0248059245605469e-05
6572,9.463714720507445e-06
6573,1.9261997727539168e-05
6574,1.1078478163378258e-05
6575,6.2180242557229486e-06
6576,9.948291810840633e-06
6577,2.0454659326949453e-05
6578,1.0639045552312857e-05
6579,1.5172545520267525e-05
6580,1.052641146073085e-05
6581,1.0637314892586927e-05
6582,1.0657744691249782e-05
6583,1.0691282150835419e-05
6584,1.061481761300295e-05
6585,9.856879810749559e-06
6586,1.0438800493865949e-05
6587,9.63908308380622e-06
6588,9.809582392541579e-06
6589,1.6407713507425e-05
6590,1.3261524197022263e-05
6591,1.3826110024741152e-05
6592,1.9782591928999697e-05
6593,1.1212693996919311e-05
6594,3.036488356987142e-05
6595,1.0433895804699462e-05
6596,1.4571935453946875e-05
6597,9.317540546083008e-06
6598,1.9261997727539168e-05
6599,1.0304389685578956e-05
6600,1.979605865580173e-05
6601,6.259673201118491e-05
6602,1.0729831536478351e-05
6603,4.31576871109637e-05
6604,1.0727799886620179e-05
6605,1.1048121390319183e-05
6606,1.0165217108108049e-05
6607,9.243134293251872e-06
6608,1.1398788038460363e-05
6609,9.582707565010591e-06
6610,9.885989024162485e-06
6611,9.967603528957248e-06
6612,1.144840881813943e-05
6613,1.1022989657855392e-05
6614,6.674408288524918e-06
6615,9.896272091706858e-06
6616,9.34106932876218e-06
6617,1.2058786164846864e-05
6618,1.0678217015801007e-05
6619,1.00595519188609e-05
6620,1.7365209332213487e-05
6621,9.986120975271117e-06
6622,2.5762370220905495e-05
6623,5.290892317082377e-06
6624,5.469377564011524e-06
6625,1.0691282150835419e-05
6626,1.16117097546835e-05
6627,9.715239379587256e-06
6628,1.1364417115222792e-05
6629,1.1748139867339356e-05
6630,8.848748200179625e-06
6631,1.2058786164846864e-05
6632,0.0007192256556298465
6633,2.062234027492993e-05
6634,1.1538865961995837e-05
6635,3.254791967470731e-05
6636,0.00010511835110345747
6637,1.1538865961995837e-05
6638,9.317540546083008e-06
6639,1.4637748528466378e-05
6640,1.1028616036275543e-05
6641,9.920286267500786e-06
6642,2.6997520830323804e-05
6643,1.301361110067116e-05
6644,9.896272091706858e-06
6645,2.2312133215759315e-05
6646,1.139810098846653e-05
6647,1.6274734391217445e-05
6648,8.785848222579045e-06
6649,1.3693737815323962e-05
6650,4.762382262542148e-05
6651,1.2303847487426008e-05
6652,1.202373727588023e-05
6653,8.674958738307506e-06
6654,9.105964578815469e-06
6655,1.3843652774769154e-05
6656,1.4340691834678774e-05
6657,8.785848222579045e-06
6658,1.1044881389740348e-05
6659,1.4917168647982508e-05
6660,9.715239379587256e-06
6661,1.139810098846653e-05
6662,1.677442569398366e-05
6663,1.009278174243314e-05
6664,2.693526874581708e-05
6665,4.571957727358701e-05
6666,9.715239379587256e-06
6667,9.54736063630183e-06
6668,1.9866598535371784e-05
6669,9.754070560661059e-06
6670,1.246725840014532e-05
6671,1.0660709689367653e-05
6672,1.0637314892586927e-05
6673,9.777263074180927e-06
6674,1.7145897076988363e-05
6675,5.846554725053581e-05
6676,2.0528192144733176e-05
6677,9.489074365034779e-06
6678,1.5609735506411448e-05
6679,1.009278174243314e-05
6680,1.0633902373928431e-05
6681,1.0226947814012442e-05
6682,5.7388704878049247e-05
6683,1.0008352767091742e-05
6684,1.9081329304911897e-05
6685,9.63908308380622e-06
6686,9.158656342036634e-06
6687,1.911986453938553e-05
6688,9.700862731621744e-06
6689,1.2058786164846864e-05
6690,1.4689732959475856e-05
6691,1.0213357406846318e-05
6692,9.076566886993103e-06
6693,1.16117097546835e-05
6694,9.428316725526897e-06
6695,3.9113241205356384e-05
6696,1.1118294444784053e-05
6697,1.7328960423487648e-05
6698,9.897250846409457e-06
6699,4.1940730557122184e-05
6700,9.956974897762962e-06
6701,2.6510584921248896e-05
6702,1.7323304944251152e-05
6703,9.715239379587256e-06
6704,1.5343465993165088e-05
6705,1.0411753129650602e-05
6706,9.921621150637919e-06
6707,1.6407713507425e-05
6708,1.731074354714716e-05
6709,1.206237794957882e-05
6710,9.476399044439624e-06
6711,1.4231503683957677e-05
6712,4.935455179587698e-05
6713,1.0729831536478351e-05
6714,1.4053204228281502e-05
6715,2.1673670395431697e-05
6716,8.801301594525623e-06
6717,1.050537032126487e-05
6718,2.024214578013785e-05
6719,1.0673198845483249e-05
6720,1.551822629107179e-05
6721,0.0002552560581839246
6722,6.285903490617787e-05
6723,3.079171137856269e-05
6724,1.002322127836139e-05
6725,1.405705535578172e-05
6726,1.5763433646751047e-05
6727,1.015245543295525e-05
6728,9.076566886993103e-06
6729,1.2473123890546843e-05
6730,1.5284526215627456e-05
6731,9.681320269540957e-06
6732,1.6807010513367148e-05
6733,1.0112470398890739e-05
6734,1.4914662407893656e-05
6735,9.261002864982228e-06
6736,2.186254699760541e-05
6737,2.5813608411259028e-05
6738,1.246725840014532e-05
6739,1.5758504928802644e-05
6740,7.159558471406331e-06
6741,1.0200940946075882e-05
6742,1.0579067218970241e-05
6743,1.0719318706660731e-05
6744,8.74946123010101e-06
6745,1.0112470398890739e-05
6746,1.2113469516883801e-05
6747,1.3817941216135846e-05
6748,1.8327109805094117e-05
6749,9.463714720507445e-06
6750,1.050537032126487e-05
6751,9.967603528957248e-06
6752,1.5222107848465297e-05
6753,1.2851268277655292e-05
6754,6.674408288524918e-06
6755,1.0896042873277623e-05
6756,9.908381712638796e-06
6757,1.0896042873277623e-05
6758,9.289948335583e-06
6759,1.543204014652759e-05
6760,3.489275647150846e-05
6761,1.7427895753769283e-05
6762,1.527699598275307e-05
6763,9.715239379587256e-06
6764,1.0581429682234979e-05
6765,6.674408288524918e-06
6766,9.076566886993103e-06
6767,8.674958738307506e-06
6768,1.0558042072649292e-05
6769,1.3261524197022263e-05
6770,1.1261317758557567e-05
6771,2.8475908961762508e-05
6772,8.980088304004427e-06
6773,6.674408288524918e-06
6774,1.1261317758557567e-05
6775,9.105964578815469e-06
6776,1.3157257859530592e-05
6777,1.0336096338087536e-05
6778,8.767473216099917e-06
6779,3.493404962028804e-05
6780,1.16452300893274e-05
6781,2.0980711668183032e-05
6782,1.075355678101189e-05
6783,8.693169150980948e-06
6784,1.7918066487546036e-05
6785,1.1320356980366022e-05
6786,1.2039091181769635e-05
6787,1.5254975402569197e-05
6788,1.206237794957882e-05
6789,2.1922992853586914e-05
6790,9.317540546083008e-06
6791,2.4833311842239796e-05
6792,9.83086475285655e-06
6793,1.715585801541405e-05
6794,9.489074365034779e-06
6795,1.1029448466982983e-05
6796,1.353974428103868e-05
6797,2.2678878626931965e-05
6798,9.920286267500786e-06
6799,1.6598885914618096e-05
6800,1.144840881813943e-05
6801,9.148087175083268e-06
6802,1.71291108272927e-05
6803,9.711597088106313e-06
6804,1.9959892760344814e-05
6805,9.920286267500786e-06
6806,1.0295947540132029e-05
6807,1.075355678101189e-05
6808,1.1029448466982983e-05
6809,9.05804862443082e-06
6810,1.0605862121923956e-05
6811,1.0606931434926932e-05
6812,1.0414935439835905e-05
6813,1.7358440558608822e-05
6814,1.1861338859021963e-05
6815,1.7377477218453874e-05
6816,6.943887088388426e-06
6817,9.690616076324506e-06
6818,1.6384279254145257e-05
6819,1.2529614893840324e-05
6820,2.4771186892578704e-05
6821,1.1029448466982983e-05
6822,4.6940849346470936e-05
6823,6.848318894276419e-06
6824,9.855818921322782e-06
6825,1.061481761300295e-05
6826,9.02497625970319e-06
6827,1.444881795264814e-05
6828,3.831628510484586e-05
6829,1.2113469516883801e-05
6830,8.446582058610286e-06
6831,3.147982551158682e-05
6832,2.278916193703729e-05
6833,1.1261317758557567e-05
6834,1.4357831277989106e-05
6835,2.0765873823460095e-05
6836,1.139810098846653e-05
6837,6.848318894276419e-06
6838,2.3568988410970684e-05
6839,9.63908308380622e-06
6840,9.700862731621744e-06
6841,6.320245017545024e-05
6842,2.0654512168795214e-05
6843,1.0267670007139493e-05
6844,9.434520593808654e-06
6845,9.855818921322782e-06
6846,1.144840881813943e-05
6847,9.582707565010591e-06
6848,2.9068669378549e-05
6849,1.075355678101189e-05
6850,1.723461741053332e-05
6851,9.263821395050691e-06
6852,1.722216500458695e-05
6853,1.1317600624029021e-05
6854,9.3206344389504e-06
6855,9.308980804974973e-06
6856,2.1792500658244948e-05
6857,9.007728934627767e-06
6858,1.0660709689367653e-05
6859,9.885989024162485e-06
6860,1.0673198845483249e-05
6861,1.0323798207862645e-05
6862,9.10260502471896e-06
6863,1.9030782310207262e-05
6864,1.144840881813943e-05
6865,1.5738816272345046e-05
6866,9.804799282565535e-06
6867,1.5571557843687144e-05
6868,9.690616076324506e-06
6869,1.0296113256437114e-05
6870,1.2886992805110429e-05
6871,1.0503398104220844e-05
6872,1.0896042873277623e-05
6873,1.0296113256437114e-05
6874,1.6335541509346748e-05
6875,3.113820569890515e-05
6876,1.0320122706611893e-05
6877,2.550238894647172e-05
6878,6.848318894276419e-06
6879,4.561310528118881e-06
6880,1.0012821076224137e-05
6881,9.46984213922782e-06
6882,4.468760414031755e-06
6883,2.139341240162106e-05
6884,1.3553713199137633e-05
6885,1.614423083555159e-05
6886,2.7230935980754313e-05
6887,1.2851268277655292e-05
6888,1.5254975402569197e-05
6889,1.2851268277655292e-05
6890,1.587084991563442e-05
6891,2.126536215271472e-05
6892,1.0248059245605469e-05
6893,4.8712817787507075e-06
6894,2.0274014109652892e-05
6895,1.273513094685078e-05
6896,1.811736068931856e-05
6897,1.2386260181243683e-05
6898,9.63908308380622e-06
6899,1.5276724149905527e-05
6900,1.0719318706660731e-05
6901,0.00027329702659808114
6902,1.0304389685578956e-05
6903,1.1703085965558177e-05
6904,1.2783521608318478e-05
6905,1.1218005877214256e-05
6906,1.0610711704845131e-05
6907,1.3536580301426202e-05
6908,8.693169150980948e-06
6909,3.0408064368087948e-05
6910,9.007728934627767e-06
6911,9.080530119703727e-06
6912,9.62998094941288e-06
6913,1.562483074169184e-05
6914,9.149489293946556e-06
6915,2.0080288186999988e-05
6916,1.7557904121930953e-05
6917,1.2529614893840324e-05
6918,9.920286267500786e-06
6919,7.03903547157095e-06
6920,2.09992038767e-05
6921,1.8417966905993873e-05
6922,9.811995885297593e-06
6923,1.0000952380046262e-05
6924,1.2447262700099505e-05
6925,9.053328994739186e-06
6926,1.587740230253431e-05
6927,9.690616076324506e-06
6928,9.74454702862083e-06
6929,2.0976426337268668e-05
6930,1.0414935439835905e-05
6931,6.2180242557229486e-06
6932,1.1261317758557567e-05
6933,1.5519215693883322e-05
6934,9.317540546083008e-06
6935,1.7713079364307228e-05
6936,7.55205999585218e-05
6937,9.728168383333168e-06
6938,2.3224964646726518e-05
6939,1.1004350244038656e-05
6940,1.7225152646187267e-05
6941,4.847930356484556e-05
6942,1.0190781318694255e-05
6943,8.585145012490296e-05
6944,1.177697881591642e-05
6945,1.177697881591642e-05
6946,1.4588266519947798e-05
6947,1.0008352767091742e-05
6948,9.293040134460558e-06
6949,1.5915689576219554e-05
6950,2.024087890048306e-05
6951,9.804799282565535e-06
6952,1.3793718347569229e-05
6953,2.110283913087091e-05
6954,1.16452300893274e-05
6955,1.353974428103868e-05
6956,2.2092169026726438e-05
6957,1.8332394904900508e-05
6958,1.1078478163378258e-05
6959,1.052641146073085e-05
6960,1.0727799886620179e-05
6961,1.0166102663128765e-05
6962,1.3699975510677539e-05
6963,6.2180242557229486e-06
6964,1.0327811939182512e-05
6965,1.9799528952506122e-05
6966,4.2251325741603707e-05
6967,2.0262117197826127e-05
6968,2.9191631274245933e-05
6969,1.4362661394807078e-05
6970,1.0812452155678734e-05
6971,1.6638362863777663e-05
6972,8.980088304004427e-06
6973,9.261002864982228e-06
6974,1.0896042873277623e-05
6975,2.7682656487279492e-05
6976,9.700862731621744e-06
6977,1.0248059245605469e-05
6978,9.261002864982228e-06
6979,2.2708108068467064e-05
6980,9.399491531494186e-06
6981,1.240405310203985e-05
6982,1.144840881813943e-05
6983,1.1029448466982983e-05
6984,1.557977166450213e-05
6985,9.63849168571555e-06
6986,1.024622844441018e-05
6987,1.1029448466982983e-05
6988,7.935958174012888e-06
6989,1.353974428103868e-05
6990,1.0083068471111015e-05
6991,1.5444687896858765e-05
6992,1.3091972186581859e-05
6993,1.0438800493865949e-05
6994,1.5718223226743755e-05
6995,8.785848222579045e-06
6996,9.146542499755883e-06
6997,1.1212693996919311e-05
6998,9.499333526257177e-06
6999,2.6546580839056393e-05
7000,2.4069484409508717e-05
7001,1.0213357406846318e-05
7002,7.4137074395127525e-06
7003,1.036236578670301e-05
7004,9.267398360518381e-06
7005,1.4924416230042726e-05
7006,1.0414935439835905e-05
7007,8.073920306366296e-05
7008,2.285410188691587e-05
7009,1.007952052925644e-05
7010,3.325703080475755e-05
7011,9.080530119703727e-06
7012,1.0729831536478351e-05
7013,1.028892948360175e-05
7014,2.633394719332828e-05
7015,1.4612901734420096e-05
7016,9.897250846409457e-06
7017,8.767473216099917e-06
7018,9.700862731621744e-06
7019,6.848318894276419e-06
7020,0.00010765166843783087
7021,1.0327811939182512e-05
7022,9.855818921322782e-06
7023,1.4069874566930174e-05
7024,9.076566886993103e-06
7025,1.9448175662806815e-05
7026,1.4400709108074449e-05
7027,9.575534257900319e-06
7028,9.138178963690783e-06
7029,2.2083819784731494e-05
7030,9.865371888160221e-06
7031,1.0691282150835419e-05
7032,1.0691282150835419e-05
7033,1.5531622818503426e-05
7034,2.8292198890885975e-05
7035,1.6794717313614477e-05
7036,8.519751819647818e-06
7037,1.601713597439833e-05
7038,9.893028832896335e-06
7039,1.1258503567608335e-05
7040,1.240405310203985e-05
7041,1.353974428103868e-05
7042,9.793412700163626e-06
7043,0.0003503575347709183
7044,1.1971344261213511e-05
7045,1.0878252260433276e-05
7046,1.0727799886620179e-05
7047,1.0323798207862645e-05
7048,9.74983946570471e-06
7049,1.3590823974705212e-05
7050,3.046512638633623e-05
7051,9.007728934627767e-06
7052,9.434838296707893e-06
7053,9.63908308380622e-06
7054,1.6128295106272466e-05
7055,8.446582058610286e-06
7056,1.8377791444320352e-05
7057,9.46984213922782e-06
7058,1.1212693996919311e-05
7059,9.187772221265003e-06
7060,1.614527826245388e-05
7061,2.6357534821879016e-05
7062,1.0327811939182512e-05
7063,2.0532007824128213e-05
7064,3.116601272788811e-05
7065,2.5743699187042398e-05
7066,9.956974897762962e-06
7067,8.30724933669107e-06
7068,9.499363410106409e-06
7069,1.0998759080324583e-05
7070,3.085101348040245e-05
7071,2.759087508741106e-05
7072,1.0896042873277623e-05
7073,1.040634852296654e-05
7074,1.353974428103868e-05
7075,5.453512646817117e-06
7076,1.0783171814142291e-05
7077,5.453512646817117e-06
7078,1.9445723878875384e-05
7079,1.148286787439094e-05
7080,5.453512646817117e-06
7081,5.453512646817117e-06
7082,3.616047323611002e-05
7083,5.453512646817117e-06
7084,5.453512646817117e-06
7085,2.4361352264551997e-05
7086,5.453512646817117e-06
7087,5.453512646817117e-06
7088,1.1035535963512282e-05
7089,3.590101630650416e-05
7090,1.6518360099379884e-05
7091,1.900005119555902e-05
7092,1.353974428103868e-05
7093,9.201033527038735e-05
7094,2.696510190982145e-05
7095,1.16117097546835e-05
7096,1.2972890677763186e-05
7097,2.2176663591518187e-05
7098,1.0783171814142291e-05
7099,5.453512646817117e-06
7100,5.453512646817117e-06
7101,1.0395100361401984e-05
7102,5.453512646817117e-06
7103,1.7400902993663756e-05
7104,9.809582392541579e-06
7105,2.10373187787796e-05
7106,2.090466965761752e-05
7107,1.6838602836726583e-05
7108,1.2096548470830578e-05
7109,1.7064891191086105e-05
7110,1.1542455236127653e-05
7111,2.274913588090161e-05
7112,1.6731556467618264e-05
7113,2.4972366311248747e-05
7114,2.521214456326895e-05
7115,5.453512646817117e-06
7116,1.1364045690992148e-05
7117,1.356121067565544e-05
7118,1.111247899884147e-05
7119,1.0783171814142291e-05
7120,1.0783171814142291e-05
7121,1.965498094370314e-05
7122,1.3535190834700356e-05
7123,5.453512646817117e-06
7124,1.962413342401089e-05
7125,1.2972890677763186e-05
7126,2.553466646818592e-05
7127,5.453512646817117e-06
7128,2.5743923533013675e-05
7129,5.453512646817117e-06
7130,1.3535190834700356e-05
7131,1.0783171814142291e-05
7132,1.0307483334467567e-05
7133,1.3535190834700356e-05
7134,5.453512646817117e-06
7135,1.2972890677763186e-05
7136,1.1035535963512282e-05
7137,5.453512646817117e-06
7138,1.3535190834700356e-05
7139,1.553096769184369e-05
7140,1.1364045690992148e-05
7141,1.246725840014532e-05
7142,9.59484738868822e-06
7143,2.15160150000868e-05
7144,2.0604443809706966e-05
7145,9.728168383333168e-06
7146,5.330244508974136e-06
7147,1.2534876419980306e-05
7148,4.17119405711852e-05
7149,1.1446736855642405e-05
7150,1.3408151893006647e-05
7151,8.57728690881886e-06
7152,1.54796247356691e-05
7153,9.582707565010591e-06
7154,1.0395100361401984e-05
7155,9.777263074180927e-06
7156,1.0332553080377697e-05
7157,1.0414935439835905e-05
7158,9.239550899912532e-06
7159,1.280742674021427e-05
7160,1.5699493627866857e-05
7161,1.206237794957882e-05
7162,4.5861800955799e-05
7163,1.562400721846844e-05
7164,9.967603528957248e-06
7165,9.510111211076036e-06
7166,9.715239379587256e-06
7167,1.1296045664592115e-05
7168,1.5053137921277866e-05
7169,1.0414935439835905e-05
7170,1.0983549165868838e-05
7171,3.5751518923253547e-05
7172,1.240405310203985e-05
7173,4.561310528118881e-06
7174,1.002322127836139e-05
7175,1.0152000896655648e-05
7176,1.811736068931856e-05
7177,1.2113469516883801e-05
7178,1.2550706105718322e-05
7179,9.908087847875337e-06
7180,9.053328994739186e-06
7181,1.595259741194659e-05
7182,1.0632560201404219e-05
7183,9.552202977205576e-06
7184,1.353974428103868e-05
7185,8.839672031365243e-06
7186,3.299404567469766e-05
7187,9.317540546083008e-06
7188,2.1893782252275866e-05
7189,1.425653946378866e-05
7190,2.4566562133619304e-05
7191,1.605094991163965e-05
7192,1.0719318706660731e-05
7193,2.5706390198307697e-05
7194,9.63849168571555e-06
7195,1.426367421164474e-05
7196,7.935958174012888e-06
7197,1.6951261346490765e-05
7198,7.935958174012888e-06
7199,8.848748200179625e-06
7200,2.120425344166238e-05
7201,9.497136086334239e-06
7202,1.4975308520620016e-05
7203,1.144840881813943e-05
7204,9.98898602574496e-06
7205,2.2049450990450925e-05
7206,1.6764354764011513e-05
7207,1.0560123404569157e-05
7208,1.4270193826824335e-05
7209,9.754070560661059e-06
7210,9.700862731621744e-06
7211,1.62792354432099e-05
7212,1.0550566850102846e-05
7213,1.050537032126487e-05
7214,1.4452629671804518e-05
7215,9.024897217262012e-06
7216,2.389080684477442e-05
7217,1.1029448466982983e-05
7218,9.434520593808654e-06
7219,1.389951059283273e-05
7220,1.4904942854048784e-05
7221,1.727917949105265e-05
7222,1.6767064995283458e-05
7223,1.405705535578172e-05
7224,9.593922196304636e-06
7225,9.967603528957248e-06
7226,9.967603528957248e-06
7227,8.98613338073191e-06
7228,1.1498732401418236e-05
7229,1.0689881014854909e-05
7230,1.0055811583422948e-05
7231,3.208221179405328e-05
7232,1.5651279040481656e-05
7233,1.0323798207862645e-05
7234,9.936922687204117e-06
7235,8.999522573062998e-06
7236,1.2039091181769635e-05
7237,1.0377534691953246e-05
7238,9.575534257900319e-06
7239,9.530479144825802e-06
7240,2.8160837122993644e-05
7241,5.233976084135274e-06
7242,1.5626569880981603e-05
7243,9.809582392541579e-06
7244,9.49486225349075e-06
7245,1.0998759080324583e-05
7246,1.0304389685578956e-05
7247,2.0683780491558764e-05
7248,9.316842424275981e-06
7249,1.541163679229834e-05
7250,1.0348370002420954e-05
7251,1.4596663770437612e-05
7252,1.4914662407893656e-05
7253,3.2069914883211575e-05
7254,8.966816258866327e-06
7255,1.144840881813943e-05
7256,9.879854495037761e-06
7257,1.0688941906292139e-05
7258,9.893028832896335e-06
7259,1.5310019014780118e-05
7260,1.172179950376948e-05
7261,1.550262704986742e-05
7262,1.0012800057795225e-05
7263,9.700862731621744e-06
7264,1.061481761300295e-05
7265,1.5633061523704972e-05
7266,2.602359218732416e-05
7267,1.550262704986742e-05
7268,1.7353018302098015e-05
7269,2.509601032276704e-05
7270,7.935958174012888e-06
7271,1.1029448466982983e-05
7272,1.4226004491502943e-05
7273,9.598517099071531e-06
7274,2.197190487336374e-05
7275,1.118470439166166e-05
7276,6.674408288524918e-06
7277,2.233962982394354e-05
7278,9.463714720507445e-06
7279,9.46984213922782e-06
7280,5.270343910046103e-05
7281,2.3879007096955567e-05
7282,8.376553071830513e-06
7283,6.161952175732168e-05
7284,9.190780516689155e-06
7285,8.674958738307506e-06
7286,1.690255266348922e-05
7287,9.92867238526007e-06
7288,1.4704083154342726e-05
7289,1.0660709689367653e-05
7290,1.0365859094959847e-05
7291,3.200872146246717e-05
7292,2.386220229031365e-05
7293,1.4498290319625554e-05
7294,1.0369786528028124e-05
7295,1.246725840014532e-05
7296,1.4901445636237312e-05
7297,9.967603528957248e-06
7298,5.0295772857460435e-05
7299,1.6785056402478224e-05
7300,1.0550014729632802e-05
7301,1.430271971596894e-05
7302,5.6684890980048585e-05
7303,9.920286267500786e-06
7304,9.963609138886955e-05
7305,1.2386260181243683e-05
7306,8.966816258866327e-06
7307,1.5049705882995885e-05
7308,1.353974428103868e-05
7309,1.4526197795658317e-05
7310,9.149489293946556e-06
7311,9.289948335583e-06
7312,1.052641146073085e-05
7313,9.893028832896335e-06
7314,1.4762611763612226e-05
7315,1.0152000896655648e-05
7316,1.0719318706660731e-05
7317,1.1320356980366022e-05
7318,9.138178963690783e-06
7319,1.866336687208274e-05
7320,2.166519230742734e-05
7321,1.3074226847997412e-05
7322,1.2386260181243683e-05
7323,1.2274441446841848e-05
7324,9.804799282565535e-06
7325,1.9494557797238462e-05
7326,1.7456708487713138e-05
7327,4.905178083204785e-06
7328,8.590149903225016e-06
7329,1.5053137921277866e-05
7330,9.34106932876218e-06
7331,1.9546388936362025e-05
7332,2.002723002085143e-05
7333,9.897250846409457e-06
7334,1.4000431044001942e-05
7335,2.0654512168795214e-05
7336,2.313721839198157e-05
7337,2.7676674494938157e-05
7338,1.6527153056844105e-05
7339,1.9263649532076438e-05
7340,1.246725840014532e-05
7341,1.1029448466982983e-05
7342,9.63908308380622e-06
7343,2.126536215271472e-05
7344,9.582707565010591e-06
7345,1.9704474309437907e-05
7346,1.0637853883326657e-05
7347,2.4418541165847522e-05
7348,9.190780516689155e-06
7349,9.05804862443082e-06
7350,7.935958174012888e-06
7351,1.0348370002420954e-05
7352,1.246725840014532e-05
7353,1.118470439166166e-05
7354,3.1260678856242035e-05
7355,2.694214716932171e-05
7356,1.0369786528028124e-05
7357,1.240405310203985e-05
7358,5.4418278012522285e-05
7359,9.63462487911372e-06
7360,9.289948335583e-06
7361,3.7104541333863236e-05
7362,8.57728690881886e-06
7363,1.0062967791087864e-05
7364,8.503783769685729e-06
7365,1.0632560201404219e-05
7366,9.575534257900319e-06
7367,8.862252582906677e-06
7368,1.858624646935754e-05
7369,9.66366577643837e-06
7370,2.981282686750246e-05
7371,1.0650730644944786e-05
7372,9.765976734099317e-06
7373,4.60997719576616e-05
7374,1.480557860757142e-05
7375,1.118470439166166e-05
7376,9.967603528957248e-06
7377,1.0327811939182512e-05
7378,1.172179950376948e-05
7379,1.0804275205124589e-05
7380,9.577104748675804e-06
7381,2.5560187410851895e-05
7382,4.504017662458906e-05
7383,9.861512805350344e-06
7384,9.809582392541579e-06
7385,1.5488897759797883e-05
7386,1.0264489145142471e-05
7387,4.107252285743942e-05
7388,9.861512805350344e-06
7389,3.0433305907247353e-05
7390,9.105964578815469e-06
7391,7.038245371987877e-06
7392,8.423577999744469e-06
7393,9.623776343241303e-06
7394,8.09352761333965e-05
7395,1.003161474217399e-05
7396,9.681320269540957e-06
7397,1.0226947814012442e-05
7398,1.3761984250670257e-05
7399,1.0651734090915297e-05
7400,1.052641146073085e-05
7401,1.2447262700099505e-05
7402,9.63908308380622e-06
7403,1.0203235324803235e-05
7404,9.84128048041037e-06
7405,9.317540546083008e-06
7406,9.582707565010591e-06
7407,1.5376045019214627e-05
7408,1.489762913826705e-05
7409,6.674408288524918e-06
7410,1.6680934887212546e-05
7411,1.2386260181243683e-05
7412,1.6701911689683567e-05
7413,9.244975147240444e-06
7414,1.240405310203985e-05
7415,1.1118294444784053e-05
7416,9.967603528957248e-06
7417,9.896272091706858e-06
7418,1.172179950376948e-05
7419,9.632499591488105e-06
7420,1.01587953328069e-05
7421,1.0257921833760655e-05
7422,1.0875680193864348e-05
7423,8.832117818009644e-06
7424,1.0190781318694255e-05
7425,9.105964578815469e-06
7426,1.0325521945413936e-05
7427,1.6237907909507633e-05
7428,1.6211325392637285e-05
7429,1.0579067218970241e-05
7430,8.98613338073191e-06
7431,9.901718571693991e-06
7432,2.6439869712884974e-05
7433,9.339471607813863e-06
7434,1.0719318706660731e-05
7435,9.46984213922782e-06
7436,2.73218072459352e-05
7437,9.138178963690783e-06
7438,1.1510848380920765e-05
7439,9.35141338334851e-06
7440,1.1477733912667578e-05
7441,1.859286391720135e-05
7442,9.908381712638796e-06
7443,1.612062710610613e-05
7444,9.855818921322782e-06
7445,8.969077104345952e-06
7446,1.4716430378643245e-05
7447,1.3124703986751003e-05
7448,1.0257921833760655e-05
7449,2.192929372834015e-05
7450,1.5502315258230506e-05
7451,1.1317600624029021e-05
7452,9.793142302250733e-06
7453,1.2204527911802652e-05
7454,9.105964578815469e-06
7455,1.7951515780750515e-05
7456,2.0468606465859914e-05
7457,1.0678217015801007e-05
7458,1.353974428103868e-05
7459,1.1072958869998366e-05
7460,9.399877875532114e-06
7461,1.0983549165868838e-05
7462,1.0452836128321915e-05
7463,1.5075611908220997e-05
7464,1.1029448466982983e-05
7465,2.164437404302855e-05
7466,9.582707565010591e-06
7467,2.598868616576509e-05
7468,1.0474522801572617e-05
7469,8.57728690881886e-06
7470,9.602138300744518e-06
7471,6.674408288524918e-06
7472,9.885989024162485e-06
7473,1.0438800493865949e-05
7474,5.006321201546531e-05
7475,1.0563899047708251e-05
7476,1.9632458119667806e-05
7477,4.1641209647314344e-05
7478,1.687234228380961e-05
7479,9.136103424504428e-05
7480,1.1029448466982983e-05
7481,1.4318986909240326e-05
7482,2.663905322154392e-05
7483,1.0660709689367653e-05
7484,9.885989024162485e-06
7485,1.246725840014532e-05
7486,1.16117097546835e-05
7487,9.138178963690783e-06
7488,9.46984213922782e-06
7489,1.353974428103868e-05
7490,8.35108128676514e-06
7491,1.962369277071793e-05
7492,9.63849168571555e-06
7493,1.0560123404569157e-05
7494,6.450589876162595e-06
7495,9.893028832896335e-06
7496,1.0365859094959847e-05
7497,1.0248059245605469e-05
7498,1.7151520870937987e-05
7499,2.5308505374785635e-05
7500,1.487180216348996e-05
7501,1.1364417115222792e-05
7502,1.3261524197022263e-05
7503,1.2032706307433641e-05
7504,3.3874147519214287e-05
7505,1.723461741053332e-05
7506,1.3324137307240678e-05
7507,1.5517898602417652e-05
7508,1.4455556784138505e-05
7509,1.723461741053332e-05
7510,1.8058612310439808e-05
7511,8.767001534425418e-06
7512,1.4184672186753126e-05
7513,9.239550899912532e-06
7514,1.0452836128321915e-05
7515,9.967603528957248e-06
7516,9.597929014891506e-06
7517,1.0323798207862645e-05
7518,1.1029448466982983e-05
7519,1.1212693996919311e-05
7520,9.866856785287496e-06
7521,9.598517099071531e-06
7522,1.795671913676481e-05
7523,1.1218005877214256e-05
7524,1.6645398731933136e-05
7525,8.709456420603492e-06
7526,0.00014054477302185718
7527,1.8398926231502455e-05
7528,0.00010643350403202421
7529,1.8339087740352678e-05
7530,6.2180242557229486e-06
7531,4.272561855139635e-05
7532,8.251292371225482e-06
7533,1.0394028520652429e-05
7534,9.577104748675804e-06
7535,2.944614186743271e-05
7536,7.932299100704299e-06
7537,2.503321312558356e-05
7538,1.1212693996919311e-05
7539,3.481093468765126e-05
7540,9.866856785287496e-06
7541,9.866856785287496e-06
7542,1.2851268277655292e-05
7543,1.4875798373508094e-05
7544,1.009278174243314e-05
7545,1.4375226044983984e-05
7546,2.0107205722179654e-05
7547,9.573603815458379e-06
7548,1.6412132541359105e-05
7549,1.1019279807699367e-05
7550,1.1355604087736365e-05
7551,5.648138520699926e-06
7552,1.2058786164846864e-05
7553,1.0147900018722789e-05
7554,9.46984213922782e-06
7555,7.03903547157095e-06
7556,1.118470439166166e-05
7557,9.654870802543586e-06
7558,1.0727799886620179e-05
7559,1.0304389685578956e-05
7560,9.63908308380622e-06
7561,8.519751819647818e-06
7562,1.3484268094339424e-05
7563,9.885989024162485e-06
7564,6.331230343772667e-05
7565,1.7086049884238733e-05
7566,1.6630144707014348e-05
7567,1.1364417115222792e-05
7568,9.567382476592197e-06
7569,9.63849168571555e-06
7570,1.0353676433103318e-05
7571,0.00011088451354659042
7572,1.608904067839634e-05
7573,9.91480548679001e-06
7574,2.047575034864422e-05
7575,1.1905788186692852e-05
7576,1.4341955903296053e-05
7577,3.5491769640222447e-05
7578,3.0624695687467794e-05
7579,9.700862731621744e-06
7580,1.0804275205124589e-05
7581,9.857833848985988e-06
7582,9.552202977205576e-06
7583,9.499333526257177e-06
7584,9.597929014891506e-06
7585,1.8433573627991127e-05
7586,1.8955502103464357e-05
7587,9.244975147240444e-06
7588,1.4561221973385655e-05
7589,1.144840881813943e-05
7590,1.5309700306350275e-05
7591,9.856879810749559e-06
7592,9.74983946570471e-06
7593,1.811736068931856e-05
7594,1.8114539410950676e-05
7595,9.63908308380622e-06
7596,4.4901320358809185e-05
7597,8.381642699285752e-06
7598,1.6677554357777977e-05
7599,1.7038926031894302e-05
7600,1.0327811939182512e-05
7601,1.1364417115222792e-05
7602,1.2851268277655292e-05
7603,9.63908308380622e-06
7604,1.2058786164846864e-05
7605,1.0264489145142471e-05
7606,1.0347163086799967e-05
7607,9.598517099071531e-06
7608,6.674408288524918e-06
7609,1.2058786164846864e-05
7610,1.80312939660019e-05
7611,1.0365859094959847e-05
7612,1.2058786164846864e-05
7613,1.6656010685769294e-05
7614,2.9181525711853397e-05
7615,2.0430063011318195e-05
7616,1.528749662160317e-05
7617,1.3091972186581859e-05
7618,1.6102366101768837e-05
7619,1.988891184274379e-05
7620,1.0614819942957108e-05
7621,9.263821395050691e-06
7622,8.785848222579045e-06
7623,9.024897217262012e-06
7624,7.03903547157095e-06
7625,9.620803812354212e-06
7626,9.493588591525832e-06
7627,4.581072299361962e-05
7628,2.331220296328829e-05
7629,1.4980825937357114e-05
7630,1.5744594607161076e-05
7631,1.1029448466982983e-05
7632,2.4970426020367888e-05
7633,2.0470469812523776e-05
7634,1.0190781318694255e-05
7635,1.353974428103868e-05
7636,1.0323798207862645e-05
7637,1.00595519188609e-05
7638,1.0296113256437114e-05
7639,8.653877904907496e-06
7640,1.0727799886620179e-05
7641,9.339471607813863e-06
7642,9.967603528957248e-06
7643,2.3364890547781682e-05
7644,1.2717102208933242e-05
7645,1.1861338859021963e-05
7646,2.0649802426051957e-05
7647,9.255411106325404e-06
7648,1.0470739855513193e-05
7649,9.351502543844644e-05
7650,1.91795328432069e-05
7651,1.0438800493865949e-05
7652,1.0152000896655648e-05
7653,1.7227253406022565e-05
7654,1.6229875225158525e-05
7655,2.3969617488540298e-05
7656,2.8890703427728e-05
7657,2.446074695295474e-05
7658,1.0875680193864348e-05
7659,8.801301594525623e-06
7660,0.00022558766856798406
7661,2.052383441134164e-05
7662,1.4681826779360914e-05
7663,9.422703642885622e-06
7664,1.3913469607568114e-05
7665,1.0365859094959847e-05
7666,6.674408288524918e-06
7667,1.8833059247555227e-05
7668,1.5159001098972338e-05
7669,1.0645395354398507e-05
7670,1.1052403610642951e-05
7671,1.1398788038460363e-05
7672,1.1904958243208149e-05
7673,1.0103479922825078e-05
7674,1.1029448466982983e-05
7675,3.0401135778062075e-05
7676,8.35108128676514e-06
7677,1.732720690538166e-05
7678,1.9099271567036187e-05
7679,1.1510848380920765e-05
7680,1.0323798207862645e-05
7681,9.37368426311911e-06
7682,1.144840881813943e-05
7683,1.144840881813943e-05
7684,9.024897217262012e-06
7685,9.811995885297593e-06
7686,1.240405310203985e-05
7687,8.57728690881886e-06
7688,1.1453354286263499e-05
7689,2.624208487580627e-05
7690,1.723461741053332e-05
7691,6.674408288524918e-06
7692,9.697915604753337e-06
7693,1.4869283270108514e-05
7694,1.1904958243208149e-05
7695,3.140310502276424e-05
7696,2.83539685705222e-05
7697,1.4189510366826043e-05
7698,9.568833028344554e-06
7699,8.611358100279569e-06
7700,1.0678217015801007e-05
7701,9.728168383333168e-06
7702,1.1078478163378258e-05
7703,1.1078478163378258e-05
7704,9.62680544879162e-06
7705,1.036236578670301e-05
7706,1.6430629837275308e-05
7707,1.0332553080377697e-05
7708,1.2032706307433641e-05
7709,1.0323798207862645e-05
7710,1.0633902373928431e-05
7711,4.9880461091811925e-05
7712,5.738791271648514e-05
7713,2.84800809270558e-05
7714,2.9215849999522347e-05
7715,3.348896347225051e-05
7716,2.9497388091776115e-05
7717,5.378770952291919e-06
7718,1.770110516155642e-05
7719,1.1264946510566966e-05
7720,1.0147900018722789e-05
7721,1.0304389685578956e-05
7722,1.240405310203985e-05
7723,1.0327374865332602e-05
7724,8.653877904907496e-06
7725,1.0336096338087536e-05
7726,1.144840881813943e-05
7727,1.666111335973125e-05
7728,1.1510848380920765e-05
7729,1.0323798207862645e-05
7730,9.167046619281176e-06
7731,4.3382428473681285e-05
7732,1.3091972186581859e-05
7733,9.552202977205576e-06
7734,2.027385833152878e-05
7735,1.3022978431850824e-05
7736,9.187772221265003e-06
7737,1.1355015410120625e-05
7738,1.3713874053403022e-05
7739,1.240405310203985e-05
7740,1.0438800493865949e-05
7741,1.0304389685578956e-05
7742,2.0511438561174864e-05
7743,1.6849289692896303e-05
7744,1.9102292762509667e-05
7745,1.4396114205307553e-05
7746,1.51333573665819e-05
7747,1.1118294444784053e-05
7748,1.246725840014532e-05
7749,1.177697881591642e-05
7750,1.0395100361401984e-05
7751,5.4886726877060274e-05
7752,1.0377534691953246e-05
7753,1.5503588892967987e-05
7754,9.54736063630183e-06
7755,1.417470598908073e-05
7756,1.1022989657855392e-05
7757,9.84128048041037e-06
7758,3.281237740018586e-05
7759,1.6714747280372876e-05
7760,9.138178963690783e-06
7761,1.0304389685578956e-05
7762,1.007952052925644e-05
7763,9.967603528957248e-06
7764,6.848318894276419e-06
7765,1.5273610904401062e-05
7766,1.2330101105419835e-05
7767,1.0719318706660731e-05
7768,1.1072958869998366e-05
7769,1.9058368540131832e-05
7770,1.004334818679909e-05
7771,9.598517099071531e-06
7772,1.040634852296654e-05
7773,5.185110013318238e-05
7774,1.2529614893840324e-05
7775,1.324087712777854e-05
7776,1.3800617480244108e-05
7777,7.67957681734087e-06
7778,1.0190781318694255e-05
7779,9.84128048041037e-06
7780,1.16452300893274e-05
7781,1.1264946510566966e-05
7782,1.16452300893274e-05
7783,2.136069399572835e-05
7784,1.5254975402569197e-05
7785,1.7057971263849366e-05
7786,1.855620098945586e-05
7787,6.848318894276419e-06
7788,2.2436526551257782e-05
7789,9.093273707967679e-06
7790,9.644271954827743e-06
7791,9.661609220236671e-06
7792,1.3261524197022263e-05
7793,1.1696818140339037e-05
7794,0.00024944223519309693
7795,1.5336382029129526e-05
7796,1.4632823065442666e-05
7797,8.674958738307506e-06
7798,9.63908308380622e-06
7799,1.0044546564286435e-05
7800,1.6511476735295644e-05
7801,1.0327811939182512e-05
7802,1.790251898070265e-05
7803,9.146542499755883e-06
7804,1.1364417115222792e-05
7805,7.349408616407972e-06
7806,8.35108128676514e-06
7807,9.105964578815469e-06
7808,1.2039091181769635e-05
7809,9.777263074180927e-06
7810,1.2344257881049745e-05
7811,9.549114309328014e-06
7812,1.6780160400169423e-05
7813,1.0323798207862645e-05
7814,1.0323798207862645e-05
7815,1.2032706307433641e-05
7816,2.1723891318553715e-05
7817,1.1905788186692852e-05
7818,1.595022064424639e-05
7819,9.289948335583e-06
7820,1.8685654338568614e-05
7821,1.6018610550279335e-05
7822,9.263821395050691e-06
7823,9.967603528957248e-06
7824,1.206237794957882e-05
7825,1.0605862121923956e-05
7826,1.1078478163378258e-05
7827,9.640893560947324e-06
7828,9.434520593808654e-06
7829,2.9528830544972287e-05
7830,1.574780038814214e-05
7831,1.0190310948017527e-05
7832,9.530479144825802e-06
7833,1.0605862121923956e-05
7834,1.003161474217399e-05
7835,9.866856785287496e-06
7836,1.360913006410506e-05
7837,1.0851799913451715e-05
7838,2.2195890939987442e-05
7839,1.0693114032578455e-05
7840,1.246725840014532e-05
7841,5.890141854058437e-06
7842,1.479320859803631e-05
7843,1.5763433646751047e-05
7844,1.1904958243208149e-05
7845,1.2152454439821123e-05
7846,9.163730894583565e-06
7847,1.1904958243208149e-05
7848,7.67957681734087e-06
7849,9.582707565010591e-06
7850,1.4061837367423268e-05
7851,6.704161936472524e-06
7852,6.455413899341726e-05
7853,9.261002864982228e-06
7854,4.396536630218371e-05
7855,1.0804275205124589e-05
7856,1.0598164728847593e-05
7857,1.0972657349413722e-05
7858,7.038475572550955e-05
7859,1.8547994067221608e-05
7860,9.948291810840633e-06
7861,9.22237046987849e-06
7862,1.130509026660508e-05
7863,1.1072958869998366e-05
7864,6.848318894276419e-06
7865,9.149489293946556e-06
7866,1.0605862121923956e-05
7867,1.0304389685578956e-05
7868,9.907319927176553e-06
7869,1.7365209332213487e-05
7870,5.552047756660196e-06
7871,1.6915168176633626e-05
7872,1.5941554126737648e-05
7873,1.002322127836139e-05
7874,9.63908308380622e-06
7875,1.2284812629115731e-05
7876,1.741121335571966e-05
7877,1.1904958243208149e-05
7878,8.848748200179625e-06
7879,4.622633546706802e-05
7880,1.353974428103868e-05
7881,1.4648020457507835e-05
7882,1.1190914478695744e-05
7883,1.0365859094959847e-05
7884,1.353974428103868e-05
7885,4.561310528118881e-06
7886,1.0347163086799967e-05
7887,1.0347163086799967e-05
7888,1.1904958243208149e-05
7889,9.582707565010591e-06
7890,9.497136086334239e-06
7891,1.3074226847997412e-05
7892,5.743482595906964e-05
7893,1.0055811583422948e-05
7894,9.053328994739186e-06
7895,1.995699462779619e-05
7896,1.0678217015801007e-05
7897,1.2386260181243683e-05
7898,1.353974428103868e-05
7899,8.674958738307506e-06
7900,1.1004350244038656e-05
7901,1.0323798207862645e-05
7902,1.1029448466982983e-05
7903,1.0729831536478351e-05
7904,8.927377406965493e-06
7905,1.1001469392205521e-05
7906,5.432002254677977e-06
7907,1.962369277071793e-05
7908,6.848318894276419e-06
7909,9.37368426311911e-06
7910,1.240405310203985e-05
7911,1.0657744691249782e-05
7912,2.1492821708410682e-05
7913,1.1398788038460363e-05
7914,9.655747257728404e-06
7915,9.715239379587256e-06
7916,9.715239379587256e-06
7917,2.578033246793458e-05
7918,1.3261524197022263e-05
7919,1.1477733912667578e-05
7920,1.4536318010991189e-05
7921,0.00018908360044633205
7922,9.552202977205576e-06
7923,4.804985882118339e-05
7924,1.1004350244038656e-05
7925,2.000972161340581e-05
7926,1.5228073590258037e-05
7927,1.443087259793938e-05
7928,1.353974428103868e-05
7929,0.00021990617911948562
7930,1.3731592824904005e-05
7931,1.313529346607597e-05
7932,1.0304389685578956e-05
7933,9.793412700163626e-06
7934,2.001921145812517e-05
7935,1.3795861079627888e-05
7936,2.6744623968266074e-05
7937,9.74454702862083e-06
7938,9.700862731621744e-06
7939,9.897250846409457e-06
7940,1.1029448466982983e-05
7941,1.7296407438137965e-05
7942,8.35108128676514e-06
7943,1.028892948360175e-05
7944,9.63849168571555e-06
7945,1.926120431509163e-05
7946,9.530479144825802e-06
7947,1.0248059245605469e-05
7948,8.281835942682776e-05
7949,1.5608089529007567e-05
7950,1.8617588515168345e-05
7951,1.7793580937454413e-05
7952,5.911794833224227e-06
7953,1.0304389685578956e-05
7954,9.158656342036634e-06
7955,0.00011753407827509514
7956,1.0327811939182512e-05
7957,9.076566886993103e-06
7958,1.0323798207862645e-05
7959,1.1028616036275543e-05
7960,9.007728934627767e-06
7961,1.353974428103868e-05
7962,2.06939601832353e-05
7963,1.4669048794290414e-05
7964,1.0678217015801007e-05
7965,1.5115484727955372e-05
7966,1.150272742503856e-05
7967,1.660947631155676e-05
7968,9.754070560661059e-06
7969,8.674958738307506e-06
7970,1.4275042443654892e-05
7971,1.1904958243208149e-05
7972,2.265360432484681e-05
7973,1.5126732889519926e-05
7974,1.4969812485872295e-05
7975,4.905178083204785e-06
7976,1.3782544816103217e-05
7977,3.376342180202653e-05
7978,1.0689881014854909e-05
7979,1.1909870126827609e-05
7980,1.0406263609766445e-05
7981,2.5620898432833726e-05
7982,2.3365559206488736e-05
7983,7.19627641924647e-05
7984,9.720723507752985e-06
7985,2.1540118620645838e-05
7986,9.100911172186245e-06
7987,1.555730115903242e-05
7988,1.1023224560150019e-05
7989,4.18542615859019e-05
7990,1.353974428103868e-05
7991,1.0093258079298354e-05
7992,4.705421005567273e-05
7993,8.80058397664867e-06
7994,9.317540546083008e-06
7995,1.780220344465618e-05
7996,1.1028616036275543e-05
7997,1.0651734090915297e-05
7998,2.9557643064530386e-05
7999,1.0327811939182512e-05
8000,8.701594436996798e-06
8001,1.4796186422422484e-05
8002,9.190780516689155e-06
8003,3.458500486649832e-05
8004,3.378283434879658e-05
8005,1.0355831943563639e-05
8006,2.8798494242503736e-05
8007,5.7451110812155875e-05
8008,1.353974428103868e-05
8009,2.064617650460523e-05
8010,2.289362579562854e-05
8011,9.087188963134636e-06
8012,1.0365859094959847e-05
8013,8.98613338073191e-06
8014,1.5769307686470887e-05
8015,3.464652675695076e-05
8016,1.0739562233243814e-05
8017,1.0719318706660731e-05
8018,9.856879810749559e-06
8019,1.604783756919266e-05
8020,1.0719318706660731e-05
8021,1.0323798207862645e-05
8022,1.353974428103868e-05
8023,1.1029448466982983e-05
8024,9.146542499755883e-06
8025,1.1538865961995837e-05
8026,1.1029448466982983e-05
8027,1.5722161037498443e-05
8028,1.2113469516883801e-05
8029,1.8681147981355393e-05
8030,1.7087744655886223e-05
8031,1.206237794957882e-05
8032,1.2529614893840324e-05
8033,3.1106046542800135e-05
8034,2.0290273424681307e-05
8035,1.9965724688498127e-05
8036,1.6594762604470164e-05
8037,9.007728934627767e-06
8038,1.0606931434926932e-05
8039,1.1033402850550749e-05
8040,1.353974428103868e-05
8041,1.8371449623488693e-05
8042,1.6694804711234493e-05
8043,1.6493476397134208e-05
8044,1.986178813109175e-05
8045,1.0158089556658252e-05
8046,7.159558471406331e-06
8047,3.080728771036233e-05
8048,1.1029448466982983e-05
8049,1.0896042873277623e-05
8050,1.2314002950744122e-05
8051,9.399877875532114e-06
8052,1.1364417115222792e-05
8053,1.0069930732481352e-05
8054,1.7486981559903315e-05
8055,4.1831585062237955e-05
8056,6.432273918017409e-05
8057,2.3962492323394192e-05
8058,1.962369277071793e-05
8059,2.057987501798801e-05
8060,1.003161474217399e-05
8061,9.967603528957248e-06
8062,2.243480468161624e-05
8063,1.5301048740042023e-05
8064,1.353974428103868e-05
8065,1.0605862121923956e-05
8066,9.255426568317661e-06
8067,1.0336096338087536e-05
8068,6.848318894276419e-06
8069,6.848318894276419e-06
8070,9.866856785287496e-06
8071,1.0896042873277623e-05
8072,1.1904958243208149e-05
8073,2.648968080985126e-05
8074,1.0055811583422948e-05
8075,9.700862731621744e-06
8076,1.0323798207862645e-05
8077,1.0055811583422948e-05
8078,1.1029448466982983e-05
8079,9.499333526257177e-06
8080,9.63908308380622e-06
8081,1.5824183460132404e-05
8082,8.98613338073191e-06
8083,2.0078853273645544e-05
8084,1.5365809449432472e-05
8085,9.728168383333168e-06
8086,1.0660709689367653e-05
8087,1.1072958869998366e-05
8088,9.98898602574496e-06
8089,2.1298834311314617e-05
8090,8.862252582906677e-06
8091,1.0008352767091742e-05
8092,9.948291810840633e-06
8093,1.1118294444784053e-05
8094,1.605177927170767e-05
8095,8.530722915133776e-06
8096,2.2638398762875492e-05
8097,1.6053907454733325e-05
8098,1.5662955234673415e-05
8099,8.674310927526728e-05
8100,8.552299102409865e-06
8101,9.149489293946556e-06
8102,1.0015800834386606e-05
8103,3.6966223163210796e-05
8104,1.0348370002420954e-05
8105,9.552202977205576e-06
8106,5.648138520699926e-06
8107,1.4412617543268523e-05
8108,3.586898124220693e-05
8109,9.49486225349075e-06
8110,1.0323798207862645e-05
8111,1.246725840014532e-05
8112,3.031391448374069e-05
8113,8.74946123010101e-06
8114,3.0009698345019402e-05
8115,1.0066991580100452e-05
8116,8.801301594525623e-06
8117,1.0304389685578956e-05
8118,6.425448407732871e-06
8119,1.2529614893840324e-05
8120,1.6914882643986336e-05
8121,1.050537032126487e-05
8122,2.4356743413597363e-05
8123,1.0637314892586927e-05
8124,8.767473216099917e-06
8125,9.476399044439624e-06
8126,1.0503398104220844e-05
8127,5.011149441921382e-06
8128,9.908381712638796e-06
8129,1.0739562233243814e-05
8130,1.0610711704845131e-05
8131,1.492503784800991e-05
8132,9.263821395050691e-06
8133,1.0296113256437114e-05
8134,1.028892948360175e-05
8135,9.53237362447028e-06
8136,1.0678217015801007e-05
8137,9.399877875532114e-06
8138,8.767473216099917e-06
8139,1.4412617543268523e-05
8140,9.489074365034779e-06
8141,1.7225152646187267e-05
8142,8.693169150980948e-06
8143,1.4638179468479368e-05
8144,1.0348370002420954e-05
8145,9.98898602574496e-06
8146,1.026734224461449e-05
8147,1.678501205559527e-05
8148,9.63908308380622e-06
8149,4.8712817787507075e-06
8150,2.840169450808922e-05
8151,1.0560123404569157e-05
8152,1.3900389310176486e-05
8153,2.382966190641821e-05
8154,1.4875798373508094e-05
8155,1.4075190151458727e-05
8156,8.674958738307506e-06
8157,1.050537032126487e-05
8158,1.4609638653280185e-05
8159,9.215423587209066e-06
8160,2.34590513146827e-05
8161,8.767473216099917e-06
8162,1.0804275205124589e-05
8163,4.83650010001436e-06
8164,2.2476476804403553e-05
8165,9.779141176581009e-06
8166,5.175120461481741e-05
8167,8.8687787159733e-06
8168,1.0395100361401984e-05
8169,1.743117492920656e-05
8170,1.0304389685578956e-05
8171,1.002322127836139e-05
8172,1.1104152863120281e-05
8173,1.0015019411163172e-05
8174,1.0678217015801007e-05
8175,1.1212693996919311e-05
8176,9.84128048041037e-06
8177,2.4170380476613103e-05
8178,2.629379077425013e-05
8179,1.0804275205124589e-05
8180,1.028892948360175e-05
8181,2.073393296241115e-05
8182,2.607209921519537e-05
8183,9.967603528957248e-06
8184,1.5092288568345662e-05
8185,1.0678217015801007e-05
8186,1.0377534691953246e-05
8187,1.4637748528466378e-05
8188,9.593922196304636e-06
8189,8.57729752388675e-06
8190,1.353974428103868e-05
8191,1.0896042873277623e-05
8192,2.291932985151056e-05
8193,1.4594227215871263e-05
8194,1.003161474217399e-05
8195,1.6187885438619122e-05
8196,1.4440683694718469e-05
8197,9.66366577643837e-06
8198,4.8712817787507075e-06
8199,1.0855663141263886e-05
8200,9.728168383333168e-06
8201,9.514281501058351e-06
8202,1.0560123404569157e-05
8203,2.265698332825528e-05
8204,1.3879711684803307e-05
8205,1.2595322208130528e-05
8206,9.602138300744518e-06
8207,1.206237794957882e-05
8208,1.2032706307433641e-05
8209,3.2210183630144265e-05
8210,1.003161474217399e-05
8211,1.7086049884238733e-05
8212,1.003161474217399e-05
8213,1.0332553080377697e-05
8214,9.076566886993103e-06
8215,1.0923473382729238e-05
8216,8.701594436996798e-06
8217,1.2108888702857598e-05
8218,1.630387536117917e-05
8219,1.3074226847997412e-05
8220,2.4980077561122585e-05
8221,1.1212693996919311e-05
8222,1.5519215693883322e-05
8223,9.463714720507445e-06
8224,9.920286267500786e-06
8225,9.809582392541579e-06
8226,9.561041139947305e-06
8227,1.1048121390319183e-05
8228,1.1033402850550749e-05
8229,1.7094733985903695e-05
8230,7.038245371987877e-06
8231,9.850440573120747e-06
8232,9.61567250659419e-06
8233,1.2386260181243683e-05
8234,1.0803253796221225e-05
8235,2.051570867682604e-05
8236,9.46984213922782e-06
8237,1.1029448466982983e-05
8238,1.144840881813943e-05
8239,9.308980804974973e-06
8240,2.7143504358653407e-05
8241,1.0673198845483249e-05
8242,2.882792671552913e-05
8243,1.7365209332213487e-05
8244,8.966816258866327e-06
8245,6.848318894276419e-06
8246,1.1029448466982983e-05
8247,1.5895923546056145e-05
8248,1.0637314892586927e-05
8249,1.0817996061144057e-05
8250,1.4791088696118912e-05
8251,1.1364417115222792e-05
8252,1.0896042873277623e-05
8253,9.552202977205576e-06
8254,1.2386260181243683e-05
8255,1.637866527574835e-05
8256,1.0348370002420954e-05
8257,1.5927313640160662e-05
8258,1.0414935439835905e-05
8259,1.0394028520652429e-05
8260,1.0452836128321915e-05
8261,1.4521622948230515e-05
8262,2.023177670136222e-05
8263,1.1413605809791496e-05
8264,1.0241717869620738e-05
8265,1.240405310203985e-05
8266,1.0070741236215382e-05
8267,1.4938446812510322e-05
8268,0.00012877299250371575
8269,9.146542499755883e-06
8270,1.0625988213105185e-05
8271,1.4689732959475856e-05
8272,1.7858996843103462e-05
8273,9.715239379587256e-06
8274,1.0804275205124589e-05
8275,3.4152696863562875e-05
8276,1.4001452455404987e-05
8277,1.0719318706660731e-05
8278,9.849995811403511e-06
8279,1.026734224461449e-05
8280,9.215423587209066e-06
8281,9.428316725526897e-06
8282,1.002322127836139e-05
8283,1.6044310397352607e-05
8284,1.3100551993086592e-05
8285,2.0585690705843513e-05
8286,1.3480440126824566e-05
8287,1.700972734968075e-05
8288,9.690616076324506e-06
8289,1.4833806751176909e-05
8290,9.105964578815469e-06
8291,9.49486225349075e-06
8292,1.8479134209659804e-05
8293,1.0213357406846318e-05
8294,1.5328663657412326e-05
8295,6.697958124039644e-06
8296,2.120556572918968e-05
8297,1.0446302870587945e-05
8298,9.967603528957248e-06
8299,1.0637314892586927e-05
8300,9.86788215339441e-06
8301,8.92760565575325e-06
8302,1.2058786164846864e-05
8303,1.3800617480244108e-05
8304,1.6339188935354345e-05
8305,1.35979808343122e-05
8306,1.0963786814570342e-05
8307,1.6347908258316492e-05
8308,1.2288780948123302e-05
8309,2.6300280213909045e-05
8310,9.640893560947324e-06
8311,1.4487185378408237e-05
8312,8.887231104525798e-05
8313,6.450656689139073e-06
8314,1.2032706307433641e-05
8315,1.0579067218970241e-05
8316,1.0896042873277623e-05
8317,9.463714720507445e-06
8318,9.22237046987849e-06
8319,9.476399044439624e-06
8320,1.003161474217399e-05
8321,9.855818921322782e-06
8322,1.7173397885722484e-05
8323,1.0605862121923956e-05
8324,9.563183498384039e-06
8325,1.723461741053332e-05
8326,1.1104152863120281e-05
8327,9.493588591525832e-06
8328,8.316408602707099e-06
8329,1.2614350021676771e-05
8330,9.967603528957248e-06
8331,4.275252507922735e-05
8332,9.967603528957248e-06
8333,1.0264489145142471e-05
8334,1.5219089929930901e-05
8335,9.715239379587256e-06
8336,9.076566886993103e-06
8337,1.605217467152551e-05
8338,1.2391489753181478e-05
8339,1.0804275205124589e-05
8340,2.5720423118571065e-05
8341,9.715239379587256e-06
8342,1.0053411756575844e-05
8343,1.449793865186572e-05
8344,8.423577999744469e-06
8345,1.5653448218109947e-05
8346,2.7167584525058634e-05
8347,1.47249112278421e-05
8348,1.0933504335910953e-05
8349,1.0325521945413936e-05
8350,1.0325521945413936e-05
8351,1.6772064385129635e-05
8352,9.3206344389504e-06
8353,1.0190781318694255e-05
8354,4.757807674377128e-05
8355,1.1078478163378258e-05
8356,1.5826070652624336e-05
8357,9.855818921322782e-06
8358,1.910324054205323e-05
8359,9.46984213922782e-06
8360,1.1078478163378258e-05
8361,1.1029448466982983e-05
8362,1.5694085680175004e-05
8363,9.879854495037761e-06
8364,1.1212693996919311e-05
8365,1.0637314892586927e-05
8366,8.530722915133776e-06
8367,1.2152454439821123e-05
8368,2.2702136828394508e-05
8369,1.7289530789890644e-05
8370,1.1048121390319183e-05
8371,9.694972666057905e-06
8372,1.705426672979399e-05
8373,1.3091972186581859e-05
8374,1.5256288020737439e-05
8375,1.3731592824904005e-05
8376,1.1029448466982983e-05
8377,9.920286267500786e-06
8378,1.1398788038460363e-05
8379,2.247476781885582e-05
8380,1.0605862121923956e-05
8381,1.0377534691953246e-05
8382,7.67957681734087e-06
8383,1.4505916145829732e-05
8384,1.2002464372649052e-05
8385,1.0264489145142471e-05
8386,1.367529455150498e-05
8387,1.052641146073085e-05
8388,1.7436204622072176e-05
8389,1.2284812629115731e-05
8390,1.1446736855642405e-05
8391,9.489074365034779e-06
8392,1.0205828429084309e-05
8393,1.0365859094959847e-05
8394,1.1029448466982983e-05
8395,1.00595519188609e-05
8396,1.1044881389740348e-05
8397,1.0438800493865949e-05
8398,1.3055090682164133e-05
8399,1.1029448466982983e-05
8400,1.0637314892586927e-05
8401,8.874399124719438e-06
8402,9.163730894583565e-06
8403,9.63908308380622e-06
8404,9.861512805350344e-06
8405,1.0008352767091742e-05
8406,1.4981671254877306e-05
8407,1.0778534129978959e-05
8408,1.2039091181769635e-05
8409,1.0579067218970241e-05
8410,2.6320168471739667e-05
8411,9.49486225349075e-06
8412,4.062370830887781e-05
8413,9.582707565010591e-06
8414,7.03903547157095e-06
8415,9.908087847875337e-06
8416,9.105964578815469e-06
8417,9.593922196304636e-06
8418,1.1033402850550749e-05
8419,8.500037448077862e-06
8420,1.0639045552312857e-05
8421,9.86788215339441e-06
8422,7.932299100704299e-06
8423,9.59778424273478e-05
8424,0.0007598706173143523
8425,1.1320356980366022e-05
8426,1.353974428103868e-05
8427,9.023916164203273e-06
8428,1.2540285636603083e-05
8429,6.848318894276419e-06
8430,1.0353676433103318e-05
8431,1.1436552205606039e-05
8432,1.3100551993086592e-05
8433,8.791670321956946e-06
8434,0.00013564396766174434
8435,1.1904958243208149e-05
8436,1.6306991256717286e-05
8437,1.2851268277655292e-05
8438,1.0353676433103318e-05
8439,1.6911793455936514e-05
8440,1.4592497540810247e-05
8441,1.6476851545966166e-05
8442,9.986120975271117e-06
8443,1.0719318706660731e-05
8444,1.145795212043991e-05
8445,4.321473536552964e-05
8446,1.516319587836266e-05
8447,9.865371888160221e-06
8448,2.1893782252275866e-05
8449,1.4019628275567333e-05
8450,1.5956814064233694e-05
8451,9.493588591525832e-06
8452,1.517103433916358e-05
8453,1.0226947814012442e-05
8454,1.9342239482342047e-05
8455,1.0377534691953246e-05
8456,1.7040954654403532e-05
8457,1.6181204007100187e-05
8458,1.0711341726803775e-05
8459,1.587740230253431e-05
8460,9.46984213922782e-06
8461,0.00010673320090003822
8462,2.1907724055314456e-05
8463,9.897250846409457e-06
8464,2.611709593755787e-05
8465,9.366380647777107e-06
8466,1.1904958243208149e-05
8467,9.138178963690783e-06
8468,1.0632560201404219e-05
8469,1.0160998317039673e-05
8470,5.503763776205309e-06
8471,5.598218079480293e-06
8472,1.0264489145142471e-05
8473,1.0353676433103318e-05
8474,9.493588591525832e-06
8475,1.1198169485978185e-05
8476,8.235115149818874e-06
8477,2.668165394791026e-05
8478,1.5443087767877497e-05
8479,9.146542499755883e-06
8480,2.014850129227425e-05
8481,4.942967006930806e-05
8482,1.0369786528028124e-05
8483,9.861512805350344e-06
8484,9.593922196304636e-06
8485,1.0474522801572617e-05
8486,1.480021403885088e-05
8487,3.172390054350252e-05
8488,1.0435496698017417e-05
8489,9.582707565010591e-06
8490,1.557735568821943e-05
8491,1.685629238814625e-05
8492,1.166445740269477e-05
8493,2.4362448311463448e-05
8494,1.206237794957882e-05
8495,1.0323798207862645e-05
8496,9.866856785287496e-06
8497,1.379902112978443e-05
8498,1.0323798207862645e-05
8499,1.8377791444320352e-05
8500,1.061481761300295e-05
8501,9.138178963690783e-06
8502,9.920286267500786e-06
8503,9.63849168571555e-06
8504,2.005453830524162e-05
8505,8.832117818009644e-06
8506,9.897250846409457e-06
8507,1.0365859094959847e-05
8508,1.0837800586025711e-05
8509,1.0296113256437114e-05
8510,6.425448407732871e-06
8511,1.0673198845483249e-05
8512,1.0632560201404219e-05
8513,1.1212693996919311e-05
8514,1.4609638653280185e-05
8515,1.7321021483771914e-05
8516,8.507706948517618e-06
8517,5.411866007867834e-05
8518,2.3461021902526784e-05
8519,3.0872910972478995e-05
8520,1.206237794957882e-05
8521,1.0608279290858941e-05
8522,1.01587953328069e-05
8523,3.318578096355138e-05
8524,7.020169937514104e-05
8525,9.855818921322782e-06
8526,9.855818921322782e-06
8527,1.0248059245605469e-05
8528,1.567321010221251e-05
8529,1.0633902373928431e-05
8530,9.274351034608919e-06
8531,6.674408288524918e-06
8532,6.145814894806767e-06
8533,1.396535951379383e-05
8534,1.0360425969893026e-05
8535,1.0632560201404219e-05
8536,9.024897217262012e-06
8537,2.0366858065695907e-05
8538,1.0633902373928431e-05
8539,1.0446302870587945e-05
8540,9.582707565010591e-06
8541,1.4999825962729682e-05
8542,9.582707565010591e-06
8543,2.8847852604643103e-05
8544,1.8374790933689325e-05
8545,9.920286267500786e-06
8546,1.4181108527297387e-05
8547,3.5654323424905375e-05
8548,1.908036806447103e-05
8549,1.9828031873888478e-05
8550,1.0608279290858941e-05
8551,5.330244508974136e-06
8552,6.309270817345141e-06
8553,6.697958124039644e-06
8554,9.567382476592197e-06
8555,1.5195606236276951e-05
8556,1.0983549165868838e-05
8557,8.932436911552669e-05
8558,1.1665267082120567e-05
8559,1.9610991268117706e-05
8560,1.4536318010991189e-05
8561,2.3586560554878337e-05
8562,8.980088304004427e-06
8563,9.193080357255112e-05
8564,1.0875680193864348e-05
8565,1.405705535578172e-05
8566,1.7557904121930953e-05
8567,1.0347163086799967e-05
8568,1.639310478715447e-05
8569,1.0875680193864348e-05
8570,1.1538865961995837e-05
8571,2.1607326349437398e-05
8572,7.527818660629503e-06
8573,8.862252582906677e-06
8574,4.759793207312353e-05
8575,1.0369786528028124e-05
8576,1.050537032126487e-05
8577,9.920286267500786e-06
8578,9.920286267500786e-06
8579,1.9803881082127047e-05
8580,1.0558042072649292e-05
8581,9.956974897762962e-06
8582,1.0044546564286435e-05
8583,2.364384439327202e-05
8584,1.1004350244038656e-05
8585,1.687234228380961e-05
8586,1.0062967791087864e-05
8587,1.0563899047708251e-05
8588,1.5636133600353898e-05
8589,9.865371888160221e-06
8590,1.16117097546835e-05
8591,1.6630144707014348e-05
8592,1.1510848380920765e-05
8593,9.504497492612455e-06
8594,1.0711341726803775e-05
8595,1.0218714753299135e-05
8596,1.6617769156970757e-05
8597,6.845382861611614e-05
8598,9.493566059282185e-06
8599,6.984484435447653e-05
8600,1.0598164728847593e-05
8601,1.0411753129650602e-05
8602,1.5040507073165278e-05
8603,1.0816858899900522e-05
8604,2.3202180759898805e-05
8605,1.1048121390319183e-05
8606,1.206237794957882e-05
8607,2.2681044452438958e-05
8608,1.4981671254877306e-05
8609,6.261008373845563e-06
8610,1.4639870783675137e-05
8611,9.568833028344554e-06
8612,1.0675304973098374e-05
8613,9.138178963690783e-06
8614,8.839672031365243e-06
8615,1.2386260181243683e-05
8616,1.4798407098476169e-05
8617,8.381642699285752e-06
8618,8.653877904907496e-06
8619,1.0353676433103318e-05
8620,1.1212693996919311e-05
8621,2.3408151607737307e-05
8622,4.6997487296100475e-05
8623,8.38647689683554e-06
8624,1.0165217108108049e-05
8625,1.0719318706660731e-05
8626,9.337233669156108e-06
8627,1.4296244755410041e-05
8628,1.4052213844825474e-05
8629,4.391781195035543e-05
8630,3.203397943658842e-05
8631,9.697915604753337e-06
8632,8.57729752388675e-06
8633,1.4536318010991189e-05
8634,8.662385608594642e-06
8635,1.061481761300295e-05
8636,1.0598164728847593e-05
8637,1.0353676433103318e-05
8638,1.3091972186581859e-05
8639,2.078410649829329e-05
8640,1.0719318706660731e-05
8641,1.1029448466982983e-05
8642,1.0581429682234979e-05
8643,2.1743273224936703e-05
8644,2.301124332737893e-05
8645,9.568833028344554e-06
8646,1.7365209332213487e-05
8647,1.0323798207862645e-05
8648,9.746406357827071e-06
8649,1.0563899047708251e-05
8650,1.985268446450765e-05
8651,1.6978142724567983e-05
8652,1.0323798207862645e-05
8653,1.4162142080154114e-05
8654,4.770502527956167e-05
8655,2.8350255250350778e-05
8656,1.028892948360175e-05
8657,1.9158739990078604e-05
8658,1.1029448466982983e-05
8659,9.582707565010591e-06
8660,1.0474522801572617e-05
8661,8.444617015338625e-06
8662,9.754070560661059e-06
8663,1.7365209332213487e-05
8664,1.0433895804699462e-05
8665,1.0719318706660731e-05
8666,7.038245371987877e-06
8667,3.767885678538105e-05
8668,1.052641146073085e-05
8669,1.6512981751177848e-05
8670,9.422703642885622e-06
8671,1.896615995407419e-05
8672,1.0135758113313978e-05
8673,1.2275227476458822e-05
8674,8.848748200179625e-06
8675,1.4546629337126516e-05
8676,2.9746898609617506e-05
8677,2.9329047415088233e-05
8678,1.1522525439412445e-05
8679,2.4784835955586887e-05
8680,1.7365209332213487e-05
8681,1.0673198845483249e-05
8682,1.0983549165868838e-05
8683,8.92760565575325e-06
8684,1.0348370002420954e-05
8685,1.1355015410120625e-05
8686,1.8824465611759663e-05
8687,1.1183611302308592e-05
8688,6.007250305774552e-05
8689,1.2103303142326876e-05
8690,3.96395053603755e-05
8691,2.5074989267870012e-05
8692,2.390968924416497e-05
8693,5.011149441921382e-06
8694,4.270604384471553e-05
8695,1.5919619869479826e-05
8696,5.011149441921382e-06
8697,1.6557953363961744e-05
8698,1.9958735843098433e-05
8699,2.2516130028540963e-05
8700,1.5705362901756242e-05
8701,5.011149441921382e-06
8702,9.65046644692131e-06
8703,3.372644452703028e-05
8704,6.813304133038056e-05
8705,1.0540374716449309e-05
8706,1.7426798982197862e-05
8707,1.6347546426467233e-05
8708,3.857718833943101e-05
8709,1.1629919473697957e-05
8710,5.011149441921382e-06
8711,2.568338812935128e-05
8712,5.575722483685391e-05
8713,1.1022989657855392e-05
8714,1.7831464028695882e-05
8715,9.190780516689155e-06
8716,3.229415993696441e-05
8717,1.0817996061144057e-05
8718,8.509948843591928e-06
8719,1.0165217108108049e-05
8720,2.003384495325512e-05
8721,1.0896042873277623e-05
8722,1.0896042873277623e-05
8723,1.0896042873277623e-05
8724,9.434906633416035e-06
8725,2.1703121801735814e-05
8726,1.5625772423762285e-05
8727,1.0719318706660731e-05
8728,2.8854854760507686e-05
8729,9.63908308380622e-06
8730,1.2058786164846864e-05
8731,1.0365859094959847e-05
8732,1.1118294444784053e-05
8733,7.328598904560163e-05
8734,1.7151520870937987e-05
8735,1.1538865961995837e-05
8736,9.187772221265003e-06
8737,1.0896042873277623e-05
8738,1.4716430378643245e-05
8739,1.526185563863588e-05
8740,1.0719382611725892e-05
8741,1.1538865961995837e-05
8742,1.1538865961995837e-05
8743,9.920286267500786e-06
8744,9.967603528957248e-06
8745,1.0875680193864348e-05
8746,1.6198038595680877e-05
8747,8.674958738307506e-06
8748,8.590149903225016e-06
8749,1.595022064424639e-05
8750,9.138178963690783e-06
8751,1.1905788186692852e-05
8752,1.2447262700099505e-05
8753,1.3580641472474255e-05
8754,1.3800617480244108e-05
8755,1.177697881591642e-05
8756,9.956974897762962e-06
8757,9.271261400480925e-06
8758,1.8620918146917403e-05
8759,1.00595519188609e-05
8760,1.1019279807699367e-05
8761,1.7353018302098015e-05
8762,1.1137697420321843e-05
8763,8.801301594525623e-06
8764,1.1044881389740348e-05
8765,1.3091972186581859e-05
8766,1.0264489145142471e-05
8767,1.6080354343549266e-05
8768,2.052117407408758e-05
8769,1.9595726517183366e-05
8770,1.1212693996919311e-05
8771,1.1728661315964814e-05
8772,1.2702955705999417e-05
8773,6.848318894276419e-06
8774,1.1398788038460363e-05
8775,9.49486225349075e-06
8776,1.1029448466982983e-05
8777,1.6870816068733344e-05
8778,1.0896042873277623e-05
8779,9.007728934627767e-06
8780,1.718366150649879e-05
8781,1.0896042873277623e-05
8782,1.2386260181243683e-05
8783,1.3091972186581859e-05
8784,2.6502096394075784e-05
8785,7.900968631603151e-06
8786,5.193957975012913e-05
8787,3.116314567668051e-05
8788,1.1029448466982983e-05
8789,1.1261317758557567e-05
8790,1.2039091181769635e-05
8791,1.3725797406907925e-05
8792,1.0264489145142471e-05
8793,1.4472157442928997e-05
8794,1.0365859094959847e-05
8795,1.9035129806975817e-05
8796,1.0347163086799967e-05
8797,9.146542499755883e-06
8798,1.0915116397506637e-05
8799,9.718210177599535e-06
8800,2.53372006506896e-05
8801,1.0972545579619323e-05
8802,1.4716430378643245e-05
8803,9.855818921322782e-06
8804,1.334747587037218e-05
8805,9.146542499755883e-06
8806,8.791482199158835e-06
8807,3.709927805556125e-05
8808,2.2573715058345386e-05
8809,1.240405310203985e-05
8810,8.674958738307506e-06
8811,9.431571606477142e-06
8812,2.1443594396695686e-05
8813,8.381642699285752e-06
8814,1.004334818679909e-05
8815,9.49486225349075e-06
8816,1.5737717227170055e-05
8817,1.551026899819445e-05
8818,9.569620684438151e-06
8819,1.050537032126487e-05
8820,1.2152454439821123e-05
8821,1.9964664056479764e-05
8822,1.9985714637606584e-05
8823,9.289948335583e-06
8824,1.2535758503666293e-05
8825,7.03903547157095e-06
8826,6.697958124039644e-06
8827,1.0598164728847593e-05
8828,2.1317243084704922e-05
8829,9.84128048041037e-06
8830,3.227405626220053e-05
8831,9.873227284104391e-06
8832,8.966816258866327e-06
8833,1.0320122706611893e-05
8834,9.190780516689155e-06
8835,1.781549128738318e-05
8836,1.0896042873277623e-05
8837,1.015245543295525e-05
8838,1.7153150549401155e-05
8839,1.9830105180616e-05
8840,1.6873346890014678e-05
8841,5.503763776205309e-06
8842,1.8730484400235864e-05
8843,9.897250846409457e-06
8844,1.0523567967782293e-05
8845,2.3415677851499156e-05
8846,2.4222851751398768e-05
8847,1.8374790933689325e-05
8848,1.1118294444784053e-05
8849,1.0729831536478351e-05
8850,1.565419491660261e-05
8851,9.948291810840633e-06
8852,2.1649986700365536e-05
8853,2.132700184069933e-05
8854,9.428316725526897e-06
8855,1.0579067218970241e-05
8856,8.376553071830513e-06
8857,1.3074226847997412e-05
8858,9.46984213922782e-06
8859,9.850440573120747e-06
8860,1.549659604174745e-05
8861,1.0296113256437114e-05
8862,9.670155646245056e-06
8863,2.9118555794142516e-05
8864,9.699998832179042e-06
8865,0.0002876038311952164
8866,1.518009974044592e-05
8867,1.246725840014532e-05
8868,1.3074226847997412e-05
8869,1.3307849981835763e-05
8870,8.446582058610286e-06
8871,9.654870802543586e-06
8872,1.0608279290858941e-05
8873,9.700862731621744e-06
8874,1.6467749495319954e-05
8875,9.741334635875322e-06
8876,1.1118294444784053e-05
8877,1.5519215693883322e-05
8878,2.385110038485432e-05
8879,1.3548977829624434e-05
8880,1.240405310203985e-05
8881,9.439127771363733e-06
8882,9.850440573120747e-06
8883,1.5462567257102543e-05
8884,1.4990814130874797e-05
8885,2.5362436042305984e-05
8886,1.804354784517094e-05
8887,9.575534257900319e-06
8888,8.825957077501843e-05
8889,3.8267198236538504e-05
8890,1.7138013699523237e-05
8891,2.3349915355955482e-05
8892,1.4052213844825474e-05
8893,8.53330807885616e-06
8894,9.655747257728404e-06
8895,2.3586560554878337e-05
8896,1.3074226847997412e-05
8897,1.315467809777112e-05
8898,1.0395100361401984e-05
8899,9.37368426311911e-06
8900,7.527818660629503e-06
8901,9.597929014891506e-06
8902,9.289948335583e-06
8903,1.1364417115222792e-05
8904,9.655747257728404e-06
8905,1.2386260181243683e-05
8906,1.003161474217399e-05
8907,1.0691282150835419e-05
8908,1.0501844755673104e-05
8909,9.187772221265003e-06
8910,1.1001469392205521e-05
8911,4.421119175062337e-05
8912,9.74454702862083e-06
8913,6.848318894276419e-06
8914,1.5146283978854558e-05
8915,8.75678691026644e-06
8916,8.503783769685729e-06
8917,1.1004350244038656e-05
8918,2.926494056371114e-05
8919,8.98613338073191e-06
8920,2.1713138029551693e-05
8921,1.007952052925644e-05
8922,1.0896042873277623e-05
8923,2.0586155250423532e-05
8924,1.4891121582819415e-05
8925,7.196925551189933e-05
8926,9.63908308380622e-06
8927,5.085489213511907e-06
8928,8.785848222579045e-06
8929,1.0296113256437114e-05
8930,1.1033339955136698e-05
8931,9.187772221265003e-06
8932,1.3553713199137633e-05
8933,1.4839985914394326e-05
8934,7.600365966764404e-06
8935,1.0691282150835419e-05
8936,1.0729831536478351e-05
8937,1.1212693996919311e-05
8938,1.1364417115222792e-05
8939,2.0664469838388993e-05
8940,2.189305174327945e-05
8941,9.007728934627767e-06
8942,1.3261524197022263e-05
8943,1.0896042873277623e-05
8944,1.1029448466982983e-05
8945,1.775616473684819e-05
8946,1.0332553080377697e-05
8947,6.674408288524918e-06
8948,1.1510848380920765e-05
8949,1.4895450088301274e-05
8950,1.313529346607597e-05
8951,6.848318894276419e-06
8952,9.582707565010591e-06
8953,1.3907899787080775e-05
8954,9.138178963690783e-06
8955,9.146542499755883e-06
8956,9.98898602574496e-06
8957,1.024622844441018e-05
8958,1.7229781367676274e-05
8959,9.98898602574496e-06
8960,8.446582058610286e-06
8961,1.009278174243314e-05
8962,1.0523880672159554e-05
8963,5.6025216111331514e-05
8964,1.4605960245204799e-05
8965,8.791670321956946e-06
8966,8.674958738307506e-06
8967,4.275252507922735e-05
8968,1.353974428103868e-05
8969,1.432883530095885e-05
8970,3.1549428095226334e-05
8971,9.187772221265003e-06
8972,1.9301794698734733e-05
8973,0.00012920122240078582
8974,1.353974428103868e-05
8975,3.340261470808626e-05
8976,1.0673198845483249e-05
8977,8.503783769685729e-06
8978,1.9022025868929664e-05
8979,1.0633902373928431e-05
8980,1.2032706307433641e-05
8981,2.0654512168795214e-05
8982,2.150570206852749e-05
8983,1.0327811939182512e-05
8984,7.03903547157095e-06
8985,1.0044546564286435e-05
8986,1.4914662407893656e-05
8987,1.0446302870587945e-05
8988,1.0264489145142471e-05
8989,0.0007899356856774534
8990,1.0241717869620738e-05
8991,1.1019279807699367e-05
8992,1.1118294444784053e-05
8993,1.0241717869620738e-05
8994,1.1048121390319183e-05
8995,2.451692724098934e-05
8996,1.9557540767714397e-05
8997,2.2600872771511634e-05
8998,9.715239379587256e-06
8999,9.700862731621744e-06
9000,9.700862731621744e-06
9001,8.360227814640503e-05
9002,1.843649055763526e-05
9003,1.0044546564286435e-05
9004,1.0369786528028124e-05
9005,1.2350961938399475e-05
9006,9.582707565010591e-06
9007,1.206237794957882e-05
9008,1.5950568900282844e-05
9009,1.0558042072649292e-05
9010,1.555730115903242e-05
9011,1.0719318706660731e-05
9012,8.969077104345952e-06
9013,2.2855221499360107e-05
9014,9.105964578815469e-06
9015,1.028892948360175e-05
9016,1.6780160400169423e-05
9017,1.0369786528028124e-05
9018,9.007728934627767e-06
9019,1.2032706307433641e-05
9020,1.0369786528028124e-05
9021,1.3074226847997412e-05
9022,6.674408288524918e-06
9023,1.050537032126487e-05
9024,5.349734681262542e-05
9025,1.118470439166166e-05
9026,9.948291810840633e-06
9027,1.0606931434926932e-05
9028,1.16452300893274e-05
9029,1.0641647050221365e-05
9030,9.855818921322782e-06
9031,9.05804862443082e-06
9032,8.316408602707099e-06
9033,2.0278339577332543e-05
9034,1.0660709689367653e-05
9035,1.0015019411163172e-05
9036,1.003161474217399e-05
9037,1.0304389685578956e-05
9038,1.0579067218970241e-05
9039,8.376553071830513e-06
9040,1.240405310203985e-05
9041,1.0248059245605469e-05
9042,9.007728934627767e-06
9043,9.289948335583e-06
9044,2.147744476760471e-05
9045,8.653877904907496e-06
9046,1.898945109473416e-05
9047,3.0283167169360885e-05
9048,7.03903547157095e-06
9049,1.737446314285271e-05
9050,1.0657744691249782e-05
9051,1.5565446302102128e-05
9052,9.811995885297593e-06
9053,1.1904958243208149e-05
9054,1.5071762327516293e-05
9055,2.6461321456387164e-05
9056,1.8344393893463737e-05
9057,1.0563899047708251e-05
9058,1.050537032126487e-05
9059,1.6247010853878067e-05
9060,2.2678878626931965e-05
9061,2.7635779783530416e-05
9062,9.655747257728404e-06
9063,1.0812452155678734e-05
9064,2.469607590935404e-05
9065,2.409818314275047e-05
9066,9.589580765736588e-06
9067,9.190780516689155e-06
9068,9.855818921322782e-06
9069,9.893028832896335e-06
9070,1.6944144897024452e-05
9071,1.0639045552312857e-05
9072,1.522288309682561e-05
9073,1.754273595066896e-05
9074,9.22237046987849e-06
9075,9.497136086334239e-06
9076,8.848748200179625e-06
9077,1.0103479922825078e-05
9078,8.92760565575325e-06
9079,1.1029448466982983e-05
9080,1.0896042873277623e-05
9081,1.0983549165868838e-05
9082,1.581945393110635e-05
9083,1.1019279807699367e-05
9084,1.583681584860616e-05
9085,2.218623155826126e-05
9086,1.7647110200126712e-05
9087,1.1446736855642405e-05
9088,2.1096297007110145e-05
9089,1.2113469516883801e-05
9090,3.1277094365284865e-05
9091,1.9568709163020834e-05
9092,9.463714720507445e-06
9093,7.916481966791899e-06
9094,3.4339186867132144e-05
9095,1.444427589960184e-05
9096,9.439127771363733e-06
9097,1.144840881813943e-05
9098,8.57729752388675e-06
9099,1.2288780948123302e-05
9100,9.728168383333168e-06
9101,1.6767064995283458e-05
9102,4.561310528118881e-06
9103,8.864262995694006e-06
9104,4.312367501165511e-05
9105,9.654870802543586e-06
9106,9.777263074180927e-06
9107,3.203383360405922e-05
9108,1.0055811583422948e-05
9109,1.0639045552312857e-05
9110,1.0044546564286435e-05
9111,1.353974428103868e-05
9112,1.0474522801572617e-05
9113,1.0323798207862645e-05
9114,1.5161442931829424e-05
9115,9.875238193826672e-06
9116,9.63908308380622e-06
9117,1.3622253801321006e-05
9118,9.63908308380622e-06
9119,9.967603528957248e-06
9120,9.74983946570471e-06
9121,1.363809185214203e-05
9122,1.8752385382815483e-05
9123,1.3871236844643236e-05
9124,4.561310528118881e-06
9125,1.1355015410120625e-05
9126,1.3553713199137633e-05
9127,9.62680544879162e-06
9128,3.5169719523193646e-05
9129,9.728168383333168e-06
9130,8.674958738307506e-06
9131,4.8712817787507075e-06
9132,1.0165217108108049e-05
9133,9.598517099071531e-06
9134,1.177697881591642e-05
9135,1.0152000896655648e-05
9136,5.503763776205309e-06
9137,2.0654512168795214e-05
9138,2.713752117211037e-05
9139,1.009278174243314e-05
9140,9.174762821699772e-06
9141,1.0327374865332602e-05
9142,1.6343843115406933e-05
9143,1.313529346607597e-05
9144,1.2523040583816098e-05
9145,1.978367051152996e-05
9146,9.274351034608919e-06
9147,1.177697881591642e-05
9148,1.8172511998572945e-05
9149,2.3933493374969707e-05
9150,8.839672031365243e-06
9151,2.3143963337807913e-05
9152,9.697915604753337e-06
9153,8.74946123010101e-06
9154,1.2288780948123302e-05
9155,1.0719318706660731e-05
9156,9.84128048041037e-06
9157,1.3999752212292711e-05
9158,1.5893167232011898e-05
9159,2.53372006506896e-05
9160,9.317540546083008e-06
9161,1.8023958805058555e-05
9162,1.1078478163378258e-05
9163,2.6111456308677036e-05
9164,1.8139236857979827e-05
9165,9.463714720507445e-06
9166,1.1019279807699367e-05
9167,1.5122681072531799e-05
9168,1.0012821076224137e-05
9169,2.0427086569401332e-05
9170,1.0671494317199332e-05
9171,1.0673198845483249e-05
9172,1.0165217108108049e-05
9173,1.0673198845483249e-05
9174,1.0896042873277623e-05
9175,1.2288780948123302e-05
9176,1.8472121867229563e-05
9177,8.423577999744469e-06
9178,1.1198169485978185e-05
9179,1.0470739855513193e-05
9180,1.480137962936326e-05
9181,1.3436683153497976e-05
9182,1.3553713199137633e-05
9183,1.4536318010991189e-05
9184,9.146542499755883e-06
9185,9.866856785287496e-06
9186,2.0740096502768997e-05
9187,1.5328795399690326e-05
9188,1.353974428103868e-05
9189,1.015245543295525e-05
9190,1.2903399410220977e-05
9191,1.353974428103868e-05
9192,9.504497492612455e-06
9193,9.967603528957248e-06
9194,9.434520593808654e-06
9195,1.3074226847997412e-05
9196,9.05804862443082e-06
9197,1.1019279807699367e-05
9198,1.0896042873277623e-05
9199,1.0983549165868838e-05
9200,7.211214995752784e-06
9201,1.3229284667748363e-05
9202,9.901718571693991e-06
9203,1.3800617480244108e-05
9204,9.476399044439624e-06
9205,1.0248059245605469e-05
9206,1.1004515823678769e-05
9207,1.7306898440920534e-05
9208,1.3819857670871228e-05
9209,1.045648312641421e-05
9210,1.3913469607568114e-05
9211,9.22237046987849e-06
9212,1.3991255640163859e-05
9213,1.6413743536376742e-05
9214,5.628455368304788e-06
9215,2.094643660051438e-05
9216,9.700862731621744e-06
9217,8.98613338073191e-06
9218,1.5150268056016619e-05
9219,1.353974428103868e-05
9220,1.5264459402110247e-05
9221,9.239550899912532e-06
9222,2.4110973336679946e-05
9223,1.417536755020791e-05
9224,9.63849168571555e-06
9225,1.0983549165868838e-05
9226,1.0135758113313978e-05
9227,1.050537032126487e-05
9228,9.493588591525832e-06
9229,8.98613338073191e-06
9230,1.9824047132537482e-05
9231,9.463714720507445e-06
9232,1.1052403610642951e-05
9233,1.989372392886035e-05
9234,9.63908308380622e-06
9235,1.353974428103868e-05
9236,1.1029448466982983e-05
9237,1.177697881591642e-05
9238,8.966816258866327e-06
9239,1.2288780948123302e-05
9240,1.3553713199137633e-05
9241,1.0360425969893026e-05
9242,9.399877875532114e-06
9243,1.0414935439835905e-05
9244,3.0154402649949054e-05
9245,9.967603528957248e-06
9246,1.0414935439835905e-05
9247,1.0414935439835905e-05
9248,1.0778534129978959e-05
9249,1.0474522801572617e-05
9250,2.002456362507086e-05
9251,1.0688941906292139e-05
9252,1.0377534691953246e-05
9253,2.0163205580590315e-05
9254,1.6705428598208065e-05
9255,8.423577999744469e-06
9256,5.330244508974136e-06
9257,1.3049870534635006e-05
9258,9.552202977205576e-06
9259,1.4536318010991189e-05
9260,2.1177636273129352e-05
9261,1.4371005144666057e-05
9262,9.700862731621744e-06
9263,2.388536767772624e-05
9264,1.0152000896655648e-05
9265,1.0688941906292139e-05
9266,9.463714720507445e-06
9267,1.4870702410815833e-05
9268,8.862252582906677e-06
9269,1.0377534691953246e-05
9270,1.0523567967782293e-05
9271,9.552202977205576e-06
9272,8.98613338073191e-06
9273,9.221294298458603e-06
9274,2.451339919353619e-05
9275,1.4132023922455826e-05
9276,1.0632560201404219e-05
9277,1.0983549165868838e-05
9278,2.229585310847699e-05
9279,1.2058786164846864e-05
9280,2.3946256415159353e-05
9281,5.598218079480293e-06
9282,1.0414935439835905e-05
9283,9.365870353764055e-06
9284,9.49486225349075e-06
9285,8.423577999744469e-06
9286,5.709292303130598e-06
9287,1.0470739855513193e-05
9288,1.4875798373508094e-05
9289,1.1477733912667578e-05
9290,9.63849168571555e-06
9291,3.84304856166641e-05
9292,4.638499782921936e-05
9293,1.5509000244194757e-05
9294,5.330244508974136e-06
9295,1.2058786164846864e-05
9296,1.0673198845483249e-05
9297,1.4875798373508094e-05
9298,1.1909870126827609e-05
9299,4.001147329338355e-05
9300,1.0673198845483249e-05
9301,1.050537032126487e-05
9302,1.4875798373508094e-05
9303,1.991912714246639e-05
9304,1.5198446827170308e-05
9305,9.896272091706858e-06
9306,2.6323997185739796e-05
9307,1.4762514216579828e-05
9308,1.846125857941666e-05
9309,1.1317600624029021e-05
9310,1.5927660690703283e-05
9311,1.1029448466982983e-05
9312,1.1446736855642405e-05
9313,1.0579067218970241e-05
9314,1.7225152646187267e-05
9315,1.0688941906292139e-05
9316,2.103428126372479e-05
9317,1.4085942134901793e-05
9318,1.16452300893274e-05
9319,1.4716430378643245e-05
9320,1.0264489145142471e-05
9321,2.0721402790097422e-05
9322,2.3378724043668976e-05
9323,1.676073723778116e-05
9324,1.4403129319318577e-05
9325,7.389879570661871e-06
9326,1.1355015410120625e-05
9327,3.919973484227325e-05
9328,9.593922196304636e-06
9329,1.0304389685578956e-05
9330,6.77499361658832e-05
9331,1.0394028520652429e-05
9332,1.6247010853878067e-05
9333,1.353974428103868e-05
9334,1.0588724794969408e-05
9335,9.63849168571555e-06
9336,9.74983946570471e-06
9337,1.5630938440760445e-05
9338,1.353974428103868e-05
9339,8.693169150980948e-06
9340,7.159558471406331e-06
9341,8.423577999744469e-06
9342,1.713706397962972e-05
9343,1.0365859094959847e-05
9344,8.801301594525623e-06
9345,1.6835984606429477e-05
9346,9.439127771363733e-06
9347,9.244975147240444e-06
9348,1.0055811583422948e-05
9349,9.967603528957248e-06
9350,2.684758647572411e-05
9351,1.0727799886620179e-05
9352,1.0739562233243814e-05
9353,9.893028832896335e-06
9354,1.9161606267903554e-05
9355,1.4746453154712292e-05
9356,1.3074226847997412e-05
9357,1.6891441861349293e-05
9358,8.123339018192422e-06
9359,9.38851605547499e-06
9360,1.0446302870587945e-05
9361,1.5254975402569197e-05
9362,1.641479668599377e-05
9363,2.8437133680365984e-05
9364,1.7151520870937987e-05
9365,8.966816258866327e-06
9366,9.434838296707893e-06
9367,1.0377534691953246e-05
9368,1.0610711704845131e-05
9369,1.0563899047708251e-05
9370,1.8179373669433595e-05
9371,1.8211596559867568e-05
9372,9.876348029005935e-06
9373,9.05804862443082e-06
9374,9.54736063630183e-06
9375,1.723461741053332e-05
9376,1.0348370002420954e-05
9377,1.16117097546835e-05
9378,9.308980804974973e-06
9379,1.4901445636237312e-05
9380,9.754070560661059e-06
9381,9.63908308380622e-06
9382,1.0464277617754836e-05
9383,9.317540546083008e-06
9384,9.138178963690783e-06
9385,9.46984213922782e-06
9386,2.1302138753411776e-05
9387,1.0336096338087536e-05
9388,8.881599773114271e-06
9389,8.674958738307506e-06
9390,1.353974428103868e-05
9391,1.0446302870587945e-05
9392,7.55205999585218e-05
9393,1.015245543295525e-05
9394,1.353974428103868e-05
9395,9.725920108296228e-06
9396,9.885989024162485e-06
9397,2.9915838255291624e-05
9398,1.3074226847997412e-05
9399,7.03903547157095e-06
9400,1.2815684841198404e-05
9401,1.0633902373928431e-05
9402,1.0470739855513193e-05
9403,9.754070560661059e-06
9404,2.0761750980694108e-05
9405,1.1522525439412445e-05
9406,1.002322127836139e-05
9407,1.393901018295803e-05
9408,1.0304389685578956e-05
9409,1.9222628083928586e-05
9410,2.0654512168795214e-05
9411,3.131136347493432e-05
9412,2.7228982602426197e-05
9413,1.1510848380920765e-05
9414,1.5672612889149854e-05
9415,1.1446736855642405e-05
9416,1.139810098846653e-05
9417,1.6559346101668004e-05
9418,1.4716430378643245e-05
9419,1.1498732401418236e-05
9420,3.046745050727939e-05
9421,1.0165217108108049e-05
9422,1.556038071124584e-05
9423,8.75678691026644e-06
9424,0.0001427245799078311
9425,5.330244508974136e-06
9426,9.715239379587256e-06
9427,2.8711213953668482e-05
9428,1.004334818679909e-05
9429,2.5686923234597283e-05
9430,1.0470739855513193e-05
9431,1.480021403885088e-05
9432,1.810360922158577e-05
9433,9.158656342036634e-06
9434,1.1048121390319183e-05
9435,1.8123337385119526e-05
9436,1.5517992016686608e-05
9437,7.612733652181105e-06
9438,2.108307922001817e-05
9439,3.738062130805569e-05
9440,2.5859014590936695e-05
9441,1.734549958293393e-05
9442,1.202373727588023e-05
9443,3.4390819574768573e-05
9444,1.0645395354398507e-05
9445,8.423577999744469e-06
9446,8.791482199158835e-06
9447,1.4875798373508094e-05
9448,2.214963366122892e-05
9449,2.573196290843536e-05
9450,1.1261317758557567e-05
9451,6.145814894806767e-06
9452,8.864262995694006e-06
9453,9.35141338334851e-06
9454,1.0323798207862645e-05
9455,1.003161474217399e-05
9456,6.0679683241447475e-05
9457,9.809582392541579e-06
9458,9.700862731621744e-06
9459,1.0711341726803775e-05
9460,3.644952995305881e-05
9461,1.5066172829585524e-05
9462,9.105964578815469e-06
9463,1.1019279807699367e-05
9464,8.475685158141312e-06
9465,1.4056669316174339e-05
9466,2.5503142674970142e-05
9467,1.7557904121930953e-05
9468,4.480620978695527e-05
9469,9.98898602574496e-06
9470,1.015245543295525e-05
9471,9.167046619281176e-06
9472,1.5122385279456825e-05
9473,1.4813910575316146e-05
9474,5.378770952291919e-06
9475,1.5872190404320396e-05
9476,1.1355015410120625e-05
9477,6.145814894806767e-06
9478,1.0606931434926932e-05
9479,4.8712817787507075e-06
9480,2.6985628097472484e-05
9481,9.589580765736588e-06
9482,1.0332553080377697e-05
9483,1.0332553080377697e-05
9484,4.809015283855946e-06
9485,9.920286267500786e-06
9486,1.7225152646187267e-05
9487,1.685629238814625e-05
9488,1.1048121390319183e-05
9489,1.2274441446841848e-05
9490,1.003161474217399e-05
9491,2.2678878626931965e-05
9492,1.1072958869998366e-05
9493,1.0598164728847593e-05
9494,1.0673198845483249e-05
9495,1.01587953328069e-05
9496,1.0605862121923956e-05
9497,1.0983549165868838e-05
9498,1.9294621728628005e-05
9499,1.9830105180616e-05
9500,9.504497492612455e-06
9501,6.674408288524918e-06
9502,8.848748200179625e-06
9503,1.6102366101768837e-05
9504,1.5626569880981603e-05
9505,4.809015283855946e-06
9506,1.0248059245605469e-05
9507,9.093273707967679e-06
9508,9.804799282565535e-06
9509,1.884230618509073e-05
9510,6.674408288524918e-06
9511,1.8377791444320352e-05
9512,9.967603528957248e-06
9513,1.6958654434494212e-05
9514,1.0044546564286435e-05
9515,1.4875798373508094e-05
9516,1.0226947814012442e-05
9517,6.162605517118313e-06
9518,2.17302613083665e-05
9519,1.0323798207862645e-05
9520,1.0719318706660731e-05
9521,1.0135758113313978e-05
9522,1.1029448466982983e-05
9523,2.0574231307478942e-05
9524,1.4445380613955898e-05
9525,9.023916164203273e-06
9526,3.457975769418989e-05
9527,1.588641300227412e-05
9528,1.5149740827983316e-05
9529,1.0055811583422948e-05
9530,1.1022989657855392e-05
9531,8.503783769685729e-06
9532,9.855818921322782e-06
9533,1.353974428103868e-05
9534,9.967603528957248e-06
9535,1.579688548056517e-05
9536,1.353974428103868e-05
9537,1.0441326443113213e-05
9538,1.5604903412508483e-05
9539,9.575534257900319e-06
9540,1.1356656930289702e-05
9541,9.530479144825802e-06
9542,4.430776741100059e-06
9543,1.0044546564286435e-05
9544,2.1506225558753733e-05
9545,1.1347282628427675e-05
9546,8.779864420664431e-06
9547,1.550923838260107e-05
9548,9.723156484921671e-06
9549,2.1032466578245343e-05
9550,2.1329103089877813e-05
9551,2.1139104760620198e-05
9552,1.4302178583840647e-05
9553,1.5779675278488393e-05
9554,8.141554952061259e-05
9555,9.030935543404463e-06
9556,1.0550566850102846e-05
9557,1.5559981802185112e-05
9558,4.430776741100059e-06
9559,1.0012800057795225e-05
9560,4.430776741100059e-06
9561,4.430776741100059e-06
9562,4.430776741100059e-06
9563,4.430776741100059e-06
9564,4.430776741100059e-06
9565,4.430776741100059e-06
9566,2.0085205512716757e-05
9567,9.901015450160759e-06
9568,4.430776741100059e-06
9569,1.0550566850102846e-05
9570,1.8069944881048915e-05
9571,4.430776741100059e-06
9572,1.104395560916256e-05
9573,3.799364878578498e-05
9574,1.7334331548187637e-05
9575,1.0550566850102846e-05
9576,4.430776741100059e-06
9577,1.702786041350697e-05
9578,1.0519719330410594e-05
9579,1.0550566850102846e-05
9580,4.430776741100059e-06
9581,4.430776741100059e-06
9582,1.0550566850102846e-05
9583,1.970473091887944e-05
9584,4.430776741100059e-06
9585,2.2066196815813876e-05
9586,1.1086012720522891e-05
9587,1.1022989657855392e-05
9588,3.7401017453191415e-05
9589,1.1022989657855392e-05
9590,1.8479134209659804e-05
9591,1.9740233321246378e-05
9592,1.075355678101189e-05
9593,1.0053411756575844e-05
9594,1.0213357406846318e-05
9595,1.5109232572048812e-05
9596,1.0320122706611893e-05
9597,9.876348029005935e-06
9598,1.0044546564286435e-05
9599,1.0523567967782293e-05
9600,9.552202977205576e-06
9601,1.612307860788227e-05
9602,1.0055811583422948e-05
9603,1.353974428103868e-05
9604,1.1022989657855392e-05
9605,1.0248059245605469e-05
9606,8.500037448077862e-06
9607,6.848318894276419e-06
9608,9.431571606477142e-06
9609,9.289948335583e-06
9610,9.434520593808654e-06
9611,2.1288355089564008e-05
9612,1.4299328095337157e-05
9613,1.16117097546835e-05
9614,1.0165217108108049e-05
9615,1.174121193020162e-05
9616,2.0392997255703236e-05
9617,1.353974428103868e-05
9618,1.6248796234915066e-05
9619,1.6157177784661336e-05
9620,1.0739562233243814e-05
9621,1.4500288495925686e-05
9622,1.0563899047708251e-05
9623,8.98613338073191e-06
9624,1.0739562233243814e-05
9625,1.4472157442928997e-05
9626,1.0739562233243814e-05
9627,1.0739562233243814e-05
9628,1.2523040583816098e-05
9629,9.855818921322782e-06
9630,9.007728934627767e-06
9631,9.804799282565535e-06
9632,1.0691282150835419e-05
9633,9.187772221265003e-06
9634,4.2485782146177276e-05
9635,4.934519673185899e-06
9636,1.118470439166166e-05
9637,1.0660709689367653e-05
9638,8.674958738307506e-06
9639,9.655747257728404e-06
9640,1.2039091181769635e-05
9641,1.3271101469503791e-05
9642,1.0325521945413936e-05
9643,8.709456420603492e-06
9644,1.3074226847997412e-05
9645,9.715239379587256e-06
9646,4.369095557195656e-05
9647,9.244975147240444e-06
9648,1.195602319665265e-05
9649,1.028892948360175e-05
9650,9.855818921322782e-06
9651,9.667392672126224e-06
9652,9.434520593808654e-06
9653,1.6462157026836957e-05
9654,7.4137074395127525e-06
9655,1.594033189907726e-05
9656,1.1518484203629429e-05
9657,1.3074226847997412e-05
9658,9.623776343241303e-06
9659,1.1594325978611455e-05
9660,3.45121980887816e-05
9661,1.0673198845483249e-05
9662,3.483603614308915e-05
9663,1.5535716849375154e-05
9664,1.1022989657855392e-05
9665,1.3836739162347253e-05
9666,1.2032706307433641e-05
9667,1.718366150649879e-05
9668,9.562433975323611e-06
9669,9.317540546083008e-06
9670,2.1697363213846893e-05
9671,9.499363410106409e-06
9672,1.0369786528028124e-05
9673,1.0365859094959847e-05
9674,1.0605862121923956e-05
9675,1.0719318706660731e-05
9676,1.007952052925644e-05
9677,2.1370270671182726e-05
9678,9.620803812354212e-06
9679,2.0008063854479042e-05
9680,1.0470739855513193e-05
9681,3.0400826998275542e-05
9682,1.061481761300295e-05
9683,1.4988642908593715e-05
9684,9.718210177599535e-06
9685,2.9875833890156712e-05
9686,9.920286267500786e-06
9687,1.0323798207862645e-05
9688,1.978596802064161e-05
9689,8.674958738307506e-06
9690,1.0492577191442162e-05
9691,1.687234228380961e-05
9692,2.0654512168795214e-05
9693,6.674408288524918e-06
9694,8.98613338073191e-06
9695,9.487821812565976e-06
9696,9.91480548679001e-06
9697,8.684298935094794e-06
9698,1.5352359061392518e-05
9699,8.123339018192422e-06
9700,5.330244508974136e-06
9701,1.0645395354398507e-05
9702,1.0015800834386606e-05
9703,1.0657744691249782e-05
9704,9.920286267500786e-06
9705,9.920286267500786e-06
9706,1.6031332719032314e-05
9707,1.0639045552312857e-05
9708,1.1498732401418236e-05
9709,9.399877875532114e-06
9710,1.050537032126487e-05
9711,1.5587029548008644e-05
9712,9.243134293251872e-06
9713,9.63908308380622e-06
9714,1.177697881591642e-05
9715,8.444617015338625e-06
9716,1.374552916434338e-05
9717,1.0896042873277623e-05
9718,0.0001827645435273928
9719,2.6567377717577656e-05
9720,9.053328994739186e-06
9721,2.519277693311954e-05
9722,1.353974428103868e-05
9723,2.7805893421701236e-05
9724,1.687234228380961e-05
9725,2.5243898293071057e-05
9726,9.711597088106313e-06
9727,1.0158089556658252e-05
9728,1.0637314892586927e-05
9729,1.5211741642113727e-05
9730,8.92760565575325e-06
9731,2.2900742103482073e-05
9732,1.5234346054718362e-05
9733,1.2058786164846864e-05
9734,9.908381712638796e-06
9735,1.1904958243208149e-05
9736,3.6010316378305426e-05
9737,9.74983946570471e-06
9738,2.862924585242559e-05
9739,1.353974428103868e-05
9740,8.98613338073191e-06
9741,1.0492577191442162e-05
9742,6.162605517118313e-06
9743,2.2109160125550377e-05
9744,1.0804275205124589e-05
9745,2.1405018777959828e-05
9746,1.2058786164846864e-05
9747,1.036236578670301e-05
9748,1.4937062452565603e-05
9749,9.163730894583565e-06
9750,9.053328994739186e-06
9751,9.779141176581009e-06
9752,1.0213357406846318e-05
9753,1.8339087740352678e-05
9754,1.0044546564286435e-05
9755,1.7592984398208727e-05
9756,9.920286267500786e-06
9757,1.0588724794969408e-05
9758,1.0241717869620738e-05
9759,1.177697881591642e-05
9760,1.0803253796221225e-05
9761,2.684758647572411e-05
9762,1.246725840014532e-05
9763,1.353974428103868e-05
9764,3.086590446510927e-05
9765,1.177697881591642e-05
9766,8.653877904907496e-06
9767,0.0001661461595817297
9768,1.0377534691953246e-05
9769,1.840959063709426e-05
9770,1.4444283388233293e-05
9771,9.076566886993103e-06
9772,1.1317600624029021e-05
9773,1.177697881591642e-05
9774,1.1364417115222792e-05
9775,1.4999825962729682e-05
9776,2.5822902217178223e-05
9777,9.582707565010591e-06
9778,1.2386260181243683e-05
9779,1.4591621085625427e-05
9780,1.1118294444784053e-05
9781,2.2149193157777168e-05
9782,9.422703642885622e-06
9783,8.862252582906677e-06
9784,2.3575406415433385e-05
9785,1.9755177333994433e-05
9786,1.0044546564286435e-05
9787,9.86788215339441e-06
9788,1.003161474217399e-05
9789,1.1029448466982983e-05
9790,1.598333440802249e-05
9791,9.654870802543586e-06
9792,1.901602150106793e-05
9793,1.9203555644773054e-05
9794,1.003161474217399e-05
9795,1.4819317365120778e-05
9796,9.896272091706858e-06
9797,2.00673832188033e-05
9798,1.0327374865332602e-05
9799,1.1909870126827609e-05
9800,1.2058786164846864e-05
9801,1.1905788186692852e-05
9802,5.330244508974136e-06
9803,1.0267670007139493e-05
9804,1.1035097958594619e-05
9805,1.007952052925644e-05
9806,1.9894192019767054e-05
9807,1.1320356980366022e-05
9808,1.015245543295525e-05
9809,1.0348370002420954e-05
9810,1.0369786528028124e-05
9811,1.2058786164846864e-05
9812,1.5977658295267323e-05
9813,9.582707565010591e-06
9814,9.956974897762962e-06
9815,9.956974897762962e-06
9816,1.5931820655393905e-05
9817,9.956974897762962e-06
9818,8.693169150980948e-06
9819,1.5931820655393905e-05
9820,1.1909870126827609e-05
9821,9.956974897762962e-06
9822,6.848318894276419e-06
9823,9.573603815458379e-06
9824,9.489074365034779e-06
9825,1.9107327884028835e-05
9826,9.956974897762962e-06
9827,1.5977658295267323e-05
9828,9.956974897762962e-06
9829,9.102414151293753e-06
9830,1.0008352767091742e-05
9831,1.177697881591642e-05
9832,9.967603528957248e-06
9833,7.916481966791899e-06
9834,9.956974897762962e-06
9835,9.514281501058351e-06
9836,1.890802273153448e-05
9837,1.4875798373508094e-05
9838,8.999522573062998e-06
9839,1.781549128738318e-05
9840,8.423577999744469e-06
9841,8.674958738307506e-06
9842,9.885989024162485e-06
9843,7.935958174012888e-06
9844,1.0639045552312857e-05
9845,1.2032706307433641e-05
9846,1.6102366101768837e-05
9847,9.920286267500786e-06
9848,1.0044546564286435e-05
9849,1.4768368223931091e-05
9850,1.0727799886620179e-05
9851,9.956974897762962e-06
9852,2.183188149259975e-05
9853,1.0637314892586927e-05
9854,3.1422782899006825e-05
9855,9.777263074180927e-06
9856,9.623776343241303e-06
9857,1.1498732401418236e-05
9858,1.1398788038460363e-05
9859,1.0896042873277623e-05
9860,2.9662757007720975e-05
9861,2.09577726414732e-05
9862,9.901718571693991e-06
9863,9.893028832896335e-06
9864,1.1498732401418236e-05
9865,1.0147900018722789e-05
9866,1.003161474217399e-05
9867,9.948291810840633e-06
9868,8.48598745843017e-05
9869,1.0147900018722789e-05
9870,9.568833028344554e-06
9871,1.5161442931829424e-05
9872,9.986120975271117e-06
9873,1.0015800834386606e-05
9874,3.756832309778531e-05
9875,9.076566886993103e-06
9876,9.655747257728404e-06
9877,1.4722621431121804e-05
9878,1.1029448466982983e-05
9879,9.967603528957248e-06
9880,1.0896042873277623e-05
9881,2.6236736624743446e-05
9882,1.8454501489891433e-05
9883,9.434520593808654e-06
9884,1.0296113256437114e-05
9885,1.9150082084426568e-05
9886,2.0253279873437936e-05
9887,1.0727799886620179e-05
9888,1.0817996061144057e-05
9889,1.0438800493865949e-05
9890,1.0639045552312857e-05
9891,1.3129050557410667e-05
9892,1.0296113256437114e-05
9893,1.2977629800511952e-05
9894,1.0523567967782293e-05
9895,1.0248059245605469e-05
9896,9.967603528957248e-06
9897,1.1029448466982983e-05
9898,2.5185647014770974e-05
9899,1.6680934887212546e-05
9900,7.935958174012888e-06
9901,1.1048121390319183e-05
9902,1.1594325978611455e-05
9903,1.002322127836139e-05
9904,1.8374790933689325e-05
9905,1.1261317758557567e-05
9906,9.855818921322782e-06
9907,1.638584875737152e-05
9908,1.4942087968151281e-05
9909,4.129720453513947e-05
9910,1.177697881591642e-05
9911,1.3074226847997412e-05
9912,1.6681107992657685e-05
9913,2.646107673026456e-05
9914,1.0563899047708251e-05
9915,3.065818919802404e-05
9916,1.0588724794969408e-05
9917,1.0778534129978959e-05
9918,9.337233669156108e-06
9919,9.654870802543586e-06
9920,5.4608749454719496e-06
9921,9.337233669156108e-06
9922,1.1594325978611455e-05
9923,1.1748139867339356e-05
9924,9.956974897762962e-06
9925,1.240405310203985e-05
9926,9.91480548679001e-06
9927,9.640893560947324e-06
9928,8.791670321956946e-06
9929,1.202373727588023e-05
9930,1.5664652764799233e-05
9931,1.1028616036275543e-05
9932,9.22237046987849e-06
9933,8.92760565575325e-06
9934,9.317540546083008e-06
9935,5.503763776205309e-06
9936,1.5818097778046968e-05
9937,9.434520593808654e-06
9938,8.701594436996798e-06
9939,3.778831969249413e-05
9940,9.174762821699772e-06
9941,1.4244686609994783e-05
9942,1.4676245630072939e-05
9943,1.050537032126487e-05
9944,1.0606931434926932e-05
9945,9.885989024162485e-06
9946,1.5675840980516567e-05
9947,1.177697881591642e-05
9948,1.4798817119108419e-05
9949,2.9689787342829175e-05
9950,0.0001395056864772921
9951,1.0012821076224137e-05
9952,8.969077104345952e-06
9953,1.4357831277989106e-05
9954,1.6339188935354345e-05
9955,5.330244508974136e-06
9956,9.593922196304636e-06
9957,1.0588724794969408e-05
9958,9.105964578815469e-06
9959,1.4357000664919412e-05
9960,2.1574564931010098e-05
9961,1.003161474217399e-05
9962,1.1594325978611455e-05
9963,1.0248059245605469e-05
9964,8.38647689683554e-06
9965,1.0226947814012442e-05
9966,8.519751819647818e-06
9967,1.2039091181769635e-05
9968,1.5951068617332784e-05
9969,6.262704893966774e-06
9970,2.1318346356589247e-05
9971,3.6606930510071015e-05
9972,9.690616076324506e-06
9973,2.0190148803811126e-05
9974,1.0347163086799967e-05
9975,8.839672031365243e-06
9976,9.855818921322782e-06
9977,8.123339018192422e-06
9978,1.7757257698614183e-05
9979,9.087188963134636e-06
9980,1.322884549397693e-05
9981,1.1703085965558177e-05
9982,1.0688941906292139e-05
9983,9.244975147240444e-06
9984,2.166686910739364e-05
9985,1.7514812905054196e-05
9986,1.9448175662806815e-05
9987,9.63908308380622e-06
9988,9.593922196304636e-06
9989,1.0327811939182512e-05
9990,9.74454702862083e-06
9991,9.885989024162485e-06
9992,9.076566886993103e-06
9993,1.585790491577891e-05
9994,8.503783769685729e-06
9995,1.0053411756575844e-05
9996,1.0304389685578956e-05
9997,1.678865124909575e-05
9998,3.7241412082151284e-05
9999,1.1078478163378258e-05
10000,1.7831464028695882e-05
10001,9.700862731621744e-06
10002,6.674408288524918e-06
10003,1.0348370002420954e-05
10004,1.496509995965045e-05
10005,1.1028616036275543e-05
10006,1.6235573362779445e-05
10007,5.2423240388309914e-05
10008,1.1029448466982983e-05
10009,1.6445313553313575e-05
10010,9.49486225349075e-06
10011,1.1078478163378258e-05
10012,8.423577999744469e-06
10013,1.3116586165993e-05
10014,1.353974428103868e-05
10015,1.5646986909958167e-05
10016,1.80312939660019e-05
10017,9.777263074180927e-06
10018,1.5111934300433655e-05
10019,8.709456420603492e-06
10020,9.434520593808654e-06
10021,1.045648312641421e-05
10022,1.004334818679909e-05
10023,1.1268823414284258e-05
10024,1.0264489145142471e-05
10025,9.654870802543586e-06
10026,1.3618375335156097e-05
10027,1.0347163086799967e-05
10028,9.190780516689155e-06
10029,1.1029448466982983e-05
10030,1.4609638653280185e-05
10031,7.671555018036005e-05
10032,9.92867238526007e-06
10033,2.7411381538211658e-05
10034,9.956974897762962e-06
10035,4.561310528118881e-06
10036,8.500037448077862e-06
10037,1.3682076459435065e-05
10038,8.503783769685729e-06
10039,9.46984213922782e-06
10040,3.088262341850607e-05
10041,2.2616810108139637e-05
10042,9.777263074180927e-06
10043,1.6360669304907713e-05
10044,4.8712817787507075e-06
10045,1.0660709689367653e-05
10046,5.552047756660196e-06
10047,3.778831969249413e-05
10048,9.339471607813863e-06
10049,9.3206344389504e-06
10050,1.4900251310656651e-05
10051,3.069156485273737e-05
10052,9.893028832896335e-06
10053,8.530722915133776e-06
10054,9.024897217262012e-06
10055,1.5417190609004293e-05
10056,1.9514595406627007e-05
10057,2.4657442839232953e-05
10058,9.967603528957248e-06
10059,1.1029448466982983e-05
10060,1.405705535578172e-05
10061,1.2002464372649052e-05
10062,1.4914662407893656e-05
10063,9.920286267500786e-06
10064,9.434906633416035e-06
10065,1.0719318706660731e-05
10066,1.0248059245605469e-05
10067,1.206237794957882e-05
10068,1.4835619038464057e-05
10069,1.4609638653280185e-05
10070,8.74946123010101e-06
10071,9.593922196304636e-06
10072,1.0739562233243814e-05
10073,9.316842424275981e-06
10074,9.655747257728404e-06
10075,1.0453305095445872e-05
10076,9.685841526932834e-06
10077,1.6073475214008498e-05
10078,8.862252582906677e-06
10079,2.3948437322545183e-05
10080,1.2962026921746081e-05
10081,2.4449277896297187e-05
10082,1.2523040583816098e-05
10083,2.431881046870049e-05
10084,1.015245543295525e-05
10085,9.255411106325404e-06
10086,1.5237836898401792e-05
10087,1.052641146073085e-05
10088,2.9477259683184077e-05
10089,1.4860167015549692e-05
10090,9.98898602574496e-06
10091,1.3074226847997412e-05
10092,2.590063046059551e-05
10093,1.6343125915464686e-05
10094,2.4657442839232953e-05
10095,1.6343125915464686e-05
10096,1.050537032126487e-05
10097,1.9448175662806815e-05
10098,1.015245543295525e-05
10099,9.575534257900319e-06
10100,1.8374790933689325e-05
10101,9.575534257900319e-06
10102,1.607589059282715e-05
10103,1.003161474217399e-05
10104,2.4408697459510635e-05
10105,1.0778534129978959e-05
10106,2.0654512168795214e-05
10107,1.393901018295803e-05
10108,7.900968631603151e-06
10109,1.5066172829585524e-05
10110,9.549114309328014e-06
10111,1.1904958243208149e-05
10112,9.893028832896335e-06
10113,1.2058786164846864e-05
10114,1.0693114032578455e-05
10115,1.1453354286263499e-05
10116,1.1364417115222792e-05
10117,9.725920108296228e-06
10118,9.582707565010591e-06
10119,1.0558042072649292e-05
10120,1.0377534691953246e-05
10121,1.8133698963460015e-05
10122,1.4361277927500713e-05
10123,9.956974897762962e-06
10124,1.546047799348385e-05
10125,1.1904958243208149e-05
10126,1.0896042873277623e-05
10127,9.855818921322782e-06
10128,1.0896042873277623e-05
10129,1.0248059245605469e-05
10130,9.63849168571555e-06
10131,9.979290158014458e-06
10132,9.59484738868822e-06
10133,1.2386260181243683e-05
10134,9.053328994739186e-06
10135,2.491003754926487e-05
10136,9.715239379587256e-06
10137,8.503783769685729e-06
10138,1.0711341726803775e-05
10139,1.2386260181243683e-05
10140,1.0103479922825078e-05
10141,1.1029448466982983e-05
10142,9.956974897762962e-06
10143,1.708380884913205e-05
10144,2.2569000495398986e-05
10145,1.884230618509073e-05
10146,1.5521272723738577e-05
10147,1.0347163086799967e-05
10148,2.9681952098164454e-05
10149,1.028892948360175e-05
10150,9.316842424275981e-06
10151,1.1029448466982983e-05
10152,1.3771968045980782e-05
10153,9.874301171338706e-06
10154,1.6846096079889373e-05
10155,1.7409209574162676e-05
10156,1.0369786528028124e-05
10157,8.674958738307506e-06
10158,1.4148426705508056e-05
10159,1.0190310948017527e-05
10160,3.1390880990704755e-05
10161,9.308980804974973e-06
10162,1.0804275205124589e-05
10163,1.613210633448883e-05
10164,1.6158432790052958e-05
10165,1.4542614746060986e-05
10166,9.685841526932834e-06
10167,1.004334818679909e-05
10168,9.239550899912532e-06
10169,1.4716430378643245e-05
10170,1.6208378265768878e-05
10171,1.565948970640983e-05
10172,1.0503398104220844e-05
10173,1.5988481364842907e-05
10174,1.0160998317039673e-05
10175,8.92760565575325e-06
10176,1.8374790933689325e-05
10177,9.190780516689155e-06
10178,1.459640105771239e-05
10179,1.0923473382729238e-05
10180,1.0896042873277623e-05
10181,9.715239379587256e-06
10182,1.0394028520652429e-05
10183,1.313529346607597e-05
10184,1.00595519188609e-05
10185,1.0414935439835905e-05
10186,1.910324054205323e-05
10187,1.0377534691953246e-05
10188,2.2474447464067994e-05
10189,1.0248059245605469e-05
10190,1.4596421167737174e-05
10191,7.113939072854184e-05
10192,1.0998759080324583e-05
10193,1.015245543295525e-05
10194,9.667392672126224e-06
10195,1.0778534129978959e-05
10196,1.015245543295525e-05
10197,1.735113285226242e-05
10198,7.875581137150495e-06
10199,8.966816258866327e-06
10200,1.353974428103868e-05
10201,4.034836649684878e-05
10202,2.6682540797988645e-05
10203,1.9374122923125046e-05
10204,1.3124703986751003e-05
10205,2.0654512168795214e-05
10206,4.16555651137477e-05
10207,1.5510133617449945e-05
10208,1.6229875225158525e-05
10209,1.562400721846844e-05
10210,1.0267670007139493e-05
10211,6.674408288524918e-06
10212,1.4299328095337157e-05
10213,1.0360425969893026e-05
10214,1.313529346607597e-05
10215,0.00012402091876665222
10216,1.541130774931648e-05
10217,1.0160998317039673e-05
10218,1.0719318706660731e-05
10219,8.423577999744469e-06
10220,1.2032706307433641e-05
10221,8.504509173789446e-05
10222,1.9755177333994433e-05
10223,1.9467192734269975e-05
10224,1.2416790428454942e-05
10225,1.0693114032578455e-05
10226,1.5023082744740484e-05
10227,1.1019279807699367e-05
10228,9.271261400480925e-06
10229,1.075355678101189e-05
10230,9.561041139947305e-06
10231,1.0693114032578455e-05
10232,9.138178963690783e-06
10233,9.138178963690783e-06
10234,1.890755872693417e-05
10235,3.625742701408266e-05
10236,1.597340939524451e-05
10237,1.5284526215627456e-05
10238,1.5622698001481593e-05
10239,9.63849168571555e-06
10240,1.0816858899900522e-05
10241,1.003161474217399e-05
10242,1.708266874858685e-05
10243,1.7012798552429e-05
10244,1.8123856358897713e-05
10245,1.5222107848465297e-05
10246,1.4589916933156168e-05
10247,1.0610711704845131e-05
10248,1.8527163087672853e-05
10249,1.0673198845483249e-05
10250,1.0719318706660731e-05
10251,1.0248059245605469e-05
10252,1.2032706307433641e-05
10253,6.674408288524918e-06
10254,1.0719318706660731e-05
10255,1.8477658111375135e-05
10256,9.493588591525832e-06
10257,1.0804275205124589e-05
10258,1.0414935439835905e-05
10259,1.0673198845483249e-05
10260,1.0359530810042483e-05
10261,1.353974428103868e-05
10262,2.2740590415648147e-05
10263,1.353974428103868e-05
10264,1.0986418995693328e-05
10265,9.263821395050691e-06
10266,9.61567250659419e-06
10267,2.6990774183039993e-05
10268,1.0304389685578956e-05
10269,1.2058786164846864e-05
10270,1.0474522801572617e-05
10271,1.0394028520652429e-05
10272,1.583588383064335e-05
10273,9.497136086334239e-06
10274,1.0304389685578956e-05
10275,9.293040134460558e-06
10276,1.0660709689367653e-05
10277,2.4777403207942922e-05
10278,1.0226947814012442e-05
10279,2.271463367908934e-05
10280,9.138178963690783e-06
10281,5.469377564011524e-06
10282,9.811995885297593e-06
10283,2.0191751253669232e-05
10284,9.239550899912532e-06
10285,1.0365859094959847e-05
10286,3.441315304871303e-05
10287,9.582707565010591e-06
10288,8.57729752388675e-06
10289,9.575534257900319e-06
10290,8.530722915133776e-06
10291,1.024622844441018e-05
10292,1.6891441861349293e-05
10293,9.92867238526007e-06
10294,1.3091972186581859e-05
10295,1.9642582982206637e-05
10296,1.2002464372649052e-05
10297,1.0851799913451715e-05
10298,1.5237836898401792e-05
10299,1.0998759080324583e-05
10300,1.0248059245605469e-05
10301,1.0983549165868838e-05
10302,1.1261317758557567e-05
10303,8.530722915133776e-06
10304,1.036236578670301e-05
10305,9.684771821929977e-06
10306,1.240405310203985e-05
10307,9.190780516689155e-06
10308,1.2113469516883801e-05
10309,1.4132023922455826e-05
10310,1.0414935439835905e-05
10311,1.1029448466982983e-05
10312,1.0632560201404219e-05
10313,1.0874654466644864e-05
10314,2.2006887469856717e-05
10315,1.007952052925644e-05
10316,1.0639045552312857e-05
10317,9.715239379587256e-06
10318,1.3064375848985305e-05
10319,9.215423587209066e-06
10320,1.00595519188609e-05
10321,1.6102366101768837e-05
10322,9.317540546083008e-06
10323,9.510111211076036e-06
10324,8.966816258866327e-06
10325,1.0606931434926932e-05
10326,9.702967268758743e-06
10327,1.7087238983230375e-05
10328,1.986629436327826e-05
10329,8.969077104345952e-06
10330,5.648138520699926e-06
10331,3.160084732200697e-05
10332,2.9285079222305516e-05
10333,9.896272091706858e-06
10334,1.5020838414589689e-05
10335,1.2320442818436823e-05
10336,9.514281501058351e-06
10337,9.754070560661059e-06
10338,9.493566059282185e-06
10339,2.518379992690922e-05
10340,1.261958245459162e-05
10341,1.50724793628072e-05
10342,1.7557904121930953e-05
10343,1.0923473382729238e-05
10344,6.896191321006389e-05
10345,1.0135758113313978e-05
10346,9.71769253600263e-06
10347,1.0152000896655648e-05
10348,1.3638731294397522e-05
10349,1.306603782377467e-05
10350,1.4858179249441352e-05
10351,1.0501844755673104e-05
10352,9.317540546083008e-06
10353,9.510111211076036e-06
10354,1.0327374865332602e-05
10355,1.4875798373508094e-05
10356,1.9755177333994433e-05
10357,9.317540546083008e-06
10358,9.136632654823229e-06
10359,1.0347163086799967e-05
10360,1.1048121390319183e-05
10361,9.697915604753337e-06
10362,1.562400721846844e-05
10363,9.98898602574496e-06
10364,1.1029448466982983e-05
10365,1.0896042873277623e-05
10366,1.7714625673174786e-05
10367,1.061481761300295e-05
10368,1.4268406574296927e-05
10369,1.0248059245605469e-05
10370,1.0719318706660731e-05
10371,9.568833028344554e-06
10372,1.0855663141263886e-05
10373,1.1104152863120281e-05
10374,8.801301594525623e-06
10375,1.2470998897360315e-05
10376,9.463714720507445e-06
10377,1.7869908250173934e-05
10378,1.2529614893840324e-05
10379,1.1398788038460363e-05
10380,2.980116798980284e-05
10381,1.00595519188609e-05
10382,1.2386260181243683e-05
10383,1.0190781318694255e-05
10384,1.0972657349413722e-05
10385,1.0347163086799967e-05
10386,9.146542499755883e-06
10387,9.146542499755883e-06
10388,1.1048121390319183e-05
10389,1.0817996061144057e-05
10390,3.701618184969792e-05
10391,1.0347163086799967e-05
10392,1.5331936613599506e-05
10393,1.3261524197022263e-05
10394,8.423577999744469e-06
10395,1.9276969939403988e-05
10396,1.0353676433103318e-05
10397,1.5630946604361778e-05
10398,9.723156484921671e-06
10399,1.246725840014532e-05
10400,8.74946123010101e-06
10401,9.948291810840633e-06
10402,1.0719318706660731e-05
10403,1.2060090925782294e-05
10404,2.9050381055226637e-05
10405,2.1235380426122237e-05
10406,1.459189717047608e-05
10407,9.896272091706858e-06
10408,1.002322127836139e-05
10409,9.167046619281176e-06
10410,1.778909285747146e-05
10411,9.715239379587256e-06
10412,9.187772221265003e-06
10413,1.144840881813943e-05
10414,8.35108128676514e-06
10415,1.0719318706660731e-05
10416,1.1048121390319183e-05
10417,9.434520593808654e-06
10418,1.4270193826824335e-05
10419,9.804799282565535e-06
10420,1.4609638653280185e-05
10421,2.0653017456179274e-05
10422,1.9755177333994433e-05
10423,1.2823860969523281e-05
10424,9.644271954827743e-06
10425,9.439127771363733e-06
10426,1.3909927489224202e-05
10427,8.74946123010101e-06
10428,9.217894788126734e-06
10429,1.9016523119205375e-05
10430,1.0719318706660731e-05
10431,1.4914662407893656e-05
10432,6.674408288524918e-06
10433,8.92760565575325e-06
10434,1.3100551993086592e-05
10435,2.7095556507316687e-05
10436,1.0719318706660731e-05
10437,1.0414935439835905e-05
10438,1.8374790933689325e-05
10439,1.16117097546835e-05
10440,9.316842424275981e-06
10441,1.246725840014532e-05
10442,8.500037448077862e-06
10443,1.6706857157807635e-05
10444,9.394769817727571e-06
10445,9.394769817727571e-06
10446,1.6336462567779203e-05
10447,1.5410694268789512e-05
10448,1.5867729086456416e-05
10449,9.62680544879162e-06
10450,9.514281501058351e-06
10451,3.6024388832823015e-05
10452,1.1621612635099585e-05
10453,9.967603528957248e-06
10454,1.5049705882995885e-05
10455,1.246725840014532e-05
10456,1.0190310948017527e-05
10457,9.700862731621744e-06
10458,1.177697881591642e-05
10459,1.1048121390319183e-05
10460,9.62680544879162e-06
10461,1.2386260181243683e-05
10462,1.390479574729832e-05
10463,0.000180838269475381
10464,1.0606931434926932e-05
10465,1.0365859094959847e-05
10466,9.593922196304636e-06
10467,1.3771968045980782e-05
10468,9.777263074180927e-06
10469,5.455088012289348e-06
10470,1.0190781318694255e-05
10471,9.493588591525832e-06
10472,2.023769576213814e-05
10473,1.4497647440734312e-05
10474,1.16117097546835e-05
10475,1.5589807685023304e-05
10476,9.896272091706858e-06
10477,1.2039091181769635e-05
10478,1.177697881591642e-05
10479,9.706824688485318e-05
10480,1.0896042873277623e-05
10481,9.690616076324506e-06
10482,9.920286267500786e-06
10483,6.34066768862764e-06
10484,1.6102366101768837e-05
10485,9.593922196304636e-06
10486,7.67957681734087e-06
10487,1.0226947814012442e-05
10488,7.038245371987877e-06
10489,6.674408288524918e-06
10490,1.0719318706660731e-05
10491,1.4689732959475856e-05
10492,1.0804275205124589e-05
10493,9.105964578815469e-06
10494,9.967603528957248e-06
10495,1.9467482821204392e-05
10496,1.0778534129978959e-05
10497,9.582707565010591e-06
10498,9.700862731621744e-06
10499,6.2180242557229486e-06
10500,9.563183498384039e-06
10501,9.504497492612455e-06
10502,1.0165217108108049e-05
10503,1.1398788038460363e-05
10504,9.563183498384039e-06
10505,1.3773074359967231e-05
10506,1.986629436327826e-05
10507,1.4150958740913697e-05
10508,1.13105233916719e-05
10509,9.754070560661059e-06
10510,1.0012821076224137e-05
10511,1.8280446068916875e-05
10512,1.1029448466982983e-05
10513,9.582707565010591e-06
10514,9.434520593808654e-06
10515,2.278916193703729e-05
10516,9.568833028344554e-06
10517,9.244975147240444e-06
10518,1.0355831943563639e-05
10519,1.1029448466982983e-05
10520,7.52359048524891e-05
10521,9.855818921322782e-06
10522,1.0896042873277623e-05
10523,4.965002619812309e-05
10524,9.885989024162485e-06
10525,2.8952795888658946e-05
10526,6.696586094456096e-06
10527,1.0896042873277623e-05
10528,1.0896042873277623e-05
10529,1.572011543671661e-05
10530,1.5232860427210816e-05
10531,1.7034387317297507e-05
10532,8.98613338073191e-06
10533,9.667392672126224e-06
10534,9.138178963690783e-06
10535,2.7280723496858787e-05
10536,1.0719318706660731e-05
10537,9.21288922684213e-06
10538,9.597929014891506e-06
10539,1.0190781318694255e-05
10540,1.2032706307433641e-05
10541,9.434906633416035e-06
10542,9.497136086334239e-06
10543,1.2039091181769635e-05
10544,8.98613338073191e-06
10545,9.399877875532114e-06
10546,1.2032706307433641e-05
10547,8.791482199158835e-06
10548,1.0347163086799967e-05
10549,9.499333526257177e-06
10550,9.715239379587256e-06
10551,9.007728934627767e-06
10552,1.0015800834386606e-05
10553,8.503783769685729e-06
10554,2.122832383567532e-05
10555,9.777263074180927e-06
10556,1.2058786164846864e-05
10557,9.948291810840633e-06
10558,1.3436683153497976e-05
10559,1.877221607646704e-05
10560,9.239550899912532e-06
10561,2.647214849590748e-05
10562,1.0165217108108049e-05
10563,1.2058786164846864e-05
10564,1.5049705882995885e-05
10565,4.809015283855946e-06
10566,9.623776343241303e-06
10567,2.0465845079054753e-05
10568,8.500037448077862e-06
10569,9.723156484921671e-06
10570,1.166445740269477e-05
10571,2.6118496119382927e-05
10572,1.4391589883454242e-05
10573,1.4897465580715152e-05
10574,1.0673198845483249e-05
10575,1.1398788038460363e-05
10576,1.0304389685578956e-05
10577,1.0632560201404219e-05
10578,1.139810098846653e-05
10579,9.428316725526897e-06
10580,1.0804275205124589e-05
10581,1.3211449135756584e-05
10582,1.0523567967782293e-05
10583,2.1697785398450864e-05
10584,1.4690210290740032e-05
10585,1.1905788186692852e-05
10586,1.0323798207862645e-05
10587,8.976697366541318e-06
10588,9.463714720507445e-06
10589,1.1261317758557567e-05
10590,9.514281501058351e-06
10591,9.463714720507445e-06
10592,9.497136086334239e-06
10593,3.118701361460338e-05
10594,1.0896042873277623e-05
10595,1.3074226847997412e-05
10596,1.1364417115222792e-05
10597,1.6102366101768837e-05
10598,4.697734968714024e-05
10599,1.4187774291620822e-05
10600,9.093273707967679e-06
10601,1.6617437481871676e-05
10602,1.1261317758557567e-05
10603,1.9549849502000186e-05
10604,1.0406263609766445e-05
10605,1.6656010685769294e-05
10606,9.855818921322782e-06
10607,2.2022380489474404e-05
10608,1.16452300893274e-05
10609,9.563183498384039e-06
10610,9.623776343241303e-06
10611,9.563183498384039e-06
10612,2.668485183451347e-05
10613,9.190780516689155e-06
10614,1.7852222698028077e-05
10615,8.123339018192422e-06
10616,1.6102366101768837e-05
10617,9.54736063630183e-06
10618,2.038303309775297e-05
10619,9.504497492612455e-06
10620,1.0218714753299135e-05
10621,2.6058659384174544e-05
10622,9.655747257728404e-06
10623,1.2529614893840324e-05
10624,1.0406263609766445e-05
10625,4.905178083204785e-06
10626,1.480021403885088e-05
10627,9.593922196304636e-06
10628,8.98613338073191e-06
10629,1.5626569880981603e-05
10630,1.4500172970484978e-05
10631,1.1359901433563965e-05
10632,1.0875680193864348e-05
10633,3.4169418236584245e-05
10634,1.0226947814012442e-05
10635,1.5975677213307024e-05
10636,9.967603528957248e-06
10637,9.700862731621744e-06
10638,1.353974428103868e-05
10639,8.018575967676373e-05
10640,9.655747257728404e-06
10641,2.3615390168574366e-05
10642,1.0816858899900522e-05
10643,9.711597088106313e-06
10644,1.0606931434926932e-05
10645,1.1029448466982983e-05
10646,1.0446302870587945e-05
10647,9.582707565010591e-06
10648,1.01587953328069e-05
10649,1.5656257856080886e-05
10650,9.809582392541579e-06
10651,9.62680544879162e-06
10652,1.1029448466982983e-05
10653,1.050537032126487e-05
10654,9.593922196304636e-06
10655,1.0523880672159554e-05
10656,1.1029448466982983e-05
10657,9.439127771363733e-06
10658,1.0165217108108049e-05
10659,8.791482199158835e-06
10660,6.674408288524918e-06
10661,1.3261524197022263e-05
10662,9.322330495343925e-06
10663,8.864262995694006e-06
10664,1.174121193020162e-05
10665,9.463714720507445e-06
10666,9.875238193826672e-06
10667,1.0394028520652429e-05
10668,9.875238193826672e-06
10669,1.0359530810042483e-05
10670,1.0327374865332602e-05
10671,1.1029448466982983e-05
10672,1.921593853493227e-05
10673,1.353974428103868e-05
10674,1.478167045924437e-05
10675,1.1029448466982983e-05
10676,8.92760565575325e-06
10677,1.492503784800991e-05
10678,9.885989024162485e-06
10679,1.5647043488792145e-05
10680,9.921621150637919e-06
10681,9.149489293946556e-06
10682,9.394769817727571e-06
10683,9.215423587209066e-06
10684,1.4781580477223387e-05
10685,9.289948335583e-06
10686,1.1004350244038656e-05
10687,1.14672736681883e-05
10688,8.848748200179625e-06
10689,8.980088304004427e-06
10690,1.3638731294397522e-05
10691,9.552202977205576e-06
10692,9.510111211076036e-06
10693,1.0637314892586927e-05
10694,9.715239379587256e-06
10695,1.0365859094959847e-05
10696,1.713706397962972e-05
10697,9.575534257900319e-06
10698,8.839672031365243e-06
10699,1.3724216822753317e-05
10700,9.746406357827071e-06
10701,9.623776343241303e-06
10702,8.839672031365243e-06
10703,1.9494557797238462e-05
10704,9.053328994739186e-06
10705,2.0560696937805562e-05
10706,9.007728934627767e-06
10707,1.2039091181769635e-05
10708,1.1052403610642951e-05
10709,1.7362365474758815e-05
10710,5.085489213511907e-06
10711,1.3569132566733014e-05
10712,1.353974428103868e-05
10713,1.3638731294397522e-05
10714,1.924859008358177e-05
10715,2.2341298317021844e-05
10716,8.57728690881886e-06
10717,1.396535951379383e-05
10718,1.7225152646187267e-05
10719,1.9147706536971048e-05
10720,4.407858084845594e-05
10721,2.2138061561184136e-05
10722,1.647212357059868e-05
10723,1.0213357406846318e-05
10724,9.239550899912532e-06
10725,1.1261317758557567e-05
10726,1.648669737824422e-05
10727,6.674408288524918e-06
10728,9.316842424275981e-06
10729,1.9562965713173437e-05
10730,1.0719318706660731e-05
10731,1.2058786164846864e-05
10732,1.6527631974557988e-05
10733,9.908381712638796e-06
10734,9.317540546083008e-06
10735,1.6917727008699177e-05
10736,2.291444935901326e-05
10737,9.530479144825802e-06
10738,1.0673198845483249e-05
10739,1.0327374865332602e-05
10740,1.0152000896655648e-05
10741,1.2288780948123302e-05
10742,1.2303847487426008e-05
10743,3.1219862764225785e-05
10744,1.0923473382729238e-05
10745,2.4417092802572152e-05
10746,1.0226947814012442e-05
10747,1.1212693996919311e-05
10748,2.637425168386175e-05
10749,9.087188963134636e-06
10750,2.2670993498710246e-05
10751,9.339471607813863e-06
10752,2.1883113589496035e-05
10753,1.251719422061713e-05
10754,9.187772221265003e-06
10755,9.187772221265003e-06
10756,6.674408288524918e-06
10757,1.940063192841056e-05
10758,1.00595519188609e-05
10759,1.0999490662742042e-05
10760,3.1827371750883954e-05
10761,9.804799282565535e-06
10762,1.1029448466982983e-05
10763,9.399877875532114e-06
10764,1.4132023922455826e-05
10765,1.0804275205124589e-05
10766,9.63849168571555e-06
10767,1.917191738973493e-05
10768,1.694225281903578e-05
10769,1.5241962300059331e-05
10770,1.0452836128321915e-05
10771,1.0719318706660731e-05
10772,9.339471607813863e-06
10773,1.9755177333994433e-05
10774,1.1044881389740348e-05
10775,1.2058786164846864e-05
10776,9.439127771363733e-06
10777,1.003161474217399e-05
10778,1.8374790933689325e-05
10779,1.1322198988665297e-05
10780,2.68306191256206e-05
10781,1.3747585831211858e-05
10782,6.848318894276419e-06
10783,1.9147155032998173e-05
10784,1.808883321160231e-05
10785,1.0365859094959847e-05
10786,9.087188963134636e-06
10787,1.0560123404569157e-05
10788,1.9576949289998084e-05
10789,1.003161474217399e-05
10790,1.597048384866411e-05
10791,2.1893782252275866e-05
10792,1.2108753760453898e-05
10793,9.896272091706858e-06
10794,1.1029448466982983e-05
10795,1.9682900643574082e-05
10796,2.2276071979610174e-05
10797,8.8687787159733e-06
10798,1.0327374865332602e-05
10799,1.045648312641421e-05
10800,6.2180242557229486e-06
10801,1.5254975402569197e-05
10802,8.530722915133776e-06
10803,1.6587571087643073e-05
10804,1.0579067218970241e-05
10805,9.138178963690783e-06
10806,1.0165217108108049e-05
10807,2.2452184382893683e-05
10808,9.087188963134636e-06
10809,1.0923473382729238e-05
10810,9.885989024162485e-06
10811,1.0264489145142471e-05
10812,1.4412617543268523e-05
10813,9.54736063630183e-06
10814,1.0606931434926932e-05
10815,6.848318894276419e-06
10816,9.263821395050691e-06
10817,2.39666379620269e-05
10818,1.1730922678968424e-05
10819,1.0320122706611893e-05
10820,8.864262995694006e-06
10821,1.4832965890585151e-05
10822,1.003161474217399e-05
10823,1.0641409131589505e-05
10824,1.514513917859968e-05
10825,8.503783769685729e-06
10826,1.3074226847997412e-05
10827,9.317540546083008e-06
10828,1.7050971946516893e-05
10829,1.2204527911802652e-05
10830,1.0689881014854909e-05
10831,1.0875680193864348e-05
10832,1.776975381243279e-05
10833,9.463714720507445e-06
10834,1.6057186678578055e-05
10835,1.526744319304213e-05
10836,1.6780160400169423e-05
10837,6.674408288524918e-06
10838,9.866856785287496e-06
10839,3.9395631942732536e-05
10840,9.874301171338706e-06
10841,2.325073392599915e-05
10842,1.0394028520652429e-05
10843,1.16117097546835e-05
10844,1.0323798207862645e-05
10845,9.63908308380622e-06
10846,1.313529346607597e-05
10847,1.0347163086799967e-05
10848,1.050537032126487e-05
10849,1.0327811939182512e-05
10850,1.8282736435854598e-05
10851,9.896272091706858e-06
10852,1.015245543295525e-05
10853,1.9830105180616e-05
10854,1.6062533940830677e-05
10855,1.1028616036275543e-05
10856,1.5681355467539956e-05
10857,1.0332553080377697e-05
10858,9.967603528957248e-06
10859,9.700862731621744e-06
10860,9.63849168571555e-06
10861,1.0248059245605469e-05
10862,1.441254905376742e-05
10863,1.1212693996919311e-05
10864,1.7010451645134698e-05
10865,9.573603815458379e-06
10866,7.67957681734087e-06
10867,1.2039091181769635e-05
10868,1.240405310203985e-05
10869,1.1078478163378258e-05
10870,9.746406357827071e-06
10871,1.280742674021427e-05
10872,1.1971344261213511e-05
10873,1.0304389685578956e-05
10874,1.4639261731368058e-05
10875,1.0433895804699462e-05
10876,9.582707565010591e-06
10877,1.917788874176281e-05
10878,9.244975147240444e-06
10879,9.187772221265003e-06
10880,2.1612474976034075e-05
10881,9.489074365034779e-06
10882,1.0296113256437114e-05
10883,1.313529346607597e-05
10884,9.948291810840633e-06
10885,1.3800617480244108e-05
10886,1.313529346607597e-05
10887,1.0778534129978959e-05
10888,1.1355015410120625e-05
10889,4.0570490420160326e-05
10890,8.500037448077862e-06
10891,2.131895820870108e-05
10892,9.725920108296228e-06
10893,9.725920108296228e-06
10894,9.359950071151196e-06
10895,9.83086475285655e-06
10896,3.7848206952706e-05
10897,9.530479144825802e-06
10898,1.0804275205124589e-05
10899,6.985505623383683e-05
10900,9.434520593808654e-06
10901,1.353974428103868e-05
10902,2.638080023901872e-05
10903,8.966816258866327e-06
10904,1.568862313734734e-05
10905,1.1748139867339356e-05
10906,1.1022989657855392e-05
10907,9.967603528957248e-06
10908,1.1398788038460363e-05
10909,1.0778534129978959e-05
10910,1.0719318706660731e-05
10911,9.875238193826672e-06
10912,9.809582392541579e-06
10913,1.5626569880981603e-05
10914,8.98613338073191e-06
10915,3.676665234065175e-05
10916,2.172239010694334e-05
10917,1.4813910575316146e-05
10918,4.9210260826821295e-06
10919,3.477202639673074e-05
10920,9.850440573120747e-06
10921,7.978894583581997e-06
10922,9.575534257900319e-06
10923,9.63908308380622e-06
10924,1.353974428103868e-05
10925,1.353974428103868e-05
10926,1.353974428103868e-05
10927,1.2669299031653114e-05
10928,1.002322127836139e-05
10929,9.956974897762962e-06
10930,1.353974428103868e-05
10931,1.8889491734236048e-05
10932,1.2032706307433641e-05
10933,8.862252582906677e-06
10934,4.9210260826821295e-06
10935,1.4673854416079493e-05
10936,9.71769253600263e-06
10937,1.4639261731368058e-05
10938,9.725920108296228e-06
10939,1.2058786164846864e-05
10940,1.2474004358217501e-05
10941,1.0394028520652429e-05
10942,8.832117818009644e-06
10943,1.573929260921026e-05
10944,1.0605862121923956e-05
10945,7.285660647727314e-05
10946,1.0406263609766445e-05
10947,1.305159326232427e-05
10948,1.9414201937189397e-05
10949,1.1498732401418236e-05
10950,1.0986418995693328e-05
10951,8.969077104345952e-06
10952,2.6642922384827524e-05
10953,1.0579067218970241e-05
10954,1.1904958243208149e-05
10955,2.8116231368689324e-05
10956,1.2851268277655292e-05
10957,1.353974428103868e-05
10958,9.63908308380622e-06
10959,1.0719318706660731e-05
10960,9.573603815458379e-06
10961,1.0347163086799967e-05
10962,1.1029448466982983e-05
10963,9.986120975271117e-06
10964,9.715239379587256e-06
10965,1.2274441446841848e-05
10966,1.353974428103868e-05
10967,1.0323798207862645e-05
10968,1.3074226847997412e-05
10969,8.500037448077862e-06
10970,1.0896042873277623e-05
10971,1.1004350244038656e-05
10972,1.478422261835868e-05
10973,1.00595519188609e-05
10974,1.1477733912667578e-05
10975,1.0803253796221225e-05
10976,2.231903118519246e-05
10977,9.476399044439624e-06
10978,1.6780160400169423e-05
10979,1.0474522801572617e-05
10980,8.74946123010101e-06
10981,1.6057186678578055e-05
10982,1.2386260181243683e-05
10983,1.9755177333994433e-05
10984,9.63908308380622e-06
10985,1.0983549165868838e-05
10986,1.4011677371871798e-05
10987,1.0923473382729238e-05
10988,1.4497804014879282e-05
10989,1.4848998863258017e-05
10990,8.519751819647818e-06
10991,9.499363410106409e-06
10992,8.839672031365243e-06
10993,1.6928096177320663e-05
10994,8.7208167163075e-06
10995,9.593922196304636e-06
10996,1.353974428103868e-05
10997,5.085489213511907e-06
10998,1.16452300893274e-05
10999,1.3769008267869245e-05
11000,1.0875680193864348e-05
11001,9.728168383333168e-06
11002,1.003161474217399e-05
11003,1.3836739162347253e-05
11004,1.0395100361401984e-05
11005,1.0598164728847593e-05
11006,1.0998759080324583e-05
11007,8.674958738307506e-06
11008,1.0015800834386606e-05
11009,1.3074226847997412e-05
11010,1.681688619356529e-05
11011,1.0270470779057243e-05
11012,1.5911088849560153e-05
11013,2.273396635295141e-05
11014,1.4914662407893656e-05
11015,1.3423930587426152e-05
11016,9.935008023651504e-06
11017,8.791482199158835e-06
11018,1.0641409131589505e-05
11019,1.4372696280026502e-05
11020,9.777263074180927e-06
11021,1.548303302747058e-05
11022,1.0614819942957108e-05
11023,1.0112470398890739e-05
11024,9.149489293946556e-06
11025,1.0896042873277623e-05
11026,2.409818314275047e-05
11027,2.8085325238659267e-05
11028,3.5145747197894726e-05
11029,1.7028034847402294e-05
11030,1.0579067218970241e-05
11031,1.8009823806484777e-05
11032,1.0012821076224137e-05
11033,1.5254975402569197e-05
11034,1.3903861469059105e-05
11035,1.0523567967782293e-05
11036,1.0639045552312857e-05
11037,9.84128048041037e-06
11038,1.050537032126487e-05
11039,1.1048121390319183e-05
11040,1.75063900629227e-05
11041,1.0205828429084309e-05
11042,1.6775302648107138e-05
11043,1.3964455985119303e-05
11044,9.66366577643837e-06
11045,2.580297196826298e-05
11046,9.920286267500786e-06
11047,1.375309324655287e-05
11048,1.4905671931827995e-05
11049,9.63908308380622e-06
11050,9.700862731621744e-06
11051,1.3588001181976249e-05
11052,1.66734996330074e-05
11053,1.1471527127267086e-05
11054,1.0896042873277623e-05
11055,9.893028832896335e-06
11056,2.781279212160781e-05
11057,9.697915604753337e-06
11058,9.850440573120747e-06
11059,9.697915604753337e-06
11060,1.6043758234626943e-05
11061,1.5133740433824312e-05
11062,1.028892948360175e-05
11063,9.38851605547499e-06
11064,1.353974428103868e-05
11065,1.6780160400169423e-05
11066,2.0654512168795214e-05
11067,9.875238193826672e-06
11068,9.244975147240444e-06
11069,9.91480548679001e-06
11070,1.0296113256437114e-05
11071,9.076566886993103e-06
11072,1.3594783491272825e-05
11073,3.4920716032814046e-05
11074,1.0538603789410964e-05
11075,1.2058786164846864e-05
11076,9.274634413796507e-06
11077,1.0689881014854909e-05
11078,1.0327374865332602e-05
11079,1.240405310203985e-05
11080,1.4515358655259838e-05
11081,1.1684573374612599e-05
11082,9.575534257900319e-06
11083,1.0896042873277623e-05
11084,1.2529614893840324e-05
11085,1.2529614893840324e-05
11086,8.966816258866327e-06
11087,1.353974428103868e-05
11088,0.0004220672727988815
11089,9.702967268758743e-06
11090,1.1029448466982983e-05
11091,1.0579067218970241e-05
11092,1.0165217108108049e-05
11093,1.3246244734768097e-05
11094,8.98613338073191e-06
11095,1.0360425969893026e-05
11096,1.144840881813943e-05
11097,9.105964578815469e-06
11098,9.573603815458379e-06
11099,9.076566886993103e-06
11100,1.0327374865332602e-05
11101,9.146542499755883e-06
11102,1.0673198845483249e-05
11103,9.804799282565535e-06
11104,1.0433895804699462e-05
11105,9.967603528957248e-06
11106,1.1426455135438735e-05
11107,1.003161474217399e-05
11108,1.0719318706660731e-05
11109,1.177697881591642e-05
11110,9.149489293946556e-06
11111,2.7277501453896124e-05
11112,1.6685693071755193e-05
11113,1.2386260181243683e-05
11114,9.573603815458379e-06
11115,1.0304389685578956e-05
11116,1.003161474217399e-05
11117,9.187772221265003e-06
11118,1.353974428103868e-05
11119,4.453860984196981e-05
11120,1.177697881591642e-05
11121,1.4462065973820172e-05
11122,1.024622844441018e-05
11123,1.3771968045980782e-05
11124,1.003161474217399e-05
11125,5.469377564011524e-06
11126,1.3124703986751003e-05
11127,1.4933106248847523e-05
11128,9.804799282565535e-06
11129,1.1078478163378258e-05
11130,1.4572996761736113e-05
11131,9.105964578815469e-06
11132,1.1703085965558177e-05
11133,1.9526658788035248e-05
11134,1.0739562233243814e-05
11135,1.353974428103868e-05
11136,1.280742674021427e-05
11137,2.161204637120858e-05
11138,2.6878371174170788e-05
11139,4.069654535060229e-05
11140,2.5627877128102298e-05
11141,1.0719318706660731e-05
11142,2.6313461802411483e-05
11143,1.9116412818795872e-05
11144,1.0598164728847593e-05
11145,8.590149903225016e-06
11146,1.6141811907970187e-05
11147,9.920286267500786e-06
11148,1.0470739855513193e-05
11149,9.63908308380622e-06
11150,9.896272091706858e-06
11151,6.333986590406518e-06
11152,1.3519758028382828e-05
11153,2.0289175709162926e-05
11154,8.23675255475412e-06
11155,2.5181467887578726e-05
11156,1.0377534691953246e-05
11157,1.7377326618231355e-05
11158,1.0688941906292139e-05
11159,1.1029448466982983e-05
11160,1.1261317758557567e-05
11161,1.118470439166166e-05
11162,1.74355617715096e-05
11163,1.0608279290858941e-05
11164,8.801301594525623e-06
11165,1.5908020928792978e-05
11166,1.0055811583422948e-05
11167,1.2903399410220977e-05
11168,1.0639045552312857e-05
11169,9.499363410106409e-06
11170,9.434520593808654e-06
11171,9.861512805350344e-06
11172,1.2903399410220977e-05
11173,5.4608749454719496e-06
11174,9.74454702862083e-06
11175,9.83359020575719e-06
11176,1.0739562233243814e-05
11177,1.6685693071755193e-05
11178,2.9433143194525676e-05
11179,1.6843844356597913e-05
11180,1.144840881813943e-05
11181,1.5161108728028208e-05
11182,9.700862731621744e-06
11183,4.2404161467069515e-05
11184,1.3738732132160611e-05
11185,1.1398788038460363e-05
11186,1.3100551993086592e-05
11187,6.674408288524918e-06
11188,1.003161474217399e-05
11189,1.0605862121923956e-05
11190,9.316842424275981e-06
11191,2.4707966456123212e-05
11192,1.0673198845483249e-05
11193,1.4396114205307553e-05
11194,9.63908308380622e-06
11195,1.6891441861349293e-05
11196,1.2039091181769635e-05
11197,1.0896042873277623e-05
11198,1.0641647050221365e-05
11199,1.0327374865332602e-05
11200,1.0414935439835905e-05
11201,1.174121193020162e-05
11202,1.0719318706660731e-05
11203,2.7202563327282887e-05
11204,1.4884832942543028e-05
11205,1.1355015410120625e-05
11206,1.6087043318641534e-05
11207,1.1104152863120281e-05
11208,9.552202977205576e-06
11209,1.943065745422407e-05
11210,9.053328994739186e-06
11211,5.840910079491162e-05
11212,1.0589162314698211e-05
11213,2.071929763902211e-05
11214,1.1594325978611455e-05
11215,9.91480548679001e-06
11216,2.2431714720134004e-05
11217,9.654870802543586e-06
11218,1.0015019411163172e-05
11219,9.575534257900319e-06
11220,1.8590590613225745e-05
11221,1.0897957873166482e-05
11222,6.674408288524918e-06
11223,9.598517099071531e-06
11224,9.463714720507445e-06
11225,1.1072958869998366e-05
11226,1.4451915174182887e-05
11227,1.028892948360175e-05
11228,9.602138300744518e-06
11229,1.1078478163378258e-05
11230,1.6176711409121363e-05
11231,1.0257921833760655e-05
11232,1.5609393127307135e-05
11233,9.190780516689155e-06
11234,1.405705535578172e-05
11235,1.0226947814012442e-05
11236,1.1078478163378258e-05
11237,1.280742674021427e-05
11238,1.6229875225158525e-05
11239,9.875238193826672e-06
11240,9.700862731621744e-06
11241,1.206237794957882e-05
11242,9.316842424275981e-06
11243,2.7220934605485434e-05
11244,9.655747257728404e-06
11245,9.167046619281176e-06
11246,1.0226947814012442e-05
11247,9.640893560947324e-06
11248,1.1904958243208149e-05
11249,6.674408288524918e-06
11250,1.829905100803669e-05
11251,1.3638731294397522e-05
11252,9.967603528957248e-06
11253,9.59484738868822e-06
11254,1.313529346607597e-05
11255,4.974872382606366e-05
11256,1.1364417115222792e-05
11257,1.353974428103868e-05
11258,1.8989864393129686e-05
11259,9.71769253600263e-06
11260,9.434906633416035e-06
11261,1.0812452155678734e-05
11262,1.0972657349413722e-05
11263,9.175905601757568e-06
11264,1.0579067218970241e-05
11265,1.9464994681824457e-05
11266,2.0481711891572922e-05
11267,8.848748200179625e-06
11268,1.0320122706611893e-05
11269,9.804799282565535e-06
11270,2.3047201573282017e-05
11271,1.5594741359380877e-05
11272,1.028892948360175e-05
11273,1.0571992351797697e-05
11274,1.2161745970869986e-05
11275,4.809015283855946e-06
11276,2.687888188792614e-05
11277,1.5284526215627456e-05
11278,1.0660709689367653e-05
11279,3.076753902407059e-05
11280,1.2058786164846864e-05
11281,1.0523880672159554e-05
11282,1.0395100361401984e-05
11283,1.0452836128321915e-05
11284,9.935008023651504e-06
11285,1.1029448466982983e-05
11286,1.0332553080377697e-05
11287,1.6146392659653e-05
11288,8.74946123010101e-06
11289,9.05804862443082e-06
11290,9.967603528957248e-06
11291,1.0012821076224137e-05
11292,9.730895700643875e-05
11293,1.0053411756575844e-05
11294,1.0264685643842888e-05
11295,9.3206344389504e-06
11296,1.2702955705999417e-05
11297,8.864262995694006e-06
11298,1.0719318706660731e-05
11299,9.439127771363733e-06
11300,9.644271954827743e-06
11301,1.9587923572321215e-05
11302,9.804799282565535e-06
11303,9.74983946570471e-06
11304,1.8374790933689325e-05
11305,1.0433895804699462e-05
11306,1.0896042873277623e-05
11307,4.213749094943543e-05
11308,1.4835619038464057e-05
11309,3.565202995951774e-05
11310,9.74983946570471e-06
11311,1.4679129860474881e-05
11312,1.0325521945413936e-05
11313,1.2058786164846864e-05
11314,9.463714720507445e-06
11315,9.654870802543586e-06
11316,9.956974897762962e-06
11317,1.1004515823678769e-05
11318,1.1078478163378258e-05
11319,9.05804862443082e-06
11320,1.0974013954826098e-05
11321,1.1320356980366022e-05
11322,1.3913469607568114e-05
11323,2.1102031350025625e-05
11324,9.613090796572468e-06
11325,1.0355831943563639e-05
11326,1.0327811939182512e-05
11327,1.0999490662742042e-05
11328,8.539176603549577e-05
11329,1.0523880672159554e-05
11330,9.563183498384039e-06
11331,9.920286267500786e-06
11332,1.213366863644403e-05
11333,9.896272091706858e-06
11334,1.3638731294397522e-05
11335,1.7780835622841154e-05
11336,9.598517099071531e-06
11337,9.667392672126224e-06
11338,7.389879570661871e-06
11339,9.434906633416035e-06
11340,8.57728690881886e-06
11341,8.235115149818874e-06
11342,9.793412700163626e-06
11343,1.0165217108108049e-05
11344,8.423577999744469e-06
11345,1.0325521945413936e-05
11346,9.623776343241303e-06
11347,1.0264489145142471e-05
11348,1.00595519188609e-05
11349,1.0743898418684671e-05
11350,1.62536091225665e-05
11351,1.1118294444784053e-05
11352,5.436617046234866e-05
11353,2.0528226355448346e-05
11354,9.514281501058351e-06
11355,1.0044546564286435e-05
11356,1.003161474217399e-05
11357,9.146542499755883e-06
11358,1.6590412271266976e-05
11359,1.0112470398890739e-05
11360,1.4833806751176909e-05
11361,2.2924163434501256e-05
11362,1.5672091935678686e-05
11363,8.674958738307506e-06
11364,9.948291810840633e-06
11365,1.548774087541252e-05
11366,9.497136086334239e-06
11367,1.1696818140339037e-05
11368,1.781549128738318e-05
11369,1.576635196549781e-05
11370,9.263821395050691e-06
11371,1.432468079326789e-05
11372,1.0190781318694255e-05
11373,1.2523040583816098e-05
11374,1.1594325978611455e-05
11375,8.507706948517618e-06
11376,1.396535951379383e-05
11377,9.809582392541579e-06
11378,1.2737535739736547e-05
11379,1.5336382029129526e-05
11380,9.187772221265003e-06
11381,1.052641146073085e-05
11382,8.444617015338625e-06
11383,1.0719318706660731e-05
11384,9.720723507752985e-06
11385,9.897250846409457e-06
11386,1.2058786164846864e-05
11387,1.0633902373928431e-05
11388,1.2039091181769635e-05
11389,8.75678691026644e-06
11390,1.353974428103868e-05
11391,9.138178963690783e-06
11392,9.876348029005935e-06
11393,1.0377534691953246e-05
11394,2.0944827527066828e-05
11395,1.003161474217399e-05
11396,1.5811944965751456e-05
11397,1.16117097546835e-05
11398,1.1198169485978185e-05
11399,9.087188963134636e-06
11400,1.7396295775933047e-05
11401,1.0304389685578956e-05
11402,1.1019279807699367e-05
11403,9.655747257728404e-06
11404,1.3074226847997412e-05
11405,2.2969806235966755e-05
11406,1.003161474217399e-05
11407,1.0226947814012442e-05
11408,3.020974613321259e-05
11409,8.927377406965493e-06
11410,9.552202977205576e-06
11411,9.681320269540957e-06
11412,9.654870802543586e-06
11413,1.0112470398890739e-05
11414,9.190780516689155e-06
11415,9.711597088106313e-06
11416,1.1477733912667578e-05
11417,1.1477733912667578e-05
11418,1.1477733912667578e-05
11419,1.0304389685578956e-05
11420,1.8269983290691607e-05
11421,1.1477733912667578e-05
11422,9.715239379587256e-06
11423,1.0851799913451715e-05
11424,8.969077104345952e-06
11425,1.6161271105100324e-05
11426,1.513585979439687e-05
11427,1.1477733912667578e-05
11428,1.0433895804699462e-05
11429,2.2452187175432036e-05
11430,8.674958738307506e-06
11431,2.2678878626931965e-05
11432,1.174121193020162e-05
11433,1.7523008760094953e-05
11434,1.2962026921746081e-05
11435,1.195602319665265e-05
11436,9.63908308380622e-06
11437,9.024897217262012e-06
11438,1.3285250176704821e-05
11439,9.700862731621744e-06
11440,2.481567952664353e-05
11441,1.4362661394807078e-05
11442,8.801301594525623e-06
11443,2.041913031104461e-05
11444,9.093273707967679e-06
11445,2.395399310066049e-05
11446,1.0062967791087864e-05
11447,1.460637339071587e-05
11448,1.2851268277655292e-05
11449,9.655747257728404e-06
11450,9.187772221265003e-06
11451,1.4752477632037576e-05
11452,2.020861087153649e-05
11453,1.353974428103868e-05
11454,2.2922023392413662e-05
11455,1.9055893071546294e-05
11456,1.0719318706660731e-05
11457,1.620628379821299e-05
11458,9.549114309328014e-06
11459,1.7886477470448776e-05
11460,1.1035097958594619e-05
11461,9.850440573120747e-06
11462,8.74946123010101e-06
11463,1.353974428103868e-05
11464,9.317540546083008e-06
11465,9.582707565010591e-06
11466,1.0503398104220844e-05
11467,9.428316725526897e-06
11468,9.365870353764055e-06
11469,2.44121678051435e-05
11470,9.59484738868822e-06
11471,9.434838296707893e-06
11472,6.848318894276419e-06
11473,9.918429334680704e-05
11474,9.552202977205576e-06
11475,1.0452836128321915e-05
11476,1.4197025688803654e-05
11477,1.4639261731368058e-05
11478,9.754070560661059e-06
11479,1.050537032126487e-05
11480,8.844399873021856e-06
11481,1.0000952380046262e-05
11482,1.3004638271954105e-05
11483,1.0359530810042483e-05
11484,8.801301594525623e-06
11485,9.948291810840633e-06
11486,9.63849168571555e-06
11487,9.864537772104035e-06
11488,9.510111211076036e-06
11489,1.973339338663111e-05
11490,1.0438800493865949e-05
11491,7.03903547157095e-06
11492,1.1029448466982983e-05
11493,9.690616076324506e-06
11494,9.602138300744518e-06
11495,9.861512805350344e-06
11496,8.97547957802772e-06
11497,1.0804275205124589e-05
11498,7.159558471406331e-06
11499,9.434520593808654e-06
11500,9.10260502471896e-06
11501,2.5110050877834445e-05
11502,7.935958174012888e-06
11503,9.562433975323611e-06
11504,1.5667030112106033e-05
11505,9.007728934627767e-06
11506,9.007728934627767e-06
11507,1.4412617543268523e-05
11508,9.007728934627767e-06
11509,1.4463429202776053e-05
11510,1.7234129076119633e-05
11511,9.007728934627767e-06
11512,9.746406357827071e-06
11513,1.024622844441018e-05
11514,1.405705535578172e-05
11515,1.1861338859021963e-05
11516,9.655747257728404e-06
11517,1.2314002950744122e-05
11518,1.6680934887212546e-05
11519,1.6780160400169423e-05
11520,8.674958738307506e-06
11521,9.690616076324506e-06
11522,9.655747257728404e-06
11523,9.360000703992135e-06
11524,9.076566886993103e-06
11525,4.1872024743668846e-05
11526,1.0377534691953246e-05
11527,8.874399124719438e-06
11528,3.0429524695549547e-05
11529,1.57850781652633e-05
11530,2.3773304512059927e-05
11531,9.597929014891506e-06
11532,6.674408288524918e-06
11533,9.715239379587256e-06
11534,1.0912632421942477e-05
11535,1.1118294444784053e-05
11536,1.6877745598302318e-05
11537,1.6029930775148584e-05
11538,2.8380591134359974e-05
11539,2.0986306818623217e-05
11540,4.878460337353998e-05
11541,1.1320356980366022e-05
11542,6.674408288524918e-06
11543,1.061481761300295e-05
11544,8.801301594525623e-06
11545,1.855620098945586e-05
11546,1.0365859094959847e-05
11547,1.0377534691953246e-05
11548,1.723461741053332e-05
11549,9.920286267500786e-06
11550,1.0743898418684671e-05
11551,1.5284526215627456e-05
11552,1.2284812629115731e-05
11553,1.0492577191442162e-05
11554,1.0727799886620179e-05
11555,9.804799282565535e-06
11556,8.530722915133776e-06
11557,1.492503784800991e-05
11558,1.16117097546835e-05
11559,9.136632654823229e-06
11560,1.0365859094959847e-05
11561,9.986120975271117e-06
11562,1.2204527911802652e-05
11563,1.4689732959475856e-05
11564,1.0452836128321915e-05
11565,1.1029448466982983e-05
11566,1.1212693996919311e-05
11567,1.9755177333994433e-05
11568,1.5834442245335436e-05
11569,1.0296113256437114e-05
11570,9.316842424275981e-06
11571,1.1029448466982983e-05
11572,2.2452187175432036e-05
11573,1.0360425969893026e-05
11574,3.053355698149499e-05
11575,1.0394028520652429e-05
11576,9.530479144825802e-06
11577,1.3261524197022263e-05
11578,9.920286267500786e-06
11579,9.187772221265003e-06
11580,1.0296113256437114e-05
11581,9.864537772104035e-06
11582,9.685841526932834e-06
11583,1.028892948360175e-05
11584,9.552202977205576e-06
11585,9.3206344389504e-06
11586,1.5254975402569197e-05
11587,1.0719318706660731e-05
11588,8.00442349643869e-06
11589,9.885989024162485e-06
11590,1.353974428103868e-05
11591,1.174121193020162e-05
11592,1.96888877123457e-05
11593,1.0923473382729238e-05
11594,1.1538865961995837e-05
11595,1.16117097546835e-05
11596,1.0923473382729238e-05
11597,1.0093258079298354e-05
11598,9.700862731621744e-06
11599,1.1044881389740348e-05
11600,1.0923473382729238e-05
11601,1.5053137921277866e-05
11602,1.5053137921277866e-05
11603,1.0093258079298354e-05
11604,1.5201243926318457e-05
11605,1.4211461636722e-05
11606,1.9869222455762167e-05
11607,1.7522242798858532e-05
11608,1.075355678101189e-05
11609,9.05804862443082e-06
11610,1.353974428103868e-05
11611,1.353974428103868e-05
11612,1.052641146073085e-05
11613,1.353974428103868e-05
11614,3.784034485070769e-05
11615,6.848318894276419e-06
11616,1.7944057742060736e-05
11617,5.7891211931509865e-06
11618,1.353974428103868e-05
11619,8.316408602707099e-06
11620,1.240405310203985e-05
11621,1.5254975402569197e-05
11622,8.999522573062998e-06
11623,9.394769817727571e-06
11624,9.63849168571555e-06
11625,1.353974428103868e-05
11626,1.1498732401418236e-05
11627,1.028892948360175e-05
11628,1.0248059245605469e-05
11629,1.0637314892586927e-05
11630,1.353974428103868e-05
11631,1.448668649446972e-05
11632,9.007728934627767e-06
11633,1.405705535578172e-05
11634,9.007728934627767e-06
11635,1.405705535578172e-05
11636,9.007728934627767e-06
11637,1.8777439722335106e-05
11638,2.5799131422410706e-05
11639,9.007728934627767e-06
11640,9.007728934627767e-06
11641,1.405705535578172e-05
11642,2.4431388867139085e-05
11643,5.766181578213848e-05
11644,1.118470439166166e-05
11645,1.0804275205124589e-05
11646,8.444617015338625e-06
11647,9.644271954827743e-06
11648,1.0637314892586927e-05
11649,1.1364417115222792e-05
11650,8.444617015338625e-06
11651,9.493588591525832e-06
11652,1.7714625673174786e-05
11653,1.5615615699392676e-05
11654,1.3782967117571256e-05
11655,1.1212693996919311e-05
11656,9.979290158014458e-06
11657,9.979290158014458e-06
11658,1.5280330336241877e-05
11659,9.504497492612455e-06
11660,2.1179524821347353e-05
11661,9.84128048041037e-06
11662,9.979290158014458e-06
11663,1.0304389685578956e-05
11664,9.339471607813863e-06
11665,3.3353079806858364e-05
11666,2.616105635523914e-05
11667,9.561041139947305e-06
11668,1.16117097546835e-05
11669,1.396535951379383e-05
11670,1.9275724773366937e-05
11671,9.339471607813863e-06
11672,5.166991977591896e-05
11673,9.093273707967679e-06
11674,6.674408288524918e-06
11675,8.839672031365243e-06
11676,1.4276221890895706e-05
11677,9.602138300744518e-06
11678,9.339471607813863e-06
11679,9.339471607813863e-06
11680,8.444617015338625e-06
11681,1.8119957498703413e-05
11682,1.3124703986751003e-05
11683,1.353974428103868e-05
11684,1.8240154661518274e-05
11685,1.459153807981267e-05
11686,1.1261317758557567e-05
11687,1.7402149007026333e-05
11688,1.3074226847997412e-05
11689,1.0503398104220844e-05
11690,3.149219032229118e-05
11691,1.3261524197022263e-05
11692,1.718366150649879e-05
11693,8.980088304004427e-06
11694,9.582707565010591e-06
11695,1.0719318706660731e-05
11696,2.8061575070996615e-05
11697,1.0896042873277623e-05
11698,9.339471607813863e-06
11699,1.4047165103519462e-05
11700,9.339471607813863e-06
11701,9.339471607813863e-06
11702,9.339471607813863e-06
11703,1.484692022844812e-05
11704,1.8757497912034513e-05
11705,9.339471607813863e-06
11706,9.339471607813863e-06
11707,9.339471607813863e-06
11708,8.251292371225482e-06
11709,1.6454485773233367e-05
11710,1.9797566451812692e-05
11711,1.0452836128321915e-05
11712,9.434520593808654e-06
11713,1.0044546564286435e-05
11714,9.582707565010591e-06
11715,1.0719318706660731e-05
11716,9.655747257728404e-06
11717,1.4953774205075209e-05
11718,1.697895156706609e-05
11719,9.514281501058351e-06
11720,1.0896042873277623e-05
11721,9.514281501058351e-06
11722,9.655747257728404e-06
11723,1.7543865511566288e-05
11724,9.654870802543586e-06
11725,9.864537772104035e-06
11726,1.0896042873277623e-05
11727,1.0719318706660731e-05
11728,1.0896042873277623e-05
11729,1.1029448466982983e-05
11730,9.667713638989134e-06
11731,5.144113856436552e-05
11732,1.1398788038460363e-05
11733,1.1072958869998366e-05
11734,2.271786784982051e-05
11735,1.0896042873277623e-05
11736,1.353974428103868e-05
11737,2.721782275046895e-05
11738,1.139810098846653e-05
11739,1.3492288269256643e-05
11740,1.0896042873277623e-05
11741,9.855818921322782e-06
11742,1.4197025688803654e-05
11743,2.417488622997557e-05
11744,1.0896042873277623e-05
11745,9.655747257728404e-06
11746,8.839672031365243e-06
11747,9.270778132472718e-06
11748,2.836606853861791e-05
11749,9.74983946570471e-06
11750,9.138178963690783e-06
11751,9.575534257900319e-06
11752,1.0896042873277623e-05
11753,1.0012094557710008e-05
11754,1.1968480268428472e-05
11755,9.804799282565535e-06
11756,1.3091972186581859e-05
11757,1.0896042873277623e-05
11758,1.353974428103868e-05
11759,1.0394028520652429e-05
11760,9.804799282565535e-06
11761,9.804799282565535e-06
11762,8.918825550472759e-06
11763,1.7686027028808916e-05
11764,1.0637314892586927e-05
11765,5.54262894755844e-05
11766,9.187772221265003e-06
11767,7.03903547157095e-06
11768,2.7932160528584623e-05
11769,1.0026953255348406e-05
11770,9.093273707967679e-06
11771,1.1212693996919311e-05
11772,1.353974428103868e-05
11773,1.1021942368660868e-05
11774,1.1364417115222792e-05
11775,1.3100551993086592e-05
11776,1.750056953574144e-05
11777,1.045648312641421e-05
11778,9.163730894583565e-06
11779,9.855818921322782e-06
11780,9.593922196304636e-06
11781,1.1104152863120281e-05
11782,1.1703085965558177e-05
11783,9.74983946570471e-06
11784,1.877073851666291e-05
11785,9.339471607813863e-06
11786,9.339471607813863e-06
11787,9.190780516689155e-06
11788,1.0896042873277623e-05
11789,1.0673198845483249e-05
11790,1.0896042873277623e-05
11791,1.4124432860886148e-05
11792,1.5691798801311338e-05
11793,1.5625772423762285e-05
11794,1.024622844441018e-05
11795,1.4884832942543028e-05
11796,1.024622844441018e-05
11797,1.036236578670301e-05
11798,4.809015283855946e-06
11799,1.0523567967782293e-05
11800,1.5328663657412326e-05
11801,8.801301594525623e-06
11802,1.0719318706660731e-05
11803,1.024622844441018e-05
11804,1.024622844441018e-05
11805,1.6102366101768837e-05
11806,9.187772221265003e-06
11807,0.0003815789671336403
11808,1.5805030369046533e-05
11809,9.243134293251872e-06
11810,1.986629436327826e-05
11811,9.243134293251872e-06
11812,1.0729831536478351e-05
11813,9.920286267500786e-06
11814,1.0673198845483249e-05
11815,9.05804862443082e-06
11816,1.993855767100897e-05
11817,1.4637748528466378e-05
11818,1.174121193020162e-05
11819,1.174121193020162e-05
11820,1.174121193020162e-05
11821,3.898906437861171e-05
11822,9.575534257900319e-06
11823,1.353974428103868e-05
11824,1.353974428103868e-05
11825,6.674408288524918e-06
11826,9.493588591525832e-06
11827,1.0694020611063315e-05
11828,9.339471607813863e-06
11829,9.138178963690783e-06
11830,8.927377406965493e-06
11831,1.1029448466982983e-05
11832,3.191022875211504e-05
11833,1.052641146073085e-05
11834,1.4356753940042609e-05
11835,1.5254975402569197e-05
11836,1.1264946510566966e-05
11837,9.715239379587256e-06
11838,1.2320442818436823e-05
11839,9.967603528957248e-06
11840,1.682878272521401e-05
11841,1.0660709689367653e-05
11842,1.4412617543268523e-05
11843,8.444617015338625e-06
11844,1.3552354037086768e-05
11845,9.138178963690783e-06
11846,9.685841526932834e-06
11847,1.2851268277655292e-05
11848,1.240405310203985e-05
11849,9.138178963690783e-06
11850,9.317540546083008e-06
11851,8.235115149818874e-06
11852,1.0165217108108049e-05
11853,1.5825987940489648e-05
11854,9.138178963690783e-06
11855,1.353974428103868e-05
11856,1.2541712951143893e-05
11857,1.028892948360175e-05
11858,1.246725840014532e-05
11859,1.0224516168828932e-05
11860,1.202373727588023e-05
11861,1.2320442818436823e-05
11862,1.2032706307433641e-05
11863,8.81268002018718e-06
11864,8.38647689683554e-06
11865,1.353974428103868e-05
11866,1.00595519188609e-05
11867,1.1048121390319183e-05
11868,1.353974428103868e-05
11869,1.1320356980366022e-05
11870,1.2133853161233068e-05
11871,9.602138300744518e-06
11872,9.597929014891506e-06
11873,1.1212693996919311e-05
11874,1.0633902373928431e-05
11875,1.0896042873277623e-05
11876,1.509699440500871e-05
11877,1.0207916664227508e-05
11878,1.5827305085291522e-05
11879,1.4689732959475856e-05
11880,1.1364417115222792e-05
11881,9.602138300744518e-06
11882,8.701594436996798e-06
11883,1.0296113256437114e-05
11884,1.0645395354398507e-05
11885,9.655747257728404e-06
11886,1.1029448466982983e-05
11887,9.864537772104035e-06
11888,9.882082474788552e-06
11889,1.003161474217399e-05
11890,8.674958738307506e-06
11891,1.0394028520652429e-05
11892,1.0896042873277623e-05
11893,1.2386260181243683e-05
11894,1.3872274118084702e-05
11895,2.1675126426975993e-05
11896,2.835373883305033e-05
11897,9.690616076324506e-06
11898,1.62412747195834e-05
11899,9.339471607813863e-06
11900,6.674408288524918e-06
11901,9.809582392541579e-06
11902,2.038808096545969e-05
11903,1.3638731294397522e-05
11904,7.343382300643961e-06
11905,9.167046619281176e-06
11906,9.655747257728404e-06
11907,1.1861338859021963e-05
11908,9.746406357827071e-06
11909,1.218607892267229e-05
11910,3.656893561117382e-05
11911,1.0161542246783875e-05
11912,1.5623832611811053e-05
11913,7.900968631603151e-06
11914,1.3440939601521053e-05
11915,1.4400709108074449e-05
11916,9.317540546083008e-06
11917,2.1174760377799707e-05
11918,1.9914149272359897e-05
11919,8.874399124719438e-06
11920,1.3430583080832324e-05
11921,9.865371888160221e-06
11922,9.463714720507445e-06
11923,8.839672031365243e-06
11924,4.8712817787507075e-06
11925,1.5370018820103706e-05
11926,8.807659066140166e-06
11927,1.353974428103868e-05
11928,8.839672031365243e-06
11929,1.0923473382729238e-05
11930,9.720723507752985e-06
11931,1.0165217108108049e-05
11932,2.0027202002285277e-05
11933,1.353974428103868e-05
11934,1.0165217108108049e-05
11935,5.836387102935351e-05
11936,1.2376025650822715e-05
11937,1.0241717869620738e-05
11938,1.0608279290858941e-05
11939,1.3638731294397522e-05
11940,9.63908308380622e-06
11941,1.01587953328069e-05
11942,9.434906633416035e-06
11943,1.0012821076224137e-05
11944,8.530722915133776e-06
11945,9.255411106325404e-06
11946,9.715239379587256e-06
11947,9.434520593808654e-06
11948,9.575534257900319e-06
11949,9.422703642885622e-06
11950,8.767473216099917e-06
11951,9.655747257728404e-06
11952,9.885989024162485e-06
11953,2.4060605456914768e-05
11954,1.0165217108108049e-05
11955,8.813491425659442e-06
11956,2.192157465224174e-05
11957,1.0165217108108049e-05
11958,4.6147186076882436e-05
11959,1.353974428103868e-05
11960,1.5139914702673212e-05
11961,1.00595519188609e-05
11962,1.353974428103868e-05
11963,1.353974428103868e-05
11964,1.024622844441018e-05
11965,1.353974428103868e-05
11966,1.0719318706660731e-05
11967,1.0816858899900522e-05
11968,9.897250846409457e-06
11969,1.1118294444784053e-05
11970,2.186226767644889e-05
11971,1.0160998317039673e-05
11972,8.98613338073191e-06
11973,8.00442349643869e-06
11974,9.715239379587256e-06
11975,8.674958738307506e-06
11976,1.9448175662806815e-05
11977,1.3913469607568114e-05
11978,1.3913469607568114e-05
11979,5.503763776205309e-06
11980,1.1028616036275543e-05
11981,8.423577999744469e-06
11982,1.3129050557410667e-05
11983,1.5254975402569197e-05
11984,1.00595519188609e-05
11985,9.22237046987849e-06
11986,9.149489293946556e-06
11987,5.571729923858704e-05
11988,1.1453354286263499e-05
11989,1.525622063402288e-05
11990,1.1212693996919311e-05
11991,2.9771425877939305e-05
11992,1.0804275205124589e-05
11993,8.503783769685729e-06
11994,1.1453354286263499e-05
11995,1.0327374865332602e-05
11996,1.4188416464837165e-05
11997,8.38647689683554e-06
11998,1.4833806751176909e-05
11999,1.1453354286263499e-05
12000,1.1021328780794582e-05
12001,1.1453354286263499e-05
12002,1.504573803720261e-05
12003,6.848318894276419e-06
12004,1.1453354286263499e-05
12005,1.1909870126827609e-05
12006,3.8625918813079186e-05
12007,1.5931820655393905e-05
12008,9.979290158014458e-06
12009,9.53237362447028e-06
12010,1.2081414990435186e-05
12011,1.0190781318694255e-05
12012,1.0347163086799967e-05
12013,1.0804275205124589e-05
12014,1.1453354286263499e-05
12015,8.848748200179625e-06
12016,8.98613338073191e-06
12017,9.190780516689155e-06
12018,6.685595577904437e-05
12019,9.434906633416035e-06
12020,2.0439716359989037e-05
12021,8.791482199158835e-06
12022,1.0304389685578956e-05
12023,8.98613338073191e-06
12024,1.3074226847997412e-05
12025,1.8376989772189862e-05
12026,1.1453354286263499e-05
12027,1.35979808343122e-05
12028,1.1453354286263499e-05
12029,9.655747257728404e-06
12030,1.6009329742998042e-05
12031,1.463212494363564e-05
12032,1.0633902373928431e-05
12033,1.1453354286263499e-05
12034,1.1453354286263499e-05
12035,1.1453354286263499e-05
12036,9.49486225349075e-06
12037,9.986120975271117e-06
12038,1.2113469516883801e-05
12039,1.1044881389740348e-05
12040,1.2912512215563351e-05
12041,8.590149903225016e-06
12042,1.5751890996821485e-05
12043,2.291978860604489e-05
12044,1.004334818679909e-05
12045,8.503783769685729e-06
12046,1.1044881389740348e-05
12047,1.240405310203985e-05
12048,1.306090341086193e-05
12049,8.97547957802772e-06
12050,1.206237794957882e-05
12051,1.4455069514484927e-05
12052,1.0503398104220844e-05
12053,1.3091972186581859e-05
12054,9.49486225349075e-06
12055,1.5124310160576855e-05
12056,1.246725840014532e-05
12057,2.3319515086285027e-05
12058,9.804799282565535e-06
12059,9.317540546083008e-06
12060,2.4388226387032633e-05
12061,1.206237794957882e-05
12062,2.3321208048550493e-05
12063,2.2098135460068805e-05
12064,9.690616076324506e-06
12065,1.246725840014532e-05
12066,1.8377791444320352e-05
12067,1.246725840014532e-05
12068,1.246725840014532e-05
12069,1.246725840014532e-05
12070,1.220843662329044e-05
12071,1.444733612443753e-05
12072,1.246725840014532e-05
12073,1.246725840014532e-05
12074,1.246725840014532e-05
12075,9.885989024162485e-06
12076,1.1078478163378258e-05
12077,1.0523880672159554e-05
12078,1.246725840014532e-05
12079,1.246725840014532e-05
12080,1.050537032126487e-05
12081,2.3319515086285027e-05
12082,2.8466308498493225e-05
12083,1.796376066267179e-05
12084,9.582707565010591e-06
12085,9.428316725526897e-06
12086,1.206237794957882e-05
12087,1.1029448466982983e-05
12088,1.2903399410220977e-05
12089,1.206237794957882e-05
12090,1.1052403610642951e-05
12091,9.63908308380622e-06
12092,1.0729831536478351e-05
12093,2.3975808636918842e-05
12094,1.618486947963062e-05
12095,9.74454702862083e-06
12096,3.4364852977112016e-05
12097,1.206237794957882e-05
12098,1.0348370002420954e-05
12099,1.7862898486891034e-05
12100,1.8123337385119526e-05
12101,1.3091972186581859e-05
12102,1.0093258079298354e-05
12103,1.35979808343122e-05
12104,1.405705535578172e-05
12105,1.4083435021252674e-05
12106,1.028892948360175e-05
12107,8.674958738307506e-06
12108,1.6319384520959782e-05
12109,2.1587243861338138e-05
12110,1.4750582913886125e-05
12111,9.434906633416035e-06
12112,1.0296113256437114e-05
12113,9.136632654823229e-06
12114,1.206237794957882e-05
12115,1.139810098846653e-05
12116,9.499363410106409e-06
12117,1.5284526215627456e-05
12118,5.432002254677977e-06
12119,1.280742674021427e-05
12120,1.052641146073085e-05
12121,1.1274961456994746e-05
12122,1.0369786528028124e-05
12123,2.2130154040606368e-05
12124,8.674958738307506e-06
12125,2.6285930248702816e-05
12126,1.0103479922825078e-05
12127,8.423577999744469e-06
12128,1.0264489145142471e-05
12129,8.264536680063052e-06
12130,1.0360425969893026e-05
12131,1.2177978061601593e-05
12132,1.3261524197022263e-05
12133,1.1453354286263499e-05
12134,1.5237836898401792e-05
12135,1.3124703986751003e-05
12136,9.271261400480925e-06
12137,2.1950186399807195e-05
12138,9.655747257728404e-06
12139,1.2058786164846864e-05
12140,1.177697881591642e-05
12141,1.509179815972252e-05
12142,1.0394028520652429e-05
12143,1.0365859094959847e-05
12144,1.1004350244038656e-05
12145,1.305159326232427e-05
12146,1.0394028520652429e-05
12147,9.956974897762962e-06
12148,9.655747257728404e-06
12149,1.1021942368660868e-05
12150,9.866856785287496e-06
12151,1.3124703986751003e-05
12152,8.98613338073191e-06
12153,9.681320269540957e-06
12154,1.0323798207862645e-05
12155,1.1052403610642951e-05
12156,1.1453354286263499e-05
12157,1.2523040583816098e-05
12158,1.1044881389740348e-05
12159,1.1261317758557567e-05
12160,1.4719576700425308e-05
12161,9.476399044439624e-06
12162,8.674958738307506e-06
12163,2.900006426147883e-05
12164,9.514281501058351e-06
12165,2.810652731296499e-05
12166,1.177697881591642e-05
12167,9.136632654823229e-06
12168,1.1904958243208149e-05
12169,1.177697881591642e-05
12170,9.692531080188252e-06
12171,1.177697881591642e-05
12172,9.434906633416035e-06
12173,1.177697881591642e-05
12174,9.864537772104035e-06
12175,2.2773207129656634e-05
12176,1.177697881591642e-05
12177,1.0320122706611893e-05
12178,1.177697881591642e-05
12179,1.4439697178439405e-05
12180,1.0438800493865949e-05
12181,9.655747257728404e-06
12182,1.5005427333806155e-05
12183,1.1044881389740348e-05
12184,9.967603528957248e-06
12185,9.59484738868822e-06
12186,2.6775645333278298e-05
12187,1.028892948360175e-05
12188,1.0637314892586927e-05
12189,9.339471607813863e-06
12190,9.864537772104035e-06
12191,9.61567250659419e-06
12192,1.0637314892586927e-05
12193,1.0875680193864348e-05
12194,1.2184503234008396e-05
12195,9.777263074180927e-06
12196,1.2288780948123302e-05
12197,1.4670906217826478e-05
12198,1.7513052438882412e-05
12199,1.0637314892586927e-05
12200,2.5716623758044262e-05
12201,1.6656010685769294e-05
12202,1.3124703986751003e-05
12203,9.850440573120747e-06
12204,1.6232225311343126e-05
12205,9.850440573120747e-06
12206,1.061481761300295e-05
12207,8.381642699285752e-06
12208,8.848748200179625e-06
12209,7.900968631603151e-06
12210,1.0360425969893026e-05
12211,1.6030362113629857e-05
12212,1.050537032126487e-05
12213,1.0360425969893026e-05
12214,6.697958124039644e-06
12215,8.444617015338625e-06
12216,1.0360425969893026e-05
12217,9.552202977205576e-06
12218,1.003161474217399e-05
12219,1.0360425969893026e-05
12220,8.801301594525623e-06
12221,1.0296113256437114e-05
12222,9.725920108296228e-06
12223,1.0360425969893026e-05
12224,1.0605862121923956e-05
12225,1.3074226847997412e-05
12226,1.3129050557410667e-05
12227,1.0637314892586927e-05
12228,9.777263074180927e-06
12229,1.329317832030149e-05
12230,1.2002464372649052e-05
12231,1.900325731454859e-05
12232,1.0606931434926932e-05
12233,1.052641146073085e-05
12234,1.3091972186581859e-05
12235,1.9261997727539168e-05
12236,1.9261997727539168e-05
12237,9.855818921322782e-06
12238,9.967603528957248e-06
12239,1.0632560201404219e-05
12240,3.35798172392024e-05
12241,1.0523880672159554e-05
12242,1.061481761300295e-05
12243,9.105964578815469e-06
12244,1.16117097546835e-05
12245,1.611800311215481e-05
12246,1.0523567967782293e-05
12247,8.716259692959632e-06
12248,1.0015800834386606e-05
12249,1.0719318706660731e-05
12250,1.0637314892586927e-05
12251,1.0325521945413936e-05
12252,1.0135758113313978e-05
12253,9.007728934627767e-06
12254,1.2039091181769635e-05
12255,9.63908308380622e-06
12256,9.91480548679001e-06
12257,1.3100551993086592e-05
12258,9.476399044439624e-06
12259,1.061481761300295e-05
12260,9.274351034608919e-06
12261,1.1364417115222792e-05
12262,1.0588724794969408e-05
12263,9.855818921322782e-06
12264,1.0147900018722789e-05
12265,9.63849168571555e-06
12266,9.434906633416035e-06
12267,1.0632560201404219e-05
12268,1.849458713795753e-05
12269,9.434906633416035e-06
12270,1.1019279807699367e-05
12271,9.271261400480925e-06
12272,1.5090860906837368e-05
12273,1.0896042873277623e-05
12274,1.3172729883029106e-05
12275,1.4341955903296053e-05
12276,2.7649991753459964e-05
12277,1.3100551993086592e-05
12278,1.0323798207862645e-05
12279,9.920286267500786e-06
12280,1.0320122706611893e-05
12281,9.855818921322782e-06
12282,1.2851268277655292e-05
12283,9.857833848985988e-06
12284,1.0689881014854909e-05
12285,1.0660709689367653e-05
12286,1.177697881591642e-05
12287,1.5963996439239073e-05
12288,1.177697881591642e-05
12289,9.920286267500786e-06
12290,1.177697881591642e-05
12291,1.177697881591642e-05
12292,1.177697881591642e-05
12293,9.920286267500786e-06
12294,1.177697881591642e-05
12295,1.177697881591642e-05
12296,1.177697881591642e-05
12297,9.339471607813863e-06
12298,1.1861338859021963e-05
12299,9.929732042831334e-06
12300,9.725920108296228e-06
12301,1.0435496698017417e-05
12302,1.4763733104748508e-05
12303,1.0320122706611893e-05
12304,9.577104748675804e-06
12305,9.956974897762962e-06
12306,2.528711831258293e-05
12307,1.009278174243314e-05
12308,9.575534257900319e-06
12309,1.2032706307433641e-05
12310,1.2523040583816098e-05
12311,1.539624235479417e-05
12312,1.389877659268725e-05
12313,1.4759884208780662e-05
12314,1.1029448466982983e-05
12315,1.052641146073085e-05
12316,9.46984213922782e-06
12317,9.948291810840633e-06
12318,9.05804862443082e-06
12319,1.2032706307433641e-05
12320,1.5905273445863017e-05
12321,1.009278174243314e-05
12322,9.434906633416035e-06
12323,9.434906633416035e-06
12324,1.0226947814012442e-05
12325,1.2032706307433641e-05
12326,9.623776343241303e-06
12327,9.896272091706858e-06
12328,1.0000952380046262e-05
12329,1.2032706307433641e-05
12330,1.0896042873277623e-05
12331,1.0325521945413936e-05
12332,9.271261400480925e-06
12333,1.0365859094959847e-05
12334,1.0563899047708251e-05
12335,9.920286267500786e-06
12336,1.1118294444784053e-05
12337,1.0320122706611893e-05
12338,1.1261317758557567e-05
12339,8.767473216099917e-06
12340,9.920286267500786e-06
12341,8.966816258866327e-06
12342,9.967603528957248e-06
12343,9.728168383333168e-06
12344,1.0190781318694255e-05
12345,1.0103479922825078e-05
12346,1.5626569880981603e-05
12347,1.871002596653732e-05
12348,1.0129614530115665e-05
12349,1.0606931434926932e-05
12350,1.177697881591642e-05
12351,1.01587953328069e-05
12352,1.6474588953099355e-05
12353,9.655747257728404e-06
12354,1.1538865961995837e-05
12355,1.0053411756575844e-05
12356,8.785848222579045e-06
12357,3.15681017516505e-05
12358,1.5725028040993694e-05
12359,9.715239379587256e-06
12360,9.63849168571555e-06
12361,9.46984213922782e-06
12362,8.98613338073191e-06
12363,2.2435697571461696e-05
12364,1.0304389685578956e-05
12365,9.929732042831334e-06
12366,1.6428366484379244e-05
12367,1.0503398104220844e-05
12368,9.076566886993103e-06
12369,9.63849168571555e-06
12370,9.136632654823229e-06
12371,1.0264489145142471e-05
12372,1.061481761300295e-05
12373,1.3074226847997412e-05
12374,1.4884832942543028e-05
12375,1.1029448466982983e-05
12376,9.725920108296228e-06
12377,3.323570036151614e-05
12378,1.1904958243208149e-05
12379,1.3074226847997412e-05
12380,1.050537032126487e-05
12381,1.0637314892586927e-05
12382,1.061481761300295e-05
12383,1.685698477368991e-05
12384,1.538054780871723e-05
12385,1.3386212064743573e-05
12386,1.9755177333994433e-05
12387,1.694928602734309e-05
12388,1.3902535559586421e-05
12389,1.305159326232427e-05
12390,8.801301594525623e-06
12391,8.801301594525623e-06
12392,9.024897217262012e-06
12393,9.22237046987849e-06
12394,1.0044546564286435e-05
12395,1.0912632421942477e-05
12396,4.9210260826821295e-06
12397,5.493824139039595e-05
12398,1.786003191634985e-05
12399,8.674958738307506e-06
12400,1.1118294444784053e-05
12401,9.61567250659419e-06
12402,2.5775661240829256e-05
12403,1.0226947814012442e-05
12404,9.725920108296228e-06
12405,9.582707565010591e-06
12406,1.1453354286263499e-05
12407,9.463714720507445e-06
12408,1.0637314892586927e-05
12409,1.1048121390319183e-05
12410,1.003161474217399e-05
12411,1.6161271105100324e-05
12412,9.504497492612455e-06
12413,1.3920218874875996e-05
12414,9.504497492612455e-06
12415,1.0719318706660731e-05
12416,1.0190310948017527e-05
12417,2.0205439078256115e-05
12418,1.868412795656047e-05
12419,1.1669720289008406e-05
12420,1.246725840014532e-05
12421,1.024622844441018e-05
12422,1.1730922678968424e-05
12423,1.3074226847997412e-05
12424,1.040634852296654e-05
12425,1.1029448466982983e-05
12426,1.986629436327826e-05
12427,9.63908308380622e-06
12428,9.239550899912532e-06
12429,1.993090227030562e-05
12430,9.63908308380622e-06
12431,9.63908308380622e-06
12432,9.63908308380622e-06
12433,1.7603386770182925e-05
12434,1.3900389310176486e-05
12435,1.1029448466982983e-05
12436,1.3261524197022263e-05
12437,1.0360425969893026e-05
12438,1.8371127382220045e-05
12439,6.674408288524918e-06
12440,1.5805030369046533e-05
12441,8.674958738307506e-06
12442,3.158330493063165e-05
12443,1.0304389685578956e-05
12444,3.156902114041274e-05
12445,1.174121193020162e-05
12446,1.6780160400169423e-05
12447,1.0304389685578956e-05
12448,1.0560123404569157e-05
12449,8.316408602707099e-06
12450,9.655747257728404e-06
12451,1.0000952380046262e-05
12452,9.63849168571555e-06
12453,9.864537772104035e-06
12454,9.84128048041037e-06
12455,1.5963931747048463e-05
12456,1.1398788038460363e-05
12457,1.5802843546153405e-05
12458,9.777263074180927e-06
12459,1.0395100361401984e-05
12460,1.0637314892586927e-05
12461,7.150982094612408e-05
12462,1.3327430983611548e-05
12463,1.2058786164846864e-05
12464,1.0896042873277623e-05
12465,1.5177920794410894e-05
12466,9.575534257900319e-06
12467,1.024622844441018e-05
12468,1.3074226847997412e-05
12469,9.504497492612455e-06
12470,9.63908308380622e-06
12471,2.180088504522142e-05
12472,8.674958738307506e-06
12473,9.575534257900319e-06
12474,1.1594325978611455e-05
12475,9.875238193826672e-06
12476,9.138178963690783e-06
12477,1.1212693996919311e-05
12478,1.1212693996919311e-05
12479,2.1516846744133084e-05
12480,1.1212693996919311e-05
12481,9.243134293251872e-06
12482,1.1019279807699367e-05
12483,9.875238193826672e-06
12484,9.339471607813863e-06
12485,9.602138300744518e-06
12486,1.1212693996919311e-05
12487,1.0012821076224137e-05
12488,1.240405310203985e-05
12489,9.552202977205576e-06
12490,1.0008352767091742e-05
12491,9.63849168571555e-06
12492,4.809015283855946e-06
12493,1.1453354286263499e-05
12494,9.885989024162485e-06
12495,9.149489293946556e-06
12496,1.1029448466982983e-05
12497,9.504497492612455e-06
12498,1.036236578670301e-05
12499,1.0008352767091742e-05
12500,1.1861338859021963e-05
12501,9.05804862443082e-06
12502,1.1118294444784053e-05
12503,1.5631037563497384e-05
12504,1.1029448466982983e-05
12505,1.3074226847997412e-05
12506,1.526185563863588e-05
12507,1.0804275205124589e-05
12508,8.791482199158835e-06
12509,9.967603528957248e-06
12510,9.967603528957248e-06
12511,1.0264489145142471e-05
12512,9.864537772104035e-06
12513,8.423577999744469e-06
12514,9.908381712638796e-06
12515,1.9490140224909783e-05
12516,1.2060090925782294e-05
12517,2.2452187175432036e-05
12518,9.514281501058351e-06
12519,9.514281501058351e-06
12520,8.530722915133776e-06
12521,1.7151520870937987e-05
12522,9.271261400480925e-06
12523,9.100911172186245e-06
12524,1.061481761300295e-05
12525,9.007728934627767e-06
12526,9.007728934627767e-06
12527,1.5254975402569197e-05
12528,1.0688941906292139e-05
12529,2.0552283532723283e-05
12530,1.1264946510566966e-05
12531,9.434906633416035e-06
12532,1.5111020760170223e-05
12533,1.9240272276229492e-05
12534,1.2060090925782294e-05
12535,4.809015283855946e-06
12536,1.7004697894157807e-05
12537,1.4493689310784733e-05
12538,9.024897217262012e-06
12539,2.9075842517299035e-05
12540,1.0394028520652429e-05
12541,5.7563616491881725e-05
12542,1.5763433646751047e-05
12543,1.3152310511044224e-05
12544,1.6276392139134876e-05
12545,1.1118294444784053e-05
12546,1.0053411756575844e-05
12547,9.715239379587256e-06
12548,1.0394028520652429e-05
12549,1.0453305095445872e-05
12550,6.674408288524918e-06
12551,2.0974637999645677e-05
12552,9.809582392541579e-06
12553,1.1029448466982983e-05
12554,9.602138300744518e-06
12555,1.0637314892586927e-05
12556,1.6121103068740602e-05
12557,1.0248059245605469e-05
12558,1.0639045552312857e-05
12559,9.530479144825802e-06
12560,9.530479144825802e-06
12561,9.530479144825802e-06
12562,1.0327374865332602e-05
12563,1.0563899047708251e-05
12564,1.0394028520652429e-05
12565,8.123339018192422e-06
12566,5.1874388317046175e-06
12567,9.573603815458379e-06
12568,1.0323798207862645e-05
12569,1.6412132541359105e-05
12570,1.0923473382729238e-05
12571,1.3074226847997412e-05
12572,1.0896042873277623e-05
12573,1.0296113256437114e-05
12574,1.808635235968394e-05
12575,7.67957681734087e-06
12576,1.0598164728847593e-05
12577,9.339471607813863e-06
12578,9.901718571693991e-06
12579,1.5303846010013417e-05
12580,1.3124703986751003e-05
12581,8.80058397664867e-06
12582,1.2386260181243683e-05
12583,1.0394028520652429e-05
12584,1.589443733255283e-05
12585,9.885989024162485e-06
12586,1.7151520870937987e-05
12587,1.2039091181769635e-05
12588,9.811995885297593e-06
12589,1.4797462239181133e-05
12590,1.0395100361401984e-05
12591,1.0248059245605469e-05
12592,1.0875680193864348e-05
12593,1.028892948360175e-05
12594,9.365870353764055e-06
12595,9.850440573120747e-06
12596,1.0632560201404219e-05
12597,1.0739562233243814e-05
12598,9.602138300744518e-06
12599,1.0637314892586927e-05
12600,1.0563899047708251e-05
12601,1.1118294444784053e-05
12602,9.024897217262012e-06
12603,1.0678217015801007e-05
12604,1.0693114032578455e-05
12605,9.093273707967679e-06
12606,1.0875680193864348e-05
12607,1.177697881591642e-05
12608,1.405705535578172e-05
12609,1.050537032126487e-05
12610,9.434520593808654e-06
12611,9.715239379587256e-06
12612,1.2529614893840324e-05
12613,1.0201731640124468e-05
12614,1.1861338859021963e-05
12615,1.1522525439412445e-05
12616,9.007728934627767e-06
12617,9.076566886993103e-06
12618,9.46984213922782e-06
12619,1.007952052925644e-05
12620,1.1453354286263499e-05
12621,9.597929014891506e-06
12622,1.0395100361401984e-05
12623,1.0347163086799967e-05
12624,4.4423564381686545e-05
12625,9.187772221265003e-06
12626,1.3457604453845663e-05
12627,9.024897217262012e-06
12628,1.0637314892586927e-05
12629,1.4083435021252674e-05
12630,1.3261524197022263e-05
12631,1.1004350244038656e-05
12632,9.986120975271117e-06
12633,1.0673198845483249e-05
12634,8.590149903225016e-06
12635,1.1029448466982983e-05
12636,1.1903663138696242e-05
12637,8.801301594525623e-06
12638,1.4870702410815833e-05
12639,9.655747257728404e-06
12640,1.0896042873277623e-05
12641,2.5565588129947517e-05
12642,1.6440837501731345e-05
12643,9.66366577643837e-06
12644,9.700862731621744e-06
12645,1.0147900018722789e-05
12646,6.848318894276419e-06
12647,1.0998759080324583e-05
12648,1.1212693996919311e-05
12649,1.0719382611725892e-05
12650,6.848318894276419e-06
12651,9.715239379587256e-06
12652,1.8473697555893457e-05
12653,1.2039091181769635e-05
12654,1.5805030369046533e-05
12655,1.0044546564286435e-05
12656,1.2447262700099505e-05
12657,9.567382476592197e-06
12658,9.935008023651504e-06
12659,1.353974428103868e-05
12660,9.54736063630183e-06
12661,1.0503398104220844e-05
12662,1.003161474217399e-05
12663,1.5519215693883322e-05
12664,1.5519215693883322e-05
12665,1.0295947540132029e-05
12666,1.5519215693883322e-05
12667,1.0563899047708251e-05
12668,1.0295947540132029e-05
12669,1.0295947540132029e-05
12670,8.519751819647818e-06
12671,1.1861338859021963e-05
12672,1.5101279402758877e-05
12673,9.024897217262012e-06
12674,9.861512805350344e-06
12675,1.1398788038460363e-05
12676,9.239550899912532e-06
12677,1.62645332216766e-05
12678,8.736993937714108e-06
12679,9.239550899912532e-06
12680,1.0523880672159554e-05
12681,1.4689732959475856e-05
12682,2.3843897028252454e-05
12683,1.0264489145142471e-05
12684,9.681320269540957e-06
12685,1.6308906805672405e-05
12686,1.0347163086799967e-05
12687,1.0751119793216587e-05
12688,1.3638731294397522e-05
12689,3.3444364644217145e-05
12690,1.353974428103868e-05
12691,8.98613338073191e-06
12692,1.2152454439821123e-05
12693,1.3539734874910646e-05
12694,1.240405310203985e-05
12695,1.2113469516883801e-05
12696,9.63849168571555e-06
12697,9.007728934627767e-06
12698,1.0160998317039673e-05
12699,1.5519215693883322e-05
12700,8.444617015338625e-06
12701,1.0614819942957108e-05
12702,2.064618384009008e-05
12703,9.746406357827071e-06
12704,8.519751819647818e-06
12705,9.080530119703727e-06
12706,1.2447262700099505e-05
12707,2.488529180053655e-05
12708,1.1029448466982983e-05
12709,9.244975147240444e-06
12710,1.393901018295803e-05
12711,9.394769817727571e-06
12712,5.552047756660196e-06
12713,1.933233788077917e-05
12714,1.00595519188609e-05
12715,9.22237046987849e-06
12716,1.0632560201404219e-05
12717,9.700862731621744e-06
12718,1.1445558429275828e-05
12719,1.0804275205124589e-05
12720,9.83359020575719e-06
12721,7.038245371987877e-06
12722,9.339471607813863e-06
12723,1.3022978431850824e-05
12724,1.1453354286263499e-05
12725,9.700862731621744e-06
12726,1.0605862121923956e-05
12727,1.3091972186581859e-05
12728,9.667392672126224e-06
12729,2.4515308799595664e-05
12730,6.674408288524918e-06
12731,4.479577348643257e-05
12732,1.5519215693883322e-05
12733,4.689899636503439e-05
12734,9.882082474788552e-06
12735,1.3913469607568114e-05
12736,1.050537032126487e-05
12737,9.138178963690783e-06
12738,1.3836739162347253e-05
12739,1.353974428103868e-05
12740,6.674408288524918e-06
12741,2.1618398040791064e-05
12742,8.791482199158835e-06
12743,9.076566886993103e-06
12744,9.875238193826672e-06
12745,9.715239379587256e-06
12746,8.97547957802772e-06
12747,1.5519215693883322e-05
12748,1.3074226847997412e-05
12749,1.4312972228672997e-05
12750,1.0304389685578956e-05
12751,1.8179373669433595e-05
12752,2.0291782610110302e-05
12753,1.0008352767091742e-05
12754,9.582707565010591e-06
12755,9.700862731621744e-06
12756,1.492503784800991e-05
12757,9.54736063630183e-06
12758,9.138178963690783e-06
12759,1.9215919619295876e-05
12760,5.151874154098692e-05
12761,1.3100551993086592e-05
12762,1.5519215693883322e-05
12763,9.575534257900319e-06
12764,1.2039091181769635e-05
12765,1.334747587037218e-05
12766,1.0923473382729238e-05
12767,7.932299100704299e-06
12768,1.605466156430337e-05
12769,9.422703642885622e-06
12770,1.0711341726803775e-05
12771,1.0296113256437114e-05
12772,1.1709390331968498e-05
12773,9.63849168571555e-06
12774,1.6430383694147865e-05
12775,1.5383688082833236e-05
12776,9.255426568317661e-06
12777,1.0896042873277623e-05
12778,1.2002464372649052e-05
12779,9.61567250659419e-06
12780,9.190780516689155e-06
12781,9.855818921322782e-06
12782,9.811995885297593e-06
12783,1.1118294444784053e-05
12784,7.992781377142298e-06
12785,1.0296113256437114e-05
12786,9.655747257728404e-06
12787,1.0637314892586927e-05
12788,1.353974428103868e-05
12789,2.1195795433690496e-05
12790,8.839672031365243e-06
12791,9.882082474788552e-06
12792,1.4024419959574291e-05
12793,1.1904958243208149e-05
12794,1.0015800834386606e-05
12795,1.8442197502154273e-05
12796,1.4875798373508094e-05
12797,1.723461741053332e-05
12798,2.1835555330158798e-05
12799,1.9755177333994433e-05
12800,1.526185563863588e-05
12801,6.674408288524918e-06
12802,9.715239379587256e-06
12803,1.0804275205124589e-05
12804,9.864537772104035e-06
12805,9.49486225349075e-06
12806,8.97547957802772e-06
12807,1.050537032126487e-05
12808,1.2002464372649052e-05
12809,9.746406357827071e-06
12810,2.7498322181778076e-05
12811,1.353974428103868e-05
12812,1.1364417115222792e-05
12813,9.267398360518381e-06
12814,9.967603528957248e-06
12815,9.239550899912532e-06
12816,2.9666075907651367e-05
12817,1.2058786164846864e-05
12818,9.91480548679001e-06
12819,1.1072958869998366e-05
12820,1.0395100361401984e-05
12821,1.36126572818641e-05
12822,1.0365859094959847e-05
12823,1.1118294444784053e-05
12824,9.271261400480925e-06
12825,1.2386260181243683e-05
12826,9.21288922684213e-06
12827,1.537924137698884e-05
12828,1.6623484400641946e-05
12829,8.8687787159733e-06
12830,1.2204527911802652e-05
12831,1.599382303470561e-05
12832,2.1013829903821558e-05
12833,1.4227358617261447e-05
12834,1.551703134034667e-05
12835,1.0304389685578956e-05
12836,9.316842424275981e-06
12837,9.91480548679001e-06
12838,1.1364417115222792e-05
12839,4.9210260826821295e-06
12840,1.0598164728847593e-05
12841,9.593922196304636e-06
12842,9.885989024162485e-06
12843,1.2032706307433641e-05
12844,3.299340485490683e-05
12845,9.05804862443082e-06
12846,1.1861338859021963e-05
12847,9.105964578815469e-06
12848,9.654870802543586e-06
12849,8.8687787159733e-06
12850,8.864262995694006e-06
12851,1.5760917397017377e-05
12852,9.63908308380622e-06
12853,1.590582152455781e-05
12854,1.3100551993086592e-05
12855,1.4998432331919774e-05
12856,2.749828016771064e-05
12857,4.8712817787507075e-06
12858,1.5284526215627456e-05
12859,1.0190781318694255e-05
12860,1.0503398104220844e-05
12861,1.4979916158332771e-05
12862,9.63908308380622e-06
12863,1.9917347295544342e-05
12864,1.5285117613718125e-05
12865,1.0983549165868838e-05
12866,1.3711165950237924e-05
12867,1.0523880672159554e-05
12868,9.885989024162485e-06
12869,1.4660105087330726e-05
12870,1.0608279290858941e-05
12871,8.98613338073191e-06
12872,1.7225152646187267e-05
12873,1.0446302870587945e-05
12874,8.519751819647818e-06
12875,1.3826110024741152e-05
12876,1.0241717869620738e-05
12877,1.0727799886620179e-05
12878,1.024622844441018e-05
12879,1.4746453154712292e-05
12880,2.823611255482431e-05
12881,1.6417407505476234e-05
12882,1.1033402850550749e-05
12883,1.4660105087330726e-05
12884,8.785848222579045e-06
12885,4.2878635669458076e-05
12886,1.0147900018722789e-05
12887,1.177697881591642e-05
12888,1.1594325978611455e-05
12889,1.5519215693883322e-05
12890,1.607460050813733e-05
12891,1.6720067326774563e-05
12892,1.050537032126487e-05
12893,9.855818921322782e-06
12894,8.98613338073191e-06
12895,1.2032706307433641e-05
12896,1.3124703986751003e-05
12897,1.0248059245605469e-05
12898,8.969077104345952e-06
12899,1.0332553080377697e-05
12900,8.98613338073191e-06
12901,8.74946123010101e-06
12902,9.575534257900319e-06
12903,1.2386260181243683e-05
12904,8.98613338073191e-06
12905,2.742770511786819e-05
12906,9.91480548679001e-06
12907,1.0632560201404219e-05
12908,9.700862731621744e-06
12909,1.5134226293900744e-05
12910,2.329196043996406e-05
12911,1.1033402850550749e-05
12912,1.0438800493865949e-05
12913,1.0641647050221365e-05
12914,1.3022978431850824e-05
12915,1.6358275203600717e-05
12916,9.690616076324506e-06
12917,8.716259692959632e-06
12918,2.7617389330512152e-05
12919,9.967603528957248e-06
12920,1.4483847014962604e-05
12921,1.0369786528028124e-05
12922,8.98613338073191e-06
12923,1.024622844441018e-05
12924,9.243134293251872e-06
12925,1.7366915456368662e-05
12926,9.885989024162485e-06
12927,1.2032706307433641e-05
12928,2.186226767644889e-05
12929,1.2217500461522906e-05
12930,1.2113469516883801e-05
12931,8.791482199158835e-06
12932,8.801301594525623e-06
12933,1.0241717869620738e-05
12934,1.2230560007984673e-05
12935,1.3074226847997412e-05
12936,2.1496809327838026e-05
12937,1.5353235516577337e-05
12938,2.058796696706577e-05
12939,9.896272091706858e-06
12940,1.0501844755673104e-05
12941,1.0688941906292139e-05
12942,7.916481966791899e-06
12943,2.409445006026163e-05
12944,9.105964578815469e-06
12945,1.2811405451123515e-05
12946,1.5254975402569197e-05
12947,9.690616076324506e-06
12948,9.811995885297593e-06
12949,7.900968631603151e-06
12950,9.63849168571555e-06
12951,9.948291810840633e-06
12952,9.63849168571555e-06
12953,9.289948335583e-06
12954,1.0008352767091742e-05
12955,1.4187259085731244e-05
12956,1.0693114032578455e-05
12957,1.0414935439835905e-05
12958,1.7151520870937987e-05
12959,8.709456420603492e-06
12960,9.670155646245056e-06
12961,1.7459159096379185e-05
12962,0.0001142946738313864
12963,1.5110862459684097e-05
12964,9.239550899912532e-06
12965,9.598517099071531e-06
12966,2.126536215271472e-05
12967,1.009278174243314e-05
12968,1.0637314892586927e-05
12969,1.3827348067625054e-05
12970,9.289948335583e-06
12971,5.378770952291919e-06
12972,1.560725816286499e-05
12973,9.422703642885622e-06
12974,1.2600347214435617e-05
12975,1.1022989657855392e-05
12976,1.6301342023355898e-05
12977,1.3638731294397522e-05
12978,9.552202977205576e-06
12979,1.1044881389740348e-05
12980,9.244975147240444e-06
12981,1.546047799348385e-05
12982,1.0693114032578455e-05
12983,1.353974428103868e-05
12984,9.434520593808654e-06
12985,9.575534257900319e-06
12986,1.0296113256437114e-05
12987,8.98613338073191e-06
12988,9.46984213922782e-06
12989,2.6269802968358016e-05
12990,2.9096077362264947e-05
12991,9.439127771363733e-06
12992,2.1216250208092866e-05
12993,1.0727799886620179e-05
12994,1.1212693996919311e-05
12995,2.4679264739182787e-05
12996,1.1212693996919311e-05
12997,1.0538603789410964e-05
12998,1.3022978431850824e-05
12999,0.0002095509773007582
13000,9.530479144825802e-06
13001,1.0688941906292139e-05
13002,8.316408602707099e-06
13003,1.5684624353427632e-05
13004,2.1412460930335093e-05
13005,1.5264667190976676e-05
13006,1.0983549165868838e-05
13007,1.0673198845483249e-05
13008,9.497136086334239e-06
13009,6.848318894276419e-06
13010,1.0983549165868838e-05
13011,1.0983549165868838e-05
13012,9.476399044439624e-06
13013,1.0632560201404219e-05
13014,1.1398788038460363e-05
13015,1.4505568672764719e-05
13016,9.22237046987849e-06
13017,9.243134293251872e-06
13018,1.8436794148376374e-05
13019,1.0637314892586927e-05
13020,1.0817996061144057e-05
13021,1.0266845488968174e-05
13022,9.46984213922782e-06
13023,1.3100551993086592e-05
13024,3.1237639959496365e-05
13025,8.999522573062998e-06
13026,1.0625988213105185e-05
13027,9.995371324642058e-06
13028,9.855818921322782e-06
13029,9.967603528957248e-06
13030,1.7831464028695882e-05
13031,1.5006978432367599e-05
13032,7.992781377142298e-06
13033,1.8867069089859753e-05
13034,1.0226947814012442e-05
13035,3.0000219330414325e-05
13036,1.0637314892586927e-05
13037,1.0896042873277623e-05
13038,1.6354320266394174e-05
13039,1.1398788038460363e-05
13040,2.1346404879787366e-05
13041,9.623776343241303e-06
13042,1.144840881813943e-05
13043,9.514281501058351e-06
13044,1.2184503234008396e-05
13045,1.0008352767091742e-05
13046,8.862252582906677e-06
13047,1.003161474217399e-05
13048,9.476399044439624e-06
13049,1.353974428103868e-05
13050,9.62680544879162e-06
13051,1.1048121390319183e-05
13052,1.1118294444784053e-05
13053,1.2184503234008396e-05
13054,1.0474522801572617e-05
13055,9.239550899912532e-06
13056,1.16117097546835e-05
13057,2.6417703335166906e-05
13058,1.1364417115222792e-05
13059,9.777263074180927e-06
13060,1.1398788038460363e-05
13061,1.5971025064099088e-05
13062,8.530722915133776e-06
13063,3.046147929997311e-05
13064,9.86788215339441e-06
13065,1.0637314892586927e-05
13066,9.365870353764055e-06
13067,6.235462680077186e-05
13068,9.244975147240444e-06
13069,1.6785056402478224e-05
13070,1.7557904121930953e-05
13071,2.323218092220128e-05
13072,1.0360425969893026e-05
13073,1.1029448466982983e-05
13074,1.1904958243208149e-05
13075,2.4109676691306047e-05
13076,8.674958738307506e-06
13077,9.804799282565535e-06
13078,1.0055811583422948e-05
13079,1.962200669859059e-05
13080,8.530722915133776e-06
13081,1.3091972186581859e-05
13082,9.855818921322782e-06
13083,1.0348370002420954e-05
13084,1.0983549165868838e-05
13085,2.2977860018080392e-05
13086,1.7225152646187267e-05
13087,9.777263074180927e-06
13088,1.0693114032578455e-05
13089,2.2012198851096395e-05
13090,9.05804862443082e-06
13091,9.316842424275981e-06
13092,2.1374103505831245e-05
13093,1.0983549165868838e-05
13094,9.105964578815469e-06
13095,1.3074226847997412e-05
13096,1.2274441446841848e-05
13097,1.3008146782923565e-05
13098,2.8973063338054577e-05
13099,1.1518484203629429e-05
13100,1.1029448466982983e-05
13101,1.0688941906292139e-05
13102,1.0438800493865949e-05
13103,1.4347189815345008e-05
13104,1.1355015410120625e-05
13105,1.0923473382729238e-05
13106,1.0633902373928431e-05
13107,1.024622844441018e-05
13108,9.533867864066155e-06
13109,1.0523567967782293e-05
13110,1.2002464372649052e-05
13111,8.530722915133776e-06
13112,1.1078478163378258e-05
13113,1.0983549165868838e-05
13114,1.0608279290858941e-05
13115,8.503783769685729e-06
13116,1.0248059245605469e-05
13117,1.0008352767091742e-05
13118,9.875238193826672e-06
13119,9.598517099071531e-06
13120,9.076566886993103e-06
13121,9.05804862443082e-06
13122,1.5232621659992041e-05
13123,1.0719318706660731e-05
13124,1.2002464372649052e-05
13125,2.1399673777252683e-05
13126,1.4341471118293015e-05
13127,9.105964578815469e-06
13128,1.0637314892586927e-05
13129,1.353974428103868e-05
13130,1.1111172860812774e-05
13131,1.1904958243208149e-05
13132,1.353974428103868e-05
13133,1.0637853883326657e-05
13134,9.935008023651504e-06
13135,1.0012821076224137e-05
13136,9.875238193826672e-06
13137,9.811995885297593e-06
13138,1.050537032126487e-05
13139,9.573603815458379e-06
13140,1.437125775467886e-05
13141,1.1522525439412445e-05
13142,2.1103178609527306e-05
13143,9.86788215339441e-06
13144,9.885989024162485e-06
13145,9.271261400480925e-06
13146,8.98613338073191e-06
13147,1.0719318706660731e-05
13148,1.240405310203985e-05
13149,2.9204022908798566e-05
13150,8.791670321956946e-06
13151,9.92867238526007e-06
13152,2.3145150454708353e-05
13153,8.881599773114271e-06
13154,8.301577859414757e-05
13155,1.9924483601780408e-05
13156,1.0693114032578455e-05
13157,9.3206344389504e-06
13158,1.3826110024741152e-05
13159,8.674958738307506e-06
13160,1.5971890665654663e-05
13161,9.271261400480925e-06
13162,1.144840881813943e-05
13163,1.0637314892586927e-05
13164,1.2039091181769635e-05
13165,1.0729831536478351e-05
13166,5.78122817403638e-05
13167,2.7156400142029993e-05
13168,9.105964578815469e-06
13169,9.850440573120747e-06
13170,8.791670321956946e-06
13171,1.3666455004696925e-05
13172,1.970591226001842e-05
13173,1.0348370002420954e-05
13174,1.0912632421942477e-05
13175,1.2058786164846864e-05
13176,1.6160215714547697e-05
13177,1.16117097546835e-05
13178,1.5785240688181607e-05
13179,6.848318894276419e-06
13180,1.0369786528028124e-05
13181,9.271261400480925e-06
13182,1.1264946510566966e-05
13183,5.7592497068065324e-06
13184,1.1029448466982983e-05
13185,6.848318894276419e-06
13186,1.4357831277989106e-05
13187,9.659966322686517e-05
13188,1.16452300893274e-05
13189,1.0563899047708251e-05
13190,1.3440886271321814e-05
13191,8.98613338073191e-06
13192,7.67957681734087e-06
13193,9.59484738868822e-06
13194,1.1453354286263499e-05
13195,8.57729752388675e-06
13196,2.536408202962497e-05
13197,1.0008352767091742e-05
13198,2.4707966456123212e-05
13199,1.7149496805767994e-05
13200,1.1594325978611455e-05
13201,1.686001532201369e-05
13202,1.353974428103868e-05
13203,1.0608279290858941e-05
13204,1.1048121390319183e-05
13205,9.935008023651504e-06
13206,1.0323798207862645e-05
13207,2.0005747634923655e-05
13208,9.63908308380622e-06
13209,9.63908308380622e-06
13210,2.2678878626931965e-05
13211,1.0719318706660731e-05
13212,1.1029448466982983e-05
13213,1.1904958243208149e-05
13214,1.577619457171875e-05
13215,1.5052956140454823e-05
13216,9.271261400480925e-06
13217,1.1347282628427675e-05
13218,1.050537032126487e-05
13219,2.0071854311979888e-05
13220,9.715239379587256e-06
13221,1.0804275205124589e-05
13222,2.2225624405714597e-05
13223,1.313529346607597e-05
13224,1.1398788038460363e-05
13225,1.4659796184866056e-05
13226,2.2790781868712166e-05
13227,1.5218292055425782e-05
13228,1.1510848380920765e-05
13229,9.49486225349075e-06
13230,2.1976580938891943e-05
13231,3.747537091386716e-05
13232,9.967603528957248e-06
13233,7.67957681734087e-06
13234,1.0152000896655648e-05
13235,1.206237794957882e-05
13236,9.365870353764055e-06
13237,1.4524371187975286e-05
13238,9.087188963134636e-06
13239,1.0304389685578956e-05
13240,1.5276724149905527e-05
13241,1.353974428103868e-05
13242,1.0727799886620179e-05
13243,8.662385608594642e-06
13244,1.1212693996919311e-05
13245,2.4466734033630885e-05
13246,9.63462487911372e-06
13247,9.804799282565535e-06
13248,2.2458043180232353e-05
13249,9.861512805350344e-06
13250,1.0296113256437114e-05
13251,1.7425925243891906e-05
13252,6.674408288524918e-06
13253,1.2113469516883801e-05
13254,1.5519215693883322e-05
13255,2.2036509089928532e-05
13256,9.255411106325404e-06
13257,9.640893560947324e-06
13258,9.533867864066155e-06
13259,6.697958124039644e-06
13260,1.1364417115222792e-05
13261,1.888687883322867e-05
13262,1.2447262700099505e-05
13263,1.2447262700099505e-05
13264,1.1048121390319183e-05
13265,9.809582392541579e-06
13266,1.2113469516883801e-05
13267,1.1320356980366022e-05
13268,9.84128048041037e-06
13269,9.076566886993103e-06
13270,1.0165217108108049e-05
13271,8.966816258866327e-06
13272,2.717840904788132e-05
13273,1.0327374865332602e-05
13274,1.2032706307433641e-05
13275,1.003161474217399e-05
13276,1.0803253796221225e-05
13277,1.0332553080377697e-05
13278,1.0637314892586927e-05
13279,2.1374103505831245e-05
13280,1.0560123404569157e-05
13281,1.024622844441018e-05
13282,1.353974428103868e-05
13283,9.339471607813863e-06
13284,1.1048121390319183e-05
13285,1.1044881389740348e-05
13286,1.003161474217399e-05
13287,9.948291810840633e-06
13288,9.138178963690783e-06
13289,1.1904958243208149e-05
13290,1.2702955705999417e-05
13291,1.3572567868959004e-05
13292,1.1355015410120625e-05
13293,8.693169150980948e-06
13294,9.187772221265003e-06
13295,3.593831044442772e-05
13296,2.095606118444404e-05
13297,2.298723321382242e-05
13298,8.530722915133776e-06
13299,9.271261400480925e-06
13300,9.935008023651504e-06
13301,9.05804862443082e-06
13302,1.9266082543344757e-05
13303,9.136632654823229e-06
13304,1.0770814934632905e-05
13305,1.0693114032578455e-05
13306,1.4639261731368058e-05
13307,2.2678878626931965e-05
13308,9.967603528957248e-06
13309,1.0165217108108049e-05
13310,1.613210633448883e-05
13311,1.5284526215627456e-05
13312,1.00595519188609e-05
13313,3.822392374666513e-05
13314,2.1633691729852998e-05
13315,9.080530119703727e-06
13316,1.2058786164846864e-05
13317,8.767001534425418e-06
13318,1.0165217108108049e-05
13319,9.967603528957248e-06
13320,1.4764179761133828e-05
13321,2.2678878626931965e-05
13322,1.052641146073085e-05
13323,1.5284526215627456e-05
13324,1.677442569398366e-05
13325,9.190780516689155e-06
13326,8.92760565575325e-06
13327,1.2274441446841848e-05
13328,1.240405310203985e-05
13329,2.0503218438729493e-05
13330,9.024752918851432e-06
13331,1.0581429682234979e-05
13332,1.1048121390319183e-05
13333,1.353974428103868e-05
13334,1.0296113256437114e-05
13335,8.423577999744469e-06
13336,1.3091972186581859e-05
13337,1.1029448466982983e-05
13338,1.5626569880981603e-05
13339,9.897250846409457e-06
13340,1.2386260181243683e-05
13341,1.353974428103868e-05
13342,8.423577999744469e-06
13343,6.806962911347455e-05
13344,9.62680544879162e-06
13345,2.2452184382893683e-05
13346,9.746406357827071e-06
13347,1.1099385760884418e-05
13348,1.3258455630391378e-05
13349,8.927377406965493e-06
13350,1.0719318706660731e-05
13351,1.3638731294397522e-05
13352,4.8712817787507075e-06
13353,1.280742674021427e-05
13354,1.036236578670301e-05
13355,8.519751819647818e-06
13356,1.1709390331968498e-05
13357,9.493588591525832e-06
13358,9.46984213922782e-06
13359,1.015245543295525e-05
13360,1.4939810656783224e-05
13361,9.728168383333168e-06
13362,1.0637314892586927e-05
13363,1.240405310203985e-05
13364,9.74983946570471e-06
13365,1.015245543295525e-05
13366,1.8636916143942727e-05
13367,2.9050609226952626e-05
13368,1.674911053932771e-05
13369,9.530479144825802e-06
13370,1.1905788186692852e-05
13371,1.5284526215627456e-05
13372,1.1028616036275543e-05
13373,1.0804275205124589e-05
13374,2.4097976777172715e-05
13375,1.658234044289776e-05
13376,9.779141176581009e-06
13377,6.697958124039644e-06
13378,6.457752430942066e-05
13379,0.00023887404900955884
13380,1.0304389685578956e-05
13381,2.0517705868051415e-05
13382,1.0296113256437114e-05
13383,8.75678691026644e-06
13384,1.1398788038460363e-05
13385,2.6114061802156326e-05
13386,9.255426568317661e-06
13387,1.1048121390319183e-05
13388,1.4558010880898049e-05
13389,1.040634852296654e-05
13390,2.2612227998753777e-05
13391,1.62792354432099e-05
13392,1.0637314892586927e-05
13393,1.6435681501280712e-05
13394,1.0158089556658252e-05
13395,1.7874879776238333e-05
13396,8.98613338073191e-06
13397,1.0360425969893026e-05
13398,9.105964578815469e-06
13399,9.61567250659419e-06
13400,9.289948335583e-06
13401,2.0766234541165648e-05
13402,1.0637314892586927e-05
13403,8.674958738307506e-06
13404,1.9826804355650895e-05
13405,1.1028616036275543e-05
13406,1.0000952380046262e-05
13407,1.072046261837092e-05
13408,1.0008352767091742e-05
13409,9.809582392541579e-06
13410,1.1072958869998366e-05
13411,1.5435384153574372e-05
13412,1.1364417115222792e-05
13413,1.1048121390319183e-05
13414,9.582707565010591e-06
13415,9.63849168571555e-06
13416,1.6301342023355898e-05
13417,8.75678691026644e-06
13418,2.2319903690582904e-05
13419,9.694972666057905e-06
13420,9.777263074180927e-06
13421,2.4349008768360804e-05
13422,7.03903547157095e-06
13423,8.801301594525623e-06
13424,9.811995885297593e-06
13425,1.2203954207176694e-05
13426,8.881599773114271e-06
13427,1.003161474217399e-05
13428,8.530722915133776e-06
13429,8.862252582906677e-06
13430,1.353974428103868e-05
13431,1.353974428103868e-05
13432,1.353974428103868e-05
13433,1.1029448466982983e-05
13434,1.4280259154367578e-05
13435,1.1029448466982983e-05
13436,1.5122385279456825e-05
13437,9.623776343241303e-06
13438,2.103664534473069e-05
13439,4.560421978860308e-05
13440,1.0608279290858941e-05
13441,1.0719318706660731e-05
13442,1.1029448466982983e-05
13443,1.0637314892586927e-05
13444,1.1909870126827609e-05
13445,6.674408288524918e-06
13446,9.316842424275981e-06
13447,1.4890970857820533e-05
13448,1.579912264780038e-05
13449,2.8213620653955485e-05
13450,9.422703642885622e-06
13451,1.1029448466982983e-05
13452,1.0296113256437114e-05
13453,9.623776343241303e-06
13454,1.003161474217399e-05
13455,1.0637314892586927e-05
13456,1.1029448466982983e-05
13457,1.0606931434926932e-05
13458,1.40550150391441e-05
13459,1.1048121390319183e-05
13460,1.2386260181243683e-05
13461,1.0637314892586927e-05
13462,1.1029448466982983e-05
13463,1.1048121390319183e-05
13464,1.1029448466982983e-05
13465,1.174121193020162e-05
13466,1.6292868725952783e-05
13467,9.98898602574496e-06
13468,9.655747257728404e-06
13469,6.848318894276419e-06
13470,1.5626569880981603e-05
13471,2.0888935527619613e-05
13472,1.637799473406079e-05
13473,1.0347163086799967e-05
13474,9.808927292406059e-06
13475,9.38851605547499e-06
13476,9.434906633416035e-06
13477,6.674408288524918e-06
13478,9.63908308380622e-06
13479,9.549114309328014e-06
13480,1.003161474217399e-05
13481,1.5280330336241877e-05
13482,1.4853739664112106e-05
13483,9.644271954827743e-06
13484,1.5418719979652185e-05
13485,9.360000703992135e-06
13486,1.1971344261213511e-05
13487,1.6590412271266976e-05
13488,9.399877875532114e-06
13489,1.0637314892586927e-05
13490,9.850440573120747e-06
13491,1.050537032126487e-05
13492,1.0673198845483249e-05
13493,1.5284526215627456e-05
13494,1.036451516065504e-05
13495,1.0296113256437114e-05
13496,8.966816258866327e-06
13497,1.0327374865332602e-05
13498,9.920286267500786e-06
13499,1.5222107848465297e-05
13500,1.1048121390319183e-05
13501,9.434520593808654e-06
13502,1.0296113256437114e-05
13503,1.1904958243208149e-05
13504,1.2447262700099505e-05
13505,9.875238193826672e-06
13506,1.1033402850550749e-05
13507,9.967603528957248e-06
13508,1.0359530810042483e-05
13509,1.3550397669178536e-05
13510,3.261391869929339e-05
13511,1.1004350244038656e-05
13512,1.3091972186581859e-05
13513,2.117219382626395e-05
13514,1.0637314892586927e-05
13515,1.7321021483771914e-05
13516,2.8061575070996615e-05
13517,1.3322230926813583e-05
13518,2.4362448311463448e-05
13519,1.7321021483771914e-05
13520,2.117219382626395e-05
13521,1.7321021483771914e-05
13522,1.1033402850550749e-05
13523,1.709412550887661e-05
13524,1.050537032126487e-05
13525,9.530479144825802e-06
13526,1.1355015410120625e-05
13527,1.0637314892586927e-05
13528,1.5626569880981603e-05
13529,9.935008023651504e-06
13530,1.0637314892586927e-05
13531,9.896272091706858e-06
13532,6.674408288524918e-06
13533,9.190780516689155e-06
13534,1.024622844441018e-05
13535,7.55205999585218e-05
13536,9.493588591525832e-06
13537,1.1078478163378258e-05
13538,1.1904958243208149e-05
13539,1.0637314892586927e-05
13540,1.0998759080324583e-05
13541,3.068154949980166e-05
13542,1.4884963096875693e-05
13543,7.900968631603151e-06
13544,9.076566886993103e-06
13545,2.1444344667009424e-05
13546,7.608529415147661e-05
13547,1.0257921833760655e-05
13548,1.144840881813943e-05
13549,1.0637314892586927e-05
13550,1.2058786164846864e-05
13551,1.5449684861382612e-05
13552,1.6235573362779445e-05
13553,9.63908308380622e-06
13554,1.1029448466982983e-05
13555,1.1904958243208149e-05
13556,1.0637314892586927e-05
13557,9.552202977205576e-06
13558,9.215423587209066e-06
13559,1.852253803254217e-05
13560,2.1110202005651277e-05
13561,1.8266373098066867e-05
13562,9.811995885297593e-06
13563,1.0637314892586927e-05
13564,1.0637314892586927e-05
13565,1.0637314892586927e-05
13566,1.050537032126487e-05
13567,1.0637314892586927e-05
13568,4.809015283855946e-06
13569,2.511357320562194e-05
13570,1.0327374865332602e-05
13571,9.754070560661059e-06
13572,9.149489293946556e-06
13573,4.809015283855946e-06
13574,9.360000703992135e-06
13575,1.4987500767881037e-05
13576,1.0983549165868838e-05
13577,2.941065130930157e-05
13578,1.0360425969893026e-05
13579,2.43987059245759e-05
13580,1.1048121390319183e-05
13581,1.9855422225639196e-05
13582,1.0637314892586927e-05
13583,9.864537772104035e-06
13584,1.0637314892586927e-05
13585,9.497136086334239e-06
13586,1.1029448466982983e-05
13587,1.7330212843703103e-05
13588,2.1023432975850663e-05
13589,1.2795788404948052e-05
13590,1.0523880672159554e-05
13591,1.6764937009698524e-05
13592,2.4403066562167e-05
13593,9.967603528957248e-06
13594,2.010254655050527e-05
13595,1.1004515823678769e-05
13596,1.0637314892586927e-05
13597,9.63849168571555e-06
13598,1.028892948360175e-05
13599,9.655747257728404e-06
13600,9.866856785287496e-06
13601,9.967603528957248e-06
13602,1.2912512215563351e-05
13603,8.57729752388675e-06
13604,1.0637314892586927e-05
13605,9.897250846409457e-06
13606,2.8287423299552794e-05
13607,1.0213357406846318e-05
13608,1.5931820655393905e-05
13609,1.696639151027793e-05
13610,1.0999490662742042e-05
13611,1.6056047869457225e-05
13612,1.00595519188609e-05
13613,1.1903663138696242e-05
13614,1.6941368922008674e-05
13615,3.3071321233585734e-05
13616,1.0008352767091742e-05
13617,1.7330212843703103e-05
13618,6.086150481890132e-06
13619,9.263821395050691e-06
13620,9.684771821929977e-06
13621,1.492503784800991e-05
13622,1.4019628275567333e-05
13623,1.1029448466982983e-05
13624,1.62792354432099e-05
13625,1.0044546564286435e-05
13626,1.0637314892586927e-05
13627,1.045648312641421e-05
13628,9.35141338334851e-06
13629,2.095694608207539e-05
13630,1.4540068722754222e-05
13631,0.0006535201384598539
13632,1.0369786528028124e-05
13633,1.417536755020791e-05
13634,1.0044546564286435e-05
13635,1.9356516427140057e-05
13636,9.861512805350344e-06
13637,1.0637314892586927e-05
13638,9.66366577643837e-06
13639,1.1029448466982983e-05
13640,1.3100551993086592e-05
13641,6.848318894276419e-06
13642,9.63849168571555e-06
13643,1.4472157442928997e-05
13644,1.1048121390319183e-05
13645,1.1212682412854378e-05
13646,1.542579759691195e-05
13647,1.050537032126487e-05
13648,1.3091972186581859e-05
13649,1.1904958243208149e-05
13650,1.0637314892586927e-05
13651,9.896272091706858e-06
13652,1.651135155683806e-05
13653,2.193885773864718e-05
13654,2.278916193703729e-05
13655,1.0323798207862645e-05
13656,1.1594325978611455e-05
13657,1.3100551993086592e-05
13658,6.848318894276419e-06
13659,9.243134293251872e-06
13660,9.875238193826672e-06
13661,9.49486225349075e-06
13662,9.754070560661059e-06
13663,1.0637314892586927e-05
13664,1.35979808343122e-05
13665,1.1398788038460363e-05
13666,9.66366577643837e-06
13667,8.57729752388675e-06
13668,1.061481761300295e-05
13669,1.16117097546835e-05
13670,1.0693114032578455e-05
13671,1.601320990520443e-05
13672,9.530479144825802e-06
13673,1.0637314892586927e-05
13674,8.251292371225482e-06
13675,1.0637314892586927e-05
13676,9.582707565010591e-06
13677,1.0637314892586927e-05
13678,1.0226947814012442e-05
13679,3.15681017516505e-05
13680,1.0327374865332602e-05
13681,9.187772221265003e-06
13682,1.0739562233243814e-05
13683,1.1029448466982983e-05
13684,1.2386260181243683e-05
13685,2.6418693351021156e-05
13686,1.0637314892586927e-05
13687,1.0637314892586927e-05
13688,1.1019279807699367e-05
13689,1.3452419804591005e-05
13690,9.59484738868822e-06
13691,7.159558471406331e-06
13692,1.0637314892586927e-05
13693,1.3913469607568114e-05
13694,9.499363410106409e-06
13695,1.353974428103868e-05
13696,1.0446302870587945e-05
13697,9.632499591488105e-06
13698,1.0688941906292139e-05
13699,9.694972666057905e-06
13700,1.0678217015801007e-05
13701,2.1955950918930233e-05
13702,1.1446736855642405e-05
13703,1.532049291745019e-05
13704,1.0637314892586927e-05
13705,6.519420488618492e-05
13706,9.593922196304636e-06
13707,1.0673198845483249e-05
13708,1.0433895804699462e-05
13709,1.4187259085731244e-05
13710,1.353974428103868e-05
13711,9.897250846409457e-06
13712,2.105629390902619e-05
13713,9.582707565010591e-06
13714,9.882082474788552e-06
13715,9.54736063630183e-06
13716,1.393901018295803e-05
13717,1.5336382029129526e-05
13718,1.3124703986751003e-05
13719,1.0855663141263886e-05
13720,9.463714720507445e-06
13721,9.640893560947324e-06
13722,1.0803253796221225e-05
13723,9.510111211076036e-06
13724,9.149489293946556e-06
13725,9.92867238526007e-06
13726,2.081069467397238e-05
13727,3.189170307085264e-05
13728,9.896272091706858e-06
13729,1.92137159876375e-05
13730,1.5426861113107196e-05
13731,1.1048121390319183e-05
13732,1.5284526215627456e-05
13733,9.10260502471896e-06
13734,1.1035057057789817e-05
13735,1.0923473382729238e-05
13736,1.544811972994777e-05
13737,1.2204527911802652e-05
13738,5.881407147723709e-05
13739,1.0637314892586927e-05
13740,9.62680544879162e-06
13741,9.49486225349075e-06
13742,8.444617015338625e-06
13743,1.353974428103868e-05
13744,1.6347908258316492e-05
13745,2.2446545292736676e-05
13746,1.9415368742910988e-05
13747,9.244975147240444e-06
13748,1.1198169485978185e-05
13749,8.57729752388675e-06
13750,2.6893768164137966e-05
13751,6.674408288524918e-06
13752,1.1904958243208149e-05
13753,8.966816258866327e-06
13754,1.4639261731368058e-05
13755,1.2386260181243683e-05
13756,9.053328994739186e-06
13757,9.582707565010591e-06
13758,1.8374790933689325e-05
13759,8.980088304004427e-06
13760,1.5043065503915055e-05
13761,8.980088304004427e-06
13762,1.206237794957882e-05
13763,1.353974428103868e-05
13764,9.582707565010591e-06
13765,1.1048121390319183e-05
13766,1.627475746260524e-05
13767,9.861512805350344e-06
13768,9.793412700163626e-06
13769,1.0248059245605469e-05
13770,9.700862731621744e-06
13771,9.567382476592197e-06
13772,1.0213357406846318e-05
13773,9.754070560661059e-06
13774,1.5519215693883322e-05
13775,1.0606931434926932e-05
13776,1.0411753129650602e-05
13777,8.38647689683554e-06
13778,9.489074365034779e-06
13779,1.0264489145142471e-05
13780,1.0395100361401984e-05
13781,1.0332553080377697e-05
13782,1.353974428103868e-05
13783,8.801301594525623e-06
13784,1.0693114032578455e-05
13785,1.2204527911802652e-05
13786,1.0332553080377697e-05
13787,1.5928260428708615e-05
13788,1.0688941906292139e-05
13789,9.897250846409457e-06
13790,1.2386260181243683e-05
13791,1.0296113256437114e-05
13792,1.0739562233243814e-05
13793,7.67957681734087e-06
13794,1.4676245630072939e-05
13795,1.1029448466982983e-05
13796,9.053328994739186e-06
13797,6.674408288524918e-06
13798,1.0323798207862645e-05
13799,1.0008352767091742e-05
13800,9.138178963690783e-06
13801,9.723156484921671e-06
13802,1.0678217015801007e-05
13803,1.3246244734768097e-05
13804,2.0041127874121702e-05
13805,1.7665875755717047e-05
13806,2.1223438513173764e-05
13807,3.5788944190368296e-05
13808,2.2326219832187728e-05
13809,1.2523040583816098e-05
13810,1.5343465993165088e-05
13811,1.5276724149905527e-05
13812,1.1004350244038656e-05
13813,1.015245543295525e-05
13814,1.0608279290858941e-05
13815,1.0355831943563639e-05
13816,1.9543537328731855e-05
13817,6.674408288524918e-06
13818,1.1131852832364164e-05
13819,1.2732982228049244e-05
13820,6.674408288524918e-06
13821,1.5485967591896412e-05
13822,1.722190187720104e-05
13823,6.34066768862764e-06
13824,1.0304389685578956e-05
13825,3.8703166346421506e-05
13826,6.674408288524918e-06
13827,9.610210116740116e-06
13828,9.66366577643837e-06
13829,1.1498732401418236e-05
13830,9.399877875532114e-06
13831,8.30724933669107e-06
13832,9.105964578815469e-06
13833,1.1966426681956914e-05
13834,1.2678333040464194e-05
13835,1.364384348638346e-05
13836,4.275252507922735e-05
13837,9.610210116740116e-06
13838,1.7196240404499573e-05
13839,1.6382549118089507e-05
13840,9.885989024162485e-06
13841,9.874301171338706e-06
13842,9.146542499755883e-06
13843,1.0719318706660731e-05
13844,9.777263074180927e-06
13845,9.46984213922782e-06
13846,9.582707565010591e-06
13847,1.1029448466982983e-05
13848,1.776149463273842e-05
13849,1.0296113256437114e-05
13850,8.674958738307506e-06
13851,9.504497492612455e-06
13852,1.0474522801572617e-05
13853,1.666515332517441e-05
13854,1.3074226847997412e-05
13855,1.4187259085731244e-05
13856,1.1072958869998366e-05
13857,9.271261400480925e-06
13858,6.674408288524918e-06
13859,9.076566886993103e-06
13860,9.804799282565535e-06
13861,2.464610129380182e-05
13862,9.610210116740116e-06
13863,3.685957773818303e-05
13864,9.093273707967679e-06
13865,2.010564884805748e-05
13866,3.356693343731574e-05
13867,8.709456420603492e-06
13868,9.967603528957248e-06
13869,9.725270922361194e-06
13870,6.674408288524918e-06
13871,8.674958738307506e-06
13872,9.37368426311911e-06
13873,3.037831780827576e-05
13874,9.337233669156108e-06
13875,1.3282446744096305e-05
13876,9.582707565010591e-06
13877,9.561041139947305e-06
13878,1.4281860549674083e-05
13879,9.05804862443082e-06
13880,1.5501517038327465e-05
13881,3.2359376880255e-05
13882,4.888781970661737e-05
13883,1.2032706307433641e-05
13884,9.63908308380622e-06
13885,1.2386260181243683e-05
13886,1.1871535641273425e-05
13887,1.0719318706660731e-05
13888,9.552202977205576e-06
13889,1.0632560201404219e-05
13890,1.195602319665265e-05
13891,1.7321021483771914e-05
13892,1.1728661315964814e-05
13893,1.0688941906292139e-05
13894,1.16452300893274e-05
13895,9.885989024162485e-06
13896,9.316842424275981e-06
13897,6.848318894276419e-06
13898,9.882082474788552e-06
13899,9.967603528957248e-06
13900,9.855818921322782e-06
13901,9.690616076324506e-06
13902,9.967603528957248e-06
13903,9.567382476592197e-06
13904,1.994424701867934e-05
13905,3.338023734712563e-05
13906,2.0321104479242397e-05
13907,1.0691282150835419e-05
13908,1.4197025688803654e-05
13909,9.885989024162485e-06
13910,1.613772370448733e-05
13911,1.0995148046993368e-05
13912,1.0395100361401984e-05
13913,5.455088012289348e-06
13914,7.159558471406331e-06
13915,8.507706948517618e-06
13916,1.2204527911802652e-05
13917,9.549114309328014e-06
13918,8.980088304004427e-06
13919,1.0304389685578956e-05
13920,1.0165217108108049e-05
13921,9.080530119703727e-06
13922,1.0377534691953246e-05
13923,9.308980804974973e-06
13924,1.4375226044983984e-05
13925,1.884799847082366e-05
13926,8.590149903225016e-06
13927,1.024622844441018e-05
13928,1.050537032126487e-05
13929,1.0605862121923956e-05
13930,9.3206344389504e-06
13931,1.1538865961995837e-05
13932,2.5486455823414752e-05
13933,2.226817658990357e-05
13934,1.0804275205124589e-05
13935,1.144840881813943e-05
13936,9.59484738868822e-06
13937,1.0044546564286435e-05
13938,1.0304389685578956e-05
13939,1.0166102663128765e-05
13940,2.5575812238226386e-05
13941,1.1522525439412445e-05
13942,1.1118294444784053e-05
13943,1.5853236027680147e-05
13944,1.0190781318694255e-05
13945,1.6259975473272875e-05
13946,8.874399124719438e-06
13947,1.0637314892586927e-05
13948,1.0719318706660731e-05
13949,2.3630240446420802e-05
13950,9.893028832896335e-06
13951,1.003161474217399e-05
13952,1.00595519188609e-05
13953,1.3195054969008923e-05
13954,1.551473762184676e-05
13955,1.0377534691953246e-05
13956,1.0435160785416307e-05
13957,1.4356753940042609e-05
13958,2.0800860981529965e-05
13959,9.861512805350344e-06
13960,9.593922196304636e-06
13961,6.2180242557229486e-06
13962,1.6347908258316492e-05
13963,1.1355015410120625e-05
13964,8.98613338073191e-06
13965,6.2180242557229486e-06
13966,1.052641146073085e-05
13967,1.1320356980366022e-05
13968,5.8835872833314775e-05
13969,1.0641409131589505e-05
13970,1.0641409131589505e-05
13971,2.6181730344093226e-05
13972,1.4833806751176909e-05
13973,1.2386260181243683e-05
13974,2.442636386290539e-05
13975,9.897250846409457e-06
13976,9.105964578815469e-06
13977,8.848748200179625e-06
13978,6.594655660850734e-05
13979,9.63849168571555e-06
13980,1.4333475163125853e-05
13981,1.0304389685578956e-05
13982,8.701594436996798e-06
13983,1.3894816137364544e-05
13984,2.5322348262521526e-05
13985,1.5284526215627456e-05
13986,2.107860101374959e-05
13987,3.0048757350326052e-05
13988,1.4220894581788966e-05
13989,1.2058786164846864e-05
13990,1.3780708534000551e-05
13991,9.879854495037761e-06
13992,9.105964578815469e-06
13993,1.0678217015801007e-05
13994,7.899409006001376e-06
13995,1.040634852296654e-05
13996,9.640893560947324e-06
13997,1.1398788038460363e-05
13998,9.901718571693991e-06
13999,8.801301594525623e-06
14000,9.804799282565535e-06
14001,1.4981671254877306e-05
14002,8.503783769685729e-06
14003,1.075355678101189e-05
14004,1.335618971823764e-05
14005,1.0433895804699462e-05
14006,1.0414935439835905e-05
14007,1.5343168617186866e-05
14008,1.4615931434197415e-05
14009,9.882082474788552e-06
14010,1.1703533971909157e-05
14011,1.5122385279456825e-05
14012,8.381642699285752e-06
14013,9.885989024162485e-06
14014,2.2662035003498785e-05
14015,1.1078478163378258e-05
14016,1.00595519188609e-05
14017,9.053328994739186e-06
14018,9.21288922684213e-06
14019,1.904844605242491e-05
14020,1.5018572874119711e-05
14021,1.5064160905365333e-05
14022,8.674958738307506e-06
14023,1.9352679759793613e-05
14024,1.16452300893274e-05
14025,9.71769253600263e-06
14026,1.16452300893274e-05
14027,8.381642699285752e-06
14028,8.423577999744469e-06
14029,1.1364417115222792e-05
14030,1.218607892267229e-05
14031,1.144840881813943e-05
14032,1.015245543295525e-05
14033,1.0560123404569157e-05
14034,1.2827488173633713e-05
14035,9.885989024162485e-06
14036,1.0606931434926932e-05
14037,1.6466022828414643e-05
14038,9.46984213922782e-06
14039,1.3771968045980782e-05
14040,9.360000703992135e-06
14041,9.434520593808654e-06
14042,9.076566886993103e-06
14043,9.274351034608919e-06
14044,9.700862731621744e-06
14045,8.98613338073191e-06
14046,1.1398788038460363e-05
14047,4.1352565566707575e-05
14048,1.0347163086799967e-05
14049,1.246725840014532e-05
14050,9.190780516689155e-06
14051,9.593922196304636e-06
14052,1.2523040583816098e-05
14053,6.848318894276419e-06
14054,1.7183740789827546e-05
14055,1.1703085965558177e-05
14056,9.463714720507445e-06
14057,1.504573803720261e-05
14058,8.862252582906677e-06
14059,2.9234093044018885e-05
14060,1.1044881389740348e-05
14061,1.2058786164846864e-05
14062,1.636334540373932e-05
14063,1.0673198845483249e-05
14064,9.582707565010591e-06
14065,1.496927616724693e-05
14066,1.3151648812015483e-05
14067,2.220297734008658e-05
14068,1.4375226044983984e-05
14069,8.674958738307506e-06
14070,1.0523567967782293e-05
14071,2.0511445439534474e-05
14072,1.6748724242100095e-05
14073,1.0743557778205756e-05
14074,9.66366577643837e-06
14075,9.105964578815469e-06
14076,6.674408288524918e-06
14077,1.2364802672537763e-05
14078,1.0739562233243814e-05
14079,1.0008352767091742e-05
14080,1.0266845488968174e-05
14081,7.67957681734087e-06
14082,1.618288080281317e-05
14083,9.855818921322782e-06
14084,1.3091972186581859e-05
14085,1.7147363305212774e-05
14086,1.2113469516883801e-05
14087,9.582707565010591e-06
14088,1.6590412271266976e-05
14089,1.0719318706660731e-05
14090,1.3124703986751003e-05
14091,9.897250846409457e-06
14092,4.131777348036831e-05
14093,1.3638731294397522e-05
14094,5.4608749454719496e-06
14095,9.84128048041037e-06
14096,8.674958738307506e-06
14097,9.967603528957248e-06
14098,1.246725840014532e-05
14099,8.791482199158835e-06
14100,2.0982900134591593e-05
14101,1.2912512215563351e-05
14102,9.149489293946556e-06
14103,9.875238193826672e-06
14104,9.655747257728404e-06
14105,9.885989024162485e-06
14106,1.0925969783681302e-05
14107,1.0719318706660731e-05
14108,1.4129719714562588e-05
14109,9.54736063630183e-06
14110,8.316408602707099e-06
14111,8.927377406965493e-06
14112,8.662385608594642e-06
14113,9.967603528957248e-06
14114,2.1221412299474607e-05
14115,8.969077104345952e-06
14116,9.875238193826672e-06
14117,9.463714720507445e-06
14118,9.908381712638796e-06
14119,8.123339018192422e-06
14120,9.573603815458379e-06
14121,1.313529346607597e-05
14122,1.5453836780714414e-05
14123,1.6780160400169423e-05
14124,1.0804275205124589e-05
14125,1.3836739162347253e-05
14126,1.1518484203629429e-05
14127,9.850440573120747e-06
14128,9.593922196304636e-06
14129,1.0804275205124589e-05
14130,1.7998923101880206e-05
14131,1.0166102663128765e-05
14132,1.0332553080377697e-05
14133,1.916485340381e-05
14134,6.839543975912918e-06
14135,9.365870353764055e-06
14136,8.590149903225016e-06
14137,2.2702136828394508e-05
14138,1.5626569880981603e-05
14139,1.550036040359895e-05
14140,1.0147900018722789e-05
14141,9.86788215339441e-06
14142,9.514281501058351e-06
14143,9.54736063630183e-06
14144,9.646521210851372e-06
14145,1.2032706307433641e-05
14146,1.389877659268725e-05
14147,2.6212460992708117e-05
14148,1.0632560201404219e-05
14149,9.510111211076036e-06
14150,1.0203235324803235e-05
14151,9.63849168571555e-06
14152,9.317540546083008e-06
14153,1.0365859094959847e-05
14154,1.0608279290858941e-05
14155,9.439127771363733e-06
14156,9.271261400480925e-06
14157,1.050537032126487e-05
14158,1.007952052925644e-05
14159,1.3074226847997412e-05
14160,1.072046261837092e-05
14161,2.311055407487999e-05
14162,1.16452300893274e-05
14163,1.00595519188609e-05
14164,1.0598164728847593e-05
14165,1.2002464372649052e-05
14166,9.700862731621744e-06
14167,1.0983549165868838e-05
14168,1.3638731294397522e-05
14169,1.003161474217399e-05
14170,1.612062710610613e-05
14171,1.0044546564286435e-05
14172,1.0641647050221365e-05
14173,2.064785625829243e-05
14174,9.35141338334851e-06
14175,1.6102366101768837e-05
14176,9.746406357827071e-06
14177,1.593452962657111e-05
14178,9.497136086334239e-06
14179,9.667392672126224e-06
14180,9.514281501058351e-06
14181,9.463714720507445e-06
14182,9.562433975323611e-06
14183,1.4220894581788966e-05
14184,1.1048121390319183e-05
14185,1.7260580021809913e-05
14186,1.1520787306445158e-05
14187,9.681320269540957e-06
14188,1.0264489145142471e-05
14189,1.1498732401418236e-05
14190,1.9448175662806815e-05
14191,1.1904958243208149e-05
14192,1.2523040583816098e-05
14193,2.462731552678469e-05
14194,9.514281501058351e-06
14195,1.881092463221683e-05
14196,1.015245543295525e-05
14197,9.087188963134636e-06
14198,1.7941237606421016e-05
14199,8.423577999744469e-06
14200,1.0248059245605469e-05
14201,9.575534257900319e-06
14202,2.2563533544197783e-05
14203,1.672949201629314e-05
14204,1.1594325978611455e-05
14205,8.98613338073191e-06
14206,8.519751819647818e-06
14207,8.503783769685729e-06
14208,6.697958124039644e-06
14209,8.674958738307506e-06
14210,1.3459996259280596e-05
14211,1.3261524197022263e-05
14212,7.4137074395127525e-06
14213,1.16452300893274e-05
14214,6.2180242557229486e-06
14215,1.0323798207862645e-05
14216,9.66366577643837e-06
14217,1.7557904121930953e-05
14218,1.0152000896655648e-05
14219,1.0523880672159554e-05
14220,1.579286262105821e-05
14221,9.885989024162485e-06
14222,2.84316530984397e-05
14223,1.446722507076673e-05
14224,1.322884549397693e-05
14225,6.2180242557229486e-06
14226,1.16452300893274e-05
14227,1.2032706307433641e-05
14228,9.901718571693991e-06
14229,9.399877875532114e-06
14230,1.3369343219473902e-05
14231,1.003161474217399e-05
14232,2.1116850820189488e-05
14233,1.5161442931829424e-05
14234,9.289948335583e-06
14235,7.67957681734087e-06
14236,9.685841526932834e-06
14237,9.289948335583e-06
14238,9.138178963690783e-06
14239,8.381043332545282e-06
14240,1.0637314892586927e-05
14241,1.0637314892586927e-05
14242,1.5122385279456825e-05
14243,9.422703642885622e-06
14244,1.5222107848465297e-05
14245,9.66366577643837e-06
14246,9.076566886993103e-06
14247,9.422703642885622e-06
14248,1.8287305273860643e-05
14249,1.0323798207862645e-05
14250,1.0614819942957108e-05
14251,8.503783769685729e-06
14252,1.1118294444784053e-05
14253,9.723156484921671e-06
14254,8.927377406965493e-06
14255,1.007952052925644e-05
14256,1.16452300893274e-05
14257,7.41912351798847e-06
14258,9.239550899912532e-06
14259,1.0632560201404219e-05
14260,9.289948335583e-06
14261,9.61567250659419e-06
14262,9.83086475285655e-06
14263,9.582707565010591e-06
14264,1.1730922678968424e-05
14265,1.246725840014532e-05
14266,1.2903399410220977e-05
14267,9.422703642885622e-06
14268,1.1048121390319183e-05
14269,1.16452300893274e-05
14270,9.63908308380622e-06
14271,1.00595519188609e-05
14272,8.503783769685729e-06
14273,1.3381641488624728e-05
14274,1.0248059245605469e-05
14275,2.1436264020703855e-05
14276,9.504497492612455e-06
14277,1.004334818679909e-05
14278,1.4679028410673014e-05
14279,4.83650010001436e-06
14280,9.499333526257177e-06
14281,1.5285529315853626e-05
14282,5.4761821839330665e-06
14283,9.967603528957248e-06
14284,1.4884832942543028e-05
14285,9.885989024162485e-06
14286,1.3261524197022263e-05
14287,1.4491912535233908e-05
14288,1.1029448466982983e-05
14289,9.71769253600263e-06
14290,9.63908308380622e-06
14291,1.2523040583816098e-05
14292,9.63908308380622e-06
14293,3.0282267008796762e-05
14294,1.0125618082952907e-05
14295,9.308980804974973e-06
14296,1.1904958243208149e-05
14297,1.4539325197456231e-05
14298,9.568833028344554e-06
14299,1.0719318706660731e-05
14300,1.0637314892586927e-05
14301,4.8712817787507075e-06
14302,2.5405713201298303e-05
14303,0.00013708175678019322
14304,1.1510848380920765e-05
14305,1.0152000896655648e-05
14306,1.1004350244038656e-05
14307,6.697958124039644e-06
14308,8.123339018192422e-06
14309,2.632813486034934e-05
14310,2.2468286987197403e-05
14311,9.10260502471896e-06
14312,2.1284739213319203e-05
14313,1.1355015410120625e-05
14314,8.969077104345952e-06
14315,1.0719318706660731e-05
14316,1.555730115903242e-05
14317,9.582707565010591e-06
14318,1.177697881591642e-05
14319,1.0327811939182512e-05
14320,1.246725840014532e-05
14321,1.5543285376321363e-05
14322,2.117008806300648e-05
14323,1.4331484546796176e-05
14324,5.130241297018611e-06
14325,9.49486225349075e-06
14326,9.875238193826672e-06
14327,9.05804862443082e-06
14328,7.55205999585218e-05
14329,8.80058397664867e-06
14330,1.0241717869620738e-05
14331,2.1181961640833908e-05
14332,1.0103479922825078e-05
14333,9.885989024162485e-06
14334,9.439127771363733e-06
14335,1.4356753940042609e-05
14336,1.1522525439412445e-05
14337,1.9251537450120997e-05
14338,1.5284526215627456e-05
14339,1.353974428103868e-05
14340,7.561639287995618e-05
14341,9.337233669156108e-06
14342,1.2039091181769635e-05
14343,9.63849168571555e-06
14344,1.0846275897866931e-05
14345,1.0673198845483249e-05
14346,9.623776343241303e-06
14347,3.681083109146935e-05
14348,1.864289743915127e-05
14349,1.1904958243208149e-05
14350,9.489074365034779e-06
14351,2.908294178684763e-05
14352,2.0970128288266983e-05
14353,9.54736063630183e-06
14354,1.0323798207862645e-05
14355,1.5254975402569197e-05
14356,9.093273707967679e-06
14357,1.885066550757112e-05
14358,1.1904958243208149e-05
14359,1.605094991163965e-05
14360,9.05804862443082e-06
14361,1.0719318706660731e-05
14362,1.986629436327826e-05
14363,9.873227284104391e-06
14364,1.637866527574835e-05
14365,1.5608089529007567e-05
14366,1.0304389685578956e-05
14367,1.496509995965045e-05
14368,9.63908308380622e-06
14369,1.7225152646187267e-05
14370,1.1029448466982983e-05
14371,2.2231556045953776e-05
14372,1.050537032126487e-05
14373,1.8377791444320352e-05
14374,9.63849168571555e-06
14375,9.875238193826672e-06
14376,6.674408288524918e-06
14377,9.59484738868822e-06
14378,9.63908308380622e-06
14379,1.0727799886620179e-05
14380,9.63849168571555e-06
14381,9.754070560661059e-06
14382,9.63908308380622e-06
14383,1.1029448466982983e-05
14384,1.004334818679909e-05
14385,9.896272091706858e-06
14386,1.0673198845483249e-05
14387,1.007952052925644e-05
14388,1.4981671254877306e-05
14389,1.1029448466982983e-05
14390,1.1498732401418236e-05
14391,1.5805030369046533e-05
14392,9.873227284104391e-06
14393,8.674958738307506e-06
14394,1.1029448466982983e-05
14395,8.791482199158835e-06
14396,1.630787408052725e-05
14397,1.335618971823764e-05
14398,8.92760565575325e-06
14399,1.6682108496819602e-05
14400,0.0002653544867640417
14401,3.2110738499634515e-05
14402,9.510111211076036e-06
14403,1.2903399410220977e-05
14404,1.844053524996656e-05
14405,1.177697881591642e-05
14406,3.3883172424248965e-05
14407,9.105964578815469e-06
14408,1.0160998317039673e-05
14409,1.1048121390319183e-05
14410,1.0550014729632802e-05
14411,8.674958738307506e-06
14412,1.024622844441018e-05
14413,1.5264667190976676e-05
14414,9.007728934627767e-06
14415,1.0323798207862645e-05
14416,1.0923473382729238e-05
14417,1.0552541557124432e-05
14418,2.1897387324837917e-05
14419,1.003161474217399e-05
14420,9.274351034608919e-06
14421,1.0719318706660731e-05
14422,1.024622844441018e-05
14423,8.767473216099917e-06
14424,1.1078478163378258e-05
14425,1.024622844441018e-05
14426,1.1118294444784053e-05
14427,1.0925969783681302e-05
14428,2.629386750215511e-05
14429,1.2402190254246772e-05
14430,9.885989024162485e-06
14431,6.573070578172722e-05
14432,9.879854495037761e-06
14433,9.02497625970319e-06
14434,1.2204527911802652e-05
14435,5.648138520699926e-06
14436,1.0332553080377697e-05
14437,1.1048121390319183e-05
14438,1.1525046325951327e-05
14439,1.2523040583816098e-05
14440,1.0550014729632802e-05
14441,1.7151520870937987e-05
14442,1.1029448466982983e-05
14443,1.1398788038460363e-05
14444,9.434838296707893e-06
14445,1.6289883535386417e-05
14446,1.8165218967084597e-05
14447,1.7803111221100864e-05
14448,8.693169150980948e-06
14449,1.0093258079298354e-05
14450,1.118470439166166e-05
14451,9.244975147240444e-06
14452,1.0248059245605469e-05
14453,1.0598164728847593e-05
14454,1.904699602997813e-05
14455,1.0044546564286435e-05
14456,1.1048121390319183e-05
14457,1.0296113256437114e-05
14458,1.4322440728835879e-05
14459,1.003161474217399e-05
14460,9.434906633416035e-06
14461,1.4988642908593715e-05
14462,1.0558042072649292e-05
14463,9.654870802543586e-06
14464,1.1048121390319183e-05
14465,1.6102366101768837e-05
14466,1.0124193252204173e-05
14467,1.6236260896252547e-05
14468,1.374552916434338e-05
14469,1.3480016202548651e-05
14470,9.855818921322782e-06
14471,0.00010145415006956391
14472,6.848318894276419e-06
14473,9.715239379587256e-06
14474,1.8374790933689325e-05
14475,1.246725840014532e-05
14476,1.4914662407893656e-05
14477,9.71769253600263e-06
14478,7.143238012022981e-05
14479,1.0332553080377697e-05
14480,1.1446736855642405e-05
14481,1.7274037628914495e-05
14482,1.0203235324803235e-05
14483,1.003161474217399e-05
14484,1.0637314892586927e-05
14485,1.0353676433103318e-05
14486,1.0446302870587945e-05
14487,1.0213357406846318e-05
14488,1.0673198845483249e-05
14489,1.0406263609766445e-05
14490,1.206237794957882e-05
14491,1.4706414446636038e-05
14492,1.4497804014879282e-05
14493,1.4400709108074449e-05
14494,1.1048121390319183e-05
14495,1.1029448466982983e-05
14496,1.1029448466982983e-05
14497,9.873227284104391e-06
14498,1.0523880672159554e-05
14499,1.3124703986751003e-05
14500,8.791482199158835e-06
14501,9.723156484921671e-06
14502,9.167046619281176e-06
14503,8.767473216099917e-06
14504,1.6301342023355898e-05
14505,1.2702955705999417e-05
14506,5.648138520699926e-06
14507,1.1118294444784053e-05
14508,1.393901018295803e-05
14509,1.0637314892586927e-05
14510,1.4543057469531642e-05
14511,1.0395100361401984e-05
14512,9.087188963134636e-06
14513,1.3939061380529657e-05
14514,9.98898602574496e-06
14515,9.49242637511871e-06
14516,9.986120975271117e-06
14517,1.1909870126827609e-05
14518,1.0267670007139493e-05
14519,1.6343125915464686e-05
14520,1.6435204876328895e-05
14521,9.053328994739186e-06
14522,1.0248059245605469e-05
14523,1.513046596267872e-05
14524,9.855818921322782e-06
14525,1.0433895804699462e-05
14526,8.74946123010101e-06
14527,9.510111211076036e-06
14528,1.6120207273246525e-05
14529,9.105964578815469e-06
14530,2.2056350463536918e-05
14531,9.575534257900319e-06
14532,3.2850926869849425e-05
14533,1.0161542246783875e-05
14534,1.0637314892586927e-05
14535,1.949667320742563e-05
14536,1.1347282628427675e-05
14537,1.5636133600353898e-05
14538,1.1146827871955544e-05
14539,1.0637314892586927e-05
14540,9.967603528957248e-06
14541,1.3436683153497976e-05
14542,1.002322127836139e-05
14543,1.3565210676210096e-05
14544,1.1048121390319183e-05
14545,1.0637314892586927e-05
14546,1.1637314087886803e-05
14547,1.0637314892586927e-05
14548,1.5974242269962575e-05
14549,1.0637314892586927e-05
14550,1.0637314892586927e-05
14551,9.573603815458379e-06
14552,1.0688941906292139e-05
14553,9.746406357827071e-06
14554,1.313529346607597e-05
14555,1.4473331310271232e-05
14556,1.8357355353810946e-05
14557,9.63849168571555e-06
14558,9.967603528957248e-06
14559,1.844248402148447e-05
14560,1.0719318706660731e-05
14561,1.0637314892586927e-05
14562,1.0581429682234979e-05
14563,1.0304389685578956e-05
14564,1.0637314892586927e-05
14565,1.0327811939182512e-05
14566,1.218607892267229e-05
14567,1.0241717869620738e-05
14568,3.645696375595287e-05
14569,1.8374790933689325e-05
14570,1.1029448466982983e-05
14571,1.246725840014532e-05
14572,9.149489293946556e-06
14573,2.9788186278721814e-05
14574,1.0248059245605469e-05
14575,1.7225152646187267e-05
14576,1.00595519188609e-05
14577,1.1029448466982983e-05
14578,9.339471607813863e-06
14579,1.4706414446636038e-05
14580,1.0248059245605469e-05
14581,9.593922196304636e-06
14582,1.580831612817278e-05
14583,1.904475528436345e-05
14584,9.49242637511871e-06
14585,1.0923473382729238e-05
14586,1.240405310203985e-05
14587,1.1029448466982983e-05
14588,1.618869073773635e-05
14589,9.640893560947324e-06
14590,9.754070560661059e-06
14591,9.05804862443082e-06
14592,1.0296113256437114e-05
14593,9.271261400480925e-06
14594,1.0563899047708251e-05
14595,1.00595519188609e-05
14596,1.4875798373508094e-05
14597,9.423470973731333e-06
14598,1.1029448466982983e-05
14599,1.2058786164846864e-05
14600,1.0688941906292139e-05
14601,1.1029448466982983e-05
14602,1.393901018295803e-05
14603,3.290824635860295e-05
14604,1.2329567591212776e-05
14605,1.750056953574144e-05
14606,1.0637314892586927e-05
14607,9.552202977205576e-06
14608,1.5481660063980822e-05
14609,2.3775474483123387e-05
14610,9.136632654823229e-06
14611,9.71769253600263e-06
14612,2.105092787813091e-05
14613,1.16452300893274e-05
14614,9.076566886993103e-06
14615,1.3205179425053936e-05
14616,9.948291810840633e-06
14617,9.133376089963482e-06
14618,9.244975147240444e-06
14619,9.38851605547499e-06
14620,6.2180242557229486e-06
14621,6.848318894276419e-06
14622,9.471834947220536e-06
14623,1.0579067218970241e-05
14624,9.63849168571555e-06
14625,1.00595519188609e-05
14626,9.897250846409457e-06
14627,1.0327811939182512e-05
14628,1.0606931434926932e-05
14629,1.735917736237485e-05
14630,4.562090315272412e-05
14631,9.74983946570471e-06
14632,3.776144768177515e-05
14633,1.0474522801572617e-05
14634,1.1029448466982983e-05
14635,2.0654512168795214e-05
14636,1.4637748528466378e-05
14637,5.503763776205309e-06
14638,1.142700703995362e-05
14639,1.0093258079298354e-05
14640,8.74946123010101e-06
14641,1.0912632421942477e-05
14642,1.4497804014879282e-05
14643,0.001422624115003421
14644,1.0637853883326657e-05
14645,1.0226947814012442e-05
14646,1.5626569880981603e-05
14647,9.720723507752985e-06
14648,9.741334635875322e-06
14649,2.563747187265721e-05
14650,9.136632654823229e-06
14651,8.423577999744469e-06
14652,2.864981016918539e-05
14653,1.4472157442928997e-05
14654,1.0267670007139493e-05
14655,6.674408288524918e-06
14656,1.963204488430157e-05
14657,1.0637314892586927e-05
14658,9.582707565010591e-06
14659,1.3454042748899266e-05
14660,1.3634565041343432e-05
14661,8.184625832172077e-06
14662,9.685841526932834e-06
14663,1.1274961456994746e-05
14664,2.8863348450394106e-05
14665,9.439127771363733e-06
14666,1.0538603789410964e-05
14667,1.393901018295803e-05
14668,1.3833315687920647e-05
14669,1.393901018295803e-05
14670,1.393901018295803e-05
14671,1.2523040583816098e-05
14672,1.0147900018722789e-05
14673,9.908087847875337e-06
14674,9.685841526932834e-06
14675,8.98613338073191e-06
14676,6.674408288524918e-06
14677,1.2058786164846864e-05
14678,1.975863398533274e-05
14679,9.434520593808654e-06
14680,1.393901018295803e-05
14681,1.618486947963062e-05
14682,6.674408288524918e-06
14683,6.674408288524918e-06
14684,9.661609220236671e-06
14685,5.083288248902827e-06
14686,1.2032706307433641e-05
14687,2.6802630366814057e-05
14688,1.5828209118115614e-05
14689,1.0438800493865949e-05
14690,8.423577999744469e-06
14691,1.0323798207862645e-05
14692,2.9201475513768545e-05
14693,1.0226947814012442e-05
14694,9.685841526932834e-06
14695,7.55205999585218e-05
14696,9.514281501058351e-06
14697,9.105964578815469e-06
14698,1.1048121390319183e-05
14699,9.05804862443082e-06
14700,1.050537032126487e-05
14701,1.1971344261213511e-05
14702,9.640893560947324e-06
14703,1.2290363601419385e-05
14704,2.6711025575674407e-05
14705,9.105964578815469e-06
14706,6.848318894276419e-06
14707,1.2058786164846864e-05
14708,1.480021403885088e-05
14709,1.5300777155390435e-05
14710,9.63908308380622e-06
14711,9.289948335583e-06
14712,1.0365859094959847e-05
14713,1.2058786164846864e-05
14714,1.0719318706660731e-05
14715,1.8377791444320352e-05
14716,9.667713638989134e-06
14717,1.0304389685578956e-05
14718,1.0433895804699462e-05
14719,1.3129050557410667e-05
14720,1.4052213844825474e-05
14721,1.2188787532046804e-05
14722,1.0538603789410964e-05
14723,9.439127771363733e-06
14724,1.4660105087330726e-05
14725,1.3124703986751003e-05
14726,9.873227284104391e-06
14727,2.0654512168795214e-05
14728,9.61567250659419e-06
14729,1.0923473382729238e-05
14730,1.0637314892586927e-05
14731,2.0632122086408398e-05
14732,9.105964578815469e-06
14733,2.8169311470257596e-05
14734,9.754070560661059e-06
14735,8.98613338073191e-06
14736,9.667713638989134e-06
14737,1.0147900018722789e-05
14738,1.612808270933078e-05
14739,1.6080354343549266e-05
14740,9.217894788126734e-06
14741,9.685841526932834e-06
14742,9.105964578815469e-06
14743,9.053328994739186e-06
14744,1.0304389685578956e-05
14745,7.900968631603151e-06
14746,9.190780516689155e-06
14747,8.503783769685729e-06
14748,9.92867238526007e-06
14749,1.5426861113107196e-05
14750,1.133397645810128e-05
14751,4.4392709951615025e-05
14752,1.002322127836139e-05
14753,1.2386260181243683e-05
14754,9.053328994739186e-06
14755,1.5802095178687474e-05
14756,9.510111211076036e-06
14757,9.399491531494186e-06
14758,1.0304389685578956e-05
14759,9.593922196304636e-06
14760,1.0147900018722789e-05
14761,1.9364635329081502e-05
14762,1.9778581481837256e-05
14763,1.8655844121989697e-05
14764,1.0296113256437114e-05
14765,1.0348370002420954e-05
14766,1.0348370002420954e-05
14767,3.6091260513757516e-05
14768,8.966816258866327e-06
14769,1.0147900018722789e-05
14770,1.0925969783681302e-05
14771,1.0147900018722789e-05
14772,1.2058786164846864e-05
14773,9.263821395050691e-06
14774,1.1078478163378258e-05
14775,1.4241301440513292e-05
14776,6.848318894276419e-06
14777,5.104554737346866e-05
14778,9.05804862443082e-06
14779,9.271261400480925e-06
14780,9.850440573120747e-06
14781,1.0673198845483249e-05
14782,1.1352559562756549e-05
14783,9.598517099071531e-06
14784,1.0323798207862645e-05
14785,1.246725840014532e-05
14786,1.00595519188609e-05
14787,2.896456754690405e-05
14788,1.003161474217399e-05
14789,9.855818921322782e-06
14790,1.0923473382729238e-05
14791,1.246725840014532e-05
14792,2.2113069569453483e-05
14793,1.2386260181243683e-05
14794,9.489074365034779e-06
14795,9.489074365034779e-06
14796,1.0896042873277623e-05
14797,1.1033402850550749e-05
14798,9.967603528957248e-06
14799,9.46984213922782e-06
14800,1.35979808343122e-05
14801,1.4777918741938658e-05
14802,1.3553713199137633e-05
14803,1.7151520870937987e-05
14804,1.1048121390319183e-05
14805,1.8374790933689325e-05
14806,9.715239379587256e-06
14807,9.715239379587256e-06
14808,1.1453354286263499e-05
14809,1.1904958243208149e-05
14810,1.1971344261213511e-05
14811,1.0044546564286435e-05
14812,1.5370836397387185e-05
14813,1.0605862121923956e-05
14814,1.589876955083348e-05
14815,1.026734224461449e-05
14816,2.1663044756670523e-05
14817,1.1212693996919311e-05
14818,2.8489231927068982e-05
14819,1.1446736855642405e-05
14820,9.399877875532114e-06
14821,1.075355678101189e-05
14822,1.1072958869998366e-05
14823,9.804799282565535e-06
14824,9.59484738868822e-06
14825,1.1669720289008406e-05
14826,6.848318894276419e-06
14827,1.2386260181243683e-05
14828,1.7151520870937987e-05
14829,1.3261524197022263e-05
14830,1.3261524197022263e-05
14831,1.5742372117024263e-05
14832,1.0719318706660731e-05
14833,1.374552916434338e-05
14834,1.003161474217399e-05
14835,1.0923473382729238e-05
14836,1.750562451043542e-05
14837,1.335618971823764e-05
14838,2.532396145210796e-05
14839,8.75678691026644e-06
14840,1.1605670500538817e-05
14841,9.289948335583e-06
14842,1.695599743901164e-05
14843,9.136632654823229e-06
14844,9.967603528957248e-06
14845,9.593922196304636e-06
14846,9.63849168571555e-06
14847,1.00595519188609e-05
14848,1.22097720902664e-05
14849,1.0711341726803775e-05
14850,9.857833848985988e-06
14851,9.873227284104391e-06
14852,9.873227284104391e-06
14853,1.144840881813943e-05
14854,2.7125242969440566e-05
14855,9.105964578815469e-06
14856,8.74946123010101e-06
14857,1.4880757226953622e-05
14858,9.967603528957248e-06
14859,1.2903399410220977e-05
14860,1.335618971823764e-05
14861,9.896272091706858e-06
14862,9.715239379587256e-06
14863,1.4497804014879282e-05
14864,9.076566886993103e-06
14865,9.076566886993103e-06
14866,9.076566886993103e-06
14867,9.61567250659419e-06
14868,1.4757408966065922e-05
14869,1.1594325978611455e-05
14870,1.8914216486783773e-05
14871,1.896473462834404e-05
14872,1.4329478360446569e-05
14873,9.289948335583e-06
14874,9.623776343241303e-06
14875,8.862252582906677e-06
14876,1.4787779255143705e-05
14877,1.1703085965558177e-05
14878,9.476399044439624e-06
14879,2.768262618972721e-05
14880,1.0474522801572617e-05
14881,1.0470739855513193e-05
14882,9.715239379587256e-06
14883,9.244975147240444e-06
14884,9.63849168571555e-06
14885,1.4354623729130883e-05
14886,1.036451516065504e-05
14887,9.076566886993103e-06
14888,1.3614752123899293e-05
14889,1.0165217108108049e-05
14890,1.6441232140234336e-05
14891,1.394848249966619e-05
14892,9.593922196304636e-06
14893,1.1904958243208149e-05
14894,8.980088304004427e-06
14895,1.4304077471303489e-05
14896,9.562433975323611e-06
14897,8.503783769685729e-06
14898,9.728168383333168e-06
14899,1.4497804014879282e-05
14900,1.6809378575989474e-05
14901,8.423577999744469e-06
14902,2.2690375414785557e-05
14903,1.0103479922825078e-05
14904,1.026734224461449e-05
14905,9.489074365034779e-06
14906,9.63849168571555e-06
14907,2.2698210414854985e-05
14908,1.00595519188609e-05
14909,9.434838296707893e-06
14910,9.882082474788552e-06
14911,1.0558042072649292e-05
14912,9.71769253600263e-06
14913,1.1198169485978185e-05
14914,1.5016861613403058e-05
14915,9.623776343241303e-06
14916,4.713951342834627e-05
14917,8.718459891132496e-05
14918,2.2256406313505632e-05
14919,1.0360425969893026e-05
14920,9.59484738868822e-06
14921,1.015922221366135e-05
14922,1.1398788038460363e-05
14923,9.422703642885622e-06
14924,1.1029448466982983e-05
14925,9.855818921322782e-06
14926,9.422703642885622e-06
14927,9.715239379587256e-06
14928,8.96473375933393e-05
14929,8.862252582906677e-06
14930,1.0812452155678734e-05
14931,1.0348370002420954e-05
14932,1.9803881082127047e-05
14933,1.240405310203985e-05
14934,9.804799282565535e-06
14935,1.562400721846844e-05
14936,8.74946123010101e-06
14937,1.1044881389740348e-05
14938,1.0327811939182512e-05
14939,1.758801143937479e-05
14940,1.904475528436345e-05
14941,8.503783769685729e-06
14942,9.190780516689155e-06
14943,9.809582392541579e-06
14944,1.0395100361401984e-05
14945,9.255426568317661e-06
14946,8.507706948517618e-06
14947,8.674958738307506e-06
14948,8.674958738307506e-06
14949,1.1021942368660868e-05
14950,8.848748200179625e-06
14951,9.289948335583e-06
14952,1.712322704109434e-05
14953,9.080530119703727e-06
14954,1.1703085965558177e-05
14955,1.0470739855513193e-05
14956,1.8024064288422803e-05
14957,9.274351034608919e-06
14958,1.0637314892586927e-05
14959,1.0214365857010876e-05
14960,9.613090796572468e-06
14961,1.2474004358217501e-05
14962,9.63849168571555e-06
14963,9.138178963690783e-06
14964,8.98613338073191e-06
14965,1.6051431030401278e-05
14966,2.1555962042153934e-05
14967,1.3129050557410667e-05
14968,1.0691282150835419e-05
14969,9.995371324642058e-06
14970,1.045648312641421e-05
14971,1.16117097546835e-05
14972,9.263821395050691e-06
14973,1.0166102663128765e-05
14974,9.053328994739186e-06
14975,1.1078478163378258e-05
14976,9.133376089963482e-06
14977,1.045648312641421e-05
14978,2.065904027664481e-05
14979,8.999522573062998e-06
14980,1.0446302870587945e-05
14981,9.908381712638796e-06
14982,9.136632654823229e-06
14983,1.5237836898401792e-05
14984,1.0470739855513193e-05
14985,9.685841526932834e-06
14986,9.86788215339441e-06
14987,1.0598164728847593e-05
14988,9.499333526257177e-06
14989,1.6347908258316492e-05
14990,2.1982413288234718e-05
14991,9.105964578815469e-06
14992,9.149489293946556e-06
14993,9.076566886993103e-06
14994,1.1033402850550749e-05
14995,1.1355015410120625e-05
14996,2.281796073325974e-05
14997,1.1594325978611455e-05
14998,1.0213357406846318e-05
14999,1.0606931434926932e-05
15000,1.0008352767091742e-05
15001,9.655747257728404e-06
15002,9.053328994739186e-06
15003,1.1398788038460363e-05
15004,1.3709067183575391e-05
15005,9.967603528957248e-06
15006,1.0008352767091742e-05
15007,1.0563899047708251e-05
15008,1.2851268277655292e-05
15009,1.1466062986774337e-05
15010,1.0637314892586927e-05
15011,1.028892948360175e-05
15012,1.5841636268422874e-05
15013,1.0394028520652429e-05
15014,1.0673198845483249e-05
15015,3.34052669914508e-05
15016,9.510111211076036e-06
15017,1.1118294444784053e-05
15018,9.63849168571555e-06
15019,9.715239379587256e-06
15020,1.3548321940650198e-05
15021,1.4925492636099778e-05
15022,8.966816258866327e-06
15023,1.3553713199137633e-05
15024,1.003161474217399e-05
15025,9.697915604753337e-06
15026,4.6957045012487496e-05
15027,1.0598164728847593e-05
15028,9.63849168571555e-06
15029,9.855818921322782e-06
15030,9.715239379587256e-06
15031,2.5144766469240925e-05
15032,1.2386260181243683e-05
15033,1.4689732959475856e-05
15034,9.568833028344554e-06
15035,1.0147900018722789e-05
15036,1.1004350244038656e-05
15037,1.353974428103868e-05
15038,1.6157177784661336e-05
15039,9.63908308380622e-06
15040,1.00595519188609e-05
15041,9.263821395050691e-06
15042,6.674408288524918e-06
15043,1.0000952380046262e-05
15044,1.0433895804699462e-05
15045,1.0637314892586927e-05
15046,1.4582188426650504e-05
15047,1.5894093775517374e-05
15048,1.1118294444784053e-05
15049,9.935008023651504e-06
15050,9.076566886993103e-06
15051,9.667392672126224e-06
15052,5.214796080835274e-05
15053,9.875238193826672e-06
15054,2.278916193703729e-05
15055,4.670451762247022e-06
15056,1.0632560201404219e-05
15057,1.0103479922825078e-05
15058,1.0523567967782293e-05
15059,1.2274441446841848e-05
15060,5.8349128277139606e-06
15061,9.63908308380622e-06
15062,3.099407807544768e-05
15063,1.1904958243208149e-05
15064,2.590418295500373e-05
15065,1.0724042150259893e-05
15066,1.3913469607568114e-05
15067,1.0323798207862645e-05
15068,2.9507973492169872e-05
15069,1.0804275205124589e-05
15070,9.63908308380622e-06
15071,9.986120975271117e-06
15072,9.875238193826672e-06
15073,1.2386260181243683e-05
15074,1.5165959612492693e-05
15075,9.690616076324506e-06
15076,1.0304389685578956e-05
15077,1.0724042150259893e-05
15078,9.711597088106313e-06
15079,1.3380833823962436e-05
15080,1.396535951379383e-05
15081,1.2032706307433641e-05
15082,1.246725840014532e-05
15083,1.0739562233243814e-05
15084,5.330244508974136e-06
15085,1.0190781318694255e-05
15086,7.992781377142298e-06
15087,1.0160998317039673e-05
15088,9.489074365034779e-06
15089,1.0044546564286435e-05
15090,1.0711341726803775e-05
15091,8.674958738307506e-06
15092,9.510111211076036e-06
15093,9.920286267500786e-06
15094,5.330244508974136e-06
15095,1.2814222667450663e-05
15096,9.463714720507445e-06
15097,9.49242637511871e-06
15098,9.920286267500786e-06
15099,3.1713612837375444e-05
15100,1.579232832862015e-05
15101,1.0296113256437114e-05
15102,9.138178963690783e-06
15103,8.969077104345952e-06
15104,1.1029448466982983e-05
15105,2.4530282332938672e-05
15106,1.3009235984666043e-05
15107,1.240405310203985e-05
15108,1.174121193020162e-05
15109,1.5616427239831008e-05
15110,8.674958738307506e-06
15111,1.0610711704845131e-05
15112,1.6547971811544305e-05
15113,1.3933104603460307e-05
15114,1.0044546564286435e-05
15115,0.0006045304645622313
15116,1.036236578670301e-05
15117,1.1364417115222792e-05
15118,1.1518484203629429e-05
15119,1.0875680193864348e-05
15120,1.3129050557410667e-05
15121,1.9030782310207262e-05
15122,1.6062533940830677e-05
15123,1.4824397225369699e-05
15124,1.0230917692991568e-05
15125,1.2343742606746031e-05
15126,1.2058786164846864e-05
15127,9.239550899912532e-06
15128,1.619527179998277e-05
15129,1.045648312641421e-05
15130,1.04948502907611e-05
15131,8.674958738307506e-06
15132,9.593922196304636e-06
15133,9.552202977205576e-06
15134,1.1048121390319183e-05
15135,1.0804275205124589e-05
15136,1.0579067218970241e-05
15137,1.0365859094959847e-05
15138,8.832117818009644e-06
15139,4.4158650839285555e-05
15140,1.632756162121019e-05
15141,1.0348370002420954e-05
15142,8.674958738307506e-06
15143,1.4815091240879011e-05
15144,9.948291810840633e-06
15145,1.1518484203629429e-05
15146,1.3913357144609507e-05
15147,1.4571935453946875e-05
15148,1.0296113256437114e-05
15149,1.638803633221034e-05
15150,1.157527985366987e-05
15151,7.612733652181105e-06
15152,1.1146827871955544e-05
15153,1.368621151318285e-05
15154,8.674958738307506e-06
15155,4.191150230361758e-05
15156,1.723461741053332e-05
15157,1.7855099705137034e-05
15158,1.6814996611012353e-05
15159,9.138178963690783e-06
15160,9.875238193826672e-06
15161,1.1861338859021963e-05
15162,0.0001850541964456557
15163,8.92760565575325e-06
15164,8.674958738307506e-06
15165,1.5198664932626588e-05
15166,8.674958738307506e-06
15167,1.0008352767091742e-05
15168,1.0103479922825078e-05
15169,1.0579067218970241e-05
15170,9.499363410106409e-06
15171,1.0213357406846318e-05
15172,1.095599683794571e-05
15173,9.654870802543586e-06
15174,1.5374247764682474e-05
15175,9.582707565010591e-06
15176,1.486154394778068e-05
15177,1.0678217015801007e-05
15178,2.2745309289978096e-05
15179,1.0637314892586927e-05
15180,1.954642384008839e-05
15181,1.0395100361401984e-05
15182,9.076566886993103e-06
15183,1.2032706307433641e-05
15184,2.1529102608128598e-05
15185,9.654870802543586e-06
15186,1.4668195378115432e-05
15187,9.49486225349075e-06
15188,1.280742674021427e-05
15189,9.690616076324506e-06
15190,9.967603528957248e-06
15191,8.785848222579045e-06
15192,9.533867864066155e-06
15193,1.2032706307433641e-05
15194,4.809015283855946e-06
15195,1.1029448466982983e-05
15196,1.7145897076988363e-05
15197,1.8374790933689325e-05
15198,9.271261400480925e-06
15199,1.0837800586025711e-05
15200,9.967603528957248e-06
15201,9.61567250659419e-06
15202,8.966816258866327e-06
15203,5.378770952291919e-06
15204,9.646521210851372e-06
15205,1.916172061593554e-05
15206,2.1912457315571513e-05
15207,1.458770759154933e-05
15208,2.684539722874061e-05
15209,6.674408288524918e-06
15210,9.63849168571555e-06
15211,1.003161474217399e-05
15212,9.244975147240444e-06
15213,1.594081719556699e-05
15214,9.434838296707893e-06
15215,1.2320442818436823e-05
15216,1.3785744469762178e-05
15217,9.053328994739186e-06
15218,1.6360669304907713e-05
15219,1.1518484203629429e-05
15220,1.139810098846653e-05
15221,1.16452300893274e-05
15222,2.457754011451561e-05
15223,9.655747257728404e-06
15224,1.0729831536478351e-05
15225,1.1028616036275543e-05
15226,1.0719318706660731e-05
15227,9.053328994739186e-06
15228,1.4676245630072939e-05
15229,1.6404618907331757e-05
15230,1.5200767589453242e-05
15231,1.0015800834386606e-05
15232,4.84341650690418e-05
15233,1.3851881408346452e-05
15234,1.1072958869998366e-05
15235,1.4412617543268523e-05
15236,1.003161474217399e-05
15237,1.0804275205124589e-05
15238,1.1078478163378258e-05
15239,1.0327374865332602e-05
15240,2.0527002501614626e-05
15241,9.261002864982228e-06
15242,9.690616076324506e-06
15243,1.0395100361401984e-05
15244,1.0304389685578956e-05
15245,1.459189717047608e-05
15246,9.896272091706858e-06
15247,1.240405310203985e-05
15248,1.050537032126487e-05
15249,1.0999490662742042e-05
15250,9.948291810840633e-06
15251,9.582707565010591e-06
15252,9.076566886993103e-06
15253,2.212253716398907e-05
15254,9.317540546083008e-06
15255,1.1355015410120625e-05
15256,1.0804275205124589e-05
15257,2.2678878626931965e-05
15258,9.690616076324506e-06
15259,1.1261317758557567e-05
15260,1.35979808343122e-05
15261,1.9448175662806815e-05
15262,1.6291864489092488e-05
15263,9.685841526932834e-06
15264,9.855818921322782e-06
15265,1.2200790075815032e-05
15266,1.0523880672159554e-05
15267,9.510111211076036e-06
15268,0.0008641315476839983
15269,9.076566886993103e-06
15270,6.848318894276419e-06
15271,9.855818921322782e-06
15272,1.0719318706660731e-05
15273,8.423577999744469e-06
15274,9.217894788126734e-06
15275,9.567382476592197e-06
15276,9.967603528957248e-06
15277,1.1029448466982983e-05
15278,1.4349266686994409e-05
15279,1.7823527279579443e-05
15280,1.0304389685578956e-05
15281,4.025287205798286e-05
15282,1.0226947814012442e-05
15283,1.0296113256437114e-05
15284,1.1029448466982983e-05
15285,1.026734224461449e-05
15286,1.0673198845483249e-05
15287,1.026734224461449e-05
15288,9.289948335583e-06
15289,1.6359107634308158e-05
15290,1.589488126307024e-05
15291,2.2745309289978096e-05
15292,9.967603528957248e-06
15293,1.3261524197022263e-05
15294,9.22237046987849e-06
15295,1.206237794957882e-05
15296,1.1191364040824446e-05
15297,1.0411753129650602e-05
15298,9.289948335583e-06
15299,9.271261400480925e-06
15300,9.149489293946556e-06
15301,9.499363410106409e-06
15302,2.4707966456123212e-05
15303,2.3733609792946218e-05
15304,2.0908164059423307e-05
15305,4.8712817787507075e-06
15306,1.0248059245605469e-05
15307,1.1029448466982983e-05
15308,9.855818921322782e-06
15309,9.746406357827071e-06
15310,9.897250846409457e-06
15311,9.434520593808654e-06
15312,9.879854495037761e-06
15313,2.3306210635690886e-05
15314,9.552202977205576e-06
15315,7.55205999585218e-05
15316,1.2172749545673472e-05
15317,2.565207915230076e-05
15318,2.878524524796532e-05
15319,1.1118294444784053e-05
15320,1.026734224461449e-05
15321,9.754070560661059e-06
15322,1.6285715366535598e-05
15323,2.072976858376535e-05
15324,9.896272091706858e-06
15325,9.149489293946556e-06
15326,1.0323798207862645e-05
15327,2.6876252990304875e-05
15328,9.613090796572468e-06
15329,8.38647689683554e-06
15330,2.6487891566516404e-05
15331,1.1398788038460363e-05
15332,1.9306674101219487e-05
15333,1.4758077084923527e-05
15334,1.0055811583422948e-05
15335,1.5733503000334513e-05
15336,9.654870802543586e-06
15337,9.49242637511871e-06
15338,1.748463545682522e-05
15339,5.378770952291919e-06
15340,9.920286267500786e-06
15341,9.244975147240444e-06
15342,8.674958738307506e-06
15343,1.4287528219388836e-05
15344,1.050537032126487e-05
15345,1.3440697641966732e-05
15346,1.475562760763433e-05
15347,9.593922196304636e-06
15348,1.4291479737298656e-05
15349,9.316842424275981e-06
15350,4.3611711437610585e-05
15351,1.1364417115222792e-05
15352,5.503763776205309e-06
15353,8.674958738307506e-06
15354,1.3860240633433738e-05
15355,1.0066991580100452e-05
15356,1.0365859094959847e-05
15357,1.0923473382729238e-05
15358,1.4354623729130883e-05
15359,7.03903547157095e-06
15360,1.0923473382729238e-05
15361,8.874399124719438e-06
15362,6.984484435447653e-05
15363,9.632499591488105e-06
15364,1.3028090843487292e-05
15365,1.9808594219928743e-05
15366,8.969077104345952e-06
15367,9.613090796572468e-06
15368,9.948291810840633e-06
15369,1.5289436683834237e-05
15370,1.139810098846653e-05
15371,9.105964578815469e-06
15372,1.2498414840399948e-05
15373,9.102414151293753e-06
15374,3.829457419874943e-05
15375,8.30724933669107e-06
15376,1.6225523811216286e-05
15377,8.969077104345952e-06
15378,2.2931773139885932e-05
15379,1.050537032126487e-05
15380,9.530479144825802e-06
15381,9.690616076324506e-06
15382,1.3817754092134961e-05
15383,1.1453354286263499e-05
15384,9.920286267500786e-06
15385,9.804799282565535e-06
15386,9.63849168571555e-06
15387,1.007952052925644e-05
15388,9.38851605547499e-06
15389,9.105964578815469e-06
15390,9.855818921322782e-06
15391,1.5519215693883322e-05
15392,6.674408288524918e-06
15393,1.0248059245605469e-05
15394,1.1317600624029021e-05
15395,1.0414935439835905e-05
15396,9.897250846409457e-06
15397,1.1004350244038656e-05
15398,3.4973885095714384e-05
15399,9.053328994739186e-06
15400,1.0874654466644864e-05
15401,1.4497804014879282e-05
15402,1.0438800493865949e-05
15403,9.597929014891506e-06
15404,1.0560123404569157e-05
15405,1.0633902373928431e-05
15406,1.4875798373508094e-05
15407,1.0369786528028124e-05
15408,1.7050597247284056e-05
15409,9.289948335583e-06
15410,1.7221566842573507e-05
15411,5.958660409982285e-06
15412,1.491520651840131e-05
15413,1.8803125010389728e-05
15414,8.590149903225016e-06
15415,2.032207125171268e-05
15416,1.0008352767091742e-05
15417,1.2447262700099505e-05
15418,1.1218005877214256e-05
15419,8.966816258866327e-06
15420,9.493588591525832e-06
15421,1.0606931434926932e-05
15422,1.0608279290858941e-05
15423,9.967603528957248e-06
15424,1.0327811939182512e-05
15425,1.0660709689367653e-05
15426,1.0817996061144057e-05
15427,9.504497492612455e-06
15428,1.353974428103868e-05
15429,1.0044546564286435e-05
15430,1.2014488905968804e-05
15431,9.316842424275981e-06
15432,1.3022978431850824e-05
15433,2.8238298941460175e-05
15434,5.378770952291919e-06
15435,1.885439863754783e-05
15436,1.859286391720135e-05
15437,8.693169150980948e-06
15438,1.2039091181769635e-05
15439,1.1398788038460363e-05
15440,1.4536318010991189e-05
15441,1.705456106805837e-05
15442,5.719452102397601e-05
15443,1.5815457169448613e-05
15444,1.007952052925644e-05
15445,1.1517190344352242e-05
15446,1.0320122706611893e-05
15447,1.00595519188609e-05
15448,1.1048121390319183e-05
15449,7.4137074395127525e-06
15450,3.8083604269831304e-05
15451,9.46984213922782e-06
15452,1.0152000896655648e-05
15453,1.1637314087886803e-05
15454,9.575534257900319e-06
15455,9.316842424275981e-06
15456,1.3858563330244169e-05
15457,1.864692121585877e-05
15458,1.0348370002420954e-05
15459,9.105964578815469e-06
15460,9.670155646245056e-06
15461,9.359950071151196e-06
15462,9.897250846409457e-06
15463,1.003161474217399e-05
15464,1.1501717303104965e-05
15465,8.674958738307506e-06
15466,1.0633902373928431e-05
15467,2.3362468668344037e-05
15468,1.2058786164846864e-05
15469,1.2702955705999417e-05
15470,1.0395100361401984e-05
15471,1.0896042873277623e-05
15472,8.444617015338625e-06
15473,1.0739562233243814e-05
15474,9.632499591488105e-06
15475,9.715239379587256e-06
15476,2.1168596787440573e-05
15477,1.3913469607568114e-05
15478,2.9073247920694988e-05
15479,9.007728934627767e-06
15480,1.5009436704667757e-05
15481,1.6780160400169423e-05
15482,9.21288922684213e-06
15483,1.246725840014532e-05
15484,9.920286267500786e-06
15485,1.0804275205124589e-05
15486,9.163730894583565e-06
15487,9.593922196304636e-06
15488,1.1594325978611455e-05
15489,1.5514785273347136e-05
15490,9.593922196304636e-06
15491,9.61567250659419e-06
15492,1.0446302870587945e-05
15493,9.317540546083008e-06
15494,9.91480548679001e-06
15495,2.3145150454708353e-05
15496,4.8529537424025084e-05
15497,8.674958738307506e-06
15498,0.0015464216086262142
15499,1.2529614893840324e-05
15500,9.715239379587256e-06
15501,8.74946123010101e-06
15502,1.0323798207862645e-05
15503,1.0323798207862645e-05
15504,1.5517328910970838e-05
15505,9.149489293946556e-06
15506,1.0055811583422948e-05
15507,1.6021993338595455e-05
15508,1.4362661394807078e-05
15509,9.187772221265003e-06
15510,8.709456420603492e-06
15511,1.3771968045980782e-05
15512,1.0347163086799967e-05
15513,1.1688562715396724e-05
15514,1.0875680193864348e-05
15515,9.339471607813863e-06
15516,1.0923473382729238e-05
15517,1.623489811307831e-05
15518,2.6988524328622512e-05
15519,6.674408288524918e-06
15520,1.0538603789410964e-05
15521,1.6367024739642573e-05
15522,1.0637314892586927e-05
15523,9.22237046987849e-06
15524,6.748655461927539e-05
15525,1.7364649684652795e-05
15526,1.4976506898107361e-05
15527,1.0147900018722789e-05
15528,8.8687787159733e-06
15529,9.244975147240444e-06
15530,9.920286267500786e-06
15531,1.4637748528466378e-05
15532,8.966816258866327e-06
15533,9.715239379587256e-06
15534,1.1398788038460363e-05
15535,1.4570992023084678e-05
15536,1.1004350244038656e-05
15537,1.5184948247260609e-05
15538,1.145795212043991e-05
15539,2.6504435748818846e-05
15540,1.036451516065504e-05
15541,9.322330495343925e-06
15542,1.0213357406846318e-05
15543,9.22237046987849e-06
15544,9.967603528957248e-06
15545,1.8179373669433595e-05
15546,1.884230618509073e-05
15547,1.2032706307433641e-05
15548,1.1264946510566966e-05
15549,6.674408288524918e-06
15550,1.1212693996919311e-05
15551,4.9210260826821295e-06
15552,1.0998759080324583e-05
15553,9.855818921322782e-06
15554,1.0152000896655648e-05
15555,1.4689732959475856e-05
15556,8.674958738307506e-06
15557,1.514400977728133e-05
15558,1.0438800493865949e-05
15559,1.6891441861349293e-05
15560,1.1118294444784053e-05
15561,1.2329567591212776e-05
15562,1.1261317758557567e-05
15563,9.855818921322782e-06
15564,1.2471974345926728e-05
15565,8.184625832172077e-06
15566,1.5284526215627456e-05
15567,1.1453354286263499e-05
15568,9.723156484921671e-06
15569,1.0296113256437114e-05
15570,1.026734224461449e-05
15571,1.2314002950744122e-05
15572,1.2058786164846864e-05
15573,2.4095671501567193e-05
15574,2.509809661973157e-05
15575,4.83650010001436e-06
15576,1.5626569880981603e-05
15577,2.3295296676236874e-05
15578,8.709456420603492e-06
15579,1.0044546564286435e-05
15580,1.3261524197022263e-05
15581,1.5451244802070567e-05
15582,1.0348370002420954e-05
15583,9.855818921322782e-06
15584,9.160660304796132e-06
15585,1.0523567967782293e-05
15586,2.0981822900798235e-05
15587,9.138178963690783e-06
15588,1.0608279290858941e-05
15589,9.239550899912532e-06
15590,1.4637748528466378e-05
15591,1.2058786164846864e-05
15592,9.317540546083008e-06
15593,1.9689941140188616e-05
15594,9.602412096067947e-06
15595,1.7471432081095135e-05
15596,1.646705054406589e-05
15597,1.4716430378643245e-05
15598,1.0348370002420954e-05
15599,6.674408288524918e-06
15600,1.1355015410120625e-05
15601,9.49242637511871e-06
15602,9.901718571693991e-06
15603,8.674958738307506e-06
15604,2.0466440393669124e-05
15605,1.1198169485978185e-05
15606,2.687888188792614e-05
15607,1.0598164728847593e-05
15608,1.0689881014854909e-05
15609,1.0896042873277623e-05
15610,1.16117097546835e-05
15611,1.0896042873277623e-05
15612,1.559522266318491e-05
15613,1.16117097546835e-05
15614,8.500037448077862e-06
15615,1.0896042873277623e-05
15616,1.4497804014879282e-05
15617,1.5572508930328404e-05
15618,2.547307704455743e-05
15619,1.0678217015801007e-05
15620,8.862252582906677e-06
15621,1.0147900018722789e-05
15622,1.1029448466982983e-05
15623,1.0846275897866931e-05
15624,1.4019628275567333e-05
15625,9.504497492612455e-06
15626,1.1029448466982983e-05
15627,1.0474522801572617e-05
15628,9.967603528957248e-06
15629,1.1904958243208149e-05
15630,1.1029448466982983e-05
15631,9.715239379587256e-06
15632,3.248830703006502e-05
15633,9.715239379587256e-06
15634,9.582707565010591e-06
15635,2.4241307504706235e-05
15636,1.1028616036275543e-05
15637,1.0739562233243814e-05
15638,1.0896042873277623e-05
15639,2.3127467559953632e-05
15640,1.0896042873277623e-05
15641,9.339471607813863e-06
15642,9.879854495037761e-06
15643,1.024622844441018e-05
15644,4.8712817787507075e-06
15645,1.4999825962729682e-05
15646,1.1028616036275543e-05
15647,9.160660304796132e-06
15648,2.1053988326264178e-05
15649,7.916481966791899e-06
15650,1.4344974638865779e-05
15651,2.3637972669890894e-05
15652,1.004334818679909e-05
15653,9.754070560661059e-06
15654,1.144840881813943e-05
15655,1.0044546564286435e-05
15656,1.584887852931078e-05
15657,7.829570628495094e-06
15658,1.5702220378350232e-05
15659,1.2274441446841848e-05
15660,1.1538865961995837e-05
15661,2.116101636430487e-05
15662,8.98613338073191e-06
15663,1.7151520870937987e-05
15664,1.7087238983230375e-05
15665,9.582707565010591e-06
15666,9.720723507752985e-06
15667,2.785505818139119e-05
15668,2.0313506567574248e-05
15669,9.317540546083008e-06
15670,1.2039091181769635e-05
15671,9.05804862443082e-06
15672,1.0213357406846318e-05
15673,1.7151520870937987e-05
15674,1.4955266130795642e-05
15675,1.0874654466644864e-05
15676,9.138178963690783e-06
15677,1.0896042873277623e-05
15678,2.9796752416579756e-05
15679,1.5997410149585444e-05
15680,9.136632654823229e-06
15681,1.1028616036275543e-05
15682,1.4875798373508094e-05
15683,9.765976734099317e-06
15684,8.423577999744469e-06
15685,1.1078478163378258e-05
15686,2.0001756424559095e-05
15687,1.0347163086799967e-05
15688,1.353974428103868e-05
15689,1.898961626650038e-05
15690,9.967603528957248e-06
15691,2.602359218732416e-05
15692,9.63849168571555e-06
15693,1.0523880672159554e-05
15694,9.63849168571555e-06
15695,9.136632654823229e-06
15696,9.593922196304636e-06
15697,9.136632654823229e-06
15698,1.0226947814012442e-05
15699,1.2058786164846864e-05
15700,1.0369786528028124e-05
15701,9.986120975271117e-06
15702,1.4875798373508094e-05
15703,9.690616076324506e-06
15704,1.015245543295525e-05
15705,9.582707565010591e-06
15706,7.539427216586595e-05
15707,9.920286267500786e-06
15708,1.1029448466982983e-05
15709,1.3261524197022263e-05
15710,1.246725840014532e-05
15711,1.1029448466982983e-05
15712,1.723461741053332e-05
15713,1.1398788038460363e-05
15714,1.4375226044983984e-05
15715,1.2386260181243683e-05
15716,9.080530119703727e-06
15717,1.2204527911802652e-05
15718,1.353974428103868e-05
15719,9.598517099071531e-06
15720,9.582707565010591e-06
15721,1.1029448466982983e-05
15722,1.1909870126827609e-05
15723,9.582707565010591e-06
15724,1.16452300893274e-05
15725,1.0241717869620738e-05
15726,9.138178963690783e-06
15727,1.0693114032578455e-05
15728,8.503783769685729e-06
15729,1.3074226847997412e-05
15730,1.0637314892586927e-05
15731,9.317540546083008e-06
15732,1.246725840014532e-05
15733,4.8712817787507075e-06
15734,1.1029448466982983e-05
15735,9.422703642885622e-06
15736,9.54736063630183e-06
15737,1.9857278428953426e-05
15738,9.190780516689155e-06
15739,8.75678691026644e-06
15740,1.0678217015801007e-05
15741,1.0711341726803775e-05
15742,9.215423587209066e-06
15743,8.709456420603492e-06
15744,1.0015800834386606e-05
15745,9.133376089963482e-06
15746,1.6275059876217922e-05
15747,3.1639889759141026e-05
15748,1.1453354286263499e-05
15749,5.883896359730348e-06
15750,6.848318894276419e-06
15751,4.030389449727905e-05
15752,1.2060090925782294e-05
15753,6.69208392402091e-05
15754,1.0394028520652429e-05
15755,8.785848222579045e-06
15756,6.674408288524918e-06
15757,9.61567250659419e-06
15758,9.935008023651504e-06
15759,1.5281703334734293e-05
15760,2.064618384009008e-05
15761,1.0431697154592477e-05
15762,9.215423587209066e-06
15763,1.9755177333994433e-05
15764,1.0986418995693328e-05
15765,1.0693114032578455e-05
15766,1.524994543482596e-05
15767,1.2427372695042272e-05
15768,1.16452300893274e-05
15769,1.5684624353427632e-05
15770,1.6447766254521694e-05
15771,9.920286267500786e-06
15772,9.804799282565535e-06
15773,5.3726521577241046e-05
15774,9.920286267500786e-06
15775,4.809015283855946e-06
15776,1.0433895804699462e-05
15777,1.2529614893840324e-05
15778,9.956974897762962e-06
15779,1.0414935439835905e-05
15780,1.1518484203629429e-05
15781,6.674408288524918e-06
15782,1.0055811583422948e-05
15783,9.61567250659419e-06
15784,9.804799282565535e-06
15785,2.4010663714526504e-05
15786,1.1029448466982983e-05
15787,1.7151520870937987e-05
15788,1.5770325590231815e-05
15789,8.801301594525623e-06
15790,1.1261317758557567e-05
15791,1.1498732401418236e-05
15792,9.365870353764055e-06
15793,7.600365966764404e-06
15794,9.920286267500786e-06
15795,1.0360425969893026e-05
15796,9.697915604753337e-06
15797,9.967603528957248e-06
15798,1.1398788038460363e-05
15799,1.1261317758557567e-05
15800,1.0610711704845131e-05
15801,9.920286267500786e-06
15802,1.0008352767091742e-05
15803,1.5053137921277866e-05
15804,1.0470739855513193e-05
15805,1.00595519188609e-05
15806,9.582707565010591e-06
15807,1.2058786164846864e-05
15808,9.339471607813863e-06
15809,1.4420450643375854e-05
15810,1.1398788038460363e-05
15811,1.061481761300295e-05
15812,1.0267670007139493e-05
15813,5.648138520699926e-06
15814,9.667713638989134e-06
15815,1.0213357406846318e-05
15816,9.597929014891506e-06
15817,1.3760618421971083e-05
15818,9.667713638989134e-06
15819,1.5821871725321603e-05
15820,1.764650983070989e-05
15821,9.86788215339441e-06
15822,8.98613338073191e-06
15823,1.1078478163378258e-05
15824,9.514281501058351e-06
15825,9.700862731621744e-06
15826,1.1317600624029021e-05
15827,8.832117818009644e-06
15828,1.0160998317039673e-05
15829,3.18990221680302e-05
15830,1.1398788038460363e-05
15831,8.832117818009644e-06
15832,8.966816258866327e-06
15833,1.246725840014532e-05
15834,1.0637314892586927e-05
15835,8.674958738307506e-06
15836,9.552202977205576e-06
15837,1.00595519188609e-05
15838,1.3357754457336179e-05
15839,8.693169150980948e-06
15840,8.927377406965493e-06
15841,5.378770952291919e-06
15842,1.3872086091056015e-05
15843,9.655747257728404e-06
15844,9.05804862443082e-06
15845,9.700862731621744e-06
15846,1.0688941906292139e-05
15847,1.1118294444784053e-05
15848,9.575534257900319e-06
15849,9.66366577643837e-06
15850,9.136632654823229e-06
15851,9.875238193826672e-06
15852,9.700862731621744e-06
15853,9.804799282565535e-06
15854,1.4041000778144147e-05
15855,5.981685491109284e-06
15856,9.920286267500786e-06
15857,1.455037821058291e-05
15858,7.339467179434362e-05
15859,1.4900401224719122e-05
15860,2.2874198642974955e-05
15861,9.897250846409457e-06
15862,8.503783769685729e-06
15863,9.360000703992135e-06
15864,2.0983154299693152e-05
15865,1.026734224461449e-05
15866,8.966816258866327e-06
15867,1.4927700779634501e-05
15868,1.1198169485978185e-05
15869,9.394769817727571e-06
15870,9.394769817727571e-06
15871,8.98613338073191e-06
15872,9.681320269540957e-06
15873,1.1398788038460363e-05
15874,7.626497534231592e-06
15875,1.5090170894581509e-05
15876,9.244975147240444e-06
15877,8.92760565575325e-06
15878,4.9434392545113935e-05
15879,9.569620684438151e-06
15880,9.63849168571555e-06
15881,9.422703642885622e-06
15882,9.160660304796132e-06
15883,1.0433895804699462e-05
15884,1.0875680193864348e-05
15885,1.003161474217399e-05
15886,1.00595519188609e-05
15887,9.692531080188252e-06
15888,1.0896042873277623e-05
15889,1.1355015410120625e-05
15890,1.6102366101768837e-05
15891,1.00595519188609e-05
15892,9.63849168571555e-06
15893,1.2058786164846864e-05
15894,1.3348394245257142e-05
15895,9.499363410106409e-06
15896,2.1059234580080637e-05
15897,1.0008352767091742e-05
15898,1.3903764747091867e-05
15899,1.0264489145142471e-05
15900,9.463714720507445e-06
15901,1.0632560201404219e-05
15902,6.2180242557229486e-06
15903,1.9755177333994433e-05
15904,9.476399044439624e-06
15905,1.0348370002420954e-05
15906,9.779141176581009e-06
15907,9.66366577643837e-06
15908,8.98613338073191e-06
15909,9.569620684438151e-06
15910,9.317540546083008e-06
15911,1.2184503234008396e-05
15912,9.866856785287496e-06
15913,9.593922196304636e-06
15914,1.004334818679909e-05
15915,1.3664444591909596e-05
15916,9.593922196304636e-06
15917,1.0438800493865949e-05
15918,9.463714720507445e-06
15919,1.0103479922825078e-05
15920,1.5305849818546117e-05
15921,1.565591053160319e-05
15922,1.1662447462823872e-05
15923,9.255426568317661e-06
15924,1.1118294444784053e-05
15925,1.2523040583816098e-05
15926,1.0323798207862645e-05
15927,1.0369786528028124e-05
15928,9.167046619281176e-06
15929,9.567382476592197e-06
15930,1.2058786164846864e-05
15931,1.526574119480843e-05
15932,1.0015800834386606e-05
15933,1.0639045552312857e-05
15934,2.4065918624954917e-05
15935,1.0610711704845131e-05
15936,1.1048121390319183e-05
15937,1.1446736855642405e-05
15938,9.875238193826672e-06
15939,7.897545990898279e-05
15940,9.967603528957248e-06
15941,1.0327374865332602e-05
15942,9.63908308380622e-06
15943,1.0152000896655648e-05
15944,1.1029448466982983e-05
15945,9.076566886993103e-06
15946,7.916481966791899e-06
15947,1.16452300893274e-05
15948,1.745088150359887e-05
15949,2.4634364100660586e-05
15950,9.582707565010591e-06
15951,9.875238193826672e-06
15952,1.015245543295525e-05
15953,1.1004350244038656e-05
15954,9.37368426311911e-06
15955,1.1446736855642405e-05
15956,4.561310528118881e-06
15957,9.967603528957248e-06
15958,2.748670828749693e-05
15959,1.4986794067898826e-05
15960,9.100911172186245e-06
15961,2.6802964997331275e-05
15962,1.5608089529007567e-05
15963,2.6426301225653363e-05
15964,2.9176113058791204e-05
15965,8.813491425659442e-06
15966,1.7831464028695882e-05
15967,8.674958738307506e-06
15968,9.715239379587256e-06
15969,9.138178963690783e-06
15970,2.1371039104187386e-05
15971,1.2314002950744122e-05
15972,1.003161474217399e-05
15973,9.655747257728404e-06
15974,1.0165217108108049e-05
15975,1.0605862121923956e-05
15976,9.255411106325404e-06
15977,9.882082474788552e-06
15978,1.7095063807555585e-05
15979,1.177697881591642e-05
15980,9.05804862443082e-06
15981,9.49486225349075e-06
15982,1.0875680193864348e-05
15983,9.593922196304636e-06
15984,1.5506235980749515e-05
15985,1.0719318706660731e-05
15986,1.0673198845483249e-05
15987,1.0719318706660731e-05
15988,9.59484738868822e-06
15989,9.715239379587256e-06
15990,1.1104152863120281e-05
15991,1.16452300893274e-05
15992,1.2274441446841848e-05
15993,8.503783769685729e-06
15994,1.9144476504878776e-05
15995,0.0002684987411623417
15996,3.36776953015677e-05
15997,1.0008352767091742e-05
15998,8.143436574999355e-06
15999,9.694972666057905e-06
16000,1.0332553080377697e-05
16001,1.5763433646751047e-05
16002,1.1347282628427675e-05
16003,9.217894788126734e-06
16004,2.058509384630115e-05
16005,2.4625302174953756e-05
16006,8.709456420603492e-06
16007,8.709456420603492e-06
16008,1.5301781787640313e-05
16009,1.947817872902909e-05
16010,9.804799282565535e-06
16011,1.5269006696303423e-05
16012,9.855818921322782e-06
16013,1.144840881813943e-05
16014,2.8949647612796767e-05
16015,1.1472193815383008e-05
16016,9.053328994739186e-06
16017,1.727917949105265e-05
16018,1.0558042072649292e-05
16019,1.4637748528466378e-05
16020,9.92867238526007e-06
16021,1.0394028520652429e-05
16022,9.63849168571555e-06
16023,9.715239379587256e-06
16024,1.139810098846653e-05
16025,1.471897656974339e-05
16026,9.74983946570471e-06
16027,1.1029448466982983e-05
16028,1.0896042873277623e-05
16029,1.1355015410120625e-05
16030,9.908381712638796e-06
16031,1.6736164200700366e-05
16032,1.3408151893006647e-05
16033,9.654870802543586e-06
16034,9.190780516689155e-06
16035,9.882082474788552e-06
16036,1.050537032126487e-05
16037,1.1029448466982983e-05
16038,2.8963073334760492e-05
16039,9.948291810840633e-06
16040,1.5254975402569197e-05
16041,1.024622844441018e-05
16042,1.0913824677056616e-05
16043,9.49242637511871e-06
16044,1.1904958243208149e-05
16045,1.0264489145142471e-05
16046,9.076566886993103e-06
16047,1.0347163086799967e-05
16048,1.009278174243314e-05
16049,9.080530119703727e-06
16050,1.0147900018722789e-05
16051,6.848318894276419e-06
16052,1.0296113256437114e-05
16053,1.1118294444784053e-05
16054,8.720501904768429e-06
16055,9.967603528957248e-06
16056,1.036451516065504e-05
16057,2.0346993917721324e-05
16058,9.804799282565535e-06
16059,9.655747257728404e-06
16060,2.602359218732416e-05
16061,1.2386260181243683e-05
16062,9.105964578815469e-06
16063,6.674408288524918e-06
16064,9.861512805350344e-06
16065,1.0804275205124589e-05
16066,1.1191364040824446e-05
16067,1.00595519188609e-05
16068,1.246725840014532e-05
16069,1.0008352767091742e-05
16070,1.5805030369046533e-05
16071,1.0523567967782293e-05
16072,9.63849168571555e-06
16073,9.593922196304636e-06
16074,1.6309952876958838e-05
16075,1.1029448466982983e-05
16076,1.0165217108108049e-05
16077,9.620803812354212e-06
16078,1.052641146073085e-05
16079,9.46984213922782e-06
16080,1.723461741053332e-05
16081,1.1029448466982983e-05
16082,9.793412700163626e-06
16083,1.0152000896655648e-05
16084,1.0008352767091742e-05
16085,9.715239379587256e-06
16086,1.3261524197022263e-05
16087,9.149489293946556e-06
16088,1.1317600624029021e-05
16089,6.674408288524918e-06
16090,8.98613338073191e-06
16091,1.1029448466982983e-05
16092,1.1538865961995837e-05
16093,9.569620684438151e-06
16094,2.044974021649513e-05
16095,8.813491425659442e-06
16096,1.0563899047708251e-05
16097,1.9509482832551778e-05
16098,1.353974428103868e-05
16099,6.674408288524918e-06
16100,1.6630144707014348e-05
16101,9.967603528957248e-06
16102,6.674408288524918e-06
16103,8.862252582906677e-06
16104,1.1905788186692852e-05
16105,8.966816258866327e-06
16106,8.881599773114271e-06
16107,1.1078478163378258e-05
16108,9.102414151293753e-06
16109,1.2702955705999417e-05
16110,9.700862731621744e-06
16111,1.0739562233243814e-05
16112,9.562433975323611e-06
16113,9.21288922684213e-06
16114,1.0431697154592477e-05
16115,1.7308700528105408e-05
16116,1.240405310203985e-05
16117,9.593922196304636e-06
16118,1.6630144707014348e-05
16119,6.674408288524918e-06
16120,1.3840740283604646e-05
16121,6.674408288524918e-06
16122,9.811995885297593e-06
16123,9.577104748675804e-06
16124,1.7014019873671265e-05
16125,1.004334818679909e-05
16126,1.0147900018722789e-05
16127,9.562433975323611e-06
16128,1.587184731540622e-05
16129,9.59484738868822e-06
16130,1.246725840014532e-05
16131,1.0332553080377697e-05
16132,9.63849168571555e-06
16133,9.63849168571555e-06
16134,1.8691111883595248e-05
16135,1.1212693996919311e-05
16136,1.1398788038460363e-05
16137,6.674408288524918e-06
16138,1.7224147089026512e-05
16139,1.2795788404948052e-05
16140,1.0452836128321915e-05
16141,1.3074226847997412e-05
16142,1.2983840407783428e-05
16143,1.1044881389740348e-05
16144,8.98613338073191e-06
16145,1.723461741053332e-05
16146,9.715239379587256e-06
16147,8.503783769685729e-06
16148,1.0637314892586927e-05
16149,8.832117818009644e-06
16150,1.00595519188609e-05
16151,0.00028494074423963137
16152,9.582707565010591e-06
16153,8.709456420603492e-06
16154,1.2523040583816098e-05
16155,1.0147900018722789e-05
16156,1.8395161695345843e-05
16157,1.2058786164846864e-05
16158,1.0323798207862645e-05
16159,1.5264667190976676e-05
16160,1.2058786164846864e-05
16161,2.197910302020427e-05
16162,9.46984213922782e-06
16163,1.6919243010219947e-05
16164,1.1498732401418236e-05
16165,9.777263074180927e-06
16166,1.2032706307433641e-05
16167,1.2386260181243683e-05
16168,9.582707565010591e-06
16169,8.581433595633865e-05
16170,1.9469029130071947e-05
16171,1.0523567967782293e-05
16172,9.46984213922782e-06
16173,1.3022978431850824e-05
16174,8.709456420603492e-06
16175,1.5519215693883322e-05
16176,1.2032706307433641e-05
16177,9.723156484921671e-06
16178,9.593922196304636e-06
16179,2.148337809670266e-05
16180,1.1118294444784053e-05
16181,9.582707565010591e-06
16182,1.144840881813943e-05
16183,1.4891121582819415e-05
16184,1.1398788038460363e-05
16185,2.2483783757975605e-05
16186,8.966816258866327e-06
16187,1.71643651806952e-05
16188,9.514281501058351e-06
16189,1.3913469607568114e-05
16190,9.221294298458603e-06
16191,9.754070560661059e-06
16192,8.966816258866327e-06
16193,1.0394028520652429e-05
16194,9.146542499755883e-06
16195,8.251292371225482e-06
16196,8.674958738307506e-06
16197,9.510111211076036e-06
16198,1.0053411756575844e-05
16199,1.0055811583422948e-05
16200,1.177697881591642e-05
16201,2.4220081572633094e-05
16202,9.640893560947324e-06
16203,9.723156484921671e-06
16204,1.2039091181769635e-05
16205,1.0190781318694255e-05
16206,1.6958394923499782e-05
16207,9.575534257900319e-06
16208,1.2032706307433641e-05
16209,9.754070560661059e-06
16210,9.63849168571555e-06
16211,9.552202977205576e-06
16212,9.655747257728404e-06
16213,2.135869198057925e-05
16214,9.725920108296228e-06
16215,1.5637827407001667e-05
16216,1.1146827871955544e-05
16217,2.740174835294163e-05
16218,9.610210116740116e-06
16219,9.967603528957248e-06
16220,1.202373727588023e-05
16221,9.623776343241303e-06
16222,8.74946123010101e-06
16223,9.158656342036634e-06
16224,1.206237794957882e-05
16225,1.0008352767091742e-05
16226,1.202373727588023e-05
16227,9.02497625970319e-06
16228,1.0044546564286435e-05
16229,8.98613338073191e-06
16230,1.7131503470236184e-05
16231,1.3565210676210096e-05
16232,6.848318894276419e-06
16233,9.956974897762962e-06
16234,1.3565210676210096e-05
16235,1.3628460579573354e-05
16236,1.7321021483771914e-05
16237,1.0296113256437114e-05
16238,8.918825550472759e-06
16239,1.849007089085616e-05
16240,9.439127771363733e-06
16241,1.5843962505450122e-05
16242,1.1078478163378258e-05
16243,1.5384020512826318e-05
16244,1.4299732377467465e-05
16245,9.967603528957248e-06
16246,1.674670938978961e-05
16247,1.0323798207862645e-05
16248,1.1518484203629429e-05
16249,1.767618111546235e-05
16250,1.5414261774959685e-05
16251,8.503783769685729e-06
16252,9.593922196304636e-06
16253,9.875238193826672e-06
16254,1.0843496492548735e-05
16255,1.4497804014879282e-05
16256,2.6180889895328786e-05
16257,1.4069441175704683e-05
16258,1.0673198845483249e-05
16259,1.2204527911802652e-05
16260,1.62792354432099e-05
16261,1.0008352767091742e-05
16262,1.1029448466982983e-05
16263,1.2032706307433641e-05
16264,1.16117097546835e-05
16265,1.024622844441018e-05
16266,1.2032706307433641e-05
16267,1.246725840014532e-05
16268,1.3124703986751003e-05
16269,1.0693114032578455e-05
16270,1.2386260181243683e-05
16271,1.0671494317199332e-05
16272,9.394769817727571e-06
16273,9.754070560661059e-06
16274,1.2912512215563351e-05
16275,9.434906633416035e-06
16276,2.5406151444036524e-05
16277,9.255411106325404e-06
16278,8.709456420603492e-06
16279,1.0983549165868838e-05
16280,1.1029448466982983e-05
16281,1.1029448466982983e-05
16282,8.785848222579045e-06
16283,1.7859753370188133e-05
16284,8.98613338073191e-06
16285,8.999522573062998e-06
16286,1.16452300893274e-05
16287,2.434738639025683e-05
16288,9.63849168571555e-06
16289,1.1498732401418236e-05
16290,1.00758020558691e-05
16291,1.7227169001273323e-05
16292,9.646521210851372e-06
16293,1.2058786164846864e-05
16294,2.775837579583331e-05
16295,9.399491531494186e-06
16296,1.1029448466982983e-05
16297,9.582707565010591e-06
16298,2.1468148549246575e-05
16299,1.6394023874148565e-05
16300,2.6024524063452563e-05
16301,1.754305605896288e-05
16302,2.0009286742888654e-05
16303,1.71291108272927e-05
16304,1.4497804014879282e-05
16305,8.862252582906677e-06
16306,1.2058786164846864e-05
16307,1.1048121390319183e-05
16308,1.0044546564286435e-05
16309,9.489074365034779e-06
16310,2.2643265330356315e-05
16311,1.3913469607568114e-05
16312,1.0147900018722789e-05
16313,1.0912632421942477e-05
16314,9.575534257900319e-06
16315,9.136632654823229e-06
16316,1.7630943584838163e-05
16317,1.6938892738388466e-05
16318,1.492503784800991e-05
16319,2.979876340631339e-05
16320,1.7151520870937987e-05
16321,1.0347163086799967e-05
16322,1.713706397962972e-05
16323,1.003161474217399e-05
16324,6.2180242557229486e-06
16325,4.9210260826821295e-06
16326,1.9830105180616e-05
16327,1.0474522801572617e-05
16328,9.986120975271117e-06
16329,9.270778132472718e-06
16330,1.313529346607597e-05
16331,1.2032706307433641e-05
16332,9.138178963690783e-06
16333,4.8712817787507075e-06
16334,1.4497804014879282e-05
16335,8.848748200179625e-06
16336,9.289948335583e-06
16337,8.74946123010101e-06
16338,1.0538603789410964e-05
16339,1.1052403610642951e-05
16340,9.967603528957248e-06
16341,1.5111934300433655e-05
16342,9.967603528957248e-06
16343,1.0008352767091742e-05
16344,1.0264685643842888e-05
16345,1.4591621085625427e-05
16346,8.674958738307506e-06
16347,1.1104152863120281e-05
16348,4.9210260826821295e-06
16349,9.63849168571555e-06
16350,1.4362661394807078e-05
16351,1.0614819942957108e-05
16352,8.674958738307506e-06
16353,1.2058786164846864e-05
16354,9.239550899912532e-06
16355,1.3152310511044224e-05
16356,9.593922196304636e-06
16357,9.271261400480925e-06
16358,1.0719318706660731e-05
16359,2.5285123585604826e-05
16360,2.1198917395420954e-05
16361,5.260864019612722e-05
16362,8.709456420603492e-06
16363,2.853016409154888e-05
16364,9.654870802543586e-06
16365,9.59484738868822e-06
16366,2.1290959732666682e-05
16367,1.003161474217399e-05
16368,9.623776343241303e-06
16369,9.076566886993103e-06
16370,8.38647689683554e-06
16371,9.163730894583565e-06
16372,8.674958738307506e-06
16373,3.322064325711885e-05
16374,1.5254975402569197e-05
16375,1.3787590928848852e-05
16376,1.529555486556413e-05
16377,1.7151520870937987e-05
16378,1.5623562722338395e-05
16379,2.2542150666069768e-05
16380,1.594214778634902e-05
16381,1.0470739855513193e-05
16382,1.0264489145142471e-05
16383,2.1961456327444465e-05
16384,1.642385113313872e-05
16385,9.98898602574496e-06
16386,8.423577999744469e-06
16387,9.582707565010591e-06
16388,1.0804275205124589e-05
16389,9.593922196304636e-06
16390,8.98613338073191e-06
16391,9.896272091706858e-06
16392,1.0365859094959847e-05
16393,2.386574221856842e-05
16394,2.084179952060991e-05
16395,5.289737225896029e-05
16396,2.2374994071057914e-05
16397,1.954188378706999e-05
16398,8.674958738307506e-06
16399,8.966816258866327e-06
16400,9.582707565010591e-06
16401,1.0637853883326657e-05
16402,8.98613338073191e-06
16403,9.777263074180927e-06
16404,1.00595519188609e-05
16405,9.811995885297593e-06
16406,1.0625988213105185e-05
16407,1.0147900018722789e-05
16408,1.1728661315964814e-05
16409,1.2058786164846864e-05
16410,1.526574119480843e-05
16411,4.670451762247022e-06
16412,1.003161474217399e-05
16413,1.0579067218970241e-05
16414,1.0974991432257885e-05
16415,1.1029448466982983e-05
16416,1.1398788038460363e-05
16417,1.496509995965045e-05
16418,3.1624317371545827e-05
16419,1.1072958869998366e-05
16420,1.4901445636237312e-05
16421,1.2529614893840324e-05
16422,9.582707565010591e-06
16423,1.0327374865332602e-05
16424,8.35108128676514e-06
16425,1.1023224560150019e-05
16426,9.715239379587256e-06
16427,1.0474522801572617e-05
16428,1.0605862121923956e-05
16429,1.2058786164846864e-05
16430,1.0724042150259893e-05
16431,1.459685803951754e-05
16432,1.1118294444784053e-05
16433,1.9681462577071974e-05
16434,1.1261317758557567e-05
16435,1.1029448466982983e-05
16436,3.0546883629686953e-05
16437,2.112266527293592e-05
16438,1.0332553080377697e-05
16439,1.3304011950316987e-05
16440,1.1730922678968424e-05
16441,9.582707565010591e-06
16442,1.0983549165868838e-05
16443,1.0803253796221225e-05
16444,1.0241717869620738e-05
16445,8.74946123010101e-06
16446,9.289948335583e-06
16447,1.9448175662806815e-05
16448,9.632499591488105e-06
16449,1.0264489145142471e-05
16450,8.969077104345952e-06
16451,1.2039091181769635e-05
16452,8.316408602707099e-06
16453,7.159558471406331e-06
16454,1.0147900018722789e-05
16455,1.2032706307433641e-05
16456,1.0190781318694255e-05
16457,9.463714720507445e-06
16458,1.0147900018722789e-05
16459,9.63908308380622e-06
16460,1.0296113256437114e-05
16461,1.024622844441018e-05
16462,1.497386669868753e-05
16463,1.0983549165868838e-05
16464,1.246725840014532e-05
16465,1.00595519188609e-05
16466,2.5504337668400973e-05
16467,1.0241717869620738e-05
16468,1.0248059245605469e-05
16469,1.1398788038460363e-05
16470,1.00595519188609e-05
16471,9.593922196304636e-06
16472,9.593922196304636e-06
16473,1.1594325978611455e-05
16474,1.7627890800682393e-05
16475,9.317540546083008e-06
16476,9.593922196304636e-06
16477,8.709456420603492e-06
16478,8.709456420603492e-06
16479,8.709456420603492e-06
16480,1.327839496957868e-05
16481,1.118470439166166e-05
16482,8.98613338073191e-06
16483,1.6291822913844455e-05
16484,1.289902495722763e-05
16485,1.652331903727432e-05
16486,2.8021616466973126e-05
16487,1.0986418995693328e-05
16488,1.0719318706660731e-05
16489,1.1364417115222792e-05
16490,8.49065873097105e-06
16491,1.0365859094959847e-05
16492,9.593922196304636e-06
16493,9.254412739787047e-06
16494,9.63908308380622e-06
16495,9.244975147240444e-06
16496,1.1029448466982983e-05
16497,1.0055811583422948e-05
16498,1.0103479922825078e-05
16499,1.0296113256437114e-05
16500,1.496509995965045e-05
16501,9.593922196304636e-06
16502,1.0563899047708251e-05
16503,8.807659066140166e-06
16504,1.0264489145142471e-05
16505,1.5297262696282424e-05
16506,1.7328960423487648e-05
16507,7.004762670116732e-06
16508,9.901718571693991e-06
16509,9.66366577643837e-06
16510,1.1004350244038656e-05
16511,9.920286267500786e-06
16512,1.2386260181243683e-05
16513,1.0719318706660731e-05
16514,9.804799282565535e-06
16515,1.645759842360492e-05
16516,1.144840881813943e-05
16517,8.316408602707099e-06
16518,1.0915116397506637e-05
16519,9.967603528957248e-06
16520,1.76211144984648e-05
16521,8.966816258866327e-06
16522,8.801301594525623e-06
16523,1.0241717869620738e-05
16524,1.1028616036275543e-05
16525,8.49065873097105e-06
16526,9.573603815458379e-06
16527,9.359950071151196e-06
16528,1.3409287932702393e-05
16529,1.5153323758002956e-05
16530,9.864537772104035e-06
16531,1.0348370002420954e-05
16532,1.0470739855513193e-05
16533,1.015245543295525e-05
16534,9.489074365034779e-06
16535,1.050537032126487e-05
16536,1.0152000896655648e-05
16537,1.2058786164846864e-05
16538,8.674958738307506e-06
16539,1.0998759080324583e-05
16540,9.593922196304636e-06
16541,2.9485589918476708e-05
16542,1.609336312315161e-05
16543,1.0327374865332602e-05
16544,1.5911088849560153e-05
16545,1.0637314892586927e-05
16546,9.699998832179042e-06
16547,1.353974428103868e-05
16548,9.190780516689155e-06
16549,1.8374790933689325e-05
16550,9.493566059282185e-06
16551,9.879854495037761e-06
16552,1.1029448466982983e-05
16553,1.1453354286263499e-05
16554,1.1146827871955544e-05
16555,9.463714720507445e-06
16556,9.239550899912532e-06
16557,1.4103092708337369e-05
16558,1.7066619582774123e-05
16559,9.582707565010591e-06
16560,9.582707565010591e-06
16561,1.0637314892586927e-05
16562,9.561041139947305e-06
16563,8.767473216099917e-06
16564,6.261008373845563e-06
16565,1.4072214426202272e-05
16566,9.875238193826672e-06
16567,9.855818921322782e-06
16568,1.2058786164846864e-05
16569,1.4472157442928997e-05
16570,9.394769817727571e-06
16571,6.674408288524918e-06
16572,6.848318894276419e-06
16573,8.709456420603492e-06
16574,9.63908308380622e-06
16575,1.00595519188609e-05
16576,9.489074365034779e-06
16577,8.767473216099917e-06
16578,5.330244508974136e-06
16579,9.239550899912532e-06
16580,1.580831612817278e-05
16581,3.546126629568511e-05
16582,1.2039091181769635e-05
16583,1.0605862121923956e-05
16584,6.848318894276419e-06
16585,5.130241297018611e-06
16586,9.986120975271117e-06
16587,1.144840881813943e-05
16588,1.0241717869620738e-05
16589,9.83086475285655e-06
16590,8.49065873097105e-06
16591,1.061481761300295e-05
16592,9.63908308380622e-06
16593,9.593922196304636e-06
16594,9.187772221265003e-06
16595,0.00010281130502641816
16596,2.397921601167515e-05
16597,6.2180242557229486e-06
16598,1.2163801595541685e-05
16599,9.84128048041037e-06
16600,5.0177862139004424e-05
16601,4.824680244832518e-05
16602,8.674958738307506e-06
16603,9.811995885297593e-06
16604,2.5629255264674427e-05
16605,1.1355015410120625e-05
16606,1.050537032126487e-05
16607,9.623776343241303e-06
16608,1.353974428103868e-05
16609,9.552202977205576e-06
16610,2.0393688675242368e-05
16611,9.720723507752985e-06
16612,1.1909870126827609e-05
16613,1.0395100361401984e-05
16614,1.3686174747562758e-05
16615,1.0112470398890739e-05
16616,9.901718571693991e-06
16617,1.0360425969893026e-05
16618,1.7244080530980897e-05
16619,1.0112470398890739e-05
16620,1.0112470398890739e-05
16621,1.0112470398890739e-05
16622,8.174934545341202e-05
16623,1.5571632475143585e-05
16624,1.206237794957882e-05
16625,1.5786982043327576e-05
16626,8.674958738307506e-06
16627,9.076566886993103e-06
16628,1.405705535578172e-05
16629,1.0264489145142471e-05
16630,1.0406263609766445e-05
16631,1.3992972525692072e-05
16632,1.1355015410120625e-05
16633,1.00595519188609e-05
16634,9.875238193826672e-06
16635,5.290892317082377e-06
16636,9.263821395050691e-06
16637,1.024622844441018e-05
16638,9.582707565010591e-06
16639,1.1004350244038656e-05
16640,9.593922196304636e-06
16641,1.052641146073085e-05
16642,9.576716524284763e-06
16643,1.0605862121923956e-05
16644,1.374552916434338e-05
16645,1.1029448466982983e-05
16646,1.007952052925644e-05
16647,9.875238193826672e-06
16648,1.305159326232427e-05
16649,9.359950071151196e-06
16650,1.2274441446841848e-05
16651,1.0492392694379368e-05
16652,1.0296113256437114e-05
16653,8.98613338073191e-06
16654,8.530722915133776e-06
16655,1.0605862121923956e-05
16656,6.848318894276419e-06
16657,8.966816258866327e-06
16658,1.2386260181243683e-05
16659,1.1029448466982983e-05
16660,1.0360425969893026e-05
16661,9.98898602574496e-06
16662,1.0248059245605469e-05
16663,1.0348370002420954e-05
16664,1.0678217015801007e-05
16665,1.1048121390319183e-05
16666,1.206237794957882e-05
16667,1.1212693996919311e-05
16668,1.3022978431850824e-05
16669,6.848318894276419e-06
16670,1.0327374865332602e-05
16671,3.192291142027834e-05
16672,1.1004350244038656e-05
16673,9.076566886993103e-06
16674,1.0639045552312857e-05
16675,1.8587048509148108e-05
16676,8.674958738307506e-06
16677,1.0651734090915297e-05
16678,8.530722915133776e-06
16679,1.0267670007139493e-05
16680,8.503783769685729e-06
16681,1.4449501601588136e-05
16682,1.0360425969893026e-05
16683,9.007728934627767e-06
16684,1.0688941906292139e-05
16685,1.610701176117857e-05
16686,1.910324054205323e-05
16687,1.5139914702673212e-05
16688,1.0327374865332602e-05
16689,9.654870802543586e-06
16690,1.2523040583816098e-05
16691,6.674408288524918e-06
16692,1.0296113256437114e-05
16693,1.0365859094959847e-05
16694,1.3381641488624728e-05
16695,1.7151520870937987e-05
16696,1.009278174243314e-05
16697,1.0639045552312857e-05
16698,1.8578768841373237e-05
16699,9.053328994739186e-06
16700,5.455088012289348e-06
16701,1.0896042873277623e-05
16702,9.434838296707893e-06
16703,9.804799282565535e-06
16704,1.1131852832364164e-05
16705,1.0203235324803235e-05
16706,1.7216465918898466e-05
16707,1.1903663138696242e-05
16708,9.271261400480925e-06
16709,1.529134609144392e-05
16710,1.3473365502287966e-05
16711,1.4377726266903237e-05
16712,9.10260502471896e-06
16713,1.0267672857889782e-05
16714,1.202373727588023e-05
16715,1.3074226847997412e-05
16716,6.674408288524918e-06
16717,1.0062967791087864e-05
16718,8.81713809833851e-06
16719,1.7823012823758564e-05
16720,1.4932704544351756e-05
16721,8.503783769685729e-06
16722,8.98613338073191e-06
16723,1.1364417115222792e-05
16724,9.316842424275981e-06
16725,1.0360425969893026e-05
16726,1.0264489145142471e-05
16727,1.0360425969893026e-05
16728,9.885989024162485e-06
16729,9.63849168571555e-06
16730,1.565591053160319e-05
16731,1.960984956003475e-05
16732,1.1730922678968424e-05
16733,1.3419993278172001e-05
16734,1.1022989657855392e-05
16735,2.3556596687884933e-05
16736,1.551822629107179e-05
16737,1.843623791433324e-05
16738,9.087188963134636e-06
16739,1.1212693996919311e-05
16740,1.0360425969893026e-05
16741,1.8032278990200675e-05
16742,9.239550899912532e-06
16743,9.573603815458379e-06
16744,9.620803812354212e-06
16745,1.0474522801572617e-05
16746,9.244975147240444e-06
16747,1.0719318706660731e-05
16748,2.2623584426296376e-05
16749,9.720723507752985e-06
16750,1.144840881813943e-05
16751,1.2470998897360315e-05
16752,9.244975147240444e-06
16753,1.3074226847997412e-05
16754,1.0248059245605469e-05
16755,1.2702955705999417e-05
16756,9.855818921322782e-06
16757,9.882082474788552e-06
16758,1.0327374865332602e-05
16759,1.723461741053332e-05
16760,8.662385608594642e-06
16761,9.935008023651504e-06
16762,1.1261317758557567e-05
16763,9.100911172186245e-06
16764,1.3074226847997412e-05
16765,1.0896042873277623e-05
16766,8.503783769685729e-06
16767,1.0558042072649292e-05
16768,1.3074226847997412e-05
16769,1.4724209921841933e-05
16770,1.3913469607568114e-05
16771,1.360913006410506e-05
16772,2.3319515086285027e-05
16773,1.0632560201404219e-05
16774,1.0632560201404219e-05
16775,2.084179952060991e-05
16776,1.139810098846653e-05
16777,1.1035057057789817e-05
16778,9.076566886993103e-06
16779,9.076566886993103e-06
16780,8.316408602707099e-06
16781,1.0605862121923956e-05
16782,9.720723507752985e-06
16783,8.791670321956946e-06
16784,9.593922196304636e-06
16785,9.593922196304636e-06
16786,2.3039580076313417e-05
16787,9.711597088106313e-06
16788,9.725920108296228e-06
16789,9.187772221265003e-06
16790,1.1028616036275543e-05
16791,1.015245543295525e-05
16792,1.305159326232427e-05
16793,1.1029448466982983e-05
16794,2.126912073399252e-05
16795,1.2058786164846864e-05
16796,9.190780516689155e-06
16797,8.716259692959632e-06
16798,1.0008352767091742e-05
16799,1.4016142680020277e-05
16800,1.0558042072649292e-05
16801,9.514281501058351e-06
16802,5.428669843367557e-06
16803,1.4503085890386068e-05
16804,1.0523880672159554e-05
16805,1.0360425969893026e-05
16806,1.1909870126827609e-05
16807,1.3519758028382828e-05
16808,1.5886509806441196e-05
16809,1.4722736526674721e-05
16810,1.5530032595182848e-05
16811,1.0629530475189318e-05
16812,2.0654512168795214e-05
16813,1.0875680193864348e-05
16814,6.261008373845563e-06
16815,1.5511027552791165e-05
16816,9.244975147240444e-06
16817,1.1696818140339037e-05
16818,8.75678691026644e-06
16819,9.337233669156108e-06
16820,9.244975147240444e-06
16821,1.206237794957882e-05
16822,3.7769504764986465e-05
16823,1.591976468792183e-05
16824,2.0042990984871375e-05
16825,9.573603815458379e-06
16826,1.5142375555225124e-05
16827,1.1904958243208149e-05
16828,2.3266179368085255e-05
16829,9.510111211076036e-06
16830,6.848318894276419e-06
16831,6.674408288524918e-06
16832,1.2274441446841848e-05
16833,1.4632823065442666e-05
16834,1.0226947814012442e-05
16835,1.0226947814012442e-05
16836,1.1104152863120281e-05
16837,7.570912974793052e-06
16838,1.2113469516883801e-05
16839,1.0637314892586927e-05
16840,5.4505791976904895e-05
16841,4.308254455238336e-05
16842,1.0896042873277623e-05
16843,1.5814709508133365e-05
16844,1.1072958869998366e-05
16845,1.1398788038460363e-05
16846,9.167046619281176e-06
16847,1.4981079856786634e-05
16848,9.105964578815469e-06
16849,8.75678691026644e-06
16850,1.0226947814012442e-05
16851,9.530479144825802e-06
16852,9.22237046987849e-06
16853,9.63849168571555e-06
16854,2.663829766481632e-05
16855,1.0377534691953246e-05
16856,1.0264489145142471e-05
16857,1.1029448466982983e-05
16858,9.244975147240444e-06
16859,1.0724042150259893e-05
16860,9.552202977205576e-06
16861,1.527766805857438e-05
16862,1.0896042873277623e-05
16863,1.00595519188609e-05
16864,1.0641409131589505e-05
16865,9.602138300744518e-06
16866,9.187772221265003e-06
16867,1.0896042873277623e-05
16868,1.0637314892586927e-05
16869,9.239550899912532e-06
16870,8.444617015338625e-06
16871,9.582707565010591e-06
16872,1.7563924595232504e-05
16873,1.0360425969893026e-05
16874,9.908381712638796e-06
16875,9.582707565010591e-06
16876,1.4637748528466378e-05
16877,2.806457141564717e-05
16878,1.4813880347259164e-05
16879,1.2058786164846864e-05
16880,9.804799282565535e-06
16881,9.54736063630183e-06
16882,9.755522185382717e-06
16883,2.3145150454708353e-05
16884,1.0523880672159554e-05
16885,3.0515805774274132e-05
16886,1.2133853161233068e-05
16887,1.1029448466982983e-05
16888,9.514281501058351e-06
16889,9.63908308380622e-06
16890,9.255426568317661e-06
16891,2.4707966456123212e-05
16892,1.1029448466982983e-05
16893,1.1029448466982983e-05
16894,1.4990014098034488e-05
16895,9.71769253600263e-06
16896,1.3731592824904005e-05
16897,4.138355694906766e-05
16898,1.0896042873277623e-05
16899,1.3887895625116955e-05
16900,1.0942141109456647e-05
16901,9.690616076324506e-06
16902,9.549114309328014e-06
16903,1.596260596969046e-05
16904,1.280742674021427e-05
16905,1.4362661394807078e-05
16906,8.716259692959632e-06
16907,1.6429774856562412e-05
16908,1.353974428103868e-05
16909,9.725920108296228e-06
16910,2.118412458393646e-05
16911,1.7112626474335402e-05
16912,1.185054514613735e-05
16913,1.172179950376948e-05
16914,9.61567250659419e-06
16915,1.1446736855642405e-05
16916,1.118470439166166e-05
16917,1.0323798207862645e-05
16918,9.91480548679001e-06
16919,1.796376066267179e-05
16920,1.92247561943577e-05
16921,4.934519673185899e-06
16922,1.1029448466982983e-05
16923,3.706423568048818e-05
16924,1.0190781318694255e-05
16925,1.3435221998577022e-05
16926,9.187772221265003e-06
16927,9.83086475285655e-06
16928,9.84128048041037e-06
16929,9.167046619281176e-06
16930,1.0637314892586927e-05
16931,1.0296113256437114e-05
16932,8.530722915133776e-06
16933,1.0438800493865949e-05
16934,1.1029448466982983e-05
16935,1.0637314892586927e-05
16936,1.1078478163378258e-05
16937,8.709456420603492e-06
16938,1.5625772423762285e-05
16939,1.2937491528996031e-05
16940,1.2204527911802652e-05
16941,6.674408288524918e-06
16942,2.4684975656694473e-05
16943,9.882082474788552e-06
16944,1.206237794957882e-05
16945,9.920286267500786e-06
16946,1.6359107634308158e-05
16947,1.0724042150259893e-05
16948,1.0558042072649292e-05
16949,2.4900985225633683e-05
16950,1.0727799886620179e-05
16951,1.5539582880641633e-05
16952,9.499333526257177e-06
16953,1.7823012823758564e-05
16954,1.1004350244038656e-05
16955,1.638014655547175e-05
16956,5.428669843367557e-06
16957,1.00595519188609e-05
16958,1.1004350244038656e-05
16959,1.0605862121923956e-05
16960,1.0605862121923956e-05
16961,1.1320356980366022e-05
16962,1.0474522801572617e-05
16963,9.244975147240444e-06
16964,0.00018029863941409428
16965,1.0605862121923956e-05
16966,3.334454968128184e-05
16967,1.0896042873277623e-05
16968,8.503783769685729e-06
16969,1.5626569880981603e-05
16970,1.1594325978611455e-05
16971,9.582707565010591e-06
16972,9.308980804974973e-06
16973,1.2032706307433641e-05
16974,9.777263074180927e-06
16975,8.251292371225482e-06
16976,1.353974428103868e-05
16977,0.00019913154559017153
16978,8.709456420603492e-06
16979,6.674408288524918e-06
16980,9.422703642885622e-06
16981,9.715239379587256e-06
16982,9.700862731621744e-06
16983,1.0637314892586927e-05
16984,1.206237794957882e-05
16985,9.723156484921671e-06
16986,1.166445740269477e-05
16987,1.1212693996919311e-05
16988,1.1398788038460363e-05
16989,1.1146827871955544e-05
16990,1.353974428103868e-05
16991,9.434520593808654e-06
16992,4.069654535060229e-05
16993,8.381043332545282e-06
16994,1.580831612817278e-05
16995,9.723156484921671e-06
16996,1.3348394245257142e-05
16997,1.7650522718785207e-05
16998,1.0637314892586927e-05
16999,1.2639093002656946e-05
17000,2.770266893483116e-05
17001,1.2523040583816098e-05
17002,8.927377406965493e-06
17003,9.861512805350344e-06
17004,2.84694022724429e-05
17005,1.0637314892586927e-05
17006,9.076566886993103e-06
17007,8.791482199158835e-06
17008,1.542788842870487e-05
17009,1.0327374865332602e-05
17010,1.16117097546835e-05
17011,9.777263074180927e-06
17012,9.63849168571555e-06
17013,9.84128048041037e-06
17014,6.674408288524918e-06
17015,7.03903547157095e-06
17016,9.076566886993103e-06
17017,1.4745383959140847e-05
17018,1.7557904121930953e-05
17019,1.9803881082127047e-05
17020,9.514281501058351e-06
17021,1.0213357406846318e-05
17022,8.423577999744469e-06
17023,1.1078478163378258e-05
17024,1.1004350244038656e-05
17025,9.882082474788552e-06
17026,1.0093258079298354e-05
17027,1.447191193557742e-05
17028,9.254412739787047e-06
17029,6.674408288524918e-06
17030,1.002322127836139e-05
17031,9.254412739787047e-06
17032,1.002322127836139e-05
17033,1.4875798373508094e-05
17034,8.674958738307506e-06
17035,1.9774965075055214e-05
17036,8.674958738307506e-06
17037,1.5151392727143064e-05
17038,9.697915604753337e-06
17039,1.246725840014532e-05
17040,2.238141082274152e-05
17041,1.0348370002420954e-05
17042,9.105964578815469e-06
17043,1.007952052925644e-05
17044,1.0579067218970241e-05
17045,6.674408288524918e-06
17046,1.0724042150259893e-05
17047,1.1320356980366022e-05
17048,1.1909870126827609e-05
17049,1.1004350244038656e-05
17050,1.0875680193864348e-05
17051,1.009278174243314e-05
17052,9.71769253600263e-06
17053,9.63908308380622e-06
17054,1.1019279807699367e-05
17055,1.050537032126487e-05
17056,9.809582392541579e-06
17057,1.1261317758557567e-05
17058,1.002322127836139e-05
17059,1.1029448466982983e-05
17060,1.102610385518979e-05
17061,1.2204527911802652e-05
17062,1.1355015410120625e-05
17063,1.0165217108108049e-05
17064,9.861512805350344e-06
17065,1.1029448466982983e-05
17066,8.444617015338625e-06
17067,1.16117097546835e-05
17068,1.0474522801572617e-05
17069,1.0645395354398507e-05
17070,9.882082474788552e-06
17071,9.935008023651504e-06
17072,9.882082474788552e-06
17073,1.00595519188609e-05
17074,4.8712817787507075e-06
17075,1.0248059245605469e-05
17076,9.882082474788552e-06
17077,9.63908308380622e-06
17078,2.5638386548109674e-05
17079,1.1398788038460363e-05
17080,9.882082474788552e-06
17081,9.221294298458603e-06
17082,1.2795788404948052e-05
17083,1.1078478163378258e-05
17084,1.0053411756575844e-05
17085,1.4820651439122345e-05
17086,1.5237836898401792e-05
17087,8.590149903225016e-06
17088,9.530479144825802e-06
17089,2.6361873708559563e-05
17090,1.280742674021427e-05
17091,9.956974897762962e-06
17092,9.63908308380622e-06
17093,9.62680544879162e-06
17094,9.582707565010591e-06
17095,1.0320122706611893e-05
17096,2.064785625829243e-05
17097,9.804799282565535e-06
17098,8.709456420603492e-06
17099,9.317540546083008e-06
17100,9.882082474788552e-06
17101,1.0804275205124589e-05
17102,1.028892948360175e-05
17103,9.941772335856042e-06
17104,9.91480548679001e-06
17105,1.2204527911802652e-05
17106,1.0152000896655648e-05
17107,9.530479144825802e-06
17108,1.9112530065203237e-05
17109,2.7585914573866385e-05
17110,1.280742674021427e-05
17111,1.007952052925644e-05
17112,9.563183498384039e-06
17113,9.105964578815469e-06
17114,9.136632654823229e-06
17115,9.92867238526007e-06
17116,1.487200776048092e-05
17117,1.139810098846653e-05
17118,1.1011685005440917e-05
17119,1.0406263609766445e-05
17120,1.1364417115222792e-05
17121,9.582707565010591e-06
17122,1.2058786164846864e-05
17123,9.076566886993103e-06
17124,1.0727799886620179e-05
17125,9.715239379587256e-06
17126,1.1029448466982983e-05
17127,1.0369786528028124e-05
17128,9.439127771363733e-06
17129,9.439127771363733e-06
17130,2.1189641195516658e-05
17131,1.364384348638346e-05
17132,1.1029448466982983e-05
17133,1.0851799913451715e-05
17134,9.897250846409457e-06
17135,1.9149646414572368e-05
17136,1.0304389685578956e-05
17137,1.0147900018722789e-05
17138,9.92867238526007e-06
17139,9.715239379587256e-06
17140,9.882082474788552e-06
17141,1.1072958869998366e-05
17142,1.4982722625980856e-05
17143,8.674958738307506e-06
17144,9.138178963690783e-06
17145,9.882082474788552e-06
17146,1.0414935439835905e-05
17147,9.882082474788552e-06
17148,1.1029448466982983e-05
17149,1.7005291461336735e-05
17150,6.674408288524918e-06
17151,9.371266199891547e-06
17152,1.1029448466982983e-05
17153,9.552202977205576e-06
17154,1.5514685460591846e-05
17155,1.5519215693883322e-05
17156,1.0637314892586927e-05
17157,8.674958738307506e-06
17158,1.0267670007139493e-05
17159,1.1190914478695744e-05
17160,1.280742674021427e-05
17161,9.053328994739186e-06
17162,1.0637314892586927e-05
17163,1.353974428103868e-05
17164,1.0226947814012442e-05
17165,8.813491425659442e-06
17166,1.723461741053332e-05
17167,1.2113469516883801e-05
17168,1.1029448466982983e-05
17169,1.0395100361401984e-05
17170,9.754070560661059e-06
17171,9.080530119703727e-06
17172,9.080530119703727e-06
17173,9.322330495343925e-06
17174,1.3913469607568114e-05
17175,9.697915604753337e-06
17176,2.8466308498493225e-05
17177,1.0673198845483249e-05
17178,1.7151520870937987e-05
17179,1.9754380138318302e-05
17180,1.0347163086799967e-05
17181,8.81268002018718e-06
17182,6.945079781222954e-05
17183,8.716259692959632e-06
17184,9.885989024162485e-06
17185,9.690616076324506e-06
17186,8.674958738307506e-06
17187,9.568833028344554e-06
17188,1.9755177333994433e-05
17189,1.1453354286263499e-05
17190,2.322318936685316e-05
17191,1.305159326232427e-05
17192,8.693169150980948e-06
17193,1.353974428103868e-05
17194,1.2058786164846864e-05
17195,8.444617015338625e-06
17196,8.590149903225016e-06
17197,3.9127418445488254e-05
17198,1.7831464028695882e-05
17199,2.278916193703729e-05
17200,1.0896042873277623e-05
17201,9.882082474788552e-06
17202,1.280742674021427e-05
17203,9.875238193826672e-06
17204,1.1528378976175368e-05
17205,9.49486225349075e-06
17206,1.0266845488968174e-05
17207,1.1029448466982983e-05
17208,1.00595519188609e-05
17209,9.809582392541579e-06
17210,9.875238193826672e-06
17211,1.6312107457263555e-05
17212,1.2386260181243683e-05
17213,9.715239379587256e-06
17214,1.0637314892586927e-05
17215,1.0360425969893026e-05
17216,9.582707565010591e-06
17217,6.674408288524918e-06
17218,1.7151520870937987e-05
17219,1.2058786164846864e-05
17220,1.0637314892586927e-05
17221,1.7286318060558976e-05
17222,8.969077104345952e-06
17223,9.654870802543586e-06
17224,9.875238193826672e-06
17225,9.882082474788552e-06
17226,9.882082474788552e-06
17227,1.0673198845483249e-05
17228,1.0304389685578956e-05
17229,1.6236120022260175e-05
17230,9.289948335583e-06
17231,9.98898602574496e-06
17232,1.2284812629115731e-05
17233,7.527818660629503e-06
17234,9.811995885297593e-06
17235,2.278916193703729e-05
17236,9.851722063127132e-06
17237,7.178898298074207e-06
17238,1.3803751599217539e-05
17239,9.92867238526007e-06
17240,9.187772221265003e-06
17241,8.674958738307506e-06
17242,8.8687787159733e-06
17243,1.2535758503666293e-05
17244,1.1029448466982983e-05
17245,1.618486947963062e-05
17246,9.74454702862083e-06
17247,8.38647689683554e-06
17248,1.1358213966914135e-05
17249,9.59484738868822e-06
17250,1.5047351703327804e-05
17251,9.174762821699772e-06
17252,1.002322127836139e-05
17253,1.5480982307703245e-05
17254,9.896272091706858e-06
17255,1.6110675543191265e-05
17256,1.3074226847997412e-05
17257,8.718459891132496e-05
17258,9.573603815458379e-06
17259,1.0673198845483249e-05
17260,1.0264489145142471e-05
17261,9.270778132472718e-06
17262,9.667713638989134e-06
17263,8.674958738307506e-06
17264,1.7831464028695882e-05
17265,9.697915604753337e-06
17266,1.4905671931827995e-05
17267,9.63849168571555e-06
17268,2.1528104953351837e-05
17269,1.2039091181769635e-05
17270,1.5284526215627456e-05
17271,1.0241717869620738e-05
17272,1.3836739162347253e-05
17273,1.1904958243208149e-05
17274,9.360000703992135e-06
17275,2.49509416460028e-05
17276,1.028892948360175e-05
17277,1.2058786164846864e-05
17278,1.0660709689367653e-05
17279,9.86788215339441e-06
17280,1.0327374865332602e-05
17281,1.0693114032578455e-05
17282,1.0226947814012442e-05
17283,1.2058786164846864e-05
17284,9.244975147240444e-06
17285,9.076566886993103e-06
17286,2.456260765636644e-05
17287,8.848748200179625e-06
17288,9.434906633416035e-06
17289,1.8076000158497904e-05
17290,1.2058786164846864e-05
17291,8.709456420603492e-06
17292,1.0055811583422948e-05
17293,9.866856785287496e-06
17294,1.1078478163378258e-05
17295,9.885989024162485e-06
17296,9.690616076324506e-06
17297,1.0053411756575844e-05
17298,2.4183340338702525e-05
17299,9.967603528957248e-06
17300,8.381642699285752e-06
17301,8.98613338073191e-06
17302,8.064474223086242e-05
17303,9.754070560661059e-06
17304,8.674958738307506e-06
17305,9.623776343241303e-06
17306,9.149489293946556e-06
17307,9.92867238526007e-06
17308,1.028892948360175e-05
17309,1.1019279807699367e-05
17310,9.439127771363733e-06
17311,1.0332553080377697e-05
17312,1.050537032126487e-05
17313,9.59484738868822e-06
17314,1.5460828137680973e-05
17315,9.62680544879162e-06
17316,1.0673198845483249e-05
17317,1.727917949105265e-05
17318,9.697915604753337e-06
17319,1.0729831536478351e-05
17320,9.138178963690783e-06
17321,1.7151520870937987e-05
17322,1.579738009927348e-05
17323,1.2523040583816098e-05
17324,1.0438800493865949e-05
17325,9.10260502471896e-06
17326,9.497136086334239e-06
17327,1.0719318706660731e-05
17328,1.0348370002420954e-05
17329,1.0190781318694255e-05
17330,8.927377406965493e-06
17331,1.6764937009698524e-05
17332,1.7557904121930953e-05
17333,1.0044546564286435e-05
17334,1.0523567967782293e-05
17335,9.63849168571555e-06
17336,9.271261400480925e-06
17337,9.986120975271117e-06
17338,2.7711502318749702e-05
17339,9.885989024162485e-06
17340,9.138178963690783e-06
17341,9.63908308380622e-06
17342,1.2903399410220977e-05
17343,2.1795788655953955e-05
17344,1.2032706307433641e-05
17345,9.882082474788552e-06
17346,1.5237836898401792e-05
17347,9.136632654823229e-06
17348,9.582707565010591e-06
17349,1.6846969827262133e-05
17350,3.451835732193878e-05
17351,1.1029448466982983e-05
17352,1.983326216170519e-05
17353,9.255411106325404e-06
17354,1.0719318706660731e-05
17355,9.777263074180927e-06
17356,1.353974428103868e-05
17357,1.004334818679909e-05
17358,2.962798921522422e-05
17359,1.0241717869620738e-05
17360,1.3261524197022263e-05
17361,1.1029448466982983e-05
17362,1.0606931434926932e-05
17363,9.308980804974973e-06
17364,1.7151520870937987e-05
17365,1.0678217015801007e-05
17366,1.0678217015801007e-05
17367,1.1141307992344001e-05
17368,1.1029448466982983e-05
17369,1.7151520870937987e-05
17370,1.0581429682234979e-05
17371,0.0005443750047969329
17372,1.1510848380920765e-05
17373,9.882082474788552e-06
17374,9.263821395050691e-06
17375,8.832117818009644e-06
17376,1.1904958243208149e-05
17377,1.603788569404894e-05
17378,8.767473216099917e-06
17379,1.108558325863586e-05
17380,1.8049281716840485e-05
17381,9.882082474788552e-06
17382,9.690616076324506e-06
17383,9.434520593808654e-06
17384,1.1029448466982983e-05
17385,1.9257775402683446e-05
17386,1.9546388936362025e-05
17387,9.339471607813863e-06
17388,1.0688941906292139e-05
17389,8.864262995694006e-06
17390,1.009278174243314e-05
17391,9.84128048041037e-06
17392,1.62792354432099e-05
17393,2.1639897013701443e-05
17394,2.674775293992632e-05
17395,5.648138520699926e-06
17396,9.582707565010591e-06
17397,1.2702955705999417e-05
17398,2.6669725803833557e-05
17399,1.1048121390319183e-05
17400,9.167046619281176e-06
17401,1.6200783748105184e-05
17402,1.413443004116033e-05
17403,8.97547957802772e-06
17404,5.7592497068065324e-06
17405,9.804799282565535e-06
17406,9.875238193826672e-06
17407,9.051576093865178e-06
17408,9.493588591525832e-06
17409,1.040634852296654e-05
17410,1.3191239884687665e-05
17411,1.796376066267179e-05
17412,1.8042656832276585e-05
17413,6.674408288524918e-06
17414,1.2032706307433641e-05
17415,1.0691282150835419e-05
17416,1.0645395354398507e-05
17417,1.501661369174188e-05
17418,9.563183498384039e-06
17419,1.0304389685578956e-05
17420,1.1072958869998366e-05
17421,1.0327374865332602e-05
17422,1.0327811939182512e-05
17423,8.530722915133776e-06
17424,1.4567357021875359e-05
17425,9.610210116740116e-06
17426,9.655747257728404e-06
17427,9.133376089963482e-06
17428,1.0983549165868838e-05
17429,9.136632654823229e-06
17430,9.317540546083008e-06
17431,8.881599773114271e-06
17432,9.167046619281176e-06
17433,1.0264489145142471e-05
17434,7.620263987093147e-05
17435,1.2058786164846864e-05
17436,2.3319515086285027e-05
17437,1.0190781318694255e-05
17438,1.2058786164846864e-05
17439,1.0640014140944024e-05
17440,1.0327811939182512e-05
17441,9.882082474788552e-06
17442,8.927377406965493e-06
17443,8.927377406965493e-06
17444,1.0446302870587945e-05
17445,1.0523567967782293e-05
17446,9.582707565010591e-06
17447,8.98613338073191e-06
17448,9.882082474788552e-06
17449,1.0411753129650602e-05
17450,1.9149646414572368e-05
17451,9.715239379587256e-06
17452,9.360000703992135e-06
17453,9.809582392541579e-06
17454,1.0571992351797697e-05
17455,3.331342497227528e-05
17456,2.920698561036841e-05
17457,8.381043332545282e-06
17458,1.0724042150259893e-05
17459,1.0673198845483249e-05
17460,9.087188963134636e-06
17461,1.3074226847997412e-05
17462,1.0147900018722789e-05
17463,1.0147900018722789e-05
17464,9.882082474788552e-06
17465,9.882082474788552e-06
17466,9.986120975271117e-06
17467,1.1019279807699367e-05
17468,1.1029448466982983e-05
17469,2.745061202593055e-05
17470,1.0203235324803235e-05
17471,8.381043332545282e-06
17472,9.746406357827071e-06
17473,1.6843784890954146e-05
17474,1.2814486443825263e-05
17475,9.582707565010591e-06
17476,1.003161474217399e-05
17477,9.567382476592197e-06
17478,9.138178963690783e-06
17479,1.0327811939182512e-05
17480,1.1398788038460363e-05
17481,1.0632560201404219e-05
17482,1.118470439166166e-05
17483,8.709456420603492e-06
17484,9.593922196304636e-06
17485,1.2039091181769635e-05
17486,1.0678217015801007e-05
17487,1.1035057057789817e-05
17488,1.0241717869620738e-05
17489,9.804799282565535e-06
17490,1.0678217015801007e-05
17491,1.6942416053063862e-05
17492,1.637799473406079e-05
17493,9.610210116740116e-06
17494,9.317540546083008e-06
17495,1.1029448466982983e-05
17496,9.623776343241303e-06
17497,9.593922196304636e-06
17498,9.74983946570471e-06
17499,9.623776343241303e-06
17500,1.1004350244038656e-05
17501,3.844512997539959e-05
17502,2.2745309289978096e-05
17503,1.1904958243208149e-05
17504,1.1035057057789817e-05
17505,6.674408288524918e-06
17506,1.4412617543268523e-05
17507,1.1021942368660868e-05
17508,1.729876007304013e-05
17509,2.1028063200663584e-05
17510,1.796376066267179e-05
17511,1.1212693996919311e-05
17512,9.317540546083008e-06
17513,1.871779929423355e-05
17514,1.4449501601588136e-05
17515,1.246725840014532e-05
17516,9.053328994739186e-06
17517,9.160660304796132e-06
17518,1.4145197447368206e-05
17519,1.1740825756099662e-05
17520,9.561041139947305e-06
17521,1.8694062190202408e-05
17522,1.568816656450579e-05
17523,1.2058786164846864e-05
17524,1.7130977444642417e-05
17525,1.1035057057789817e-05
17526,1.0327374865332602e-05
17527,1.0719318706660731e-05
17528,1.5734478749650416e-05
17529,9.967603528957248e-06
17530,2.5316295598416563e-05
17531,9.979290158014458e-06
17532,9.882082474788552e-06
17533,1.0719318706660731e-05
17534,1.0523567967782293e-05
17535,1.0365859094959847e-05
17536,1.6780160400169423e-05
17537,9.274634413796507e-06
17538,9.274634413796507e-06
17539,1.0637314892586927e-05
17540,1.0248059245605469e-05
17541,1.0719318706660731e-05
17542,1.8374790933689325e-05
17543,2.2350378989904944e-05
17544,1.522593125903203e-05
17545,1.1029448466982983e-05
17546,8.92760565575325e-06
17547,1.1048121390319183e-05
17548,1.573929260921026e-05
17549,5.1651911234359266e-06
17550,1.1078478163378258e-05
17551,1.353974428103868e-05
17552,1.1904958243208149e-05
17553,1.0218714753299135e-05
17554,1.0632560201404219e-05
17555,1.050537032126487e-05
17556,9.700862731621744e-06
17557,1.0614819942957108e-05
17558,2.4251567622169586e-05
17559,1.7224147089026512e-05
17560,1.5608089529007567e-05
17561,9.434838296707893e-06
17562,1.1453354286263499e-05
17563,9.850440573120747e-06
17564,9.84128048041037e-06
17565,1.3337788195486219e-05
17566,0.0006921896782163268
17567,9.593922196304636e-06
17568,1.8723444097179275e-05
17569,9.66366577643837e-06
17570,1.910324054205323e-05
17571,1.1364417115222792e-05
17572,9.92867238526007e-06
17573,3.0787187228187525e-05
17574,9.007728934627767e-06
17575,8.881599773114271e-06
17576,9.882082474788552e-06
17577,2.133509102983965e-05
17578,1.0719318706660731e-05
17579,3.692756347477381e-05
17580,9.882082474788552e-06
17581,8.674958738307506e-06
17582,9.897250846409457e-06
17583,1.2184503234008396e-05
17584,1.1029448466982983e-05
17585,1.3280852861600297e-05
17586,1.1028616036275543e-05
17587,1.050537032126487e-05
17588,1.0266845488968174e-05
17589,1.2990972963042222e-05
17590,1.052641146073085e-05
17591,1.1364417115222792e-05
17592,1.015245543295525e-05
17593,8.791670321956946e-06
17594,1.313529346607597e-05
17595,1.4018992783469217e-05
17596,1.0053411756575844e-05
17597,9.076566886993103e-06
17598,9.316842424275981e-06
17599,2.1183107937782688e-05
17600,1.1004350244038656e-05
17601,9.105964578815469e-06
17602,1.007952052925644e-05
17603,9.582707565010591e-06
17604,1.2058786164846864e-05
17605,9.597929014891506e-06
17606,9.882082474788552e-06
17607,8.507706948517618e-06
17608,1.558028633878607e-05
17609,9.399877875532114e-06
17610,8.98613338073191e-06
17611,8.813491425659442e-06
17612,1.0474522801572617e-05
17613,9.499333526257177e-06
17614,2.055344879173729e-05
17615,8.23675255475412e-06
17616,1.0724042150259893e-05
17617,1.1118294444784053e-05
17618,1.1035057057789817e-05
17619,1.0719318706660731e-05
17620,9.882082474788552e-06
17621,8.143436574999355e-06
17622,5.305208982688255e-05
17623,1.2386260181243683e-05
17624,1.1261317758557567e-05
17625,1.2058786164846864e-05
17626,9.882082474788552e-06
17627,9.007728934627767e-06
17628,9.777263074180927e-06
17629,1.6780160400169423e-05
17630,1.5336382029129526e-05
17631,1.5999271527132366e-05
17632,9.855818921322782e-06
17633,1.01587953328069e-05
17634,1.0304389685578956e-05
17635,9.593922196304636e-06
17636,9.697915604753337e-06
17637,1.1191364040824446e-05
17638,1.4449501601588136e-05
17639,2.2479974503452674e-05
17640,1.028892948360175e-05
17641,9.882082474788552e-06
17642,1.5237836898401792e-05
17643,9.582707565010591e-06
17644,7.607832361670857e-06
17645,8.674958738307506e-06
17646,1.2152454439821123e-05
17647,1.6200104084161233e-05
17648,9.63849168571555e-06
17649,1.5911081600999504e-05
17650,8.864262995694006e-06
17651,1.050537032126487e-05
17652,1.2032706307433641e-05
17653,9.582707565010591e-06
17654,9.896272091706858e-06
17655,1.63862446037398e-05
17656,9.882082474788552e-06
17657,4.7908433542682395e-05
17658,1.036236578670301e-05
17659,9.02497625970319e-06
17660,9.920286267500786e-06
17661,9.882082474788552e-06
17662,9.882082474788552e-06
17663,1.6343125915464686e-05
17664,1.0598164728847593e-05
17665,7.162761259419195e-06
17666,1.0327374865332602e-05
17667,8.674958738307506e-06
17668,2.128060895009675e-05
17669,9.399491531494186e-06
17670,8.23675255475412e-06
17671,9.861512805350344e-06
17672,1.5125621704112425e-05
17673,1.009278174243314e-05
17674,1.0147900018722789e-05
17675,9.920286267500786e-06
17676,2.074794253270773e-05
17677,4.069654535060229e-05
17678,1.5336382029129526e-05
17679,1.1261317758557567e-05
17680,9.882082474788552e-06
17681,1.0179499381464422e-05
17682,1.139810098846653e-05
17683,9.779141176581009e-06
17684,1.0637314892586927e-05
17685,1.0327374865332602e-05
17686,1.0719318706660731e-05
17687,9.514281501058351e-06
17688,6.674408288524918e-06
17689,1.0645395354398507e-05
17690,1.0727799886620179e-05
17691,1.0203235324803235e-05
17692,9.882082474788552e-06
17693,7.67957681734087e-06
17694,1.1364417115222792e-05
17695,9.100911172186245e-06
17696,8.423577999744469e-06
17697,9.956974897762962e-06
17698,1.0719318706660731e-05
17699,1.4291525125718407e-05
17700,1.305159326232427e-05
17701,9.882082474788552e-06
17702,8.487532152655983e-05
17703,1.246725840014532e-05
17704,1.647756589987466e-05
17705,1.0365859094959847e-05
17706,8.98613338073191e-06
17707,1.4571935453946875e-05
17708,1.015245543295525e-05
17709,8.423577999744469e-06
17710,6.261008373845563e-06
17711,1.910324054205323e-05
17712,9.255426568317661e-06
17713,1.0923473382729238e-05
17714,1.353974428103868e-05
17715,8.49065873097105e-06
17716,9.882082474788552e-06
17717,9.882082474788552e-06
17718,1.393901018295803e-05
17719,8.709456420603492e-06
17720,9.882082474788552e-06
17721,1.0304389685578956e-05
17722,1.0267670007139493e-05
17723,2.1455648417547717e-05
17724,9.05804862443082e-06
17725,9.882082474788552e-06
17726,1.7748291290469047e-05
17727,9.685841526932834e-06
17728,1.7415650122652925e-05
17729,9.855818921322782e-06
17730,1.0323798207862645e-05
17731,9.882082474788552e-06
17732,1.503149464238086e-05
17733,8.78158507753969e-06
17734,1.92247561943577e-05
17735,9.593922196304636e-06
17736,2.0384630310609987e-05
17737,1.808637794578852e-05
17738,1.0719318706660731e-05
17739,1.1104152863120281e-05
17740,9.493588591525832e-06
17741,9.995371324642058e-06
17742,1.4954748341869622e-05
17743,9.882082474788552e-06
17744,6.848318894276419e-06
17745,9.700862731621744e-06
17746,1.0579067218970241e-05
17747,1.796376066267179e-05
17748,1.024622844441018e-05
17749,1.16452300893274e-05
17750,9.882082474788552e-06
17751,9.255426568317661e-06
17752,1.596888021485247e-05
17753,9.864537772104035e-06
17754,8.134682985275526e-05
17755,1.0719318706660731e-05
17756,9.35141338334851e-06
17757,9.882082474788552e-06
17758,8.99523390391276e-06
17759,1.247759501988561e-05
17760,8.49065873097105e-06
17761,8.709456420603492e-06
17762,9.882082474788552e-06
17763,1.9530337212536616e-05
17764,1.0579067218970241e-05
17765,9.711597088106313e-06
17766,1.040634852296654e-05
17767,8.49065873097105e-06
17768,1.0327374865332602e-05
17769,9.690616076324506e-06
17770,1.003161474217399e-05
17771,8.423577999744469e-06
17772,1.5237836898401792e-05
17773,9.593922196304636e-06
17774,9.861512805350344e-06
17775,1.177697881591642e-05
17776,9.882082474788552e-06
17777,8.235115149818874e-06
17778,9.699998832179042e-06
17779,9.948291810840633e-06
17780,9.882082474788552e-06
17781,9.882082474788552e-06
17782,9.882082474788552e-06
17783,9.882082474788552e-06
17784,9.882082474788552e-06
17785,9.422703642885622e-06
17786,1.5237836898401792e-05
17787,9.882082474788552e-06
17788,2.670546169023236e-05
17789,9.882082474788552e-06
17790,9.593922196304636e-06
17791,1.796376066267179e-05
17792,1.4314306562858021e-05
17793,1.3638731294397522e-05
17794,1.5219658747448142e-05
17795,9.882082474788552e-06
17796,1.0369786528028124e-05
17797,1.3803751599217539e-05
17798,4.0111691629102015e-05
17799,1.2058786164846864e-05
17800,1.2386260181243683e-05
17801,1.1212693996919311e-05
17802,1.036451516065504e-05
17803,9.882082474788552e-06
17804,1.1052403610642951e-05
17805,1.796376066267179e-05
17806,9.875238193826672e-06
17807,9.882082474788552e-06
17808,1.796376066267179e-05
17809,9.007728934627767e-06
17810,9.882082474788552e-06
17811,9.882082474788552e-06
17812,1.1029448466982983e-05
17813,1.0605862121923956e-05
17814,9.399491531494186e-06
17815,1.6785056402478224e-05
17816,1.0875680193864348e-05
17817,9.908087847875337e-06
17818,2.0543919059419395e-05
17819,1.0727799886620179e-05
17820,1.7368795552188464e-05
17821,9.71769253600263e-06
17822,9.715239379587256e-06
17823,1.003161474217399e-05
17824,1.0678217015801007e-05
17825,9.882082474788552e-06
17826,1.0348370002420954e-05
17827,9.267398360518381e-06
17828,9.967603528957248e-06
17829,9.700862731621744e-06
17830,1.1320356980366022e-05
17831,9.22237046987849e-06
17832,9.995371324642058e-06
17833,1.7793972258876863e-05
17834,9.874301171338706e-06
17835,1.670619169054229e-05
17836,1.3638731294397522e-05
17837,9.563183498384039e-06
17838,9.84128048041037e-06
17839,6.674408288524918e-06
17840,8.848748200179625e-06
17841,1.28201014411792e-05
17842,9.861512805350344e-06
17843,1.0021522425760387e-05
17844,1.0112470398890739e-05
17845,1.246725840014532e-05
17846,1.562400721846844e-05
17847,9.741334635875322e-06
17848,9.720723507752985e-06
17849,1.4789819174110835e-05
17850,9.54736063630183e-06
17851,1.2848343236582067e-05
17852,1.024622844441018e-05
17853,1.1505654674703786e-05
17854,9.920286267500786e-06
17855,8.716259692959632e-06
17856,1.0610711704845131e-05
17857,1.5076224137436963e-05
17858,1.4592497540810247e-05
17859,1.0226947814012442e-05
17860,1.587813657313228e-05
17861,1.1078478163378258e-05
17862,9.428316725526897e-06
17863,1.00595519188609e-05
17864,1.7760559361839382e-05
17865,9.63908308380622e-06
17866,8.30724933669107e-06
17867,1.0226947814012442e-05
17868,1.050537032126487e-05
17869,1.4648909336087907e-05
17870,1.118470439166166e-05
17871,0.00011715972999463108
17872,6.848318894276419e-06
17873,8.966816258866327e-06
17874,1.1118294444784053e-05
17875,1.0433895804699462e-05
17876,1.2541712951143893e-05
17877,1.797685957127576e-05
17878,1.002322127836139e-05
17879,1.015245543295525e-05
17880,1.0044546564286435e-05
17881,1.9721629729142414e-05
17882,1.4687090131972476e-05
17883,1.5911576177055825e-05
17884,9.316842424275981e-06
17885,9.654870802543586e-06
17886,9.610210116740116e-06
17887,9.967603528957248e-06
17888,1.050537032126487e-05
17889,1.444733612443753e-05
17890,1.549659604174745e-05
17891,2.6535534681076265e-05
17892,8.444617015338625e-06
17893,1.568232447369056e-05
17894,2.3428621023530455e-05
17895,1.899858765050511e-05
17896,1.0724042150259893e-05
17897,8.446582058610286e-06
17898,9.593922196304636e-06
17899,2.4473262497743832e-05
17900,1.00595519188609e-05
17901,1.1118294444784053e-05
17902,1.4497804014879282e-05
17903,1.2118485939742741e-05
17904,9.610210116740116e-06
17905,9.725920108296228e-06
17906,1.0348370002420954e-05
17907,1.1004350244038656e-05
17908,9.339471607813863e-06
17909,9.422703642885622e-06
17910,8.423577999744469e-06
17911,1.0332553080377697e-05
17912,1.0161542246783875e-05
17913,1.0452836128321915e-05
17914,1.002322127836139e-05
17915,2.3348825980831672e-05
17916,8.791670321956946e-06
17917,9.568833028344554e-06
17918,1.2060090925782294e-05
17919,6.674408288524918e-06
17920,1.374552916434338e-05
17921,9.339471607813863e-06
17922,9.63462487911372e-06
17923,9.711597088106313e-06
17924,1.028892948360175e-05
17925,1.5428042267259874e-05
17926,1.0724042150259893e-05
17927,1.0719318706660731e-05
17928,9.254412739787047e-06
17929,1.0026953255348406e-05
17930,1.0724042150259893e-05
17931,1.028892948360175e-05
17932,1.1004350244038656e-05
17933,2.4612213632393386e-05
17934,9.715239379587256e-06
17935,1.4472157442928997e-05
17936,1.139810098846653e-05
17937,6.674408288524918e-06
17938,9.63462487911372e-06
17939,9.499333526257177e-06
17940,9.053328994739186e-06
17941,1.6064881707402094e-05
17942,2.051348868247743e-05
17943,1.5931820655393905e-05
17944,1.2523040583816098e-05
17945,9.499333526257177e-06
17946,1.280742674021427e-05
17947,5.330244508974136e-06
17948,9.74983946570471e-06
17949,1.1004350244038656e-05
17950,1.0660709689367653e-05
17951,1.1004350244038656e-05
17952,1.1004350244038656e-05
17953,1.6672181788352416e-05
17954,1.5877267777850086e-05
17955,1.0660709689367653e-05
17956,1.1004350244038656e-05
17957,1.0660709689367653e-05
17958,5.152342620489121e-05
17959,1.1004350244038656e-05
17960,9.861512805350344e-06
17961,1.0660709689367653e-05
17962,9.499333526257177e-06
17963,1.5517328910970838e-05
17964,9.855818921322782e-06
17965,1.1029448466982983e-05
17966,1.1029448466982983e-05
17967,6.848318894276419e-06
17968,1.0719318706660731e-05
17969,9.804799282565535e-06
17970,1.0719318706660731e-05
17971,8.966816258866327e-06
17972,1.0608279290858941e-05
17973,1.2903399410220977e-05
17974,3.871131538905811e-05
17975,9.855818921322782e-06
17976,6.674408288524918e-06
17977,1.061481761300295e-05
17978,1.2999024231503348e-05
17979,1.2523040583816098e-05
17980,9.866856785287496e-06
17981,9.855818921322782e-06
17982,9.882082474788552e-06
17983,9.582707565010591e-06
17984,1.2386260181243683e-05
17985,9.489074365034779e-06
17986,1.4225265288742417e-05
17987,9.855818921322782e-06
17988,9.593922196304636e-06
17989,6.674408288524918e-06
17990,1.4472157442928997e-05
17991,9.138178963690783e-06
17992,1.061481761300295e-05
17993,1.353974428103868e-05
17994,1.0053411756575844e-05
17995,1.0817996061144057e-05
17996,1.3850902230747864e-05
17997,1.740146050573462e-05
17998,1.061481761300295e-05
17999,8.611358100279569e-06
18000,1.0327374865332602e-05
18001,9.74983946570471e-06
18002,1.9814096892678878e-05
18003,1.4676245630072939e-05
18004,1.2962026921746081e-05
18005,9.882082474788552e-06
18006,9.575534257900319e-06
18007,1.943581050877506e-05
18008,1.2523040583816098e-05
18009,1.002322127836139e-05
18010,9.777263074180927e-06
18011,1.1909870126827609e-05
18012,1.4354623729130883e-05
18013,1.2058786164846864e-05
18014,1.4890606901564321e-05
18015,1.0327811939182512e-05
18016,4.073749984782747e-05
18017,9.655747257728404e-06
18018,7.67957681734087e-06
18019,1.884230618509073e-05
18020,1.028892948360175e-05
18021,1.0804275205124589e-05
18022,1.1905788186692852e-05
18023,1.0974991432257885e-05
18024,9.254412739787047e-06
18025,1.0523567967782293e-05
18026,8.674958738307506e-06
18027,1.0296113256437114e-05
18028,9.720723507752985e-06
18029,1.5434768440127253e-05
18030,6.674408288524918e-06
18031,1.405705535578172e-05
18032,1.1004350244038656e-05
18033,1.1004350244038656e-05
18034,1.1004350244038656e-05
18035,1.6126972874151513e-05
18036,9.995371324642058e-06
18037,1.0226947814012442e-05
18038,1.4244686609994783e-05
18039,9.715239379587256e-06
18040,1.144840881813943e-05
18041,9.804799282565535e-06
18042,1.0327811939182512e-05
18043,1.0739562233243814e-05
18044,3.475231679539738e-05
18045,9.623776343241303e-06
18046,9.239550899912532e-06
18047,4.019834395226302e-05
18048,9.080530119703727e-06
18049,1.0470739855513193e-05
18050,1.144840881813943e-05
18051,1.0579067218970241e-05
18052,1.00595519188609e-05
18053,9.489074365034779e-06
18054,4.272018140712439e-05
18055,2.221301369607714e-05
18056,1.579660818535115e-05
18057,1.0160998317039673e-05
18058,9.105964578815469e-06
18059,9.908381712638796e-06
18060,1.0061428113941776e-05
18061,1.4412617543268523e-05
18062,1.0304389685578956e-05
18063,1.1904958243208149e-05
18064,1.0395100361401984e-05
18065,6.674408288524918e-06
18066,9.499333526257177e-06
18067,8.444617015338625e-06
18068,1.1019279807699367e-05
18069,9.359950071151196e-06
18070,1.4472157442928997e-05
18071,1.0724042150259893e-05
18072,1.5519215693883322e-05
18073,1.0147900018722789e-05
18074,1.0470739855513193e-05
18075,9.811995885297593e-06
18076,1.0348370002420954e-05
18077,9.439127771363733e-06
18078,1.0152000896655648e-05
18079,1.0248059245605469e-05
18080,9.63849168571555e-06
18081,9.136632654823229e-06
18082,5.7592497068065324e-06
18083,9.602138300744518e-06
18084,1.0304389685578956e-05
18085,9.885989024162485e-06
18086,1.0729831536478351e-05
18087,1.1212693996919311e-05
18088,6.674408288524918e-06
18089,9.434838296707893e-06
18090,1.0474522801572617e-05
18091,1.579167137606448e-05
18092,9.715239379587256e-06
18093,8.709456420603492e-06
18094,8.316408602707099e-06
18095,8.184625832172077e-06
18096,1.1128620589288477e-05
18097,9.274351034608919e-06
18098,8.387626387659958e-06
18099,1.0637314892586927e-05
18100,1.0053411756575844e-05
18101,1.0226947814012442e-05
18102,9.61567250659419e-06
18103,9.809582392541579e-06
18104,1.3236288646611567e-05
18105,9.754070560661059e-06
18106,9.896272091706858e-06
18107,9.582707565010591e-06
18108,7.03903547157095e-06
18109,9.504497492612455e-06
18110,9.187772221265003e-06
18111,1.731252422055753e-05
18112,2.1698393453707943e-05
18113,1.0325521945413936e-05
18114,9.489074365034779e-06
18115,1.0304389685578956e-05
18116,2.35473963462885e-05
18117,1.76824932991431e-05
18118,3.8083604269831304e-05
18119,1.3386175321638392e-05
18120,2.1447127984455444e-05
18121,1.0474522801572617e-05
18122,1.4914662407893656e-05
18123,1.0112470398890739e-05
18124,8.423577999744469e-06
18125,9.10260502471896e-06
18126,1.16452300893274e-05
18127,8.791482199158835e-06
18128,9.105964578815469e-06
18129,9.74983946570471e-06
18130,1.0579067218970241e-05
18131,1.246725840014532e-05
18132,1.6396725386418037e-05
18133,9.897250846409457e-06
18134,9.897250846409457e-06
18135,1.2058786164846864e-05
18136,9.667392672126224e-06
18137,1.1072958869998366e-05
18138,1.0112470398890739e-05
18139,1.1029448466982983e-05
18140,1.3826110024741152e-05
18141,1.1355015410120625e-05
18142,9.908381712638796e-06
18143,1.2274441446841848e-05
18144,1.2058786164846864e-05
18145,1.2205304188359949e-05
18146,9.715239379587256e-06
18147,5.552047756660196e-06
18148,1.0492577191442162e-05
18149,8.832117818009644e-06
18150,1.1029448466982983e-05
18151,1.5093653731170013e-05
18152,1.0360425969893026e-05
18153,8.801301594525623e-06
18154,1.007952052925644e-05
18155,1.0645395354398507e-05
18156,1.0719318706660731e-05
18157,9.568833028344554e-06
18158,8.143436574999355e-06
18159,9.63908308380622e-06
18160,9.22237046987849e-06
18161,9.700862731621744e-06
18162,1.0614819942957108e-05
18163,1.2204527911802652e-05
18164,5.1651911234359266e-06
18165,9.700862731621744e-06
18166,8.81268002018718e-06
18167,1.1890914696313478e-05
18168,1.5336382029129526e-05
18169,1.6062533940830677e-05
18170,2.6225513580579415e-05
18171,2.5782878399657693e-05
18172,1.313529346607597e-05
18173,1.0165217108108049e-05
18174,1.166445740269477e-05
18175,7.527818660629503e-06
18176,1.0438800493865949e-05
18177,9.434906633416035e-06
18178,9.896272091706858e-06
18179,1.0226947814012442e-05
18180,9.948291810840633e-06
18181,1.0248059245605469e-05
18182,1.5931820655393905e-05
18183,1.4733713926079261e-05
18184,1.7823272172343303e-05
18185,1.3826110024741152e-05
18186,9.493588591525832e-06
18187,1.3114564674475486e-05
18188,9.497136086334239e-06
18189,1.0304389685578956e-05
18190,4.616625960650701e-05
18191,1.0673198845483249e-05
18192,1.2386260181243683e-05
18193,1.6692091078178042e-05
18194,1.5905273445863017e-05
18195,1.0395100361401984e-05
18196,9.690616076324506e-06
18197,9.967603528957248e-06
18198,1.1522525439412445e-05
18199,1.0691282150835419e-05
18200,9.655747257728404e-06
18201,9.105964578815469e-06
18202,1.1072711269286275e-05
18203,1.4591621085625427e-05
18204,8.739796380267741e-05
18205,1.1029448466982983e-05
18206,1.0433895804699462e-05
18207,3.218322689042064e-05
18208,1.0724042150259893e-05
18209,1.0165217108108049e-05
18210,9.896272091706858e-06
18211,8.78158507753969e-06
18212,1.910324054205323e-05
18213,6.674408288524918e-06
18214,8.801301594525623e-06
18215,8.966816258866327e-06
18216,1.0605862121923956e-05
18217,9.271261400480925e-06
18218,8.701594436996798e-06
18219,1.1212693996919311e-05
18220,9.593922196304636e-06
18221,9.05804862443082e-06
18222,1.565591053160319e-05
18223,1.0972657349413722e-05
18224,1.5237836898401792e-05
18225,1.0053411756575844e-05
18226,1.605177927170767e-05
18227,1.5805030369046533e-05
18228,9.434520593808654e-06
18229,1.8956507091233962e-05
18230,1.1078478163378258e-05
18231,1.1078478163378258e-05
18232,1.1078478163378258e-05
18233,1.1078478163378258e-05
18234,1.1078478163378258e-05
18235,1.9830744905938465e-05
18236,1.405705535578172e-05
18237,9.255426568317661e-06
18238,9.715239379587256e-06
18239,8.966816258866327e-06
18240,1.4929572000049548e-05
18241,1.1078478163378258e-05
18242,1.0248059245605469e-05
18243,8.143436574999355e-06
18244,9.394769817727571e-06
18245,1.0470739855513193e-05
18246,9.575534257900319e-06
18247,9.809582392541579e-06
18248,1.1029448466982983e-05
18249,9.434520593808654e-06
18250,1.1662447462823872e-05
18251,9.422703642885622e-06
18252,1.0972657349413722e-05
18253,9.434520593808654e-06
18254,1.0296113256437114e-05
18255,1.585645166156572e-05
18256,9.602138300744518e-06
18257,9.855818921322782e-06
18258,1.0320122706611893e-05
18259,5.330244508974136e-06
18260,1.0727799886620179e-05
18261,1.0633902373928431e-05
18262,1.0347163086799967e-05
18263,1.8218698824100174e-05
18264,1.3413346637961738e-05
18265,8.709456420603492e-06
18266,2.084179952060991e-05
18267,9.434520593808654e-06
18268,5.7464230211179225e-05
18269,1.1029448466982983e-05
18270,8.966816258866327e-06
18271,1.1909870126827609e-05
18272,1.912656023884828e-05
18273,1.4875798373508094e-05
18274,1.240405310203985e-05
18275,9.86788215339441e-06
18276,1.0395100361401984e-05
18277,1.789203690765804e-05
18278,1.4660105087330726e-05
18279,2.2473135758965366e-05
18280,9.941772335856042e-06
18281,1.2256431605220082e-05
18282,1.0395100361401984e-05
18283,9.05804862443082e-06
18284,1.1078478163378258e-05
18285,1.0165217108108049e-05
18286,9.646521210851372e-06
18287,1.0605862121923956e-05
18288,1.0327374865332602e-05
18289,1.0323798207862645e-05
18290,1.5752995337011173e-05
18291,3.106951629820774e-05
18292,1.5411666517388806e-05
18293,1.0566088407875821e-05
18294,9.809582392541579e-06
18295,1.177697881591642e-05
18296,1.7065122973777825e-05
18297,1.0633902373928431e-05
18298,1.6417407505476234e-05
18299,1.5205434879750616e-05
18300,1.0053411756575844e-05
18301,1.0044546564286435e-05
18302,9.725920108296228e-06
18303,2.4752365767556244e-05
18304,1.0923473382729238e-05
18305,9.428316725526897e-06
18306,8.381642699285752e-06
18307,1.0360425969893026e-05
18308,1.0923473382729238e-05
18309,1.280742674021427e-05
18310,1.4007829099006999e-05
18311,1.4875798373508094e-05
18312,9.697915604753337e-06
18313,1.4869283270108514e-05
18314,1.1052403610642951e-05
18315,9.777263074180927e-06
18316,1.6891441861349293e-05
18317,1.44702238322581e-05
18318,1.3124703986751003e-05
18319,9.316842424275981e-06
18320,9.63908308380622e-06
18321,1.5805030369046533e-05
18322,1.0719318706660731e-05
18323,1.0093258079298354e-05
18324,9.582707565010591e-06
18325,1.0395100361401984e-05
18326,1.0395100361401984e-05
18327,1.0492577191442162e-05
18328,1.8620918146917403e-05
18329,1.62792354432099e-05
18330,1.0719318706660731e-05
18331,1.052641146073085e-05
18332,1.0323798207862645e-05
18333,1.2962026921746081e-05
18334,9.602138300744518e-06
18335,8.862252582906677e-06
18336,3.670913895221342e-05
18337,1.2058786164846864e-05
18338,1.2386260181243683e-05
18339,1.353974428103868e-05
18340,1.0365859094959847e-05
18341,6.848318894276419e-06
18342,4.1758326791143166e-05
18343,8.801301594525623e-06
18344,1.1861338859021963e-05
18345,9.317540546083008e-06
18346,8.98613338073191e-06
18347,9.728168383333168e-06
18348,9.589580765736588e-06
18349,9.986120975271117e-06
18350,9.552202977205576e-06
18351,1.0678217015801007e-05
18352,1.5377085337433282e-05
18353,6.674408288524918e-06
18354,9.91480548679001e-06
18355,9.136632654823229e-06
18356,1.002322127836139e-05
18357,1.195602319665265e-05
18358,2.0520683765453752e-05
18359,9.63849168571555e-06
18360,1.195602319665265e-05
18361,9.582707565010591e-06
18362,0.00028520637163193685
18363,1.5633956019020575e-05
18364,9.63908308380622e-06
18365,9.804799282565535e-06
18366,9.136632654823229e-06
18367,1.015245543295525e-05
18368,9.221294298458603e-06
18369,1.633005025047426e-05
18370,1.1863407479193106e-05
18371,6.674408288524918e-06
18372,1.5264667190976676e-05
18373,9.700862731621744e-06
18374,1.538054780871723e-05
18375,6.674408288524918e-06
18376,1.5113499608472871e-05
18377,1.2344257881049745e-05
18378,9.439127771363733e-06
18379,1.0327811939182512e-05
18380,1.003161474217399e-05
18381,4.703688482616396e-05
18382,1.074576865558823e-05
18383,4.8703806979931233e-05
18384,1.0325521945413936e-05
18385,8.423577999744469e-06
18386,8.807659066140166e-06
18387,1.647881928367846e-05
18388,1.5276724149905527e-05
18389,1.0395100361401984e-05
18390,9.935008023651504e-06
18391,9.967603528957248e-06
18392,1.083567230817758e-05
18393,9.598517099071531e-06
18394,1.0724042150259893e-05
18395,9.61567250659419e-06
18396,1.0637314892586927e-05
18397,1.0323798207862645e-05
18398,1.7337006034060926e-05
18399,9.597929014891506e-06
18400,9.63849168571555e-06
18401,1.9097219402803865e-05
18402,1.9448175662806815e-05
18403,1.2386260181243683e-05
18404,1.1212693996919311e-05
18405,1.573929260921026e-05
18406,9.317540546083008e-06
18407,9.777263074180927e-06
18408,9.576716524284763e-06
18409,1.1029448466982983e-05
18410,1.1029448466982983e-05
18411,6.848318894276419e-06
18412,1.6417407505476234e-05
18413,9.855818921322782e-06
18414,1.0295947540132029e-05
18415,9.61567250659419e-06
18416,9.463714720507445e-06
18417,1.0729831536478351e-05
18418,9.948291810840633e-06
18419,8.503783769685729e-06
18420,1.1364417115222792e-05
18421,1.0433895804699462e-05
18422,9.149489293946556e-06
18423,1.0625988213105185e-05
18424,1.0395100361401984e-05
18425,1.3074226847997412e-05
18426,1.0523567967782293e-05
18427,1.7151520870937987e-05
18428,1.050537032126487e-05
18429,1.1505654674703786e-05
18430,1.0226947814012442e-05
18431,9.575534257900319e-06
18432,9.610210116740116e-06
18433,1.0327374865332602e-05
18434,9.610210116740116e-06
18435,1.0053411756575844e-05
18436,9.63908308380622e-06
18437,9.136632654823229e-06
18438,9.244975147240444e-06
18439,1.0348370002420954e-05
18440,1.1072958869998366e-05
18441,1.144840881813943e-05
18442,9.271261400480925e-06
18443,2.330742966273887e-05
18444,2.2929288034724117e-05
18445,1.670868958492993e-05
18446,1.246725840014532e-05
18447,1.0015800834386606e-05
18448,1.206237794957882e-05
18449,8.184625832172077e-06
18450,2.0654512168795214e-05
18451,9.809582392541579e-06
18452,9.967603528957248e-06
18453,1.0112470398890739e-05
18454,1.0112470398890739e-05
18455,1.195602319665265e-05
18456,1.0307799698501834e-05
18457,1.0112470398890739e-05
18458,1.0323798207862645e-05
18459,5.648138520699926e-06
18460,1.562480644207672e-05
18461,8.791482199158835e-06
18462,8.862252582906677e-06
18463,1.5336382029129526e-05
18464,1.0213357406846318e-05
18465,1.1029448466982983e-05
18466,4.8712817787507075e-06
18467,1.4104491419051545e-05
18468,1.5221568787812225e-05
18469,1.0367784041277178e-05
18470,4.239148155742035e-05
18471,1.0625988213105185e-05
18472,1.2058786164846864e-05
18473,9.244975147240444e-06
18474,8.832117818009644e-06
18475,1.2058786164846864e-05
18476,1.0248059245605469e-05
18477,1.0632560201404219e-05
18478,1.3826110024741152e-05
18479,1.0248059245605469e-05
18480,1.2523040583816098e-05
18481,9.499363410106409e-06
18482,1.1029448466982983e-05
18483,3.4849412571505345e-05
18484,1.4676245630072939e-05
18485,6.674408288524918e-06
18486,1.4424850803539731e-05
18487,9.190780516689155e-06
18488,1.1029448466982983e-05
18489,1.0241717869620738e-05
18490,9.715239379587256e-06
18491,9.809582392541579e-06
18492,9.476399044439624e-06
18493,1.5254975402569197e-05
18494,1.052641146073085e-05
18495,1.1410800132314016e-05
18496,9.136632654823229e-06
18497,1.0112470398890739e-05
18498,1.3381641488624728e-05
18499,1.723461741053332e-05
18500,9.885989024162485e-06
18501,9.476399044439624e-06
18502,8.123339018192422e-06
18503,1.1029448466982983e-05
18504,1.00595519188609e-05
18505,1.002322127836139e-05
18506,9.623776343241303e-06
18507,9.667392672126224e-06
18508,9.007728934627767e-06
18509,2.1756173008944478e-05
18510,1.0257921833760655e-05
18511,1.0411753129650602e-05
18512,1.6855225613846053e-05
18513,1.4396114205307553e-05
18514,1.1004350244038656e-05
18515,4.8712817787507075e-06
18516,8.785848222579045e-06
18517,1.353974428103868e-05
18518,1.0411753129650602e-05
18519,9.866856785287496e-06
18520,1.5172918017456835e-05
18521,1.0581429682234979e-05
18522,1.353974428103868e-05
18523,8.143436574999355e-06
18524,1.0986418995693328e-05
18525,1.8317608383029008e-05
18526,9.882082474788552e-06
18527,8.674958738307506e-06
18528,9.741334635875322e-06
18529,9.967603528957248e-06
18530,9.463714720507445e-06
18531,1.2113469516883801e-05
18532,4.081782006481351e-05
18533,1.0053411756575844e-05
18534,1.1517190344352242e-05
18535,9.190780516689155e-06
18536,0.0005392186561410112
18537,9.855818921322782e-06
18538,9.244975147240444e-06
18539,9.274351034608919e-06
18540,9.158656342036634e-06
18541,1.9566785048239115e-05
18542,1.3519758028382828e-05
18543,8.709456420603492e-06
18544,2.603374175742902e-05
18545,1.0323798207862645e-05
18546,1.0304389685578956e-05
18547,9.956974897762962e-06
18548,6.2180242557229486e-06
18549,1.0190310948017527e-05
18550,1.1029448466982983e-05
18551,1.2903399410220977e-05
18552,1.3913469607568114e-05
18553,1.3074226847997412e-05
18554,8.969077104345952e-06
18555,1.0055811583422948e-05
18556,9.967603528957248e-06
18557,1.353974428103868e-05
18558,1.0332553080377697e-05
18559,9.956974897762962e-06
18560,8.966816258866327e-06
18561,1.1029448466982983e-05
18562,1.1212693996919311e-05
18563,9.804799282565535e-06
18564,1.0053411756575844e-05
18565,1.4497804014879282e-05
18566,7.935958174012888e-06
18567,9.623776343241303e-06
18568,1.0325521945413936e-05
18569,8.674958738307506e-06
18570,1.1665267082120567e-05
18571,1.0538603789410964e-05
18572,8.709456420603492e-06
18573,2.084669050767184e-05
18574,5.4608749454719496e-06
18575,1.3771968045980782e-05
18576,1.0320122706611893e-05
18577,4.9210260826821295e-06
18578,2.6332891053167708e-05
18579,1.4820204215432352e-05
18580,2.242915901890894e-05
18581,1.0470739855513193e-05
18582,9.187772221265003e-06
18583,8.674958738307506e-06
18584,8.552299102409865e-06
18585,1.1364417115222792e-05
18586,1.0438800493865949e-05
18587,1.0241717869620738e-05
18588,1.240405310203985e-05
18589,1.0688941906292139e-05
18590,1.0044546564286435e-05
18591,1.369374504521079e-05
18592,1.5222107848465297e-05
18593,2.951633554742595e-05
18594,1.6459068954746765e-05
18595,1.596895777092154e-05
18596,1.572004539649666e-05
18597,1.471726698227207e-05
18598,1.0431697154592477e-05
18599,8.709456420603492e-06
18600,4.7125503613225436e-05
18601,9.684771821929977e-06
18602,1.1594325978611455e-05
18603,9.61567250659419e-06
18604,9.598517099071531e-06
18605,3.152558941096168e-05
18606,4.11174006635198e-05
18607,8.927377406965493e-06
18608,1.9448175662806815e-05
18609,8.927377406965493e-06
18610,9.700862731621744e-06
18611,9.575534257900319e-06
18612,1.5542132715652464e-05
18613,8.530722915133776e-06
18614,1.956155248533215e-05
18615,4.9210260826821295e-06
18616,1.1029448466982983e-05
18617,8.966816258866327e-06
18618,9.567382476592197e-06
18619,8.98613338073191e-06
18620,1.0550014729632802e-05
18621,1.00595519188609e-05
18622,8.881599773114271e-06
18623,1.240405310203985e-05
18624,9.422703642885622e-06
18625,1.246725840014532e-05
18626,1.003161474217399e-05
18627,1.0688941906292139e-05
18628,1.1909870126827609e-05
18629,1.1633606203004192e-05
18630,1.353974428103868e-05
18631,4.693907185840634e-05
18632,8.143436574999355e-06
18633,1.0325521945413936e-05
18634,1.0332553080377697e-05
18635,1.0608279290858941e-05
18636,1.5284526215627456e-05
18637,9.136632654823229e-06
18638,1.4817300987954772e-05
18639,1.1904958243208149e-05
18640,1.1538865961995837e-05
18641,1.385249744708517e-05
18642,1.0693114032578455e-05
18643,8.98613338073191e-06
18644,1.0474522801572617e-05
18645,9.692531080188252e-06
18646,1.0053411756575844e-05
18647,1.8123337385119526e-05
18648,1.0581429682234979e-05
18649,1.0581429682234979e-05
18650,9.274351034608919e-06
18651,1.2039091181769635e-05
18652,1.0213357406846318e-05
18653,1.5880442779396417e-05
18654,1.9123454607228323e-05
18655,1.177697881591642e-05
18656,9.690616076324506e-06
18657,1.1875869116015971e-05
18658,1.0923473382729238e-05
18659,1.1633606203004192e-05
18660,8.316408602707099e-06
18661,1.4571935453946875e-05
18662,1.2113469516883801e-05
18663,8.674958738307506e-06
18664,8.674958738307506e-06
18665,8.674958738307506e-06
18666,9.215423587209066e-06
18667,1.3424535692743544e-05
18668,1.0538603789410964e-05
18669,1.0327374865332602e-05
18670,1.0241717869620738e-05
18671,1.5334956193276192e-05
18672,1.423312069032971e-05
18673,1.1971344261213511e-05
18674,9.725920108296228e-06
18675,9.365870353764055e-06
18676,9.711597088106313e-06
18677,9.809582392541579e-06
18678,1.0606931434926932e-05
18679,9.725920108296228e-06
18680,9.167046619281176e-06
18681,1.353974428103868e-05
18682,1.603274142750129e-05
18683,8.662385608594642e-06
18684,1.353974428103868e-05
18685,9.573603815458379e-06
18686,1.0673198845483249e-05
18687,8.999522573062998e-06
18688,1.8380363278180416e-05
18689,9.850440573120747e-06
18690,2.0463885461225914e-05
18691,1.0673198845483249e-05
18692,9.61567250659419e-06
18693,1.0581429682234979e-05
18694,8.503783769685729e-06
18695,1.5665625920008454e-05
18696,8.674958738307506e-06
18697,8.881599773114271e-06
18698,1.0044546564286435e-05
18699,6.848318894276419e-06
18700,1.0160998317039673e-05
18701,1.6993069315008738e-05
18702,9.61567250659419e-06
18703,1.4291525125718407e-05
18704,4.748040906592794e-06
18705,1.2032706307433641e-05
18706,6.2180242557229486e-06
18707,8.381043332545282e-06
18708,1.551901414591604e-05
18709,2.3842059327389016e-05
18710,2.0668006912901894e-05
18711,1.4949355438753715e-05
18712,9.552202977205576e-06
18713,1.050537032126487e-05
18714,8.503783769685729e-06
18715,1.0053411756575844e-05
18716,1.0660709689367653e-05
18717,9.504497492612455e-06
18718,9.711597088106313e-06
18719,9.138178963690783e-06
18720,1.0875680193864348e-05
18721,8.999522573062998e-06
18722,1.5857037213710436e-05
18723,1.246725840014532e-05
18724,1.0327811939182512e-05
18725,2.8555274247679023e-05
18726,1.4354623729130883e-05
18727,1.3261524197022263e-05
18728,9.84128048041037e-06
18729,1.3261524197022263e-05
18730,1.526185563863588e-05
18731,9.316842424275981e-06
18732,9.10260502471896e-06
18733,1.0743898418684671e-05
18734,8.503783769685729e-06
18735,1.55905060209867e-05
18736,1.0008352767091742e-05
18737,9.885989024162485e-06
18738,2.140119284669822e-05
18739,9.875238193826672e-06
18740,9.84128048041037e-06
18741,9.885989024162485e-06
18742,1.0257921833760655e-05
18743,1.1004350244038656e-05
18744,8.874399124719438e-06
18745,1.540020894722452e-05
18746,9.510111211076036e-06
18747,1.0093258079298354e-05
18748,1.0093258079298354e-05
18749,1.0093258079298354e-05
18750,1.4963104435353932e-05
18751,1.0606931434926932e-05
18752,1.1594325978611455e-05
18753,1.0093258079298354e-05
18754,2.2311973203944323e-05
18755,1.206237794957882e-05
18756,9.63849168571555e-06
18757,1.9195451808125938e-05
18758,2.2568287825631315e-05
18759,1.3046031194206784e-05
18760,1.546047799348385e-05
18761,9.908087847875337e-06
18762,9.861512805350344e-06
18763,1.0304389685578956e-05
18764,1.1212693996919311e-05
18765,1.1594325978611455e-05
18766,9.263821395050691e-06
18767,1.305159326232427e-05
18768,9.697915604753337e-06
18769,1.3826110024741152e-05
18770,1.045648312641421e-05
18771,8.143436574999355e-06
18772,1.0327811939182512e-05
18773,1.6160215714547697e-05
18774,1.0304389685578956e-05
18775,1.546047799348385e-05
18776,1.0727799886620179e-05
18777,9.187772221265003e-06
18778,4.8598444321872824e-05
18779,1.0406263609766445e-05
18780,1.0411753129650602e-05
18781,1.2204527911802652e-05
18782,9.861512805350344e-06
18783,9.187772221265003e-06
18784,1.0053411756575844e-05
18785,1.8374790933689325e-05
18786,9.602138300744518e-06
18787,9.850440573120747e-06
18788,1.0264489145142471e-05
18789,8.674958738307506e-06
18790,9.602138300744518e-06
18791,1.2912512215563351e-05
18792,1.2058786164846864e-05
18793,1.16117097546835e-05
18794,1.050537032126487e-05
18795,1.7151520870937987e-05
18796,6.848318894276419e-06
18797,8.444617015338625e-06
18798,1.0348370002420954e-05
18799,1.6172445990642756e-05
18800,6.848318894276419e-06
18801,1.0323798207862645e-05
18802,1.1029448466982983e-05
18803,1.1072958869998366e-05
18804,7.992781377142298e-06
18805,1.4999825962729682e-05
18806,1.2002464372649052e-05
18807,9.893028832896335e-06
18808,1.4111715191430046e-05
18809,9.741334635875322e-06
18810,9.530479144825802e-06
18811,9.493588591525832e-06
18812,1.0606931434926932e-05
18813,8.387626387659958e-06
18814,1.00595519188609e-05
18815,1.3020959704285684e-05
18816,1.0327374865332602e-05
18817,9.360000703992135e-06
18818,1.54483292066766e-05
18819,8.674958738307506e-06
18820,7.03903547157095e-06
18821,1.0369786528028124e-05
18822,9.956974897762962e-06
18823,9.920286267500786e-06
18824,1.00595519188609e-05
18825,1.0304389685578956e-05
18826,1.7225152646187267e-05
18827,7.67957681734087e-06
18828,9.489074365034779e-06
18829,8.999522573062998e-06
18830,1.2058786164846864e-05
18831,1.015245543295525e-05
18832,1.1795189196205568e-05
18833,1.1522525439412445e-05
18834,1.026734224461449e-05
18835,1.1347282628427675e-05
18836,1.5737717227170055e-05
18837,1.1029448466982983e-05
18838,1.0474522801572617e-05
18839,9.007728934627767e-06
18840,1.0474522801572617e-05
18841,9.053328994739186e-06
18842,9.777263074180927e-06
18843,2.0654512168795214e-05
18844,9.741334635875322e-06
18845,9.948291810840633e-06
18846,1.921346198890719e-05
18847,1.246725840014532e-05
18848,1.796376066267179e-05
18849,1.5237836898401792e-05
18850,9.63849168571555e-06
18851,1.1029448466982983e-05
18852,8.444617015338625e-06
18853,9.149489293946556e-06
18854,1.00595519188609e-05
18855,9.885989024162485e-06
18856,8.80058397664867e-06
18857,1.4609234400683073e-05
18858,6.674408288524918e-06
18859,6.674408288524918e-06
18860,1.6646378717914816e-05
18861,1.0267670007139493e-05
18862,9.489074365034779e-06
18863,1.4689732959475856e-05
18864,3.6663055791319194e-05
18865,1.0523567967782293e-05
18866,8.966816258866327e-06
18867,9.076566886993103e-06
18868,9.187772221265003e-06
18869,2.756145092531826e-05
18870,8.98613338073191e-06
18871,8.767473216099917e-06
18872,1.0213357406846318e-05
18873,9.215423587209066e-06
18874,2.4489582043629336e-05
18875,6.674408288524918e-06
18876,1.2962026921746081e-05
18877,8.98613338073191e-06
18878,9.399491531494186e-06
18879,1.0846275897866931e-05
18880,1.353974428103868e-05
18881,9.804799282565535e-06
18882,1.0660709689367653e-05
18883,1.0264489145142471e-05
18884,9.573603815458379e-06
18885,9.22237046987849e-06
18886,9.434906633416035e-06
18887,1.1446736855642405e-05
18888,8.674958738307506e-06
18889,1.1347282628427675e-05
18890,1.353974428103868e-05
18891,1.6785056402478224e-05
18892,1.0606931434926932e-05
18893,1.1528378976175368e-05
18894,1.1004350244038656e-05
18895,1.050537032126487e-05
18896,1.1004350244038656e-05
18897,1.0474522801572617e-05
18898,1.0304389685578956e-05
18899,1.4848041181393525e-05
18900,1.5254975402569197e-05
18901,1.002322127836139e-05
18902,1.4595305323525772e-05
18903,9.920286267500786e-06
18904,1.139810098846653e-05
18905,1.015245543295525e-05
18906,1.4412617543268523e-05
18907,9.244975147240444e-06
18908,1.3261524197022263e-05
18909,8.98613338073191e-06
18910,9.875238193826672e-06
18911,9.187772221265003e-06
18912,1.0015800834386606e-05
18913,9.878374358480551e-06
18914,9.896272091706858e-06
18915,1.567321010221251e-05
18916,1.1035057057789817e-05
18917,1.0579067218970241e-05
18918,9.866856785287496e-06
18919,9.697915604753337e-06
18920,7.935958174012888e-06
18921,9.92867238526007e-06
18922,1.177697881591642e-05
18923,9.582707565010591e-06
18924,1.0327811939182512e-05
18925,2.7019938921134106e-05
18926,9.499363410106409e-06
18927,1.6785056402478224e-05
18928,1.714870482575395e-05
18929,1.1971344261213511e-05
18930,1.007952052925644e-05
18931,9.434520593808654e-06
18932,1.16117097546835e-05
18933,1.0639045552312857e-05
18934,6.674408288524918e-06
18935,1.195602319665265e-05
18936,9.138178963690783e-06
18937,9.575534257900319e-06
18938,1.0608279290858941e-05
18939,9.317540546083008e-06
18940,9.582707565010591e-06
18941,9.809582392541579e-06
18942,9.690616076324506e-06
18943,1.1971344261213511e-05
18944,1.0135758113313978e-05
18945,1.0673198845483249e-05
18946,9.74454702862083e-06
18947,1.0160998317039673e-05
18948,9.967603528957248e-06
18949,1.0923473382729238e-05
18950,9.05804862443082e-06
18951,1.9121811591610664e-05
18952,9.504497492612455e-06
18953,9.239550899912532e-06
18954,1.0053411756575844e-05
18955,1.16117097546835e-05
18956,1.4689732959475856e-05
18957,1.7163193597695304e-05
18958,9.715239379587256e-06
18959,9.754070560661059e-06
18960,8.674958738307506e-06
18961,1.0729831536478351e-05
18962,2.0654512168795214e-05
18963,1.0625988213105185e-05
18964,1.172179950376948e-05
18965,9.434838296707893e-06
18966,1.0130978342956305e-05
18967,1.0266845488968174e-05
18968,8.98613338073191e-06
18969,1.1728661315964814e-05
18970,1.052641146073085e-05
18971,1.0818983916402888e-05
18972,1.353974428103868e-05
18973,1.7823012823758564e-05
18974,1.2039091181769635e-05
18975,1.0015800834386606e-05
18976,1.0008352767091742e-05
18977,1.0394028520652429e-05
18978,1.0044546564286435e-05
18979,1.3074226847997412e-05
18980,1.6785056402478224e-05
18981,1.028892948360175e-05
18982,1.0688941906292139e-05
18983,1.6698438140554858e-05
18984,7.159558471406331e-06
18985,9.190780516689155e-06
18986,1.1124892457125952e-05
18987,1.2113469516883801e-05
18988,1.3582379999441523e-05
18989,9.857833848985988e-06
18990,1.375309324655287e-05
18991,1.139810098846653e-05
18992,8.969077104345952e-06
18993,8.184625832172077e-06
18994,9.777263074180927e-06
18995,1.0348370002420954e-05
18996,1.5465909993794722e-05
18997,1.0348370002420954e-05
18998,9.896272091706858e-06
18999,1.353974428103868e-05
19000,1.0678217015801007e-05
19001,1.015245543295525e-05
19002,1.2058786164846864e-05
19003,9.811995885297593e-06
19004,1.0724042150259893e-05
19005,9.514281501058351e-06
19006,9.948291810840633e-06
19007,9.882082474788552e-06
19008,1.14672736681883e-05
19009,1.6789721846435508e-05
19010,1.0044546564286435e-05
19011,1.353974428103868e-05
19012,1.7365209332213487e-05
19013,1.353974428103868e-05
19014,1.5237836898401792e-05
19015,9.007728934627767e-06
19016,1.6601727895077013e-05
19017,1.5805030369046533e-05
19018,1.2386260181243683e-05
19019,9.779141176581009e-06
19020,1.353974428103868e-05
19021,5.330244508974136e-06
19022,2.3319515086285027e-05
19023,9.271261400480925e-06
19024,1.859286391720135e-05
19025,8.552299102409865e-06
19026,1.353974428103868e-05
19027,1.009278174243314e-05
19028,1.0266845488968174e-05
19029,2.0572187348054356e-05
19030,6.674408288524918e-06
19031,8.767473216099917e-06
19032,2.4707966456123212e-05
19033,9.700862731621744e-06
19034,1.0727799886620179e-05
19035,2.091921807370874e-05
19036,1.0606931434926932e-05
19037,9.087188963134636e-06
19038,1.3381641488624728e-05
19039,9.711597088106313e-06
19040,1.353974428103868e-05
19041,1.0896042873277623e-05
19042,1.0241717869620738e-05
19043,1.3074226847997412e-05
19044,1.2523040583816098e-05
19045,1.353974428103868e-05
19046,8.653877904907496e-06
19047,1.8656167574354396e-05
19048,1.2962026921746081e-05
19049,9.654870802543586e-06
19050,1.0998759080324583e-05
19051,1.353974428103868e-05
19052,8.251292371225482e-06
19053,9.967603528957248e-06
19054,1.0581429682234979e-05
19055,9.493588591525832e-06
19056,9.582707565010591e-06
19057,1.0365859094959847e-05
19058,1.0327811939182512e-05
19059,1.009278174243314e-05
19060,9.741334635875322e-06
19061,1.1355015410120625e-05
19062,9.22237046987849e-06
19063,9.882082474788552e-06
19064,1.0579067218970241e-05
19065,1.0689881014854909e-05
19066,9.597929014891506e-06
19067,1.353974428103868e-05
19068,1.0639045552312857e-05
19069,8.503783769685729e-06
19070,1.0015800834386606e-05
19071,1.0579067218970241e-05
19072,1.2058786164846864e-05
19073,2.7596302249187085e-05
19074,9.754070560661059e-06
19075,3.324899112698617e-05
19076,1.5237836898401792e-05
19077,9.476399044439624e-06
19078,3.4099840680481975e-05
19079,2.0318330375518437e-05
19080,1.5093653731170013e-05
19081,1.6215925690623597e-05
19082,1.1355015410120625e-05
19083,8.444617015338625e-06
19084,9.967603528957248e-06
19085,1.1230161837395091e-05
19086,2.18297443414456e-05
19087,1.195602319665265e-05
19088,1.444953238845065e-05
19089,8.813491425659442e-06
19090,9.723156484921671e-06
19091,1.0688941906292139e-05
19092,8.966816258866327e-06
19093,2.4146119405350715e-05
19094,9.514281501058351e-06
19095,1.0296113256437114e-05
19096,9.746406357827071e-06
19097,8.674958738307506e-06
19098,1.559522266318491e-05
19099,9.582707565010591e-06
19100,1.7173397885722484e-05
19101,6.848318894276419e-06
19102,6.388869476377107e-05
19103,8.92760565575325e-06
19104,1.0711341726803775e-05
19105,9.317540546083008e-06
19106,1.353974428103868e-05
19107,1.0190781318694255e-05
19108,9.711597088106313e-06
19109,2.2153546750877198e-05
19110,1.6211868852358015e-05
19111,1.1320356980366022e-05
19112,1.9425088833338026e-05
19113,1.1044881389740348e-05
19114,1.2032706307433641e-05
19115,9.913185596386702e-05
19116,9.967603528957248e-06
19117,1.1104152863120281e-05
19118,1.0093258079298354e-05
19119,1.353974428103868e-05
19120,1.0558042072649292e-05
19121,4.670451762247022e-06
19122,1.5053137921277866e-05
19123,1.2523040583816098e-05
19124,1.353974428103868e-05
19125,9.051576093865178e-06
19126,1.6421740203614535e-05
19127,9.422703642885622e-06
19128,1.1728661315964814e-05
19129,1.0673198845483249e-05
19130,9.493588591525832e-06
19131,1.602094131816059e-05
19132,1.0360425969893026e-05
19133,1.177697881591642e-05
19134,1.5604461057497145e-05
19135,1.0264489145142471e-05
19136,9.476399044439624e-06
19137,9.692531080188252e-06
19138,1.5254975402569197e-05
19139,1.5424814791226663e-05
19140,9.861512805350344e-06
19141,8.709456420603492e-06
19142,1.16117097546835e-05
19143,3.565806306818547e-05
19144,9.893028832896335e-06
19145,1.0406263609766445e-05
19146,2.490908711777854e-05
19147,1.2386260181243683e-05
19148,1.0523567967782293e-05
19149,1.9003036499966675e-05
19150,2.521467077599764e-05
19151,8.98613338073191e-06
19152,1.7002240339230638e-05
19153,9.239550899912532e-06
19154,9.879854495037761e-06
19155,8.813491425659442e-06
19156,8.423577999744469e-06
19157,1.195602319665265e-05
19158,1.1665267082120567e-05
19159,1.195602319665265e-05
19160,1.2523040583816098e-05
19161,9.158656342036634e-06
19162,1.0296113256437114e-05
19163,1.3229284667748363e-05
19164,1.0323798207862645e-05
19165,9.777263074180927e-06
19166,4.2478424333026116e-05
19167,1.353974428103868e-05
19168,8.8687787159733e-06
19169,1.0189796707865987e-05
19170,1.9571950378277408e-05
19171,9.908087847875337e-06
19172,1.7836841815081395e-05
19173,1.0660709689367653e-05
19174,1.0560123404569157e-05
19175,8.999522573062998e-06
19176,2.1559655692733024e-05
19177,1.3689561597486723e-05
19178,9.239550899912532e-06
19179,1.526630551430008e-05
19180,1.5734478749650416e-05
19181,1.0719318706660731e-05
19182,1.0161542246783875e-05
19183,1.0008352767091742e-05
19184,1.0633902373928431e-05
19185,1.0093258079298354e-05
19186,7.4137074395127525e-06
19187,1.040634852296654e-05
19188,1.0093258079298354e-05
19189,1.0693114032578455e-05
19190,1.0719318706660731e-05
19191,1.0093258079298354e-05
19192,1.0093258079298354e-05
19193,1.1029448466982983e-05
19194,1.5348095091118383e-05
19195,1.003161474217399e-05
19196,1.9755177333994433e-05
19197,9.804799282565535e-06
19198,9.21288922684213e-06
19199,1.6439715451118335e-05
19200,9.160660304796132e-06
19201,1.0248059245605469e-05
19202,9.864537772104035e-06
19203,1.1118294444784053e-05
19204,1.0719318706660731e-05
19205,1.195602319665265e-05
19206,1.6102366101768837e-05
19207,9.434838296707893e-06
19208,1.391116488324254e-05
19209,1.5135108894946686e-05
19210,1.2702955705999417e-05
19211,2.325603262710896e-05
19212,1.8374790933689325e-05
19213,8.674958738307506e-06
19214,9.967603528957248e-06
19215,1.4448864686602882e-05
19216,5.464428561829023e-06
19217,1.0327811939182512e-05
19218,8.881599773114271e-06
19219,9.967603528957248e-06
19220,6.848318894276419e-06
19221,1.0719318706660731e-05
19222,1.1029448466982983e-05
19223,9.882082474788552e-06
19224,1.1019279807699367e-05
19225,1.6785056402478224e-05
19226,2.770266893483116e-05
19227,1.579232832862015e-05
19228,9.811995885297593e-06
19229,9.967603528957248e-06
19230,1.750056953574144e-05
19231,2.1682918871825074e-05
19232,2.423986354137439e-05
19233,8.184625832172077e-06
19234,8.674958738307506e-06
19235,9.582707565010591e-06
19236,1.177697881591642e-05
19237,1.0719318706660731e-05
19238,8.80058397664867e-06
19239,9.339471607813863e-06
19240,9.136632654823229e-06
19241,1.0693114032578455e-05
19242,9.38851605547499e-06
19243,1.0093258079298354e-05
19244,1.0327374865332602e-05
19245,1.0579067218970241e-05
19246,9.715239379587256e-06
19247,3.0220372048671668e-05
19248,8.647477836723018e-06
19249,8.674958738307506e-06
19250,9.530479144825802e-06
19251,1.5737471438254475e-05
19252,1.1104152863120281e-05
19253,9.007728934627767e-06
19254,9.322330495343925e-06
19255,1.2903399410220977e-05
19256,9.136632654823229e-06
19257,1.0365859094959847e-05
19258,9.597929014891506e-06
19259,1.0241717869620738e-05
19260,1.0983549165868838e-05
19261,1.0983549165868838e-05
19262,1.0983549165868838e-05
19263,9.967603528957248e-06
19264,1.0446302870587945e-05
19265,1.1104152863120281e-05
19266,1.0446302870587945e-05
19267,2.0654512168795214e-05
19268,1.6777544465183102e-05
19269,9.576716524284763e-06
19270,2.0654512168795214e-05
19271,1.9480098896147886e-05
19272,8.98613338073191e-06
19273,1.144840881813943e-05
19274,1.195602319665265e-05
19275,9.711597088106313e-06
19276,1.0348370002420954e-05
19277,8.98613338073191e-06
19278,9.893028832896335e-06
19279,9.725920108296228e-06
19280,1.211704031716639e-05
19281,1.3664444591909596e-05
19282,1.1453354286263499e-05
19283,9.920286267500786e-06
19284,1.0523567967782293e-05
19285,8.423577999744469e-06
19286,1.0837800586025711e-05
19287,1.1904958243208149e-05
19288,1.0165217108108049e-05
19289,1.1904958243208149e-05
19290,1.5805030369046533e-05
19291,1.0598164728847593e-05
19292,1.1212693996919311e-05
19293,1.0341520487811408e-05
19294,1.2184503234008396e-05
19295,1.0332553080377697e-05
19296,1.2039091181769635e-05
19297,1.0637314892586927e-05
19298,1.0152000896655648e-05
19299,8.423577999744469e-06
19300,1.0983549165868838e-05
19301,1.0983549165868838e-05
19302,9.804799282565535e-06
19303,1.1104152863120281e-05
19304,9.05804862443082e-06
19305,9.243134293251872e-06
19306,5.154743215435661e-06
19307,9.271261400480925e-06
19308,1.195602319665265e-05
19309,1.2529614893840324e-05
19310,9.861512805350344e-06
19311,1.0855663141263886e-05
19312,1.1052403610642951e-05
19313,1.1453354286263499e-05
19314,0.00020588493339542753
19315,1.4071553818752507e-05
19316,1.0296113256437114e-05
19317,1.5704311534899936e-05
19318,6.674408288524918e-06
19319,9.54736063630183e-06
19320,1.4276221890895706e-05
19321,1.0896042873277623e-05
19322,4.8712817787507075e-06
19323,1.2002464372649052e-05
19324,4.8712817787507075e-06
19325,1.0371690590651111e-05
19326,2.7778302857357093e-05
19327,1.471499485432188e-05
19328,1.050537032126487e-05
19329,1.0053411756575844e-05
19330,9.322330495343925e-06
19331,8.674958738307506e-06
19332,9.967603528957248e-06
19333,1.1696818140339037e-05
19334,8.530722915133776e-06
19335,9.728168383333168e-06
19336,1.004334818679909e-05
19337,9.46984213922782e-06
19338,1.7486981559903315e-05
19339,8.848748200179625e-06
19340,9.317540546083008e-06
19341,1.1218005877214256e-05
19342,1.061481761300295e-05
19343,1.0053411756575844e-05
19344,9.317540546083008e-06
19345,9.901718571693991e-06
19346,1.2818208313079109e-05
19347,9.720723507752985e-06
19348,1.2926101824549895e-05
19349,9.711597088106313e-06
19350,2.9682334850609823e-05
19351,9.497136086334239e-06
19352,1.0579067218970241e-05
19353,1.1904958243208149e-05
19354,9.728168383333168e-06
19355,1.9436271107944825e-05
19356,1.002322127836139e-05
19357,6.674408288524918e-06
19358,1.0248059245605469e-05
19359,1.2002464372649052e-05
19360,8.674958738307506e-06
19361,9.700862731621744e-06
19362,1.3074226847997412e-05
19363,1.0896042873277623e-05
19364,1.1029448466982983e-05
19365,9.271261400480925e-06
19366,9.956974897762962e-06
19367,8.832117818009644e-06
19368,1.004334818679909e-05
19369,1.686499786345045e-05
19370,9.271261400480925e-06
19371,1.3662821802766634e-05
19372,9.697915604753337e-06
19373,1.0015800834386606e-05
19374,1.0226947814012442e-05
19375,1.0558042072649292e-05
19376,1.1212693996919311e-05
19377,1.0896042873277623e-05
19378,1.0896042873277623e-05
19379,1.0896042873277623e-05
19380,1.3124703986751003e-05
19381,1.353974428103868e-05
19382,9.160660304796132e-06
19383,1.6912444369692498e-05
19384,7.916481966791899e-06
19385,9.967603528957248e-06
19386,1.1029448466982983e-05
19387,9.63849168571555e-06
19388,1.2358037027890973e-05
19389,9.138178963690783e-06
19390,1.0241717869620738e-05
19391,2.1774250683139267e-05
19392,1.0323798207862645e-05
19393,9.582707565010591e-06
19394,1.7364649684652795e-05
19395,1.7151520870937987e-05
19396,1.0688941906292139e-05
19397,1.2032706307433641e-05
19398,1.0012821076224137e-05
19399,8.674958738307506e-06
19400,8.530722915133776e-06
19401,1.028892948360175e-05
19402,1.0327811939182512e-05
19403,1.4875798373508094e-05
19404,4.561310528118881e-06
19405,8.674958738307506e-06
19406,1.632756162121019e-05
19407,9.66366577643837e-06
19408,1.0248059245605469e-05
19409,9.720723507752985e-06
19410,8.966816258866327e-06
19411,1.16452300893274e-05
19412,1.2780037257016472e-05
19413,9.05804862443082e-06
19414,2.0654512168795214e-05
19415,2.300439436319093e-05
19416,9.74454702862083e-06
19417,9.271261400480925e-06
19418,1.002322127836139e-05
19419,9.700862731621744e-06
19420,9.63908308380622e-06
19421,9.49242637511871e-06
19422,8.674958738307506e-06
19423,2.819775626907364e-05
19424,9.007728934627767e-06
19425,1.0327811939182512e-05
19426,1.2576281858078848e-05
19427,1.0719318706660731e-05
19428,9.024897217262012e-06
19429,9.49242637511871e-06
19430,3.149277476783694e-05
19431,1.0719318706660731e-05
19432,1.0633902373928431e-05
19433,8.653877904907496e-06
19434,9.857833848985988e-06
19435,9.582707565010591e-06
19436,1.1364417115222792e-05
19437,1.0348370002420954e-05
19438,1.4354623729130883e-05
19439,1.486203279179545e-05
19440,1.4580850124807534e-05
19441,1.353974428103868e-05
19442,1.2058786164846864e-05
19443,9.076566886993103e-06
19444,1.5389364420900748e-05
19445,9.489074365034779e-06
19446,9.087188963134636e-06
19447,1.003161474217399e-05
19448,1.2903399410220977e-05
19449,1.0431697154592477e-05
19450,2.1772559531407658e-05
19451,9.74983946570471e-06
19452,1.3686174747562758e-05
19453,9.728168383333168e-06
19454,3.8083778941820924e-05
19455,1.6864108210186362e-05
19456,9.463714720507445e-06
19457,1.0474522801572617e-05
19458,1.00595519188609e-05
19459,1.0641409131589505e-05
19460,9.317540546083008e-06
19461,1.0673198845483249e-05
19462,9.715239379587256e-06
19463,1.7151520870937987e-05
19464,1.6278096417625632e-05
19465,1.0688941906292139e-05
19466,1.2058786164846864e-05
19467,1.10479886016766e-05
19468,9.667392672126224e-06
19469,9.66366577643837e-06
19470,1.0816858899900522e-05
19471,1.177697881591642e-05
19472,1.5376045019214627e-05
19473,2.114260664170612e-05
19474,9.855818921322782e-06
19475,2.4293619490549054e-05
19476,1.4571935453946875e-05
19477,9.138178963690783e-06
19478,1.0896042873277623e-05
19479,1.1355015410120625e-05
19480,1.1134846652070767e-05
19481,1.5336382029129526e-05
19482,1.2058786164846864e-05
19483,1.2113469516883801e-05
19484,1.0304389685578956e-05
19485,9.024897217262012e-06
19486,1.0348370002420954e-05
19487,1.0044546564286435e-05
19488,1.1044881389740348e-05
19489,1.0348370002420954e-05
19490,1.0896042873277623e-05
19491,1.1035097958594619e-05
19492,1.0896042873277623e-05
19493,1.1728661315964814e-05
19494,9.897250846409457e-06
19495,1.172179950376948e-05
19496,1.2058786164846864e-05
19497,9.105964578815469e-06
19498,1.3114564674475486e-05
19499,1.16452300893274e-05
19500,1.0719318706660731e-05
19501,8.716259692959632e-06
19502,9.920286267500786e-06
19503,1.003161474217399e-05
19504,9.897250846409457e-06
19505,8.848748200179625e-06
19506,9.897250846409457e-06
19507,1.5494343731217193e-05
19508,9.746406357827071e-06
19509,9.076566886993103e-06
19510,1.177697881591642e-05
19511,1.0213357406846318e-05
19512,1.0394028520652429e-05
19513,8.316408602707099e-06
19514,1.0241717869620738e-05
19515,1.3519758028382828e-05
19516,3.0170735649868195e-05
19517,2.1538567323223823e-05
19518,9.263821395050691e-06
19519,1.0012821076224137e-05
19520,1.0190310948017527e-05
19521,9.655747257728404e-06
19522,2.5589441694198694e-05
19523,1.0055811583422948e-05
19524,1.2058786164846864e-05
19525,1.0817996061144057e-05
19526,1.0633902373928431e-05
19527,9.317540546083008e-06
19528,1.3694472480504643e-05
19529,9.254412739787047e-06
19530,1.1355015410120625e-05
19531,1.3210476221743501e-05
19532,1.0248059245605469e-05
19533,1.3436683153497976e-05
19534,9.007728934627767e-06
19535,8.848748200179625e-06
19536,1.0896042873277623e-05
19537,1.5747135924555323e-05
19538,1.5255411565552623e-05
19539,1.4360418834327e-05
19540,1.0719318706660731e-05
19541,8.874399124719438e-06
19542,9.956974897762962e-06
19543,1.0974991432257885e-05
19544,8.848748200179625e-06
19545,9.598517099071531e-06
19546,1.1029448466982983e-05
19547,1.003161474217399e-05
19548,1.0673198845483249e-05
19549,0.0008900826753788313
19550,1.2039091181769635e-05
19551,1.2113469516883801e-05
19552,1.0688941906292139e-05
19553,9.076566886993103e-06
19554,7.67957681734087e-06
19555,9.63849168571555e-06
19556,1.4497804014879282e-05
19557,6.674408288524918e-06
19558,9.394769817727571e-06
19559,1.0359530810042483e-05
19560,2.3279931390054334e-05
19561,2.1469494905881092e-05
19562,8.35108128676514e-06
19563,1.353974428103868e-05
19564,1.6814180431828487e-05
19565,1.0972657349413722e-05
19566,2.5536830749094252e-05
19567,1.0804275205124589e-05
19568,9.263821395050691e-06
19569,1.1517190344352242e-05
19570,1.3074226847997412e-05
19571,8.530722915133776e-06
19572,9.63849168571555e-06
19573,1.0160998317039673e-05
19574,2.0143996484522553e-05
19575,9.007728934627767e-06
19576,1.0688941906292139e-05
19577,1.8270139635204457e-05
19578,1.0688941906292139e-05
19579,1.4497804014879282e-05
19580,9.271261400480925e-06
19581,1.4659796184866056e-05
19582,1.0896042873277623e-05
19583,3.554598504715012e-05
19584,8.874399124719438e-06
19585,8.999522573062998e-06
19586,8.674958738307506e-06
19587,1.0727799886620179e-05
19588,9.514281501058351e-06
19589,1.563040656142319e-05
19590,1.003161474217399e-05
19591,9.63908308380622e-06
19592,1.2032706307433641e-05
19593,2.186025778135082e-05
19594,1.1212693996919311e-05
19595,9.076566886993103e-06
19596,2.5255627956127457e-05
19597,9.690616076324506e-06
19598,9.530479144825802e-06
19599,9.05804862443082e-06
19600,9.61567250659419e-06
19601,1.0323798207862645e-05
19602,1.2903399410220977e-05
19603,1.0474522801572617e-05
19604,9.746406357827071e-06
19605,8.444617015338625e-06
19606,9.63908308380622e-06
19607,1.0639045552312857e-05
19608,1.0053411756575844e-05
19609,9.855818921322782e-06
19610,1.1436901100260788e-05
19611,8.662385608594642e-06
19612,1.0053411756575844e-05
19613,8.98613338073191e-06
19614,1.3913469607568114e-05
19615,1.0248059245605469e-05
19616,1.0093258079298354e-05
19617,9.897250846409457e-06
19618,9.263821395050691e-06
19619,9.885989024162485e-06
19620,9.920286267500786e-06
19621,1.3436683153497976e-05
19622,6.835637025283944e-05
19623,1.1104152863120281e-05
19624,1.4197025688803654e-05
19625,1.00595519188609e-05
19626,1.2529614893840324e-05
19627,8.999522573062998e-06
19628,1.144840881813943e-05
19629,9.908381712638796e-06
19630,1.0093258079298354e-05
19631,1.052641146073085e-05
19632,1.1398788038460363e-05
19633,1.0719318706660731e-05
19634,1.028892948360175e-05
19635,9.552202977205576e-06
19636,2.4841991101219528e-05
19637,1.1078478163378258e-05
19638,1.0304389685578956e-05
19639,1.0327374865332602e-05
19640,8.693169150980948e-06
19641,1.4963104435353932e-05
19642,1.0093258079298354e-05
19643,1.0093258079298354e-05
19644,1.0093258079298354e-05
19645,1.002322127836139e-05
19646,9.589580765736588e-06
19647,1.1522525439412445e-05
19648,9.779141176581009e-06
19649,9.076566886993103e-06
19650,1.572011543671661e-05
19651,1.0304389685578956e-05
19652,1.0986418995693328e-05
19653,7.978496880526486e-06
19654,9.593922196304636e-06
19655,2.9353202312242217e-05
19656,9.811995885297593e-06
19657,1.4875798373508094e-05
19658,9.243134293251872e-06
19659,1.280742674021427e-05
19660,1.0323798207862645e-05
19661,1.8556021103618337e-05
19662,1.0446302870587945e-05
19663,8.8687787159733e-06
19664,8.999522573062998e-06
19665,1.0348370002420954e-05
19666,9.661609220236671e-06
19667,1.0093258079298354e-05
19668,1.0093258079298354e-05
19669,1.783494904102887e-05
19670,1.0598164728847593e-05
19671,9.59484738868822e-06
19672,1.1436901100260788e-05
19673,9.630959601784526e-06
19674,8.353867252994451e-06
19675,1.1364417115222792e-05
19676,1.322884549397693e-05
19677,9.804799282565535e-06
19678,1.3074226847997412e-05
19679,1.0688941906292139e-05
19680,1.2032706307433641e-05
19681,1.0719318706660731e-05
19682,1.240405310203985e-05
19683,1.9542448831287454e-05
19684,9.777263074180927e-06
19685,8.98613338073191e-06
19686,2.1135707807615704e-05
19687,9.394769817727571e-06
19688,1.002322127836139e-05
19689,8.709456420603492e-06
19690,8.876674958475657e-06
19691,1.5694085680175004e-05
19692,9.46984213922782e-06
19693,1.0327811939182512e-05
19694,1.5574556731045278e-05
19695,1.8521569373531488e-05
19696,1.0044546564286435e-05
19697,8.832117818009644e-06
19698,1.666515332517441e-05
19699,1.2002464372649052e-05
19700,8.99523390391276e-06
19701,9.986120975271117e-06
19702,1.6160215714547697e-05
19703,9.690616076324506e-06
19704,2.4097976777172715e-05
19705,1.353974428103868e-05
19706,9.71769253600263e-06
19707,9.63908308380622e-06
19708,7.992781377142298e-06
19709,1.353974428103868e-05
19710,1.050537032126487e-05
19711,1.0166102663128765e-05
19712,5.330244508974136e-06
19713,9.46984213922782e-06
19714,1.0719318706660731e-05
19715,1.753916760113379e-05
19716,1.0165217108108049e-05
19717,1.1971344261213511e-05
19718,1.0359530810042483e-05
19719,1.7557904121930953e-05
19720,2.0106565876171242e-05
19721,1.4637748528466378e-05
19722,9.901718571693991e-06
19723,8.423577999744469e-06
19724,8.864262995694006e-06
19725,1.5091634528721268e-05
19726,1.0896042873277623e-05
19727,1.0896042873277623e-05
19728,9.655747257728404e-06
19729,1.0896042873277623e-05
19730,8.966816258866327e-06
19731,1.0781814822925738e-05
19732,1.061481761300295e-05
19733,1.1436901100260788e-05
19734,1.4833806751176909e-05
19735,4.392563583143269e-05
19736,1.1436901100260788e-05
19737,9.893028832896335e-06
19738,1.003161474217399e-05
19739,8.98613338073191e-06
19740,9.885989024162485e-06
19741,9.857833848985988e-06
19742,1.0896042873277623e-05
19743,1.0896042873277623e-05
19744,1.0896042873277623e-05
19745,1.0896042873277623e-05
19746,1.0896042873277623e-05
19747,1.0896042873277623e-05
19748,3.508550365452854e-05
19749,1.450895937654189e-05
19750,1.3074226847997412e-05
19751,1.0165217108108049e-05
19752,1.5342820394230008e-05
19753,1.1522525439412445e-05
19754,9.630959601784526e-06
19755,1.8798689306026665e-05
19756,2.482622876460988e-05
19757,9.956974897762962e-06
19758,1.4161825415400511e-05
19759,1.002322127836139e-05
19760,9.728168383333168e-06
19761,8.767473216099917e-06
19762,1.1436901100260788e-05
19763,2.602359218732416e-05
19764,1.1436901100260788e-05
19765,1.1436901100260788e-05
19766,8.662385608594642e-06
19767,1.9469029130071947e-05
19768,1.4354623729130883e-05
19769,9.908381712638796e-06
19770,6.674408288524918e-06
19771,1.1004350244038656e-05
19772,1.246725840014532e-05
19773,8.98613338073191e-06
19774,1.2386260181243683e-05
19775,1.4334289671057833e-05
19776,9.986120975271117e-06
19777,9.700862731621744e-06
19778,1.009278174243314e-05
19779,2.0158583405281464e-05
19780,9.897250846409457e-06
19781,1.0359530810042483e-05
19782,1.5611950299315574e-05
19783,8.98613338073191e-06
19784,6.674408288524918e-06
19785,1.469445153825069e-05
19786,9.582707565010591e-06
19787,1.1029448466982983e-05
19788,1.353974428103868e-05
19789,1.0190781318694255e-05
19790,8.75678691026644e-06
19791,9.809582392541579e-06
19792,8.848748200179625e-06
19793,1.493986928406529e-05
19794,8.98613338073191e-06
19795,1.8255578009404402e-05
19796,1.0645395354398507e-05
19797,1.0320122706611893e-05
19798,1.0673198845483249e-05
19799,1.9763183791734517e-05
19800,9.63908308380622e-06
19801,1.1218005877214256e-05
19802,9.63849168571555e-06
19803,1.6699801440631288e-05
19804,8.35108128676514e-06
19805,1.0103479922825078e-05
19806,9.493588591525832e-06
19807,0.0005661904750004453
19808,8.489425477570486e-05
19809,1.723461741053332e-05
19810,1.718366150649879e-05
19811,1.2058786164846864e-05
19812,9.076566886993103e-06
19813,1.0267670007139493e-05
19814,1.003161474217399e-05
19815,9.244975147240444e-06
19816,1.00595519188609e-05
19817,1.0296113256437114e-05
19818,6.335994277916039e-05
19819,9.986120975271117e-06
19820,1.003161474217399e-05
19821,1.4354623729130883e-05
19822,1.1035057057789817e-05
19823,1.0637314892586927e-05
19824,1.1436901100260788e-05
19825,1.563222465163165e-05
19826,6.848318894276419e-06
19827,1.1364417115222792e-05
19828,1.0915116397506637e-05
19829,8.590149903225016e-06
19830,1.1436901100260788e-05
19831,1.0207916664227508e-05
19832,1.353974428103868e-05
19833,9.105964578815469e-06
19834,1.6941368922008674e-05
19835,8.98613338073191e-06
19836,1.246725840014532e-05
19837,1.050537032126487e-05
19838,8.98613338073191e-06
19839,9.105964578815469e-06
19840,8.98613338073191e-06
19841,9.138178963690783e-06
19842,1.0304389685578956e-05
19843,1.0474522801572617e-05
19844,1.855620098945586e-05
19845,1.0267670007139493e-05
19846,1.0896042873277623e-05
19847,1.0896042873277623e-05
19848,1.0241717869620738e-05
19849,9.777263074180927e-06
19850,1.1104152863120281e-05
19851,1.7970924303034202e-05
19852,1.14672736681883e-05
19853,7.775116659926534e-06
19854,9.866856785287496e-06
19855,8.999522573062998e-06
19856,9.893028832896335e-06
19857,9.187772221265003e-06
19858,8.716259692959632e-06
19859,9.967603528957248e-06
19860,1.050537032126487e-05
19861,1.670585514769916e-05
19862,9.690616076324506e-06
19863,2.7093813008363922e-05
19864,1.3480440126824566e-05
19865,1.0693114032578455e-05
19866,1.0348370002420954e-05
19867,7.978894583581997e-06
19868,1.246725840014532e-05
19869,9.809582392541579e-06
19870,1.9438980541671336e-05
19871,7.389879570661871e-06
19872,1.2039091181769635e-05
19873,1.6029930775148584e-05
19874,1.7412975749802895e-05
19875,9.497136086334239e-06
19876,1.2058786164846864e-05
19877,1.0327374865332602e-05
19878,9.244975147240444e-06
19879,9.897250846409457e-06
19880,9.519294286364606e-06
19881,9.22237046987849e-06
19882,9.809582392541579e-06
19883,1.4372306944271975e-05
19884,1.009278174243314e-05
19885,9.339471607813863e-06
19886,9.567382476592197e-06
19887,1.5626569880981603e-05
19888,9.885989024162485e-06
19889,9.439127771363733e-06
19890,2.2678878626931965e-05
19891,9.715239379587256e-06
19892,8.98613338073191e-06
19893,8.966816258866327e-06
19894,1.4375226044983984e-05
19895,1.0365859094959847e-05
19896,9.476399044439624e-06
19897,1.0896042873277623e-05
19898,7.4137074395127525e-06
19899,9.833318745322536e-06
19900,9.271261400480925e-06
19901,1.0688941906292139e-05
19902,2.4007478745985667e-05
19903,9.654870802543586e-06
19904,8.98613338073191e-06
19905,9.855818921322782e-06
19906,1.0377534691953246e-05
19907,1.1035057057789817e-05
19908,1.1035057057789817e-05
19909,8.423577999744469e-06
19910,9.967603528957248e-06
19911,1.3074226847997412e-05
19912,6.2180242557229486e-06
19913,1.9448175662806815e-05
19914,2.202085183889198e-05
19915,1.687234228380961e-05
19916,9.493588591525832e-06
19917,8.98613338073191e-06
19918,1.2523040583816098e-05
19919,6.700122561409193e-05
19920,8.99523390391276e-06
19921,1.2058786164846864e-05
19922,1.0673198845483249e-05
19923,9.986120975271117e-06
19924,8.674958738307506e-06
19925,1.003161474217399e-05
19926,3.397183732218478e-05
19927,1.0093258079298354e-05
19928,9.05804862443082e-06
19929,2.0654512168795214e-05
19930,9.244975147240444e-06
19931,1.3074226847997412e-05
19932,1.5221289653901191e-05
19933,8.235115149818874e-06
19934,1.003161474217399e-05
19935,1.195602319665265e-05
19936,9.271261400480925e-06
19937,1.0323798207862645e-05
19938,8.98613338073191e-06
19939,2.008448963050732e-05
19940,1.3454123507846667e-05
19941,9.875238193826672e-06
19942,1.1029448466982983e-05
19943,1.3074226847997412e-05
19944,8.918825550472759e-06
19945,9.920286267500786e-06
19946,1.1436901100260788e-05
19947,1.35979808343122e-05
19948,9.855818921322782e-06
19949,1.280742674021427e-05
19950,1.5830277225185857e-05
19951,1.0203235324803235e-05
19952,9.05804862443082e-06
19953,1.0804275205124589e-05
19954,9.956974897762962e-06
19955,1.0414935439835905e-05
19956,8.848748200179625e-06
19957,9.317540546083008e-06
19958,1.3381641488624728e-05
19959,8.503783769685729e-06
19960,9.901718571693991e-06
19961,8.98613338073191e-06
19962,1.4951592694773733e-05
19963,8.98613338073191e-06
19964,1.075355678101189e-05
19965,1.0605862121923956e-05
19966,9.754070560661059e-06
19967,1.0152000896655648e-05
19968,1.1861338859021963e-05
19969,1.0812452155678734e-05
19970,1.4279458787780488e-05
19971,1.002322127836139e-05
19972,7.900968631603151e-06
19973,9.105964578815469e-06
19974,8.864262995694006e-06
19975,9.920286267500786e-06
19976,9.38851605547499e-06
19977,1.0161542246783875e-05
19978,1.1029448466982983e-05
19979,1.1904958243208149e-05
19980,2.772512548316781e-05
19981,9.434906633416035e-06
19982,9.598517099071531e-06
19983,1.1029448466982983e-05
19984,9.187772221265003e-06
19985,2.8935065855257997e-05
19986,6.674408288524918e-06
19987,1.1364417115222792e-05
19988,8.98613338073191e-06
19989,1.0711341726803775e-05
19990,1.0377534691953246e-05
19991,9.715239379587256e-06
19992,9.855818921322782e-06
19993,2.1634851216043835e-05
19994,1.1904958243208149e-05
19995,9.897250846409457e-06
19996,8.98613338073191e-06
19997,1.0165217108108049e-05
19998,2.2310913091622814e-05
19999,1.459899303870281e-05
20000,9.316842424275981e-06
20001,9.855818921322782e-06
20002,1.2474004358217501e-05
20003,9.255426568317661e-06
20004,9.920286267500786e-06
20005,1.0711341726803775e-05
20006,9.755522185382717e-06
20007,8.98613338073191e-06
20008,9.255411106325404e-06
20009,1.4354623729130883e-05
20010,8.98613338073191e-06
20011,9.967603528957248e-06
20012,8.98613338073191e-06
20013,1.7598585125175566e-05
20014,9.715239379587256e-06
20015,1.6421740203614535e-05
20016,1.0673198845483249e-05
20017,5.4515176052244596e-05
20018,2.1662254455722996e-05
20019,9.463714720507445e-06
20020,1.3261524197022263e-05
20021,1.007952052925644e-05
20022,1.2710797927619803e-05
20023,1.4522174319107747e-05
20024,1.1355015410120625e-05
20025,1.1436901100260788e-05
20026,1.1436901100260788e-05
20027,9.84128048041037e-06
20028,1.2386260181243683e-05
20029,1.5053137921277866e-05
20030,9.728168383333168e-06
20031,9.715239379587256e-06
20032,1.1029448466982983e-05
20033,9.777263074180927e-06
20034,1.075355678101189e-05
20035,1.0152000896655648e-05
20036,1.5717650462709e-05
20037,1.353974428103868e-05
20038,1.16117097546835e-05
20039,9.582707565010591e-06
20040,1.0053411756575844e-05
20041,8.608553576821105e-06
20042,1.0008352767091742e-05
20043,9.271261400480925e-06
20044,9.493588591525832e-06
20045,9.149489293946556e-06
20046,9.804799282565535e-06
20047,9.754070560661059e-06
20048,1.1104152863120281e-05
20049,9.864537772104035e-06
20050,1.6421740203614535e-05
20051,1.206237794957882e-05
20052,2.1643852029797762e-05
20053,1.246725840014532e-05
20054,1.0355831943563639e-05
20055,9.725920108296228e-06
20056,9.623776343241303e-06
20057,1.5863233098026792e-05
20058,1.0605862121923956e-05
20059,8.966816258866327e-06
20060,1.0688941906292139e-05
20061,9.804799282565535e-06
20062,1.683688066076178e-05
20063,1.9942977618258377e-05
20064,1.5506235980749515e-05
20065,9.804799282565535e-06
20066,9.100911172186245e-06
20067,1.2529614893840324e-05
20068,1.1035057057789817e-05
20069,1.003161474217399e-05
20070,9.271261400480925e-06
20071,1.036451516065504e-05
20072,9.100911172186245e-06
20073,1.1212693996919311e-05
20074,1.353974428103868e-05
20075,9.365870353764055e-06
20076,2.9207965206290104e-05
20077,4.282541873105919e-05
20078,1.052641146073085e-05
20079,1.374552916434338e-05
20080,9.187772221265003e-06
20081,9.360000703992135e-06
20082,1.7191975047604653e-05
20083,1.614527826245388e-05
20084,1.246725840014532e-05
20085,6.697958124039644e-06
20086,9.700862731621744e-06
20087,1.9755177333994433e-05
20088,1.202373727588023e-05
20089,1.0266845488968174e-05
20090,9.59484738868822e-06
20091,2.0158514312815256e-05
20092,1.1909870126827609e-05
20093,8.674958738307506e-06
20094,1.0304389685578956e-05
20095,1.002322127836139e-05
20096,9.920286267500786e-06
20097,8.966816258866327e-06
20098,1.40550150391441e-05
20099,1.3294028884490298e-05
20100,3.348945609566857e-05
20101,1.1909870126827609e-05
20102,8.674958738307506e-06
20103,9.138178963690783e-06
20104,1.9877425229507598e-05
20105,4.8712817787507075e-06
20106,8.662385608594642e-06
20107,2.2327907076082457e-05
20108,1.1347282628427675e-05
20109,1.0691282150835419e-05
20110,8.966816258866327e-06
20111,8.966816258866327e-06
20112,9.777263074180927e-06
20113,1.1028616036275543e-05
20114,1.0474522801572617e-05
20115,1.075355678101189e-05
20116,6.674408288524918e-06
20117,9.715239379587256e-06
20118,9.967603528957248e-06
20119,8.674958738307506e-06
20120,1.2386260181243683e-05
20121,9.804799282565535e-06
20122,1.0581429682234979e-05
20123,9.160660304796132e-06
20124,9.804799282565535e-06
20125,1.0296113256437114e-05
20126,1.0550014729632802e-05
20127,1.0414935439835905e-05
20128,1.0093258079298354e-05
20129,1.1904958243208149e-05
20130,1.5934677033281932e-05
20131,1.3861873459680044e-05
20132,1.0673198845483249e-05
20133,9.986120975271117e-06
20134,1.2386260181243683e-05
20135,1.0365859094959847e-05
20136,1.0320122706611893e-05
20137,2.8732325857652136e-05
20138,9.514281501058351e-06
20139,1.9354141848920117e-05
20140,1.4209458731588166e-05
20141,4.069654535060229e-05
20142,9.613090796572468e-06
20143,1.061481761300295e-05
20144,9.995371324642058e-06
20145,1.0327811939182512e-05
20146,4.069654535060229e-05
20147,9.746406357827071e-06
20148,6.674408288524918e-06
20149,9.720723507752985e-06
20150,1.0560123404569157e-05
20151,8.862252582906677e-06
20152,9.700862731621744e-06
20153,9.654870802543586e-06
20154,1.9890255182009042e-05
20155,0.0012897258785884707
20156,9.777263074180927e-06
20157,1.075355678101189e-05
20158,1.2386260181243683e-05
20159,1.353974428103868e-05
20160,9.263821395050691e-06
20161,2.3854604249634275e-05
20162,1.0093258079298354e-05
20163,1.052641146073085e-05
20164,1.003161474217399e-05
20165,1.6104384857320177e-05
20166,1.1320356980366022e-05
20167,1.3913469607568114e-05
20168,1.0719318706660731e-05
20169,2.7524381424105553e-05
20170,2.56396816284767e-05
20171,1.7574890557133877e-05
20172,1.0203235324803235e-05
20173,7.4137074395127525e-06
20174,1.3440697641966732e-05
20175,9.138178963690783e-06
20176,1.5804124086570158e-05
20177,9.793412700163626e-06
20178,1.0359530810042483e-05
20179,1.2386260181243683e-05
20180,9.63908308380622e-06
20181,1.6343125915464686e-05
20182,9.879854495037761e-06
20183,1.0729831536478351e-05
20184,1.7250799689647834e-05
20185,9.138178963690783e-06
20186,9.489074365034779e-06
20187,1.573929260921026e-05
20188,9.700862731621744e-06
20189,1.0093258079298354e-05
20190,1.0093258079298354e-05
20191,1.0093258079298354e-05
20192,1.0093258079298354e-05
20193,9.190780516689155e-06
20194,9.63908308380622e-06
20195,9.91480548679001e-06
20196,1.2386260181243683e-05
20197,1.6766819461573954e-05
20198,3.052088074162282e-05
20199,1.002322127836139e-05
20200,8.381043332545282e-06
20201,1.0165217108108049e-05
20202,1.4536318010991189e-05
20203,9.655747257728404e-06
20204,1.0678217015801007e-05
20205,1.0896042873277623e-05
20206,1.0896042873277623e-05
20207,1.0896042873277623e-05
20208,9.510111211076036e-06
20209,1.1052403610642951e-05
20210,1.5526043253673036e-05
20211,9.100911172186245e-06
20212,1.0846275897866931e-05
20213,8.381642699285752e-06
20214,1.0103479922825078e-05
20215,1.353974428103868e-05
20216,9.552202977205576e-06
20217,3.4218253578173945e-05
20218,9.66366577643837e-06
20219,1.353974428103868e-05
20220,1.0304389685578956e-05
20221,9.855818921322782e-06
20222,8.98613338073191e-06
20223,1.0641647050221365e-05
20224,1.1029448466982983e-05
20225,1.1104152863120281e-05
20226,8.500037448077862e-06
20227,1.0320122706611893e-05
20228,1.7983187146999365e-05
20229,3.0781014209868825e-05
20230,9.793412700163626e-06
20231,1.2032706307433641e-05
20232,1.0719318706660731e-05
20233,1.075355678101189e-05
20234,1.0719318706660731e-05
20235,1.2019060333386763e-05
20236,9.875238193826672e-06
20237,1.6892263070367418e-05
20238,1.0571992351797697e-05
20239,1.0395100361401984e-05
20240,1.0563899047708251e-05
20241,1.396535951379383e-05
20242,1.2529614893840324e-05
20243,1.0008352767091742e-05
20244,9.74454702862083e-06
20245,9.74983946570471e-06
20246,1.7151520870937987e-05
20247,1.0558042072649292e-05
20248,1.1198169485978185e-05
20249,1.4536318010991189e-05
20250,9.582707565010591e-06
20251,6.68168558103161e-06
20252,1.1104152863120281e-05
20253,9.243134293251872e-06
20254,1.0816858899900522e-05
20255,8.927377406965493e-06
20256,1.0719318706660731e-05
20257,1.1104152863120281e-05
20258,1.0719318706660731e-05
20259,6.674408288524918e-06
20260,1.1029448466982983e-05
20261,1.0093258079298354e-05
20262,1.0147900018722789e-05
20263,9.74454702862083e-06
20264,9.575534257900319e-06
20265,9.589580765736588e-06
20266,9.948291810840633e-06
20267,9.632499591488105e-06
20268,1.4083435021252674e-05
20269,1.3091972186581859e-05
20270,1.663307680390594e-05
20271,1.62536091225665e-05
20272,1.1104152863120281e-05
20273,1.2039091181769635e-05
20274,1.0264489145142471e-05
20275,1.0452836128321915e-05
20276,1.4609234400683073e-05
20277,1.6891441861349293e-05
20278,1.0190310948017527e-05
20279,9.935008023651504e-06
20280,1.026734224461449e-05
20281,9.255411106325404e-06
20282,1.0550014729632802e-05
20283,9.322330495343925e-06
20284,1.3638731294397522e-05
20285,9.746406357827071e-06
20286,1.0360425969893026e-05
20287,1.002322127836139e-05
20288,1.0896042873277623e-05
20289,9.076566886993103e-06
20290,6.47770572288029e-06
20291,8.150480627428784e-05
20292,1.1505654674703786e-05
20293,9.589580765736588e-06
20294,1.0579067218970241e-05
20295,9.63849168571555e-06
20296,1.0190310948017527e-05
20297,1.0804275205124589e-05
20298,1.1044881389740348e-05
20299,1.5767616448030954e-05
20300,9.322330495343925e-06
20301,1.0304389685578956e-05
20302,1.9755177333994433e-05
20303,2.310751960745885e-05
20304,1.1522525439412445e-05
20305,1.0896042873277623e-05
20306,1.075355678101189e-05
20307,1.2043030797529247e-05
20308,9.63849168571555e-06
20309,9.667392672126224e-06
20310,1.0974991432257885e-05
20311,1.1033402850550749e-05
20312,1.1033402850550749e-05
20313,1.0640014140944024e-05
20314,1.1665267082120567e-05
20315,9.076566886993103e-06
20316,1.958582759568001e-05
20317,1.004334818679909e-05
20318,1.002322127836139e-05
20319,1.855620098945586e-05
20320,1.1212693996919311e-05
20321,9.875238193826672e-06
20322,1.1364417115222792e-05
20323,1.1522525439412445e-05
20324,1.0724042150259893e-05
20325,1.0241717869620738e-05
20326,1.9704474309437907e-05
20327,8.674958738307506e-06
20328,1.0691282150835419e-05
20329,1.075355678101189e-05
20330,1.075355678101189e-05
20331,1.9007774450570777e-05
20332,1.2058786164846864e-05
20333,1.0632560201404219e-05
20334,9.623776343241303e-06
20335,9.74983946570471e-06
20336,1.1364417115222792e-05
20337,1.075355678101189e-05
20338,9.809582392541579e-06
20339,1.0610711704845131e-05
20340,9.593922196304636e-06
20341,1.004334818679909e-05
20342,9.63908308380622e-06
20343,1.0241717869620738e-05
20344,9.53237362447028e-06
20345,1.0678217015801007e-05
20346,1.1072958869998366e-05
20347,9.138178963690783e-06
20348,1.0147900018722789e-05
20349,1.4083435021252674e-05
20350,1.6275494949425963e-05
20351,9.263821395050691e-06
20352,1.1029448466982983e-05
20353,1.6715952934632945e-05
20354,8.423577999744469e-06
20355,1.0693114032578455e-05
20356,9.967603528957248e-06
20357,8.92760565575325e-06
20358,1.0248059245605469e-05
20359,1.1904958243208149e-05
20360,2.0118341327686353e-05
20361,1.5220515002410715e-05
20362,1.0453305095445872e-05
20363,1.246725840014532e-05
20364,9.076566886993103e-06
20365,9.573603815458379e-06
20366,9.007728934627767e-06
20367,1.0304389685578956e-05
20368,7.916481966791899e-06
20369,1.0414935439835905e-05
20370,7.935958174012888e-06
20371,9.582707565010591e-06
20372,1.1789614952439414e-05
20373,1.2113469516883801e-05
20374,9.893028832896335e-06
20375,8.864262995694006e-06
20376,9.620803812354212e-06
20377,9.255411106325404e-06
20378,1.4119328128995253e-05
20379,9.476399044439624e-06
20380,1.0320122706611893e-05
20381,1.0264489145142471e-05
20382,9.076566886993103e-06
20383,1.3124703986751003e-05
20384,4.8712817787507075e-06
20385,9.255426568317661e-06
20386,1.0365859094959847e-05
20387,1.1446736855642405e-05
20388,9.598517099071531e-06
20389,9.882082474788552e-06
20390,9.655747257728404e-06
20391,1.0896042873277623e-05
20392,1.0348370002420954e-05
20393,9.514281501058351e-06
20394,1.0226947814012442e-05
20395,1.3354840211758365e-05
20396,1.0008352767091742e-05
20397,9.267398360518381e-06
20398,8.966816258866327e-06
20399,1.0501844755673104e-05
20400,9.98898602574496e-06
20401,9.493588591525832e-06
20402,1.0474522801572617e-05
20403,8.791670321956946e-06
20404,9.552202977205576e-06
20405,1.0727799886620179e-05
20406,9.575534257900319e-06
20407,9.967603528957248e-06
20408,3.5334990099677e-05
20409,1.1048121390319183e-05
20410,2.0146181963465336e-05
20411,1.050537032126487e-05
20412,9.956974897762962e-06
20413,1.0327811939182512e-05
20414,9.255411106325404e-06
20415,6.674408288524918e-06
20416,8.530722915133776e-06
20417,9.876348029005935e-06
20418,9.322330495343925e-06
20419,1.2284812629115731e-05
20420,1.1728661315964814e-05
20421,1.774669526016615e-05
20422,1.0691282150835419e-05
20423,1.3436683153497976e-05
20424,1.003161474217399e-05
20425,9.05804862443082e-06
20426,0.00019474503166199455
20427,1.5075368260185516e-05
20428,8.674958738307506e-06
20429,1.0055811583422948e-05
20430,9.322330495343925e-06
20431,9.493588591525832e-06
20432,9.149489293946556e-06
20433,1.0093258079298354e-05
20434,1.0044546564286435e-05
20435,1.003161474217399e-05
20436,1.5805030369046533e-05
20437,6.674408288524918e-06
20438,1.1904958243208149e-05
20439,9.855818921322782e-06
20440,1.1004350244038656e-05
20441,3.124253859423251e-05
20442,9.271261400480925e-06
20443,1.0896042873277623e-05
20444,1.1078478163378258e-05
20445,1.2523040583816098e-05
20446,9.690616076324506e-06
20447,1.1436901100260788e-05
20448,6.162605517118313e-06
20449,8.801301594525623e-06
20450,1.075355678101189e-05
20451,1.0241717869620738e-05
20452,1.1261317758557567e-05
20453,1.1028616036275543e-05
20454,1.0296113256437114e-05
20455,9.308980804974973e-06
20456,1.074576865558823e-05
20457,1.1004350244038656e-05
20458,1.5053137921277866e-05
20459,2.0654512168795214e-05
20460,1.0896042873277623e-05
20461,9.632499591488105e-06
20462,9.63849168571555e-06
20463,9.692531080188252e-06
20464,1.0711341726803775e-05
20465,1.2058786164846864e-05
20466,1.0348370002420954e-05
20467,4.561310528118881e-06
20468,1.1909870126827609e-05
20469,1.9196816855461338e-05
20470,9.948291810840633e-06
20471,1.3763003979705143e-05
20472,1.0523880672159554e-05
20473,9.861512805350344e-06
20474,8.98613338073191e-06
20475,8.423577999744469e-06
20476,1.1033402850550749e-05
20477,1.0304389685578956e-05
20478,1.0639045552312857e-05
20479,9.809582392541579e-06
20480,1.1004350244038656e-05
20481,1.0640014140944024e-05
20482,1.1004350244038656e-05
20483,9.86788215339441e-06
20484,1.0152000896655648e-05
20485,1.686001532201369e-05
20486,1.7331800984561552e-05
20487,9.504497492612455e-06
20488,9.700862731621744e-06
20489,1.0804275205124589e-05
20490,9.92867238526007e-06
20491,1.353974428103868e-05
20492,8.611358100279569e-06
20493,9.317540546083008e-06
20494,1.2529614893840324e-05
20495,1.0523880672159554e-05
20496,1.0304389685578956e-05
20497,1.3454042748899266e-05
20498,2.1786390701824373e-05
20499,9.777263074180927e-06
20500,1.0241717869620738e-05
20501,1.985968629037218e-05
20502,1.1320356980366022e-05
20503,1.0347163086799967e-05
20504,1.5066172829585524e-05
20505,1.0248059245605469e-05
20506,1.1212693996919311e-05
20507,1.3131276083603604e-05
20508,9.105964578815469e-06
20509,2.5169146313013316e-05
20510,3.28325915893164e-05
20511,9.655747257728404e-06
20512,9.46984213922782e-06
20513,1.0673198845483249e-05
20514,1.0571992351797697e-05
20515,1.0673198845483249e-05
20516,9.63908308380622e-06
20517,1.9755177333994433e-05
20518,1.6347170552082065e-05
20519,6.674408288524918e-06
20520,8.966816258866327e-06
20521,9.655747257728404e-06
20522,8.98613338073191e-06
20523,9.138178963690783e-06
20524,9.46984213922782e-06
20525,1.4608041248311509e-05
20526,1.1118294444784053e-05
20527,2.3637972669890894e-05
20528,1.2002464372649052e-05
20529,8.966816258866327e-06
20530,9.63849168571555e-06
20531,1.0523880672159554e-05
20532,6.674408288524918e-06
20533,9.561041139947305e-06
20534,1.0637314892586927e-05
20535,1.16117097546835e-05
20536,1.0896042873277623e-05
20537,1.075355678101189e-05
20538,1.6630144707014348e-05
20539,9.133376089963482e-06
20540,1.0896042873277623e-05
20541,1.0896042873277623e-05
20542,1.0474522801572617e-05
20543,1.0923473382729238e-05
20544,9.864537772104035e-06
20545,1.1048121390319183e-05
20546,8.862252582906677e-06
20547,9.754070560661059e-06
20548,1.0062967791087864e-05
20549,1.0639045552312857e-05
20550,9.855818921322782e-06
20551,1.9264588845325267e-05
20552,8.674958738307506e-06
20553,1.0015800834386606e-05
20554,1.0248059245605469e-05
20555,1.1033402850550749e-05
20556,1.5355291976139773e-05
20557,9.809582392541579e-06
20558,1.2039091181769635e-05
20559,9.623776343241303e-06
20560,1.075355678101189e-05
20561,1.4663758851277733e-05
20562,9.777263074180927e-06
20563,1.1355015410120625e-05
20564,8.519751819647818e-06
20565,8.966816258866327e-06
20566,1.2039091181769635e-05
20567,9.076566886993103e-06
20568,1.811786595068475e-05
20569,1.3436683153497976e-05
20570,1.036236578670301e-05
20571,1.1052403610642951e-05
20572,4.0299804265318394e-05
20573,9.720723507752985e-06
20574,1.6421740203614535e-05
20575,1.0304389685578956e-05
20576,1.0678217015801007e-05
20577,9.22237046987849e-06
20578,1.0304389685578956e-05
20579,8.785848222579045e-06
20580,8.98613338073191e-06
20581,9.317540546083008e-06
20582,7.134774026724631e-06
20583,1.0365859094959847e-05
20584,9.809582392541579e-06
20585,2.53372006506896e-05
20586,1.024622844441018e-05
20587,8.98613338073191e-06
20588,9.92867238526007e-06
20589,1.0012821076224137e-05
20590,1.2058786164846864e-05
20591,9.885989024162485e-06
20592,2.1852130761969842e-05
20593,6.674408288524918e-06
20594,1.526574119480843e-05
20595,8.674958738307506e-06
20596,9.261002864982228e-06
20597,1.4833806751176909e-05
20598,1.002322127836139e-05
20599,1.16117097546835e-05
20600,1.1029448466982983e-05
20601,1.1029448466982983e-05
20602,8.98613338073191e-06
20603,1.2032706307433641e-05
20604,9.489074365034779e-06
20605,9.63908308380622e-06
20606,1.0673198845483249e-05
20607,9.855818921322782e-06
20608,1.0637314892586927e-05
20609,1.0414935439835905e-05
20610,1.0689881014854909e-05
20611,9.598517099071531e-06
20612,6.848318894276419e-06
20613,9.422703642885622e-06
20614,3.529505764029145e-05
20615,1.0336096338087536e-05
20616,1.5048712007865816e-05
20617,1.0588724794969408e-05
20618,8.864262995694006e-06
20619,7.389879570661871e-06
20620,9.255426568317661e-06
20621,1.0560123404569157e-05
20622,1.2814199356801496e-05
20623,1.2851268277655292e-05
20624,9.530479144825802e-06
20625,9.809582392541579e-06
20626,9.322330495343925e-06
20627,1.00595519188609e-05
20628,9.967603528957248e-06
20629,1.0571992351797697e-05
20630,9.91480548679001e-06
20631,1.0579067218970241e-05
20632,1.075355678101189e-05
20633,1.075355678101189e-05
20634,1.3436683153497976e-05
20635,9.809582392541579e-06
20636,1.0673198845483249e-05
20637,1.01587953328069e-05
20638,1.2039091181769635e-05
20639,1.0610711704845131e-05
20640,1.003161474217399e-05
20641,1.353974428103868e-05
20642,1.2386260181243683e-05
20643,1.7745030740446603e-05
20644,9.497136086334239e-06
20645,1.0579067218970241e-05
20646,9.434520593808654e-06
20647,9.878374358480551e-06
20648,9.582707565010591e-06
20649,1.2039091181769635e-05
20650,1.1398788038460363e-05
20651,1.050537032126487e-05
20652,1.075355678101189e-05
20653,1.750056953574144e-05
20654,1.0325521945413936e-05
20655,9.91480548679001e-06
20656,1.003161474217399e-05
20657,1.075355678101189e-05
20658,1.0360425969893026e-05
20659,1.0688941906292139e-05
20660,1.0673198845483249e-05
20661,9.136632654823229e-06
20662,9.654870802543586e-06
20663,1.1048121390319183e-05
20664,9.63849168571555e-06
20665,1.3280852861600297e-05
20666,6.848318894276419e-06
20667,1.1022989657855392e-05
20668,2.1047455227280873e-05
20669,7.331020701407812e-06
20670,9.804799282565535e-06
20671,1.0325521945413936e-05
20672,1.0248059245605469e-05
20673,1.0523567967782293e-05
20674,9.66366577643837e-06
20675,8.966816258866327e-06
20676,9.700862731621744e-06
20677,1.374552916434338e-05
20678,8.966816258866327e-06
20679,1.1594325978611455e-05
20680,1.075355678101189e-05
20681,1.1261317758557567e-05
20682,1.0296113256437114e-05
20683,9.804799282565535e-06
20684,9.855818921322782e-06
20685,9.434906633416035e-06
20686,1.1594325978611455e-05
20687,1.8042656832276585e-05
20688,4.905178083204785e-06
20689,1.0896042873277623e-05
20690,1.1029448466982983e-05
20691,1.0190781318694255e-05
20692,1.1446736855642405e-05
20693,1.0377534691953246e-05
20694,1.0896042873277623e-05
20695,8.874399124719438e-06
20696,9.811995885297593e-06
20697,1.0896042873277623e-05
20698,1.353974428103868e-05
20699,9.948291810840633e-06
20700,9.741334635875322e-06
20701,1.0327811939182512e-05
20702,1.0327811939182512e-05
20703,1.0327811939182512e-05
20704,9.076566886993103e-06
20705,1.0327811939182512e-05
20706,1.0267670007139493e-05
20707,9.967603528957248e-06
20708,9.741334635875322e-06
20709,1.7823012823758564e-05
20710,9.956974897762962e-06
20711,2.0861065428397095e-05
20712,1.9664338637660255e-05
20713,9.489074365034779e-06
20714,5.968066013066007e-05
20715,8.57729752388675e-06
20716,1.5805030369046533e-05
20717,9.174762821699772e-06
20718,9.711597088106313e-06
20719,9.741334635875322e-06
20720,1.0896042873277623e-05
20721,1.0639045552312857e-05
20722,1.2113469516883801e-05
20723,1.353974428103868e-05
20724,1.0241717869620738e-05
20725,1.9755177333994433e-05
20726,1.1218005877214256e-05
20727,1.015245543295525e-05
20728,1.0166102663128765e-05
20729,1.1364417115222792e-05
20730,1.8668993042073432e-05
20731,1.0264489145142471e-05
20732,1.003161474217399e-05
20733,1.1364417115222792e-05
20734,9.05804862443082e-06
20735,9.317540546083008e-06
20736,9.255426568317661e-06
20737,2.0654512168795214e-05
20738,1.2032706307433641e-05
20739,1.0689881014854909e-05
20740,1.4921938727449643e-05
20741,1.0369786528028124e-05
20742,1.5587029548008644e-05
20743,8.701594436996798e-06
20744,1.1355015410120625e-05
20745,2.1014441733488362e-05
20746,1.0044546564286435e-05
20747,9.102414151293753e-06
20748,1.7759504046795707e-05
20749,1.0190781318694255e-05
20750,1.7221566842573507e-05
20751,9.901718571693991e-06
20752,1.86520364084398e-05
20753,1.2386260181243683e-05
20754,1.6703037052040915e-05
20755,9.582707565010591e-06
20756,1.009278174243314e-05
20757,6.848318894276419e-06
20758,1.1355015410120625e-05
20759,9.394769817727571e-06
20760,1.2523040583816098e-05
20761,2.4703580864552493e-05
20762,8.785848222579045e-06
20763,8.35108128676514e-06
20764,1.1594325978611455e-05
20765,8.848748200179625e-06
20766,9.575534257900319e-06
20767,1.0579067218970241e-05
20768,1.0066991580100452e-05
20769,1.028892948360175e-05
20770,1.1594325978611455e-05
20771,1.075355678101189e-05
20772,4.4245784063714054e-05
20773,4.8712817787507075e-06
20774,1.1078478163378258e-05
20775,8.57729752388675e-06
20776,1.0804275205124589e-05
20777,1.045648312641421e-05
20778,9.948291810840633e-06
20779,2.6633834758782474e-05
20780,1.5222107848465297e-05
20781,8.57729752388675e-06
20782,8.785848222579045e-06
20783,1.1261317758557567e-05
20784,1.246725840014532e-05
20785,1.6101727349013223e-05
20786,7.978496880526486e-06
20787,1.6680934887212546e-05
20788,9.879854495037761e-06
20789,4.2099900556335414e-05
20790,1.5222107848465297e-05
20791,9.697915604753337e-06
20792,1.587813657313228e-05
20793,1.0719318706660731e-05
20794,8.966816258866327e-06
20795,9.654870802543586e-06
20796,1.075355678101189e-05
20797,1.003161474217399e-05
20798,1.0608279290858941e-05
20799,1.1798954518847437e-05
20800,1.0241717869620738e-05
20801,1.4147415622330946e-05
20802,1.0691282150835419e-05
20803,1.007952052925644e-05
20804,8.98613338073191e-06
20805,1.1594325978611455e-05
20806,1.0055811583422948e-05
20807,9.552202977205576e-06
20808,1.0053411756575844e-05
20809,9.864537772104035e-06
20810,1.0325521945413936e-05
20811,1.0610711704845131e-05
20812,1.0414935439835905e-05
20813,1.1029448466982983e-05
20814,1.436179599534503e-05
20815,1.1594325978611455e-05
20816,9.655747257728404e-06
20817,1.1594325978611455e-05
20818,7.600365966764404e-06
20819,9.05804862443082e-06
20820,9.63908308380622e-06
20821,1.1594325978611455e-05
20822,1.1029448466982983e-05
20823,1.0719318706660731e-05
20824,1.0719318706660731e-05
20825,1.0606931434926932e-05
20826,1.1029448466982983e-05
20827,9.582707565010591e-06
20828,9.98898602574496e-06
20829,1.1594325978611455e-05
20830,9.530479144825802e-06
20831,1.2204527911802652e-05
20832,1.5171885617160313e-05
20833,9.316842424275981e-06
20834,9.522600185838625e-06
20835,1.2386260181243683e-05
20836,1.4357831277989106e-05
20837,1.1436901100260788e-05
20838,1.0093258079298354e-05
20839,9.316842424275981e-06
20840,1.0348370002420954e-05
20841,9.63849168571555e-06
20842,8.731453608595223e-06
20843,1.7557904121930953e-05
20844,2.7518777056477215e-05
20845,1.0538603789410964e-05
20846,1.7151846587433497e-05
20847,1.0348370002420954e-05
20848,9.316842424275981e-06
20849,8.980088304004427e-06
20850,1.0296113256437114e-05
20851,8.709456420603492e-06
20852,9.967603528957248e-06
20853,5.4608749454719496e-06
20854,1.6720171538836032e-05
20855,9.255426568317661e-06
20856,1.1118294444784053e-05
20857,1.0083068471111015e-05
20858,1.1355015410120625e-05
20859,9.811995885297593e-06
20860,2.3801649773536647e-05
20861,1.1035057057789817e-05
20862,1.00595519188609e-05
20863,1.1536781401655525e-05
20864,1.036236578670301e-05
20865,1.1320356980366022e-05
20866,9.289948335583e-06
20867,8.552299102409865e-06
20868,1.1035057057789817e-05
20869,1.4818916112529416e-05
20870,2.937653303397746e-05
20871,1.1035057057789817e-05
20872,1.690371843240728e-05
20873,1.61922158403411e-05
20874,8.966816258866327e-06
20875,1.2204527911802652e-05
20876,9.613090796572468e-06
20877,2.318612906959271e-05
20878,1.2529614893840324e-05
20879,1.5969935641629626e-05
20880,1.1594325978611455e-05
20881,1.0147900018722789e-05
20882,1.0296113256437114e-05
20883,9.66366577643837e-06
20884,1.14672736681883e-05
20885,7.55205999585218e-05
20886,9.777263074180927e-06
20887,1.600791710065464e-05
20888,8.801301594525623e-06
20889,9.53237362447028e-06
20890,1.4007328613917178e-05
20891,1.0719318706660731e-05
20892,1.1320356980366022e-05
20893,9.897250846409457e-06
20894,1.8703278378104612e-05
20895,9.53237362447028e-06
20896,1.4591621085625427e-05
20897,1.5343465993165088e-05
20898,8.98613338073191e-06
20899,1.4441247775694296e-05
20900,1.1594325978611455e-05
20901,9.493588591525832e-06
20902,1.1436901100260788e-05
20903,9.809582392541579e-06
20904,9.187772221265003e-06
20905,9.530479144825802e-06
20906,1.0226947814012442e-05
20907,1.9330668438413422e-05
20908,1.1904958243208149e-05
20909,9.63908308380622e-06
20910,8.23675255475412e-06
20911,1.0606931434926932e-05
20912,9.593922196304636e-06
20913,9.593922196304636e-06
20914,1.3553713199137633e-05
20915,1.714482460539409e-05
20916,1.674911053932771e-05
20917,1.0264489145142471e-05
20918,1.0523880672159554e-05
20919,1.1029448466982983e-05
20920,1.0719318706660731e-05
20921,1.0226947814012442e-05
20922,1.0166102663128765e-05
20923,1.3454042748899266e-05
20924,9.98898602574496e-06
20925,1.0563899047708251e-05
20926,1.688578336206876e-05
20927,1.6382549118089507e-05
20928,1.5807581318140458e-05
20929,1.2995730756207919e-05
20930,1.591815379249885e-05
20931,1.0044546564286435e-05
20932,9.896272091706858e-06
20933,1.4412617543268523e-05
20934,9.05804862443082e-06
20935,1.0691282150835419e-05
20936,8.123339018192422e-06
20937,1.374552916434338e-05
20938,9.46984213922782e-06
20939,8.674958738307506e-06
20940,9.582707565010591e-06
20941,1.240405310203985e-05
20942,8.674958738307506e-06
20943,1.0044546564286435e-05
20944,6.674408288524918e-06
20945,1.5297262696282424e-05
20946,1.3638731294397522e-05
20947,1.195602319665265e-05
20948,1.075355678101189e-05
20949,8.693169150980948e-06
20950,1.559522266318491e-05
20951,2.2851901966183706e-05
20952,1.0637314892586927e-05
20953,9.692531080188252e-06
20954,1.0304389685578956e-05
20955,9.463714720507445e-06
20956,1.0203235324803235e-05
20957,8.966816258866327e-06
20958,9.007728934627767e-06
20959,9.007728934627767e-06
20960,1.0651734090915297e-05
20961,1.5233028120503011e-05
20962,1.0365859094959847e-05
20963,9.37368426311911e-06
20964,1.5987617465400205e-05
20965,1.0673198845483249e-05
20966,9.093273707967679e-06
20967,1.0470739855513193e-05
20968,8.966816258866327e-06
20969,9.655747257728404e-06
20970,1.4974736201673153e-05
20971,2.3461021902526784e-05
20972,1.4354623729130883e-05
20973,1.0093258079298354e-05
20974,0.000461321960250978
20975,2.3637972669890894e-05
20976,1.0327811939182512e-05
20977,9.850440573120747e-06
20978,1.16117097546835e-05
20979,6.674408288524918e-06
20980,1.9755177333994433e-05
20981,1.0394028520652429e-05
20982,1.0103479922825078e-05
20983,1.16117097546835e-05
20984,1.0727799886620179e-05
20985,9.809582392541579e-06
20986,1.353974428103868e-05
20987,1.157527985366987e-05
20988,3.672485279707837e-05
20989,9.499333526257177e-06
20990,1.2032706307433641e-05
20991,1.690255266348922e-05
20992,1.0406263609766445e-05
20993,1.3074226847997412e-05
20994,1.2113469516883801e-05
20995,1.1004350244038656e-05
20996,1.003161474217399e-05
20997,9.582707565010591e-06
20998,1.4591621085625427e-05
20999,1.1261317758557567e-05
21000,1.1320356980366022e-05
21001,1.4999825962729682e-05
21002,9.956974897762962e-06
21003,1.353974428103868e-05
21004,6.546659142664475e-05
21005,1.0323798207862645e-05
21006,1.9830105180616e-05
21007,9.956974897762962e-06
21008,8.674958738307506e-06
21009,9.569620684438151e-06
21010,1.4692054237260592e-05
21011,6.697958124039644e-06
21012,1.3817754092134961e-05
21013,8.674958738307506e-06
21014,1.4147415622330946e-05
21015,1.0998759080324583e-05
21016,1.0348370002420954e-05
21017,9.885989024162485e-06
21018,8.530722915133776e-06
21019,9.908381712638796e-06
21020,1.007952052925644e-05
21021,1.7724549553002055e-05
21022,6.674408288524918e-06
21023,5.330244508974136e-06
21024,9.700862731621744e-06
21025,8.674958738307506e-06
21026,9.519294286364606e-06
21027,9.804799282565535e-06
21028,1.1004350244038656e-05
21029,1.0320122706611893e-05
21030,8.927377406965493e-06
21031,8.966816258866327e-06
21032,1.0637853883326657e-05
21033,9.882082474788552e-06
21034,1.0395100361401984e-05
21035,8.807659066140166e-06
21036,9.149489293946556e-06
21037,9.05804862443082e-06
21038,9.274351034608919e-06
21039,1.2523040583816098e-05
21040,9.552202977205576e-06
21041,1.7549775686161307e-05
21042,9.105964578815469e-06
21043,1.540834063456423e-05
21044,1.353974428103868e-05
21045,1.1870283384154584e-05
21046,1.8374790933689325e-05
21047,8.801301594525623e-06
21048,1.0896042873277623e-05
21049,1.4321534383696477e-05
21050,1.0673198845483249e-05
21051,9.61567250659419e-06
21052,1.0266845488968174e-05
21053,1.353974428103868e-05
21054,1.16452300893274e-05
21055,1.5053137921277866e-05
21056,1.0190781318694255e-05
21057,1.0213357406846318e-05
21058,1.240405310203985e-05
21059,1.542627328865445e-05
21060,1.0304389685578956e-05
21061,9.589580765736588e-06
21062,9.530479144825802e-06
21063,1.050537032126487e-05
21064,1.5718297954666166e-05
21065,1.4897465580715152e-05
21066,9.46984213922782e-06
21067,1.4354623729130883e-05
21068,9.967603528957248e-06
21069,1.3124703986751003e-05
21070,1.0637853883326657e-05
21071,9.967603528957248e-06
21072,1.0719318706660731e-05
21073,1.4897465580715152e-05
21074,9.623776343241303e-06
21075,1.565591053160319e-05
21076,9.05804862443082e-06
21077,1.3246244734768097e-05
21078,1.2152454439821123e-05
21079,1.2386260181243683e-05
21080,9.700862731621744e-06
21081,9.105964578815469e-06
21082,1.1028616036275543e-05
21083,8.785848222579045e-06
21084,1.0008352767091742e-05
21085,1.2851268277655292e-05
21086,1.986363967556254e-05
21087,1.004334818679909e-05
21088,1.3771968045980782e-05
21089,1.2529614893840324e-05
21090,1.0974991432257885e-05
21091,9.754070560661059e-06
21092,1.0563899047708251e-05
21093,1.2152454439821123e-05
21094,1.0296113256437114e-05
21095,1.0632560201404219e-05
21096,3.113738096209863e-05
21097,9.715239379587256e-06
21098,9.920286267500786e-06
21099,8.264536680063052e-06
21100,9.317540546083008e-06
21101,8.674958738307506e-06
21102,1.5262979026528715e-05
21103,9.66366577643837e-06
21104,1.0804275205124589e-05
21105,9.715239379587256e-06
21106,1.2032706307433641e-05
21107,1.0304389685578956e-05
21108,8.30724933669107e-06
21109,1.645261821655504e-05
21110,9.244975147240444e-06
21111,1.16117097546835e-05
21112,1.6080354343549266e-05
21113,1.1320356980366022e-05
21114,9.053328994739186e-06
21115,1.1956663282722243e-05
21116,1.4354623729130883e-05
21117,9.967603528957248e-06
21118,1.0633902373928431e-05
21119,1.0323798207862645e-05
21120,9.575534257900319e-06
21121,8.709456420603492e-06
21122,1.1505654674703786e-05
21123,8.98613338073191e-06
21124,1.5629740892247332e-05
21125,1.3728113301181152e-05
21126,1.1398788038460363e-05
21127,9.076566886993103e-06
21128,1.2851268277655292e-05
21129,9.897250846409457e-06
21130,9.967603528957248e-06
21131,9.967603528957248e-06
21132,9.882082474788552e-06
21133,9.711597088106313e-06
21134,9.561041139947305e-06
21135,9.63908308380622e-06
21136,1.075355678101189e-05
21137,1.0729831536478351e-05
21138,1.1033402850550749e-05
21139,1.5273752013953077e-05
21140,1.1033402850550749e-05
21141,6.674408288524918e-06
21142,6.848318894276419e-06
21143,1.353974428103868e-05
21144,1.280742674021427e-05
21145,1.2523040583816098e-05
21146,1.028892948360175e-05
21147,1.0304389685578956e-05
21148,9.007728934627767e-06
21149,1.0327374865332602e-05
21150,1.1029448466982983e-05
21151,9.921621150637919e-06
21152,9.493588591525832e-06
21153,1.3440697641966732e-05
21154,1.061481761300295e-05
21155,1.1033137197402462e-05
21156,2.6083258098114056e-05
21157,8.98613338073191e-06
21158,9.967603528957248e-06
21159,1.796376066267179e-05
21160,9.102414151293753e-06
21161,1.1029448466982983e-05
21162,9.715239379587256e-06
21163,1.050537032126487e-05
21164,1.0296113256437114e-05
21165,9.317540546083008e-06
21166,1.0203235324803235e-05
21167,8.674958738307506e-06
21168,1.075355678101189e-05
21169,9.365870353764055e-06
21170,9.359950071151196e-06
21171,1.050537032126487e-05
21172,2.5695853959562752e-05
21173,1.0203235324803235e-05
21174,1.0365859094959847e-05
21175,9.46984213922782e-06
21176,1.0474522801572617e-05
21177,8.353867252994451e-06
21178,2.3049999477020934e-05
21179,2.6171480893013762e-05
21180,9.63849168571555e-06
21181,1.0719318706660731e-05
21182,1.144840881813943e-05
21183,9.715239379587256e-06
21184,2.3834144732303225e-05
21185,1.202373727588023e-05
21186,1.16452300893274e-05
21187,9.46984213922782e-06
21188,9.63908308380622e-06
21189,9.093273707967679e-06
21190,1.0015800834386606e-05
21191,9.804799282565535e-06
21192,1.0347163086799967e-05
21193,1.0327374865332602e-05
21194,1.5805030369046533e-05
21195,1.0896042873277623e-05
21196,9.582707565010591e-06
21197,1.1436901100260788e-05
21198,4.8675047965478546e-06
21199,1.0896042873277623e-05
21200,1.0896042873277623e-05
21201,9.589580765736588e-06
21202,1.4472157442928997e-05
21203,1.5345027371471297e-05
21204,1.0015800834386606e-05
21205,1.416929885975643e-05
21206,1.3261524197022263e-05
21207,1.075355678101189e-05
21208,9.777263074180927e-06
21209,8.184625832172077e-06
21210,1.0896042873277623e-05
21211,1.0896042873277623e-05
21212,1.0896042873277623e-05
21213,3.319399495875823e-05
21214,1.3771968045980782e-05
21215,1.024622844441018e-05
21216,1.3454042748899266e-05
21217,1.1364417115222792e-05
21218,1.0055811583422948e-05
21219,2.2268183228767476e-05
21220,9.244975147240444e-06
21221,1.0804275205124589e-05
21222,9.597929014891506e-06
21223,2.132847909793803e-05
21224,1.139810098846653e-05
21225,1.7557904121930953e-05
21226,1.5172918017456835e-05
21227,9.582707565010591e-06
21228,9.105964578815469e-06
21229,1.4875798373508094e-05
21230,7.916481966791899e-06
21231,1.1212693996919311e-05
21232,7.916481966791899e-06
21233,1.3386212064743573e-05
21234,2.1893309915880907e-05
21235,1.075355678101189e-05
21236,9.436109709909569e-06
21237,1.313529346607597e-05
21238,1.007952052925644e-05
21239,1.028892948360175e-05
21240,1.0152000896655648e-05
21241,1.0983549165868838e-05
21242,9.720723507752985e-06
21243,9.533867864066155e-06
21244,1.0983549165868838e-05
21245,1.0983549165868838e-05
21246,9.024752918851432e-06
21247,1.0983549165868838e-05
21248,1.1004350244038656e-05
21249,1.549329730890679e-05
21250,1.7145897076988363e-05
21251,1.1029448466982983e-05
21252,9.98898602574496e-06
21253,1.1190914478695744e-05
21254,9.986120975271117e-06
21255,1.0523567967782293e-05
21256,1.765157922340371e-05
21257,9.187772221265003e-06
21258,1.4354623729130883e-05
21259,8.662385608594642e-06
21260,9.270778132472718e-06
21261,1.353974428103868e-05
21262,9.63908308380622e-06
21263,9.360000703992135e-06
21264,8.674958738307506e-06
21265,9.66366577643837e-06
21266,9.63908308380622e-06
21267,8.98613338073191e-06
21268,9.711597088106313e-06
21269,8.98613338073191e-06
21270,1.5222107848465297e-05
21271,1.579660818535115e-05
21272,1.0691282150835419e-05
21273,1.002322127836139e-05
21274,1.1029448466982983e-05
21275,1.2957136921307508e-05
21276,9.700862731621744e-06
21277,3.0282267008796762e-05
21278,9.63849168571555e-06
21279,1.3322230926813583e-05
21280,1.206237794957882e-05
21281,1.0435160785416307e-05
21282,1.1728661315964814e-05
21283,1.0327811939182512e-05
21284,9.700862731621744e-06
21285,9.533867864066155e-06
21286,9.855818921322782e-06
21287,2.9329047415088233e-05
21288,8.674958738307506e-06
21289,2.7005532248445963e-05
21290,2.2193163674459053e-05
21291,1.144840881813943e-05
21292,0.0012885972817489463
21293,9.63908308380622e-06
21294,1.0044546564286435e-05
21295,9.53237362447028e-06
21296,1.075355678101189e-05
21297,8.709456420603492e-06
21298,8.709456420603492e-06
21299,1.0719318706660731e-05
21300,1.009278174243314e-05
21301,1.0327374865332602e-05
21302,9.967603528957248e-06
21303,1.246725840014532e-05
21304,9.255426568317661e-06
21305,9.715239379587256e-06
21306,8.709456420603492e-06
21307,8.709456420603492e-06
21308,8.709456420603492e-06
21309,6.2180242557229486e-06
21310,1.6780160400169423e-05
21311,1.4884832942543028e-05
21312,6.674408288524918e-06
21313,9.37368426311911e-06
21314,2.714732369560331e-05
21315,6.145814894806767e-06
21316,9.63849168571555e-06
21317,1.144840881813943e-05
21318,9.763620477100893e-06
21319,1.0691282150835419e-05
21320,1.6162697120144836e-05
21321,1.0803253796221225e-05
21322,1.1261317758557567e-05
21323,1.3436683153497976e-05
21324,9.63908308380622e-06
21325,8.590149903225016e-06
21326,1.1320356980366022e-05
21327,1.1118294444784053e-05
21328,1.803002370574073e-05
21329,1.509630481775352e-05
21330,1.0093258079298354e-05
21331,1.9546388936362025e-05
21332,1.7013545048914908e-05
21333,9.568833028344554e-06
21334,1.0093258079298354e-05
21335,4.905178083204785e-06
21336,1.4637748528466378e-05
21337,1.1198169485978185e-05
21338,9.655747257728404e-06
21339,9.593922196304636e-06
21340,1.3553713199137633e-05
21341,1.0804275205124589e-05
21342,1.1190914478695744e-05
21343,1.2274441446841848e-05
21344,1.4660105087330726e-05
21345,9.66366577643837e-06
21346,1.144840881813943e-05
21347,1.0395100361401984e-05
21348,9.267398360518381e-06
21349,9.967603528957248e-06
21350,1.009278174243314e-05
21351,1.0347163086799967e-05
21352,1.0896042873277623e-05
21353,9.514281501058351e-06
21354,1.2529614893840324e-05
21355,9.63908308380622e-06
21356,9.582707565010591e-06
21357,8.862252582906677e-06
21358,8.98613338073191e-06
21359,1.1320356980366022e-05
21360,1.145795212043991e-05
21361,1.353974428103868e-05
21362,1.8943171759763674e-05
21363,6.697958124039644e-06
21364,6.2180242557229486e-06
21365,1.2204527911802652e-05
21366,9.365870353764055e-06
21367,2.602359218732416e-05
21368,1.4513618176338635e-05
21369,9.138178963690783e-06
21370,6.162605517118313e-06
21371,1.8084752109364973e-05
21372,8.381043332545282e-06
21373,1.48784660177437e-05
21374,6.162605517118313e-06
21375,1.711559091495639e-05
21376,2.221631117905234e-05
21377,1.0571992351797697e-05
21378,1.0327374865332602e-05
21379,6.162605517118313e-06
21380,8.881599773114271e-06
21381,1.3091972186581859e-05
21382,1.707422018863031e-05
21383,2.602359218732416e-05
21384,1.024622844441018e-05
21385,1.1730922678968424e-05
21386,1.1325188958987316e-05
21387,1.0015800834386606e-05
21388,1.1364417115222792e-05
21389,8.709456420603492e-06
21390,1.0501844755673104e-05
21391,9.804799282565535e-06
21392,3.038147663032657e-05
21393,9.63462487911372e-06
21394,1.921148059446817e-05
21395,1.1022989657855392e-05
21396,9.317540546083008e-06
21397,1.0248059245605469e-05
21398,9.582707565010591e-06
21399,1.0691282150835419e-05
21400,8.30724933669107e-06
21401,1.1594325978611455e-05
21402,1.1078478163378258e-05
21403,1.0165217108108049e-05
21404,1.4414141134704809e-05
21405,1.1696818140339037e-05
21406,1.0248059245605469e-05
21407,1.1198169485978185e-05
21408,9.007728934627767e-06
21409,1.0348370002420954e-05
21410,1.0727799886620179e-05
21411,1.177697881591642e-05
21412,9.63849168571555e-06
21413,1.4299732377467465e-05
21414,9.873227284104391e-06
21415,1.5254975402569197e-05
21416,9.100911172186245e-06
21417,9.967603528957248e-06
21418,8.530722915133776e-06
21419,8.503783769685729e-06
21420,1.0637314892586927e-05
21421,1.2058786164846864e-05
21422,1.16117097546835e-05
21423,1.0296113256437114e-05
21424,1.3638731294397522e-05
21425,9.63908308380622e-06
21426,1.0438800493865949e-05
21427,9.598517099071531e-06
21428,9.84128048041037e-06
21429,1.353974428103868e-05
21430,9.98898602574496e-06
21431,7.55205999585218e-05
21432,1.4259740679615826e-05
21433,3.770712430043045e-05
21434,1.0523567967782293e-05
21435,9.885989024162485e-06
21436,9.63908308380622e-06
21437,1.2152454439821123e-05
21438,1.0093258079298354e-05
21439,1.1033402850550749e-05
21440,1.7557904121930953e-05
21441,1.0093258079298354e-05
21442,9.59484738868822e-06
21443,1.052641146073085e-05
21444,9.138178963690783e-06
21445,1.1022989657855392e-05
21446,2.6245598408342227e-05
21447,9.66366577643837e-06
21448,1.0264489145142471e-05
21449,1.2058786164846864e-05
21450,8.97547957802772e-06
21451,1.3022978431850824e-05
21452,6.674408288524918e-06
21453,9.322330495343925e-06
21454,1.622714747920231e-05
21455,1.3074226847997412e-05
21456,1.709087242944239e-05
21457,1.7151520870937987e-05
21458,1.497526456725667e-05
21459,1.0729831536478351e-05
21460,9.855818921322782e-06
21461,1.4437633370840337e-05
21462,1.1261317758557567e-05
21463,9.995371324642058e-06
21464,9.63849168571555e-06
21465,1.949292184085992e-05
21466,1.075355678101189e-05
21467,8.30724933669107e-06
21468,2.008448963050732e-05
21469,9.91480548679001e-06
21470,1.353974428103868e-05
21471,1.3553713199137633e-05
21472,1.0719318706660731e-05
21473,1.0711341726803775e-05
21474,9.623776343241303e-06
21475,1.5805030369046533e-05
21476,9.49242637511871e-06
21477,1.004334818679909e-05
21478,1.026734224461449e-05
21479,9.855818921322782e-06
21480,1.052641146073085e-05
21481,1.0348370002420954e-05
21482,1.780220344465618e-05
21483,9.562433975323611e-06
21484,9.901718571693991e-06
21485,1.0120416270001321e-05
21486,9.715239379587256e-06
21487,1.007952052925644e-05
21488,1.1909870126827609e-05
21489,4.5420649915144456e-05
21490,9.875238193826672e-06
21491,1.0296113256437114e-05
21492,9.723156484921671e-06
21493,9.715239379587256e-06
21494,1.0896042873277623e-05
21495,9.510111211076036e-06
21496,1.353974428103868e-05
21497,1.028892948360175e-05
21498,1.3436683153497976e-05
21499,9.436109709909569e-06
21500,1.00595519188609e-05
21501,9.190780516689155e-06
21502,2.8715885373979408e-05
21503,1.0296113256437114e-05
21504,8.98613338073191e-06
21505,3.3959405803420365e-05
21506,1.1436901100260788e-05
21507,3.2281262340016685e-05
21508,9.394769817727571e-06
21509,1.2032706307433641e-05
21510,9.623776343241303e-06
21511,1.1803006590185127e-05
21512,1.0093258079298354e-05
21513,1.0327374865332602e-05
21514,1.1819307221088636e-05
21515,2.3176407044396025e-05
21516,8.767473216099917e-06
21517,1.0264489145142471e-05
21518,1.0264489145142471e-05
21519,9.948291810840633e-06
21520,8.966816258866327e-06
21521,9.711597088106313e-06
21522,3.0874950303967065e-05
21523,4.741373270354587e-05
21524,1.0610711704845131e-05
21525,1.0055811583422948e-05
21526,1.280742674021427e-05
21527,2.6413034495336373e-05
21528,3.165658914633898e-05
21529,4.069654535060229e-05
21530,1.750056953574144e-05
21531,1.0365859094959847e-05
21532,9.149489293946556e-06
21533,9.190780516689155e-06
21534,2.1328474573697038e-05
21535,9.967603528957248e-06
21536,1.4412617543268523e-05
21537,7.954363506457167e-05
21538,1.5536059388767817e-05
21539,9.623776343241303e-06
21540,9.613090796572468e-06
21541,1.0610711704845131e-05
21542,1.001992102933591e-05
21543,1.001992102933591e-05
21544,9.699998832179042e-06
21545,9.244975147240444e-06
21546,1.1044881389740348e-05
21547,1.0120416270001321e-05
21548,9.855818921322782e-06
21549,1.1118294444784053e-05
21550,1.0264489145142471e-05
21551,1.0296113256437114e-05
21552,9.05804862443082e-06
21553,1.0264489145142471e-05
21554,5.662715410296269e-06
21555,2.0556910379728526e-05
21556,1.7012996448935614e-05
21557,1.7557904121930953e-05
21558,1.9755177333994433e-05
21559,1.0727799886620179e-05
21560,9.879854495037761e-06
21561,8.98613338073191e-06
21562,1.0803253796221225e-05
21563,1.0203235324803235e-05
21564,1.4284226231892565e-05
21565,9.623776343241303e-06
21566,9.63849168571555e-06
21567,1.16117097546835e-05
21568,1.026734224461449e-05
21569,1.0739562233243814e-05
21570,4.869491149282837e-05
21571,1.0304389685578956e-05
21572,9.876348029005935e-06
21573,1.3261524197022263e-05
21574,9.149489293946556e-06
21575,9.317540546083008e-06
21576,1.353974428103868e-05
21577,1.5805030369046533e-05
21578,1.5770672573552448e-05
21579,1.0226947814012442e-05
21580,1.5805030369046533e-05
21581,9.809582392541579e-06
21582,9.255426568317661e-06
21583,1.0727799886620179e-05
21584,9.504497492612455e-06
21585,9.136632654823229e-06
21586,1.0896042873277623e-05
21587,1.0693114032578455e-05
21588,6.848318894276419e-06
21589,1.1261317758557567e-05
21590,9.804799282565535e-06
21591,8.709456420603492e-06
21592,9.63462487911372e-06
21593,8.693169150980948e-06
21594,1.1004350244038656e-05
21595,1.028892948360175e-05
21596,1.53226666270463e-05
21597,9.623776343241303e-06
21598,9.552202977205576e-06
21599,1.0369786528028124e-05
21600,9.552202977205576e-06
21601,9.885989024162485e-06
21602,9.136632654823229e-06
21603,1.0719318706660731e-05
21604,1.0304389685578956e-05
21605,1.280742674021427e-05
21606,2.0654512168795214e-05
21607,1.0248059245605469e-05
21608,1.1261317758557567e-05
21609,1.1118294444784053e-05
21610,1.9755177333994433e-05
21611,1.579232832862015e-05
21612,1.353974428103868e-05
21613,9.076566886993103e-06
21614,8.709456420603492e-06
21615,9.497136086334239e-06
21616,9.63849168571555e-06
21617,1.0323798207862645e-05
21618,1.4918770839519235e-05
21619,6.47770572288029e-06
21620,1.0896042873277623e-05
21621,6.080823992206117e-06
21622,1.0304389685578956e-05
21623,1.280742674021427e-05
21624,1.240405310203985e-05
21625,1.0474522801572617e-05
21626,9.105964578815469e-06
21627,1.052641146073085e-05
21628,2.3095898252723577e-05
21629,1.1398788038460363e-05
21630,1.0008352767091742e-05
21631,1.052641146073085e-05
21632,1.0103479922825078e-05
21633,8.251292371225482e-06
21634,1.0304389685578956e-05
21635,1.5805030369046533e-05
21636,1.0248059245605469e-05
21637,9.948291810840633e-06
21638,1.009278174243314e-05
21639,1.246725840014532e-05
21640,1.1861338859021963e-05
21641,9.875238193826672e-06
21642,9.723156484921671e-06
21643,1.206237794957882e-05
21644,1.3795861079627888e-05
21645,4.83650010001436e-06
21646,9.05804862443082e-06
21647,1.0896042873277623e-05
21648,1.5222107848465297e-05
21649,1.6935921895434272e-05
21650,9.007728934627767e-06
21651,9.879854495037761e-06
21652,1.1078478163378258e-05
21653,9.317540546083008e-06
21654,1.4115154184280956e-05
21655,8.552299102409865e-06
21656,1.1261317758557567e-05
21657,2.0036310067388068e-05
21658,9.317540546083008e-06
21659,1.0678217015801007e-05
21660,1.061481761300295e-05
21661,1.280742674021427e-05
21662,1.0896042873277623e-05
21663,1.0523880672159554e-05
21664,8.552299102409865e-06
21665,8.674958738307506e-06
21666,9.49242637511871e-06
21667,1.0304389685578956e-05
21668,1.353974428103868e-05
21669,5.557287315800561e-05
21670,9.489074365034779e-06
21671,9.893028832896335e-06
21672,6.674408288524918e-06
21673,1.0855663141263886e-05
21674,1.026734224461449e-05
21675,1.1029448466982983e-05
21676,1.4853739664112106e-05
21677,8.423577999744469e-06
21678,9.499363410106409e-06
21679,1.0304389685578956e-05
21680,2.4036757796344706e-05
21681,9.024897217262012e-06
21682,9.885989024162485e-06
21683,1.4659796184866056e-05
21684,1.2058786164846864e-05
21685,1.1364417115222792e-05
21686,1.7557904121930953e-05
21687,1.496399563723397e-05
21688,1.739203711690399e-05
21689,1.1522525439412445e-05
21690,2.392243251381134e-05
21691,8.674958738307506e-06
21692,1.2032706307433641e-05
21693,1.1104152863120281e-05
21694,1.5414261774959685e-05
21695,1.0093258079298354e-05
21696,9.187772221265003e-06
21697,1.8785912503576214e-05
21698,9.885989024162485e-06
21699,9.076566886993103e-06
21700,1.2636866333345284e-05
21701,1.1022989657855392e-05
21702,1.672949201629314e-05
21703,8.969077104345952e-06
21704,1.1730922678968424e-05
21705,8.98613338073191e-06
21706,1.0213357406846318e-05
21707,6.40433565178987e-06
21708,1.0093258079298354e-05
21709,9.811995885297593e-06
21710,9.359950071151196e-06
21711,1.1320356980366022e-05
21712,1.2386260181243683e-05
21713,9.804799282565535e-06
21714,9.873227284104391e-06
21715,1.240405310203985e-05
21716,1.526185563863588e-05
21717,1.5633956019020575e-05
21718,1.0651734090915297e-05
21719,9.864537772104035e-06
21720,1.0598164728847593e-05
21721,8.709456420603492e-06
21722,2.0713980777686747e-05
21723,8.709456420603492e-06
21724,8.709456420603492e-06
21725,9.63908308380622e-06
21726,1.5759359614844613e-05
21727,1.0896042873277623e-05
21728,1.1033402850550749e-05
21729,1.0135758113313978e-05
21730,9.777263074180927e-06
21731,1.4473208136811976e-05
21732,1.1104152863120281e-05
21733,9.563183498384039e-06
21734,1.1261317758557567e-05
21735,9.967603528957248e-06
21736,9.720723507752985e-06
21737,6.674408288524918e-06
21738,1.280742674021427e-05
21739,1.0359530810042483e-05
21740,1.1728661315964814e-05
21741,9.875238193826672e-06
21742,8.874399124719438e-06
21743,1.015245543295525e-05
21744,8.98613338073191e-06
21745,1.157527985366987e-05
21746,1.0896042873277623e-05
21747,1.0304389685578956e-05
21748,9.873227284104391e-06
21749,2.0171612681703634e-05
21750,9.676482083177779e-06
21751,1.2058786164846864e-05
21752,7.776393007802949e-05
21753,9.63849168571555e-06
21754,1.3074226847997412e-05
21755,9.967603528957248e-06
21756,1.1029448466982983e-05
21757,9.190780516689155e-06
21758,9.885989024162485e-06
21759,8.674958738307506e-06
21760,1.0639045552312857e-05
21761,1.1905788186692852e-05
21762,1.0241717869620738e-05
21763,1.573573114215947e-05
21764,1.1905788186692852e-05
21765,1.1398788038460363e-05
21766,9.893028832896335e-06
21767,2.191575980343745e-05
21768,8.423577999744469e-06
21769,1.2903399410220977e-05
21770,1.1212693996919311e-05
21771,6.261008373845563e-06
21772,6.674408288524918e-06
21773,1.1922602666749413e-05
21774,9.138178963690783e-06
21775,2.2713456704773254e-05
21776,1.0304389685578956e-05
21777,9.093273707967679e-06
21778,8.801301594525623e-06
21779,9.948291810840633e-06
21780,1.4766670569922998e-05
21781,1.0474522801572617e-05
21782,9.100911172186245e-06
21783,2.687888188792614e-05
21784,9.882082474788552e-06
21785,1.4453461483050445e-05
21786,1.050537032126487e-05
21787,1.629829625875851e-05
21788,1.1436901100260788e-05
21789,0.00010533407694423074
21790,9.63908308380622e-06
21791,9.63908308380622e-06
21792,9.63908308380622e-06
21793,5.626258696405431e-05
21794,1.7831464028695882e-05
21795,2.1581208760645386e-05
21796,1.0632560201404219e-05
21797,1.5519215693883322e-05
21798,2.101731311475016e-05
21799,9.53237362447028e-06
21800,9.289948335583e-06
21801,1.0044546564286435e-05
21802,9.255426568317661e-06
21803,1.7013545048914908e-05
21804,1.531862366159914e-05
21805,9.882082474788552e-06
21806,1.0896042873277623e-05
21807,1.0896042873277623e-05
21808,1.353974428103868e-05
21809,1.353974428103868e-05
21810,1.001992102933591e-05
21811,1.4053857417267475e-05
21812,1.1011685005440917e-05
21813,1.3091972186581859e-05
21814,1.0241717869620738e-05
21815,1.1522525439412445e-05
21816,9.493566059282185e-06
21817,2.0749359990060867e-05
21818,9.63849168571555e-06
21819,9.533867864066155e-06
21820,1.2152454439821123e-05
21821,4.6125298212496285e-05
21822,1.3600074067921984e-05
21823,1.1029448466982983e-05
21824,1.0008352767091742e-05
21825,1.1033402850550749e-05
21826,9.105964578815469e-06
21827,9.577104748675804e-06
21828,9.623776343241303e-06
21829,9.967603528957248e-06
21830,1.0369786528028124e-05
21831,9.076566886993103e-06
21832,9.850440573120747e-06
21833,9.967603528957248e-06
21834,6.674408288524918e-06
21835,9.811995885297593e-06
21836,2.5375310309709914e-05
21837,1.166445740269477e-05
21838,8.98613338073191e-06
21839,8.966816258866327e-06
21840,1.2058786164846864e-05
21841,1.050537032126487e-05
21842,1.0896042873277623e-05
21843,8.316408602707099e-06
21844,4.436055361100449e-05
21845,3.4534038178493385e-05
21846,1.931357466786162e-05
21847,1.1522525439412445e-05
21848,6.345036570561579e-06
21849,9.98898602574496e-06
21850,1.0693114032578455e-05
21851,9.866856785287496e-06
21852,8.98613338073191e-06
21853,1.0055811583422948e-05
21854,1.4925550725984998e-05
21855,9.71769253600263e-06
21856,1.0637853883326657e-05
21857,9.22237046987849e-06
21858,8.674958738307506e-06
21859,1.4637748528466378e-05
21860,1.0920974649155722e-05
21861,1.0920974649155722e-05
21862,1.7151520870937987e-05
21863,1.0920974649155722e-05
21864,1.0920974649155722e-05
21865,1.0920974649155722e-05
21866,3.329808949849047e-05
21867,8.75678691026644e-06
21868,9.53237362447028e-06
21869,1.1789614952439414e-05
21870,1.1052403610642951e-05
21871,1.985279788348933e-05
21872,9.434838296707893e-06
21873,9.83214263607411e-06
21874,1.3081654866788091e-05
21875,9.967603528957248e-06
21876,9.885989024162485e-06
21877,4.8712817787507075e-06
21878,1.5141443773637717e-05
21879,8.590149903225016e-06
21880,1.4061837367423268e-05
21881,1.683397296996258e-05
21882,1.1029448466982983e-05
21883,1.002322127836139e-05
21884,6.674408288524918e-06
21885,1.4463035257288656e-05
21886,9.967603528957248e-06
21887,1.3528035782459068e-05
21888,1.405705535578172e-05
21889,6.2180242557229486e-06
21890,1.3354032430169249e-05
21891,9.149489293946556e-06
21892,9.271261400480925e-06
21893,1.3124703986751003e-05
21894,9.711597088106313e-06
21895,1.2523040583816098e-05
21896,1.353974428103868e-05
21897,1.0295947540132029e-05
21898,9.489074365034779e-06
21899,1.0008352767091742e-05
21900,2.1382729595982597e-05
21901,1.0165217108108049e-05
21902,1.0365859094959847e-05
21903,1.0008352767091742e-05
21904,1.5692817211312904e-05
21905,1.0640014140944024e-05
21906,3.361041370710028e-05
21907,9.593922196304636e-06
21908,1.0896042873277623e-05
21909,1.0896042873277623e-05
21910,2.465893239984524e-05
21911,1.4573336292000517e-05
21912,1.246725840014532e-05
21913,1.0501844755673104e-05
21914,9.879854495037761e-06
21915,9.63908308380622e-06
21916,9.861512805350344e-06
21917,1.1904958243208149e-05
21918,9.699998832179042e-06
21919,9.715239379587256e-06
21920,1.1510848380920765e-05
21921,1.7724212627923757e-05
21922,1.015245543295525e-05
21923,8.832117818009644e-06
21924,1.002322127836139e-05
21925,1.1191364040824446e-05
21926,1.050537032126487e-05
21927,1.0501844755673104e-05
21928,9.967603528957248e-06
21929,1.305159326232427e-05
21930,1.002322127836139e-05
21931,1.16452300893274e-05
21932,1.0213357406846318e-05
21933,1.5196752232071051e-05
21934,1.0474522801572617e-05
21935,1.2386260181243683e-05
21936,1.4978732346599367e-05
21937,1.896615995407419e-05
21938,1.0503398104220844e-05
21939,1.1029448466982983e-05
21940,1.0637853883326657e-05
21941,1.0327374865332602e-05
21942,1.0327811939182512e-05
21943,1.4679028410673014e-05
21944,8.674958738307506e-06
21945,1.0816858899900522e-05
21946,1.0645395354398507e-05
21947,3.2998951709403246e-05
21948,9.394769817727571e-06
21949,9.190780516689155e-06
21950,9.552202977205576e-06
21951,2.0604443809706966e-05
21952,9.244975147240444e-06
21953,9.22237046987849e-06
21954,9.967603528957248e-06
21955,9.167046619281176e-06
21956,1.5734478749650416e-05
21957,1.7151520870937987e-05
21958,1.584490990733506e-05
21959,1.353974428103868e-05
21960,1.0008352767091742e-05
21961,7.978496880526486e-06
21962,1.3074226847997412e-05
21963,9.365870353764055e-06
21964,1.0296113256437114e-05
21965,2.12153180696907e-05
21966,1.0558042072649292e-05
21967,1.0414935439835905e-05
21968,8.801301594525623e-06
21969,1.570214045202487e-05
21970,1.2795788404948052e-05
21971,1.002322127836139e-05
21972,1.0691282150835419e-05
21973,1.0120416270001321e-05
21974,1.0325521945413936e-05
21975,1.0296113256437114e-05
21976,1.0248059245605469e-05
21977,9.510111211076036e-06
21978,1.0414935439835905e-05
21979,1.2039091181769635e-05
21980,8.98613338073191e-06
21981,9.777263074180927e-06
21982,1.7151520870937987e-05
21983,8.98613338073191e-06
21984,9.875238193826672e-06
21985,1.0896042873277623e-05
21986,9.493588591525832e-06
21987,1.4177657917145632e-05
21988,1.5661536225421987e-05
21989,4.205221487418194e-05
21990,8.801301594525623e-06
21991,1.5284526215627456e-05
21992,1.16452300893274e-05
21993,1.1436901100260788e-05
21994,9.855818921322782e-06
21995,1.886225566020879e-05
21996,1.0296113256437114e-05
21997,1.4653949306611798e-05
21998,1.1398788038460363e-05
21999,9.105964578815469e-06
22000,1.353974428103868e-05
22001,1.305159326232427e-05
22002,1.1029448466982983e-05
22003,1.62792354432099e-05
22004,9.493588591525832e-06
22005,9.243134293251872e-06
22006,9.967603528957248e-06
22007,2.071052021473691e-05
22008,1.0008352767091742e-05
22009,8.674958738307506e-06
22010,7.03903547157095e-06
22011,1.0296113256437114e-05
22012,1.6210849035764338e-05
22013,1.0896042873277623e-05
22014,1.5868322814501246e-05
22015,8.674958738307506e-06
22016,8.674958738307506e-06
22017,1.1398788038460363e-05
22018,1.16452300893274e-05
22019,1.16452300893274e-05
22020,1.16452300893274e-05
22021,9.05804862443082e-06
22022,1.1398788038460363e-05
22023,9.575534257900319e-06
22024,9.725920108296228e-06
22025,9.575534257900319e-06
22026,2.13953382931442e-05
22027,9.882082474788552e-06
22028,9.63908308380622e-06
22029,8.767001534425418e-06
22030,9.875238193826672e-06
22031,1.1594325978611455e-05
22032,9.187772221265003e-06
22033,1.543247545270576e-05
22034,1.4637748528466378e-05
22035,9.49242637511871e-06
22036,1.0190781318694255e-05
22037,1.0579067218970241e-05
22038,1.578600160197945e-05
22039,1.075355678101189e-05
22040,1.00595519188609e-05
22041,1.050537032126487e-05
22042,9.138178963690783e-06
22043,1.280742674021427e-05
22044,1.700740215282307e-05
22045,9.63908308380622e-06
22046,9.948291810840633e-06
22047,2.4297202777485603e-05
22048,1.484692022844812e-05
22049,9.967603528957248e-06
22050,1.425393544482552e-05
22051,9.317540546083008e-06
22052,6.674408288524918e-06
22053,7.376387559957617e-06
22054,9.575534257900319e-06
22055,4.8712817787507075e-06
22056,1.0377534691953246e-05
22057,9.105964578815469e-06
22058,2.07102129377959e-05
22059,9.711597088106313e-06
22060,9.885989024162485e-06
22061,8.552299102409865e-06
22062,1.2529614893840324e-05
22063,9.61567250659419e-06
22064,9.575534257900319e-06
22065,1.6252339172091606e-05
22066,1.313529346607597e-05
22067,1.1904958243208149e-05
22068,1.3913469607568114e-05
22069,1.7605448325509504e-05
22070,1.050537032126487e-05
22071,4.8712817787507075e-06
22072,1.2386260181243683e-05
22073,1.0719318706660731e-05
22074,1.1033402850550749e-05
22075,1.1904958243208149e-05
22076,8.8687787159733e-06
22077,8.57729752388675e-06
22078,1.4472157442928997e-05
22079,9.255426568317661e-06
22080,9.136632654823229e-06
22081,1.0008352767091742e-05
22082,1.3796659633813312e-05
22083,1.0044546564286435e-05
22084,9.573603815458379e-06
22085,9.434520593808654e-06
22086,1.0053411756575844e-05
22087,1.0093258079298354e-05
22088,1.2523040583816098e-05
22089,9.593922196304636e-06
22090,9.967603528957248e-06
22091,9.882082474788552e-06
22092,8.785848222579045e-06
22093,1.0394028520652429e-05
22094,1.3381641488624728e-05
22095,1.0103479922825078e-05
22096,1.5744594607161076e-05
22097,1.4603614799024182e-05
22098,1.4362661394807078e-05
22099,1.028892948360175e-05
22100,9.322330495343925e-06
22101,8.674958738307506e-06
22102,2.0031263813041066e-05
22103,8.81268002018718e-06
22104,1.0365859094959847e-05
22105,1.0296113256437114e-05
22106,2.3266919873999e-05
22107,1.7557904121930953e-05
22108,1.0446302870587945e-05
22109,1.4884575193042788e-05
22110,8.98613338073191e-06
22111,2.602359218732416e-05
22112,8.693169150980948e-06
22113,1.2108199278416566e-05
22114,9.261002864982228e-06
22115,9.158656342036634e-06
22116,9.879854495037761e-06
22117,9.74983946570471e-06
22118,1.589445199276818e-05
22119,1.1730922678968424e-05
22120,1.0896042873277623e-05
22121,9.434906633416035e-06
22122,9.365870353764055e-06
22123,9.667713638989134e-06
22124,1.7028034847402294e-05
22125,8.30724933669107e-06
22126,9.289948335583e-06
22127,1.0637853883326657e-05
22128,1.5977658295267323e-05
22129,1.0673198845483249e-05
22130,8.98613338073191e-06
22131,9.105964578815469e-06
22132,2.241450121724325e-05
22133,9.61567250659419e-06
22134,1.0241717869620738e-05
22135,1.1364417115222792e-05
22136,9.138178963690783e-06
22137,9.22237046987849e-06
22138,8.423577999744469e-06
22139,1.5254975402569197e-05
22140,4.8712817787507075e-06
22141,9.882082474788552e-06
22142,1.2386260181243683e-05
22143,1.7321021483771914e-05
22144,9.979290158014458e-06
22145,1.0673198845483249e-05
22146,3.1183929721101995e-05
22147,1.0093258079298354e-05
22148,1.3091972186581859e-05
22149,1.1048121390319183e-05
22150,1.7214939466322747e-05
22151,9.080530119703727e-06
22152,1.144840881813943e-05
22153,1.2058786164846864e-05
22154,1.00758020558691e-05
22155,1.2274441446841848e-05
22156,1.5613400629745258e-05
22157,1.075355678101189e-05
22158,1.1398788038460363e-05
22159,9.654870802543586e-06
22160,4.8712817787507075e-06
22161,1.0998759080324583e-05
22162,6.674408288524918e-06
22163,1.0641647050221365e-05
22164,1.5893374537318103e-05
22165,9.864537772104035e-06
22166,9.864537772104035e-06
22167,1.0571992351797697e-05
22168,1.3638731294397522e-05
22169,1.1594325978611455e-05
22170,1.2386260181243683e-05
22171,1.7317931522289677e-05
22172,1.353974428103868e-05
22173,1.4810604361422045e-05
22174,9.504497492612455e-06
22175,1.0304389685578956e-05
22176,1.0896042873277623e-05
22177,1.353974428103868e-05
22178,1.0501844755673104e-05
22179,9.428316725526897e-06
22180,1.1432840218904674e-05
22181,1.1035057057789817e-05
22182,1.0520737667044867e-05
22183,1.6630144707014348e-05
22184,8.674958738307506e-06
22185,2.8019444909415255e-05
22186,8.999522573062998e-06
22187,1.0645395354398507e-05
22188,8.98613338073191e-06
22189,6.674408288524918e-06
22190,1.0896042873277623e-05
22191,1.2314002950744122e-05
22192,1.0579067218970241e-05
22193,1.0896042873277623e-05
22194,1.0360425969893026e-05
22195,9.322330495343925e-06
22196,2.669381338338926e-05
22197,9.882082474788552e-06
22198,1.8254366755120063e-05
22199,8.57729752388675e-06
22200,1.0304389685578956e-05
22201,1.2032706307433641e-05
22202,1.0896042873277623e-05
22203,1.1518484203629429e-05
22204,1.240405310203985e-05
22205,1.024622844441018e-05
22206,1.0304389685578956e-05
22207,9.271261400480925e-06
22208,1.0896042873277623e-05
22209,1.6101095622546794e-05
22210,9.38851605547499e-06
22211,1.0411753129650602e-05
22212,1.0896042873277623e-05
22213,2.602359218732416e-05
22214,1.7557904121930953e-05
22215,1.7644401266273985e-05
22216,1.0348370002420954e-05
22217,8.423577999744469e-06
22218,9.879854495037761e-06
22219,9.434520593808654e-06
22220,1.0474522801572617e-05
22221,1.5727122559506967e-05
22222,1.0044546564286435e-05
22223,1.003161474217399e-05
22224,1.0248059245605469e-05
22225,8.49065873097105e-06
22226,6.674408288524918e-06
22227,1.353974428103868e-05
22228,1.0474522801572617e-05
22229,1.0452836128321915e-05
22230,9.215423587209066e-06
22231,1.6733921503809112e-05
22232,9.855818921322782e-06
22233,1.5830082562300634e-05
22234,1.0920974649155722e-05
22235,9.499363410106409e-06
22236,1.437125775467886e-05
22237,8.881599773114271e-06
22238,1.0093258079298354e-05
22239,1.0896042873277623e-05
22240,1.0395100361401984e-05
22241,1.5976051837347593e-05
22242,1.1594325978611455e-05
22243,8.590149903225016e-06
22244,1.4963104435353932e-05
22245,8.767473216099917e-06
22246,1.024622844441018e-05
22247,1.0691282150835419e-05
22248,8.98613338073191e-06
22249,1.2046111334474845e-05
22250,9.667392672126224e-06
22251,1.0896042873277623e-05
22252,1.7557904121930953e-05
22253,1.7944057742060736e-05
22254,1.1029448466982983e-05
22255,1.4734033147558644e-05
22256,9.582707565010591e-06
22257,8.57729752388675e-06
22258,9.325277251774764e-06
22259,9.967603528957248e-06
22260,9.685841526932834e-06
22261,1.1137697420321843e-05
22262,6.848318894276419e-06
22263,5.598218079480293e-06
22264,1.0093258079298354e-05
22265,9.593922196304636e-06
22266,1.7557904121930953e-05
22267,1.4399411796546612e-05
22268,1.909992538202509e-05
22269,8.693169150980948e-06
22270,9.967603528957248e-06
22271,9.690616076324506e-06
22272,9.46984213922782e-06
22273,1.0226947814012442e-05
22274,9.360000703992135e-06
22275,4.6994314387188155e-05
22276,1.4875798373508094e-05
22277,9.436109709909569e-06
22278,1.5486765012714645e-05
22279,1.0320122706611893e-05
22280,1.1355015410120625e-05
22281,1.1029448466982983e-05
22282,1.347377000669436e-05
22283,2.433185704293805e-05
22284,9.05804862443082e-06
22285,1.0691282150835419e-05
22286,1.2058786164846864e-05
22287,9.804799282565535e-06
22288,9.436109709909569e-06
22289,1.3357754457336179e-05
22290,1.672565223092674e-05
22291,9.741334635875322e-06
22292,9.582707565010591e-06
22293,1.2032706307433641e-05
22294,9.434520593808654e-06
22295,1.001992102933591e-05
22296,1.4541563229935766e-05
22297,9.754070560661059e-06
22298,1.0571992351797697e-05
22299,1.0606931434926932e-05
22300,9.190780516689155e-06
22301,9.882082474788552e-06
22302,1.7557904121930953e-05
22303,1.7557904121930953e-05
22304,1.7557904121930953e-05
22305,1.7557904121930953e-05
22306,1.7557904121930953e-05
22307,2.602359218732416e-05
22308,9.316842424275981e-06
22309,2.2659661543181496e-05
22310,1.002322127836139e-05
22311,1.0727799886620179e-05
22312,1.0523880672159554e-05
22313,1.353974428103868e-05
22314,6.2180242557229486e-06
22315,1.0711341726803775e-05
22316,1.2386260181243683e-05
22317,1.0369786528028124e-05
22318,1.0896042873277623e-05
22319,9.22237046987849e-06
22320,1.002322127836139e-05
22321,8.767473216099917e-06
22322,9.855818921322782e-06
22323,1.3437730114272226e-05
22324,1.1052403610642951e-05
22325,9.339471607813863e-06
22326,9.879854495037761e-06
22327,1.0896042873277623e-05
22328,9.690616076324506e-06
22329,9.567382476592197e-06
22330,2.2250515365553722e-05
22331,9.489074365034779e-06
22332,9.74454702862083e-06
22333,9.434520593808654e-06
22334,1.353974428103868e-05
22335,1.0563899047708251e-05
22336,1.0377534691953246e-05
22337,1.0579067218970241e-05
22338,1.0207916664227508e-05
22339,1.0896042873277623e-05
22340,9.21288922684213e-06
22341,1.5172918017456835e-05
22342,8.590149903225016e-06
22343,1.0320122706611893e-05
22344,1.4772661610648825e-05
22345,1.0093258079298354e-05
22346,9.339471607813863e-06
22347,5.648138520699926e-06
22348,9.434520593808654e-06
22349,8.881599773114271e-06
22350,1.1078478163378258e-05
22351,2.218623155826126e-05
22352,5.455088012289348e-06
22353,1.1029448466982983e-05
22354,9.339471607813863e-06
22355,9.255426568317661e-06
22356,1.9146354414155002e-05
22357,8.123339018192422e-06
22358,1.3022978431850824e-05
22359,1.4809467201842904e-05
22360,1.0320122706611893e-05
22361,1.5074774800081046e-05
22362,1.0923473382729238e-05
22363,9.967603528957248e-06
22364,8.519751819647818e-06
22365,1.3316410555722912e-05
22366,9.399491531494186e-06
22367,1.7006287264484918e-05
22368,8.98613338073191e-06
22369,9.316842424275981e-06
22370,8.572371985757068e-05
22371,1.1904958243208149e-05
22372,1.3567369427336155e-05
22373,9.190780516689155e-06
22374,8.500037448077862e-06
22375,1.2204527911802652e-05
22376,1.0332553080377697e-05
22377,1.0579067218970241e-05
22378,1.0438800493865949e-05
22379,9.908087847875337e-06
22380,9.777263074180927e-06
22381,9.21288922684213e-06
22382,1.855620098945586e-05
22383,9.076566886993103e-06
22384,1.2851268277655292e-05
22385,1.3739990091559911e-05
22386,9.552202977205576e-06
22387,1.502887588699675e-05
22388,9.655747257728404e-06
22389,9.893028832896335e-06
22390,9.715239379587256e-06
22391,1.4224854538797174e-05
22392,1.5254975402569197e-05
22393,1.6764351252464903e-05
22394,1.0896042873277623e-05
22395,1.353974428103868e-05
22396,1.3280852861600297e-05
22397,1.2903399410220977e-05
22398,1.2903399410220977e-05
22399,9.149489293946556e-06
22400,1.003161474217399e-05
22401,1.0165217108108049e-05
22402,1.6375697185190444e-05
22403,1.4472157442928997e-05
22404,8.92760565575325e-06
22405,6.984484435447653e-05
22406,4.8712817787507075e-06
22407,9.190780516689155e-06
22408,1.4472157442928997e-05
22409,1.0304389685578956e-05
22410,1.7134389359109718e-05
22411,9.948291810840633e-06
22412,1.3913469607568114e-05
22413,8.969077104345952e-06
22414,1.353974428103868e-05
22415,9.499363410106409e-06
22416,9.66366577643837e-06
22417,1.1072958869998366e-05
22418,9.715239379587256e-06
22419,9.187772221265003e-06
22420,9.146542499755883e-06
22421,6.2180242557229486e-06
22422,8.503783769685729e-06
22423,9.754070560661059e-06
22424,1.353974428103868e-05
22425,2.061128186228956e-05
22426,9.476399044439624e-06
22427,1.024622844441018e-05
22428,3.10775027916823e-05
22429,1.4856374351304084e-05
22430,6.674408288524918e-06
22431,1.7086950487817246e-05
22432,1.157527985366987e-05
22433,2.323138883529001e-05
22434,1.157527985366987e-05
22435,1.157527985366987e-05
22436,9.575534257900319e-06
22437,8.720501904768429e-06
22438,1.528321212493659e-05
22439,9.316842424275981e-06
22440,1.0719318706660731e-05
22441,1.4592497540810247e-05
22442,1.353974428103868e-05
22443,1.0452836128321915e-05
22444,1.1072958869998366e-05
22445,1.144840881813943e-05
22446,1.0608279290858941e-05
22447,1.002322127836139e-05
22448,1.2113469516883801e-05
22449,6.2180242557229486e-06
22450,1.0637314892586927e-05
22451,1.1104152863120281e-05
22452,9.163730894583565e-06
22453,1.313529346607597e-05
22454,1.6703037052040915e-05
22455,1.0693114032578455e-05
22456,1.353974428103868e-05
22457,1.868412795656047e-05
22458,3.076002504638046e-05
22459,1.0394028520652429e-05
22460,1.5254975402569197e-05
22461,9.855818921322782e-06
22462,1.8374790933689325e-05
22463,1.024622844441018e-05
22464,1.0579067218970241e-05
22465,1.0165217108108049e-05
22466,1.0270470779057243e-05
22467,9.921621150637919e-06
22468,1.0395100361401984e-05
22469,9.967603528957248e-06
22470,9.967603528957248e-06
22471,1.9065359005419168e-05
22472,1.0587009329418567e-05
22473,1.0369786528028124e-05
22474,9.530479144825802e-06
22475,1.1052403610642951e-05
22476,9.530479144825802e-06
22477,9.476399044439624e-06
22478,9.700862731621744e-06
22479,6.2180242557229486e-06
22480,1.692315971735553e-05
22481,9.908381712638796e-06
22482,9.715239379587256e-06
22483,9.316842424275981e-06
22484,1.0093258079298354e-05
22485,1.0055811583422948e-05
22486,8.864262995694006e-06
22487,1.0395100361401984e-05
22488,6.674408288524918e-06
22489,9.05804862443082e-06
22490,1.1104152863120281e-05
22491,9.700862731621744e-06
22492,1.2284812629115731e-05
22493,9.190780516689155e-06
22494,9.434520593808654e-06
22495,9.700862731621744e-06
22496,1.0896042873277623e-05
22497,1.1730922678968424e-05
22498,1.353974428103868e-05
22499,1.5343465993165088e-05
22500,9.434906633416035e-06
22501,1.904475528436345e-05
22502,1.7592984398208727e-05
22503,9.793412700163626e-06
22504,1.024622844441018e-05
22505,9.316842424275981e-06
22506,9.317540546083008e-06
22507,9.316842424275981e-06
22508,1.2204527911802652e-05
22509,1.2204527911802652e-05
22510,2.540815560921629e-05
22511,3.658662914993376e-05
22512,3.0282267008796762e-05
22513,1.0579067218970241e-05
22514,1.5111846919864437e-05
22515,9.582707565010591e-06
22516,1.690255266348922e-05
22517,1.0693114032578455e-05
22518,1.007952052925644e-05
22519,9.690616076324506e-06
22520,8.966816258866327e-06
22521,1.1904958243208149e-05
22522,9.654870802543586e-06
22523,1.0598164728847593e-05
22524,1.052641146073085e-05
22525,1.1904958243208149e-05
22526,1.1904958243208149e-05
22527,1.1904958243208149e-05
22528,1.0579067218970241e-05
22529,1.1426455135438735e-05
22530,1.2058786164846864e-05
22531,9.489074365034779e-06
22532,9.728168383333168e-06
22533,9.46984213922782e-06
22534,9.53237362447028e-06
22535,1.2851268277655292e-05
22536,1.0693114032578455e-05
22537,9.575534257900319e-06
22538,1.0729831536478351e-05
22539,1.2019060333386763e-05
22540,1.2058786164846864e-05
22541,9.681320269540957e-06
22542,8.444617015338625e-06
22543,1.3229284667748363e-05
22544,9.979290158014458e-06
22545,1.0673198845483249e-05
22546,1.62792354432099e-05
22547,9.293360632628792e-06
22548,1.1091563688412582e-05
22549,4.8712817787507075e-06
22550,2.690342007854016e-05
22551,4.8712817787507075e-06
22552,9.979290158014458e-06
22553,1.5123450094955004e-05
22554,4.8712817787507075e-06
22555,4.8712817787507075e-06
22556,4.8712817787507075e-06
22557,8.670327398660703e-06
22558,4.8712817787507075e-06
22559,1.129815372216736e-05
22560,4.8712817787507075e-06
22561,4.8712817787507075e-06
22562,1.2097411321172126e-05
22563,4.8712817787507075e-06
22564,9.864537772104035e-06
22565,3.0433157135537e-05
22566,9.655747257728404e-06
22567,1.052641146073085e-05
22568,1.0474522801572617e-05
22569,1.0474522801572617e-05
22570,8.801301594525623e-06
22571,1.5237836898401792e-05
22572,1.388923140625193e-05
22573,1.0360425969893026e-05
22574,1.0804275205124589e-05
22575,9.935008023651504e-06
22576,1.5120289429859302e-05
22577,1.003161474217399e-05
22578,6.2180242557229486e-06
22579,1.00595519188609e-05
22580,9.875238193826672e-06
22581,1.246725840014532e-05
22582,8.832117818009644e-06
22583,8.381043332545282e-06
22584,2.1832950477165513e-05
22585,1.145795212043991e-05
22586,9.967603528957248e-06
22587,1.0520737667044867e-05
22588,2.8581828821757225e-05
22589,1.0501844755673104e-05
22590,9.589580765736588e-06
22591,1.0161542246783875e-05
22592,1.5508912931679768e-05
22593,1.0248059245605469e-05
22594,1.0606931434926932e-05
22595,2.639872005500088e-05
22596,9.948291810840633e-06
22597,1.3850628015679575e-05
22598,9.239550899912532e-06
22599,9.864537772104035e-06
22600,1.2926142968849763e-05
22601,9.882082474788552e-06
22602,1.195602319665265e-05
22603,9.552202977205576e-06
22604,1.5626569880981603e-05
22605,1.3091972186581859e-05
22606,8.552299102409865e-06
22607,1.0226947814012442e-05
22608,2.4707966456123212e-05
22609,1.1905788186692852e-05
22610,1.1905788186692852e-05
22611,1.1905788186692852e-05
22612,9.983880959843871e-06
22613,8.709456420603492e-06
22614,1.202373727588023e-05
22615,1.4957542000054825e-05
22616,1.5297748049840122e-05
22617,1.0360425969893026e-05
22618,8.709456420603492e-06
22619,1.050537032126487e-05
22620,9.855818921322782e-06
22621,1.16452300893274e-05
22622,9.59484738868822e-06
22623,9.007728934627767e-06
22624,8.848748200179625e-06
22625,1.0501844755673104e-05
22626,1.1436901100260788e-05
22627,1.246725840014532e-05
22628,1.5309483567540806e-05
22629,1.5064160905365333e-05
22630,9.855818921322782e-06
22631,9.514281501058351e-06
22632,9.514281501058351e-06
22633,9.779141176581009e-06
22634,9.715239379587256e-06
22635,9.63849168571555e-06
22636,1.0304389685578956e-05
22637,1.0563899047708251e-05
22638,9.66366577643837e-06
22639,1.0304389685578956e-05
22640,1.1033402850550749e-05
22641,1.1398788038460363e-05
22642,1.313529346607597e-05
22643,1.004334818679909e-05
22644,4.8712817787507075e-06
22645,1.0304389685578956e-05
22646,9.489074365034779e-06
22647,1.0296113256437114e-05
22648,1.5910913191839508e-05
22649,9.102414151293753e-06
22650,1.4536318010991189e-05
22651,9.885989024162485e-06
22652,9.920286267500786e-06
22653,1.052641146073085e-05
22654,1.0673198845483249e-05
22655,1.7605448325509504e-05
22656,2.841076605031534e-05
22657,3.167353204043576e-05
22658,1.0241717869620738e-05
22659,7.67957681734087e-06
22660,9.46984213922782e-06
22661,9.967603528957248e-06
22662,8.92760565575325e-06
22663,1.2386260181243683e-05
22664,1.4981671254877306e-05
22665,6.674408288524918e-06
22666,9.493588591525832e-06
22667,9.102414151293753e-06
22668,9.53237362447028e-06
22669,0.00036949667894637886
22670,1.0360425969893026e-05
22671,1.601320990520443e-05
22672,9.681320269540957e-06
22673,9.058025879748137e-06
22674,1.0377534691953246e-05
22675,1.0320122706611893e-05
22676,1.0201731640124468e-05
22677,1.177697881591642e-05
22678,6.2180242557229486e-06
22679,1.0645395354398507e-05
22680,1.052641146073085e-05
22681,1.2780037257016472e-05
22682,1.6179751915344382e-05
22683,1.036236578670301e-05
22684,1.3074226847997412e-05
22685,9.263821395050691e-06
22686,9.71769253600263e-06
22687,8.423577999744469e-06
22688,9.053328994739186e-06
22689,1.3913469607568114e-05
22690,1.050537032126487e-05
22691,1.050537032126487e-05
22692,2.7360703088760002e-05
22693,1.1398788038460363e-05
22694,1.0296113256437114e-05
22695,1.16117097546835e-05
22696,9.882082474788552e-06
22697,1.681319926423812e-05
22698,8.662385608594642e-06
22699,1.0296113256437114e-05
22700,8.282823882051438e-06
22701,9.499363410106409e-06
22702,1.2386260181243683e-05
22703,1.4982996158348792e-05
22704,9.422703642885622e-06
22705,9.882082474788552e-06
22706,1.1320356980366022e-05
22707,1.0062967791087864e-05
22708,1.9755177333994433e-05
22709,1.0135758113313978e-05
22710,9.422703642885622e-06
22711,1.139810098846653e-05
22712,9.63908308380622e-06
22713,9.63908308380622e-06
22714,9.693113467798529e-06
22715,9.582707565010591e-06
22716,9.317540546083008e-06
22717,9.316842424275981e-06
22718,1.0304389685578956e-05
22719,1.353974428103868e-05
22720,8.57729752388675e-06
22721,1.0579067218970241e-05
22722,1.0558042072649292e-05
22723,9.646521210851372e-06
22724,1.0896042873277623e-05
22725,9.700862731621744e-06
22726,1.9671988519066796e-05
22727,9.882082474788552e-06
22728,1.0165217108108049e-05
22729,1.353974428103868e-05
22730,1.0896042873277623e-05
22731,9.715239379587256e-06
22732,9.897250846409457e-06
22733,9.138178963690783e-06
22734,1.0347163086799967e-05
22735,1.0377534691953246e-05
22736,1.1261317758557567e-05
22737,9.63849168571555e-06
22738,1.075355678101189e-05
22739,1.0660709689367653e-05
22740,1.0719318706660731e-05
22741,1.723461741053332e-05
22742,1.002322127836139e-05
22743,1.353974428103868e-05
22744,1.5835029488590043e-05
22745,3.603398783298612e-05
22746,1.0304389685578956e-05
22747,1.2529614893840324e-05
22748,9.422703642885622e-06
22749,1.1909870126827609e-05
22750,1.0093258079298354e-05
22751,9.561041139947305e-06
22752,6.333986590406518e-06
22753,9.63849168571555e-06
22754,9.365870353764055e-06
22755,8.38647689683554e-06
22756,9.394769817727571e-06
22757,1.0264489145142471e-05
22758,1.1296045664592115e-05
22759,9.66366577643837e-06
22760,1.177697881591642e-05
22761,9.102414151293753e-06
22762,1.6750975740122154e-05
22763,9.92867238526007e-06
22764,1.4875798373508094e-05
22765,1.0044546564286435e-05
22766,8.647477836723018e-06
22767,9.422703642885622e-06
22768,1.0689881014854909e-05
22769,1.002322127836139e-05
22770,2.753936148807653e-05
22771,1.0044546564286435e-05
22772,1.003161474217399e-05
22773,8.98613338073191e-06
22774,9.138178963690783e-06
22775,9.63849168571555e-06
22776,1.62792354432099e-05
22777,9.879854495037761e-06
22778,9.699998832179042e-06
22779,9.489074365034779e-06
22780,1.0008352767091742e-05
22781,1.1004350244038656e-05
22782,3.3818712917134093e-05
22783,1.4472157442928997e-05
22784,5.725162351868401e-06
22785,1.16452300893274e-05
22786,9.681320269540957e-06
22787,9.105964578815469e-06
22788,1.5331842425459827e-05
22789,1.0323798207862645e-05
22790,1.0474522801572617e-05
22791,1.0501844755673104e-05
22792,1.0673198845483249e-05
22793,9.692531080188252e-06
22794,1.462102316180579e-05
22795,1.1072958869998366e-05
22796,1.3652866290180812e-05
22797,3.599905606234147e-05
22798,1.353974428103868e-05
22799,9.908087847875337e-06
22800,8.848748200179625e-06
22801,1.4901445636237312e-05
22802,1.024622844441018e-05
22803,1.396118865071595e-05
22804,9.893028832896335e-06
22805,1.0241717869620738e-05
22806,8.881599773114271e-06
22807,8.966816258866327e-06
22808,1.0327374865332602e-05
22809,1.0327374865332602e-05
22810,1.0093258079298354e-05
22811,1.668562941610799e-05
22812,1.3535735355504904e-05
22813,1.3091972186581859e-05
22814,9.289948335583e-06
22815,1.62536091225665e-05
22816,1.796376066267179e-05
22817,8.881599773114271e-06
22818,1.1028616036275543e-05
22819,1.0770814934632905e-05
22820,1.62927677657527e-05
22821,8.423577999744469e-06
22822,9.613090796572468e-06
22823,4.782753419467301e-05
22824,9.317540546083008e-06
22825,8.999522573062998e-06
22826,1.353974428103868e-05
22827,1.1261317758557567e-05
22828,1.0327811939182512e-05
22829,1.1971344261213511e-05
22830,8.848748200179625e-06
22831,9.63908308380622e-06
22832,2.3034876574238278e-05
22833,2.035913174486938e-05
22834,9.63849168571555e-06
22835,9.623776343241303e-06
22836,9.623776343241303e-06
22837,1.4472157442928997e-05
22838,9.793412700163626e-06
22839,1.1033402850550749e-05
22840,1.396535951379383e-05
22841,9.655747257728404e-06
22842,1.4472157442928997e-05
22843,1.0360425969893026e-05
22844,1.3022978431850824e-05
22845,8.966816258866327e-06
22846,9.728168383333168e-06
22847,1.0719318706660731e-05
22848,8.98613338073191e-06
22849,9.655747257728404e-06
22850,1.45716235807891e-05
22851,9.239550899912532e-06
22852,1.1317600624029021e-05
22853,1.0605862121923956e-05
22854,1.1730922678968424e-05
22855,1.1730922678968424e-05
22856,1.2058786164846864e-05
22857,9.873227284104391e-06
22858,1.3771968045980782e-05
22859,1.4077325134818565e-05
22860,1.0264489145142471e-05
22861,1.2447262700099505e-05
22862,9.681320269540957e-06
22863,8.927377406965493e-06
22864,1.353974428103868e-05
22865,1.0165217108108049e-05
22866,1.0691282150835419e-05
22867,2.05789145606476e-05
22868,9.243134293251872e-06
22869,1.1022989657855392e-05
22870,9.623776343241303e-06
22871,1.313529346607597e-05
22872,1.0055811583422948e-05
22873,6.674408288524918e-06
22874,9.434520593808654e-06
22875,1.0044546564286435e-05
22876,1.024622844441018e-05
22877,1.396535951379383e-05
22878,9.589580765736588e-06
22879,1.0719318706660731e-05
22880,1.998663643109139e-05
22881,1.0044546564286435e-05
22882,7.67957681734087e-06
22883,9.921621150637919e-06
22884,9.339471607813863e-06
22885,1.1072958869998366e-05
22886,1.5517014159484126e-05
22887,3.0282267008796762e-05
22888,8.813491425659442e-06
22889,9.935008023651504e-06
22890,1.0296113256437114e-05
22891,1.5734478749650416e-05
22892,1.0248059245605469e-05
22893,1.0641409131589505e-05
22894,1.0327374865332602e-05
22895,1.0044546564286435e-05
22896,1.353974428103868e-05
22897,1.0044546564286435e-05
22898,1.052641146073085e-05
22899,1.7161644045286612e-05
22900,1.1364417115222792e-05
22901,9.908087847875337e-06
22902,1.0719318706660731e-05
22903,1.8852617112479073e-05
22904,9.690616076324506e-06
22905,1.003161474217399e-05
22906,6.674408288524918e-06
22907,9.105964578815469e-06
22908,9.552202977205576e-06
22909,1.0645395354398507e-05
22910,1.0266845488968174e-05
22911,2.893538617078896e-05
22912,9.885989024162485e-06
22913,1.0896042873277623e-05
22914,8.423577999744469e-06
22915,9.093273707967679e-06
22916,1.0896042873277623e-05
22917,1.0896042873277623e-05
22918,1.1261317758557567e-05
22919,1.2386260181243683e-05
22920,9.317540546083008e-06
22921,1.1364417115222792e-05
22922,1.2203954207176694e-05
22923,9.777263074180927e-06
22924,9.136632654823229e-06
22925,1.0044546564286435e-05
22926,1.2795788404948052e-05
22927,9.754070560661059e-06
22928,9.434906633416035e-06
22929,2.4330143028549957e-05
22930,1.3022978431850824e-05
22931,1.0377534691953246e-05
22932,1.0264489145142471e-05
22933,1.0347163086799967e-05
22934,9.316842424275981e-06
22935,1.075355678101189e-05
22936,9.597929014891506e-06
22937,1.246725840014532e-05
22938,9.684771821929977e-06
22939,6.425448407732871e-06
22940,1.4815674000925383e-05
22941,1.0044546564286435e-05
22942,1.500187070637324e-05
22943,1.0044546564286435e-05
22944,1.0688941906292139e-05
22945,1.0044546564286435e-05
22946,9.879854495037761e-06
22947,1.015245543295525e-05
22948,1.2386260181243683e-05
22949,1.002322127836139e-05
22950,9.901718571693991e-06
22951,8.791482199158835e-06
22952,1.1029448466982983e-05
22953,1.353974428103868e-05
22954,9.365870353764055e-06
22955,9.602138300744518e-06
22956,1.5115876669139728e-05
22957,1.1029448466982983e-05
22958,1.1029448466982983e-05
22959,9.66366577643837e-06
22960,1.1212693996919311e-05
22961,1.2039091181769635e-05
22962,1.5905273445863017e-05
22963,9.190780516689155e-06
22964,1.0896042873277623e-05
22965,1.9718039683831603e-05
22966,9.715239379587256e-06
22967,1.0304389685578956e-05
22968,9.46984213922782e-06
22969,1.0452836128321915e-05
22970,9.187772221265003e-06
22971,9.804799282565535e-06
22972,1.0729831536478351e-05
22973,1.0044546564286435e-05
22974,9.855818921322782e-06
22975,1.1048121390319183e-05
22976,1.16452300893274e-05
22977,1.996517569614876e-05
22978,9.63908308380622e-06
22979,1.5243952334335678e-05
22980,6.674408288524918e-06
22981,1.500187070637324e-05
22982,1.0896042873277623e-05
22983,1.0896042873277623e-05
22984,1.0896042873277623e-05
22985,1.0896042873277623e-05
22986,1.0896042873277623e-05
22987,1.0896042873277623e-05
22988,1.0727799886620179e-05
22989,1.0360425969893026e-05
22990,1.050537032126487e-05
22991,2.0204045410809954e-05
22992,1.2386260181243683e-05
22993,1.002322127836139e-05
22994,1.0896042873277623e-05
22995,1.0896042873277623e-05
22996,1.0896042873277623e-05
22997,1.0896042873277623e-05
22998,1.0896042873277623e-05
22999,9.255411106325404e-06
23000,1.0896042873277623e-05
23001,1.6723820067861863e-05
23002,9.187772221265003e-06
23003,9.22237046987849e-06
23004,9.187772221265003e-06
23005,9.811995885297593e-06
23006,1.003161474217399e-05
23007,1.0558042072649292e-05
23008,1.4521622948230515e-05
23009,9.567382476592197e-06
23010,1.0896042873277623e-05
23011,1.280742674021427e-05
23012,1.2386260181243683e-05
23013,9.317540546083008e-06
23014,1.0015800834386606e-05
23015,8.791482199158835e-06
23016,2.1531163872096978e-05
23017,2.0654512168795214e-05
23018,1.4637748528466378e-05
23019,2.220904583230835e-05
23020,9.948291810840633e-06
23021,1.050537032126487e-05
23022,9.289948335583e-06
23023,1.4245585581993004e-05
23024,1.1035057057789817e-05
23025,1.002322127836139e-05
23026,9.98898602574496e-06
23027,1.0804275205124589e-05
23028,1.0360425969893026e-05
23029,9.463714720507445e-06
23030,1.0446302870587945e-05
23031,8.316408602707099e-06
23032,0.0009577349086922571
23033,1.0474522801572617e-05
23034,1.2039091181769635e-05
23035,9.86788215339441e-06
23036,1.6843784890954146e-05
23037,2.1541800657214796e-05
23038,1.0044546564286435e-05
23039,9.243134293251872e-06
23040,1.0896042873277623e-05
23041,9.007728934627767e-06
23042,1.0190781318694255e-05
23043,9.05804862443082e-06
23044,9.697915604753337e-06
23045,1.003161474217399e-05
23046,1.0166102663128765e-05
23047,1.6288617264110624e-05
23048,1.0673198845483249e-05
23049,9.63323953433049e-06
23050,9.754070560661059e-06
23051,1.579167137606448e-05
23052,9.489074365034779e-06
23053,9.271261400480925e-06
23054,1.3696418218269588e-05
23055,9.187772221265003e-06
23056,9.874301171338706e-06
23057,9.809582392541579e-06
23058,1.0044546564286435e-05
23059,1.2058786164846864e-05
23060,1.1212693996919311e-05
23061,1.0896042873277623e-05
23062,1.1029448466982983e-05
23063,8.444617015338625e-06
23064,1.6299448726014046e-05
23065,8.98613338073191e-06
23066,1.024622844441018e-05
23067,1.0044546564286435e-05
23068,9.317540546083008e-06
23069,1.0053411756575844e-05
23070,1.0165217108108049e-05
23071,1.0922242769089084e-05
23072,1.0641409131589505e-05
23073,9.879854495037761e-06
23074,1.4484370540377585e-05
23075,9.723156484921671e-06
23076,1.0693114032578455e-05
23077,1.8729613252681163e-05
23078,1.0190781318694255e-05
23079,1.5336382029129526e-05
23080,9.681320269540957e-06
23081,1.518984404330488e-05
23082,1.7151520870937987e-05
23083,9.83086475285655e-06
23084,1.0203235324803235e-05
23085,2.5090539747664537e-05
23086,9.497136086334239e-06
23087,1.16117097546835e-05
23088,9.613090796572468e-06
23089,1.0226947814012442e-05
23090,6.674408288524918e-06
23091,1.0360425969893026e-05
23092,6.849113644167605e-05
23093,1.1052403610642951e-05
23094,1.050537032126487e-05
23095,4.780526860983703e-05
23096,1.1052403610642951e-05
23097,9.087188963134636e-06
23098,1.2184503234008396e-05
23099,1.353974428103868e-05
23100,6.461718628055022e-05
23101,9.149489293946556e-06
23102,1.0558042072649292e-05
23103,7.935958174012888e-06
23104,1.579912264780038e-05
23105,9.174762821699772e-06
23106,9.436109709909569e-06
23107,1.002322127836139e-05
23108,1.0395100361401984e-05
23109,1.5182139304647154e-05
23110,8.848748200179625e-06
23111,1.0203235324803235e-05
23112,1.6375697185190444e-05
23113,1.0165217108108049e-05
23114,9.582707565010591e-06
23115,1.9512755623930006e-05
23116,1.542579759691195e-05
23117,9.149489293946556e-06
23118,9.076566886993103e-06
23119,1.0304389685578956e-05
23120,1.009278174243314e-05
23121,1.7321021483771914e-05
23122,8.693169150980948e-06
23123,1.0558042072649292e-05
23124,9.243134293251872e-06
23125,9.187772221265003e-06
23126,1.1033402850550749e-05
23127,1.1453354286263499e-05
23128,9.552202977205576e-06
23129,1.9755177333994433e-05
23130,1.313529346607597e-05
23131,1.0304389685578956e-05
23132,9.493566059282185e-06
23133,1.1904958243208149e-05
23134,1.1364417115222792e-05
23135,9.715239379587256e-06
23136,1.2058786164846864e-05
23137,1.1728661315964814e-05
23138,1.0896042873277623e-05
23139,1.2058786164846864e-05
23140,1.682656562070519e-05
23141,1.5009313850155135e-05
23142,1.0201731640124468e-05
23143,9.552202977205576e-06
23144,9.46984213922782e-06
23145,1.1446736855642405e-05
23146,9.66366577643837e-06
23147,9.71769253600263e-06
23148,1.0986418995693328e-05
23149,1.0395100361401984e-05
23150,1.0226947814012442e-05
23151,1.0044546564286435e-05
23152,1.0044546564286435e-05
23153,1.0044546564286435e-05
23154,1.897257197160165e-05
23155,1.4536318010991189e-05
23156,1.5111846919864437e-05
23157,1.1033402850550749e-05
23158,9.620803812354212e-06
23159,1.0241717869620738e-05
23160,1.353974428103868e-05
23161,9.394769817727571e-06
23162,1.050537032126487e-05
23163,9.317540546083008e-06
23164,9.908381712638796e-06
23165,8.813491425659442e-06
23166,1.0474522801572617e-05
23167,1.993876900970512e-05
23168,9.076566886993103e-06
23169,1.6090750206091212e-05
23170,9.855818921322782e-06
23171,1.0896042873277623e-05
23172,1.0558042072649292e-05
23173,1.1212693996919311e-05
23174,1.4536318010991189e-05
23175,9.575534257900319e-06
23176,1.1029448466982983e-05
23177,1.3291496747536136e-05
23178,8.876674958475657e-06
23179,1.4875798373508094e-05
23180,1.0719318706660731e-05
23181,1.1971344261213511e-05
23182,9.59484738868822e-06
23183,9.882082474788552e-06
23184,9.623776343241303e-06
23185,9.754070560661059e-06
23186,1.5172918017456835e-05
23187,9.365870353764055e-06
23188,1.1730922678968424e-05
23189,9.138178963690783e-06
23190,9.530479144825802e-06
23191,9.255411106325404e-06
23192,1.1033402850550749e-05
23193,1.0304389685578956e-05
23194,1.0103479922825078e-05
23195,1.0896042873277623e-05
23196,9.317540546083008e-06
23197,1.206237794957882e-05
23198,1.061481761300295e-05
23199,1.0452836128321915e-05
23200,1.374552916434338e-05
23201,9.597929014891506e-06
23202,1.0719318706660731e-05
23203,9.741334635875322e-06
23204,1.6072522365246058e-05
23205,1.0581429682234979e-05
23206,1.0896042873277623e-05
23207,9.855818921322782e-06
23208,9.552202977205576e-06
23209,1.0719318706660731e-05
23210,1.2523040583816098e-05
23211,9.434906633416035e-06
23212,9.289948335583e-06
23213,1.0044546564286435e-05
23214,8.801301594525623e-06
23215,3.622606761248305e-05
23216,9.754070560661059e-06
23217,9.655747257728404e-06
23218,7.570912974793052e-06
23219,8.832117818009644e-06
23220,1.0641409131589505e-05
23221,9.681320269540957e-06
23222,9.261002864982228e-06
23223,9.317540546083008e-06
23224,9.855818921322782e-06
23225,9.71769253600263e-06
23226,1.4440454751499499e-05
23227,9.05804862443082e-06
23228,1.2523040583816098e-05
23229,1.1398788038460363e-05
23230,9.102414151293753e-06
23231,8.251292371225482e-06
23232,1.1398788038460363e-05
23233,9.316842424275981e-06
23234,1.812937137903493e-05
23235,9.809582392541579e-06
23236,1.5525822343757317e-05
23237,9.493566059282185e-06
23238,1.2190838042190077e-05
23239,9.83086475285655e-06
23240,2.31279914239485e-05
23241,1.1296045664592115e-05
23242,1.8336358734667916e-05
23243,1.4472157442928997e-05
23244,1.0267670007139493e-05
23245,1.579167137606448e-05
23246,1.3376497229671623e-05
23247,7.4137074395127525e-06
23248,1.1730922678968424e-05
23249,1.811736068931856e-05
23250,1.35979808343122e-05
23251,9.897250846409457e-06
23252,1.5784455293111894e-05
23253,1.0673198845483249e-05
23254,1.0673198845483249e-05
23255,1.4565246721852553e-05
23256,1.1569544951282742e-05
23257,1.1364417115222792e-05
23258,1.353974428103868e-05
23259,1.0474522801572617e-05
23260,1.5734478749650416e-05
23261,1.2039091181769635e-05
23262,1.00595519188609e-05
23263,9.715239379587256e-06
23264,1.591644605940924e-05
23265,1.240405310203985e-05
23266,8.832117818009644e-06
23267,9.967603528957248e-06
23268,1.0008352767091742e-05
23269,1.0729831536478351e-05
23270,1.0044546564286435e-05
23271,9.897250846409457e-06
23272,2.6285410828980654e-05
23273,8.832117818009644e-06
23274,9.879854495037761e-06
23275,1.003161474217399e-05
23276,1.1072958869998366e-05
23277,1.5079690324111733e-05
23278,1.3803606516482735e-05
23279,8.674958738307506e-06
23280,2.777515894367528e-05
23281,1.4619373225308193e-05
23282,8.674958738307506e-06
23283,1.0304389685578956e-05
23284,1.5927313640160662e-05
23285,1.1261317758557567e-05
23286,1.6072172248585764e-05
23287,1.0719318706660731e-05
23288,7.67957681734087e-06
23289,1.0241717869620738e-05
23290,8.674958738307506e-06
23291,1.7117318711950564e-05
23292,8.674958738307506e-06
23293,1.723461741053332e-05
23294,9.850440573120747e-06
23295,8.97547957802772e-06
23296,8.674958738307506e-06
23297,8.519751819647818e-06
23298,9.809582392541579e-06
23299,8.801301594525623e-06
23300,1.0846275897866931e-05
23301,1.195602319665265e-05
23302,1.4248567239914636e-05
23303,1.0304389685578956e-05
23304,1.7151520870937987e-05
23305,1.0161542246783875e-05
23306,1.8903821574816603e-05
23307,8.662385608594642e-06
23308,9.105964578815469e-06
23309,9.967603528957248e-06
23310,1.6147186048395073e-05
23311,9.499363410106409e-06
23312,1.2152454439821123e-05
23313,1.0606931434926932e-05
23314,1.4709223408001853e-05
23315,9.187772221265003e-06
23316,6.442016652097847e-05
23317,9.723156484921671e-06
23318,1.5784455293111894e-05
23319,2.7827518457476013e-05
23320,9.623776343241303e-06
23321,1.2386260181243683e-05
23322,8.801301594525623e-06
23323,9.463714720507445e-06
23324,1.177697881591642e-05
23325,1.2058786164846864e-05
23326,1.0327374865332602e-05
23327,9.967603528957248e-06
23328,1.2039091181769635e-05
23329,1.478387624194287e-05
23330,1.0581429682234979e-05
23331,1.0896042873277623e-05
23332,1.0896042873277623e-05
23333,1.0896042873277623e-05
23334,1.0896042873277623e-05
23335,1.0896042873277623e-05
23336,1.0896042873277623e-05
23337,1.0678217015801007e-05
23338,8.92760565575325e-06
23339,1.1029448466982983e-05
23340,1.0008352767091742e-05
23341,8.98613338073191e-06
23342,1.0103479922825078e-05
23343,1.1029448466982983e-05
23344,1.00595519188609e-05
23345,8.98613338073191e-06
23346,1.353974428103868e-05
23347,1.3826110024741152e-05
23348,1.1398788038460363e-05
23349,8.832117818009644e-06
23350,9.59484738868822e-06
23351,1.0896042873277623e-05
23352,8.316408602707099e-06
23353,5.4301424678387855e-05
23354,1.075355678101189e-05
23355,2.448950831184955e-05
23356,8.251292371225482e-06
23357,1.7691157214332644e-05
23358,1.0044546564286435e-05
23359,1.1905788186692852e-05
23360,1.0637314892586927e-05
23361,9.879854495037761e-06
23362,6.674408288524918e-06
23363,9.59484738868822e-06
23364,8.813491425659442e-06
23365,6.674408288524918e-06
23366,1.14672736681883e-05
23367,0.00013944158748664751
23368,1.1029448466982983e-05
23369,1.0093258079298354e-05
23370,1.1518484203629429e-05
23371,1.0632560201404219e-05
23372,1.246725840014532e-05
23373,9.885989024162485e-06
23374,1.0610711704845131e-05
23375,9.920286267500786e-06
23376,2.2969806235966755e-05
23377,1.280742674021427e-05
23378,1.00595519188609e-05
23379,1.1029448466982983e-05
23380,1.4536318010991189e-05
23381,1.1048121390319183e-05
23382,9.187772221265003e-06
23383,1.9324672826415987e-05
23384,1.5969935641629626e-05
23385,1.3124703986751003e-05
23386,9.920286267500786e-06
23387,1.003161474217399e-05
23388,9.493566059282185e-06
23389,1.4571935453946875e-05
23390,1.5254975402569197e-05
23391,1.0226947814012442e-05
23392,1.2152454439821123e-05
23393,9.105964578815469e-06
23394,1.0896042873277623e-05
23395,1.0360425969893026e-05
23396,1.1029448466982983e-05
23397,9.217894788126734e-06
23398,9.510111211076036e-06
23399,1.177697881591642e-05
23400,1.0120416270001321e-05
23401,6.674408288524918e-06
23402,8.709456420603492e-06
23403,1.0248059245605469e-05
23404,1.5805030369046533e-05
23405,1.7211400081525484e-05
23406,9.893028832896335e-06
23407,8.98613338073191e-06
23408,9.080530119703727e-06
23409,1.5422586829125246e-05
23410,1.0563899047708251e-05
23411,9.577104748675804e-06
23412,9.190780516689155e-06
23413,1.0044546564286435e-05
23414,1.1364417115222792e-05
23415,9.463714720507445e-06
23416,1.0693114032578455e-05
23417,1.1398788038460363e-05
23418,1.7932118761003988e-05
23419,2.6396147983012487e-05
23420,1.0320122706611893e-05
23421,1.0241717869620738e-05
23422,9.777263074180927e-06
23423,1.0044546564286435e-05
23424,8.785848222579045e-06
23425,1.3771968045980782e-05
23426,1.177697881591642e-05
23427,1.0044546564286435e-05
23428,1.0166102663128765e-05
23429,1.0360425969893026e-05
23430,1.0044546564286435e-05
23431,1.0044546564286435e-05
23432,5.231086030395662e-05
23433,9.239550899912532e-06
23434,9.024897217262012e-06
23435,9.61567250659419e-06
23436,1.0044546564286435e-05
23437,1.1594325978611455e-05
23438,1.0044546564286435e-05
23439,1.0044546564286435e-05
23440,6.848318894276419e-06
23441,9.239550899912532e-06
23442,9.239550899912532e-06
23443,9.239550899912532e-06
23444,1.0044546564286435e-05
23445,9.239550899912532e-06
23446,9.239550899912532e-06
23447,1.313529346607597e-05
23448,9.239550899912532e-06
23449,9.667392672126224e-06
23450,1.0678217015801007e-05
23451,1.0044546564286435e-05
23452,1.0044546564286435e-05
23453,9.22237046987849e-06
23454,1.0044546564286435e-05
23455,9.489074365034779e-06
23456,1.0044546564286435e-05
23457,9.728168383333168e-06
23458,1.0044546564286435e-05
23459,1.0044546564286435e-05
23460,1.0360425969893026e-05
23461,1.0044546564286435e-05
23462,1.6706857157807635e-05
23463,9.289948335583e-06
23464,9.697915604753337e-06
23465,1.0348370002420954e-05
23466,1.0044546564286435e-05
23467,1.4833806751176909e-05
23468,1.061481761300295e-05
23469,9.74983946570471e-06
23470,1.0044546564286435e-05
23471,1.0044546564286435e-05
23472,8.360337548879288e-06
23473,9.593922196304636e-06
23474,9.190780516689155e-06
23475,1.5784455293111894e-05
23476,9.897250846409457e-06
23477,9.239550899912532e-06
23478,8.423577999744469e-06
23479,9.10260502471896e-06
23480,1.4660105087330726e-05
23481,1.4999874995752963e-05
23482,1.2058786164846864e-05
23483,1.0896042873277623e-05
23484,9.007728934627767e-06
23485,1.0691282150835419e-05
23486,1.5254975402569197e-05
23487,1.396535951379383e-05
23488,9.510111211076036e-06
23489,1.0241717869620738e-05
23490,9.593922196304636e-06
23491,9.593922196304636e-06
23492,1.0896042873277623e-05
23493,2.0158514312815256e-05
23494,1.1398788038460363e-05
23495,1.2152454439821123e-05
23496,1.2152454439821123e-05
23497,8.75678691026644e-06
23498,1.0452836128321915e-05
23499,9.715239379587256e-06
23500,9.190780516689155e-06
23501,9.190780516689155e-06
23502,9.71769253600263e-06
23503,1.0501844755673104e-05
23504,9.754070560661059e-06
23505,7.935958174012888e-06
23506,1.1904958243208149e-05
23507,9.244975147240444e-06
23508,1.003161474217399e-05
23509,1.4392022962167866e-05
23510,1.5111934300433655e-05
23511,1.423605428185322e-05
23512,1.353974428103868e-05
23513,3.7811016664900696e-05
23514,1.1131852832364164e-05
23515,5.648138520699926e-06
23516,9.901718571693991e-06
23517,9.575534257900319e-06
23518,2.2825994176987245e-05
23519,1.0044546564286435e-05
23520,9.149489293946556e-06
23521,9.623776343241303e-06
23522,1.2002464372649052e-05
23523,2.4707966456123212e-05
23524,1.1261317758557567e-05
23525,1.1072958869998366e-05
23526,8.966816258866327e-06
23527,1.1905788186692852e-05
23528,1.0896042873277623e-05
23529,1.0896042873277623e-05
23530,1.0896042873277623e-05
23531,1.0896042873277623e-05
23532,1.0896042873277623e-05
23533,9.754070560661059e-06
23534,1.0896042873277623e-05
23535,1.2039091181769635e-05
23536,9.897250846409457e-06
23537,1.1118294444784053e-05
23538,9.63908308380622e-06
23539,1.1029448466982983e-05
23540,1.6147186048395073e-05
23541,1.003161474217399e-05
23542,1.050537032126487e-05
23543,9.573603815458379e-06
23544,1.353974428103868e-05
23545,9.63908308380622e-06
23546,1.815037824342518e-05
23547,1.353974428103868e-05
23548,1.0598164728847593e-05
23549,3.550232663576963e-05
23550,8.251292371225482e-06
23551,6.674408288524918e-06
23552,1.0044546564286435e-05
23553,1.3074226847997412e-05
23554,8.503783769685729e-06
23555,1.516027782938291e-05
23556,2.030640168650663e-05
23557,1.0579067218970241e-05
23558,1.3104601091771963e-05
23559,1.144840881813943e-05
23560,1.4875798373508094e-05
23561,9.718210177599535e-06
23562,8.11032020656043e-06
23563,1.0598164728847593e-05
23564,8.123339018192422e-06
23565,9.149489293946556e-06
23566,8.801301594525623e-06
23567,1.0120416270001321e-05
23568,1.009278174243314e-05
23569,1.1048121390319183e-05
23570,1.6626298622770747e-05
23571,1.3091972186581859e-05
23572,9.024897217262012e-06
23573,9.700862731621744e-06
23574,9.136632654823229e-06
23575,1.388923140625193e-05
23576,1.0347163086799967e-05
23577,1.0605862121923956e-05
23578,1.0550014729632802e-05
23579,1.5802095178687474e-05
23580,1.1453354286263499e-05
23581,9.575534257900319e-06
23582,8.608553576821105e-06
23583,1.1398788038460363e-05
23584,1.1029448466982983e-05
23585,1.240405310203985e-05
23586,1.4835619038464057e-05
23587,8.966816258866327e-06
23588,9.720723507752985e-06
23589,9.149489293946556e-06
23590,8.791482199158835e-06
23591,9.885989024162485e-06
23592,1.1052403610642951e-05
23593,1.3169516466507838e-05
23594,9.804799282565535e-06
23595,9.901718571693991e-06
23596,1.0579067218970241e-05
23597,1.015245543295525e-05
23598,9.715239379587256e-06
23599,1.1033402850550749e-05
23600,1.1364417115222792e-05
23601,1.144840881813943e-05
23602,9.316842424275981e-06
23603,1.3436683153497976e-05
23604,9.63849168571555e-06
23605,1.2058786164846864e-05
23606,1.009278174243314e-05
23607,1.2152454439821123e-05
23608,1.2152454439821123e-05
23609,1.1398788038460363e-05
23610,1.0304389685578956e-05
23611,1.3074226847997412e-05
23612,1.3074226847997412e-05
23613,9.920286267500786e-06
23614,1.0632560201404219e-05
23615,8.693169150980948e-06
23616,1.6384279254145257e-05
23617,1.5092288568345662e-05
23618,8.848748200179625e-06
23619,9.809582392541579e-06
23620,9.289948335583e-06
23621,9.967603528957248e-06
23622,1.0158089556658252e-05
23623,9.667713638989134e-06
23624,1.0165217108108049e-05
23625,1.0369786528028124e-05
23626,2.2490430553068594e-05
23627,9.093273707967679e-06
23628,1.2386260181243683e-05
23629,1.3900389310176486e-05
23630,1.4689732959475856e-05
23631,9.007728934627767e-06
23632,1.0837800586025711e-05
23633,1.3590823974705212e-05
23634,1.6144642174440424e-05
23635,1.0837800586025711e-05
23636,1.0998759080324583e-05
23637,1.1510848380920765e-05
23638,9.620803812354212e-06
23639,3.134565082599038e-05
23640,8.966816258866327e-06
23641,9.582707565010591e-06
23642,9.399877875532114e-06
23643,1.0205828429084309e-05
23644,9.289948335583e-06
23645,1.028892948360175e-05
23646,1.353974428103868e-05
23647,9.007728934627767e-06
23648,9.967603528957248e-06
23649,1.9317332148985784e-05
23650,9.935008023651504e-06
23651,9.514281501058351e-06
23652,1.0044546564286435e-05
23653,1.3826110024741152e-05
23654,6.674408288524918e-06
23655,9.46984213922782e-06
23656,8.674958738307506e-06
23657,9.575534257900319e-06
23658,9.866856785287496e-06
23659,9.317540546083008e-06
23660,9.339471607813863e-06
23661,9.866856785287496e-06
23662,2.383517105020417e-05
23663,1.3093683135451363e-05
23664,9.493588591525832e-06
23665,1.4899739447962975e-05
23666,8.874399124719438e-06
23667,9.243134293251872e-06
23668,1.6533400821299456e-05
23669,1.396535951379383e-05
23670,9.692531080188252e-06
23671,1.0729831536478351e-05
23672,9.692531080188252e-06
23673,9.692531080188252e-06
23674,2.924405832792567e-05
23675,9.692531080188252e-06
23676,1.456237743624383e-05
23677,1.8847870311305626e-05
23678,9.692531080188252e-06
23679,8.23675255475412e-06
23680,1.2523040583816098e-05
23681,1.8009823806484777e-05
23682,1.0896042873277623e-05
23683,1.0896042873277623e-05
23684,1.587813657313228e-05
23685,9.63462487911372e-06
23686,9.655747257728404e-06
23687,9.270778132472718e-06
23688,1.0325521945413936e-05
23689,9.655747257728404e-06
23690,1.4299203816382232e-05
23691,1.0896042873277623e-05
23692,1.0896042873277623e-05
23693,1.0896042873277623e-05
23694,9.46984213922782e-06
23695,1.195602319665265e-05
23696,1.5254975402569197e-05
23697,1.0213357406846318e-05
23698,9.105964578815469e-06
23699,4.619201696437509e-05
23700,1.0296113256437114e-05
23701,8.97547957802772e-06
23702,1.0606931434926932e-05
23703,9.174762821699772e-06
23704,1.0688941906292139e-05
23705,7.159558471406331e-06
23706,1.6345055413497714e-05
23707,1.2386260181243683e-05
23708,1.4907182781179476e-05
23709,1.0837800586025711e-05
23710,1.0737177510544515e-05
23711,9.715239379587256e-06
23712,2.5290465801549974e-05
23713,1.0673198845483249e-05
23714,1.638505584574765e-05
23715,1.524734341614276e-05
23716,1.689426605384907e-05
23717,1.0395100361401984e-05
23718,8.503783769685729e-06
23719,1.0606931434926932e-05
23720,9.640893560947324e-06
23721,1.6006163155258183e-05
23722,9.935800575252976e-06
23723,1.061481761300295e-05
23724,1.0012821076224137e-05
23725,6.674408288524918e-06
23726,8.709456420603492e-06
23727,1.435515570375929e-05
23728,9.007728934627767e-06
23729,1.1033402850550749e-05
23730,1.6222865399732606e-05
23731,9.74454702862083e-06
23732,1.3074226847997412e-05
23733,1.002322127836139e-05
23734,2.5438032514170876e-05
23735,8.709456420603492e-06
23736,1.0008352767091742e-05
23737,6.674408288524918e-06
23738,1.634868536991041e-05
23739,9.322330495343925e-06
23740,9.620803812354212e-06
23741,9.239550899912532e-06
23742,1.0190781318694255e-05
23743,9.907319927176553e-06
23744,9.255411106325404e-06
23745,8.662385608594642e-06
23746,1.1875869116015971e-05
23747,9.700862731621744e-06
23748,9.105964578815469e-06
23749,9.754070560661059e-06
23750,1.1033402850550749e-05
23751,1.0986418995693328e-05
23752,1.0688941906292139e-05
23753,1.0986418995693328e-05
23754,9.84128048041037e-06
23755,9.3206344389504e-06
23756,9.136632654823229e-06
23757,1.4875798373508094e-05
23758,1.4968443612158854e-05
23759,9.610210116740116e-06
23760,1.2058786164846864e-05
23761,9.63908308380622e-06
23762,8.927377406965493e-06
23763,1.2702955705999417e-05
23764,1.7436512504732003e-05
23765,2.786573869568162e-05
23766,1.2058786164846864e-05
23767,9.861512805350344e-06
23768,1.0296113256437114e-05
23769,1.1072958869998366e-05
23770,9.897250846409457e-06
23771,9.610210116740116e-06
23772,1.052641146073085e-05
23773,1.003161474217399e-05
23774,1.0093258079298354e-05
23775,9.620803812354212e-06
23776,1.003161474217399e-05
23777,1.1033402850550749e-05
23778,1.2039091181769635e-05
23779,1.3300412614836902e-05
23780,1.4472157442928997e-05
23781,1.0817996061144057e-05
23782,9.715239379587256e-06
23783,1.1033402850550749e-05
23784,1.2058786164846864e-05
23785,1.6763267987276483e-05
23786,1.0817996061144057e-05
23787,1.2314002950744122e-05
23788,1.0053411756575844e-05
23789,1.16117097546835e-05
23790,1.0008352767091742e-05
23791,1.0270470779057243e-05
23792,1.2523040583816098e-05
23793,9.255411106325404e-06
23794,2.4808942716741706e-05
23795,9.879854495037761e-06
23796,1.1398788038460363e-05
23797,1.3124703986751003e-05
23798,9.63462487911372e-06
23799,1.0637314892586927e-05
23800,9.255426568317661e-06
23801,1.2152454439821123e-05
23802,8.316408602707099e-06
23803,1.1261317758557567e-05
23804,9.552202977205576e-06
23805,2.3868250772691173e-05
23806,1.7486449251140613e-05
23807,9.080530119703727e-06
23808,1.4412617543268523e-05
23809,1.0248059245605469e-05
23810,9.493566059282185e-06
23811,1.6920304290982667e-05
23812,1.0165217108108049e-05
23813,9.391614894342553e-06
23814,1.0550014729632802e-05
23815,9.49486225349075e-06
23816,1.462102316180579e-05
23817,1.6891441861349293e-05
23818,1.694928602734309e-05
23819,1.1033402850550749e-05
23820,7.67957681734087e-06
23821,1.0348370002420954e-05
23822,9.882082474788552e-06
23823,9.715239379587256e-06
23824,9.882082474788552e-06
23825,1.0348370002420954e-05
23826,9.875238193826672e-06
23827,1.2113469516883801e-05
23828,1.1033402850550749e-05
23829,6.971225325113401e-05
23830,1.1033402850550749e-05
23831,2.4497581553323136e-05
23832,9.187772221265003e-06
23833,9.866856785287496e-06
23834,9.66366577643837e-06
23835,8.918825550472759e-06
23836,9.697915604753337e-06
23837,1.1033402850550749e-05
23838,8.674958738307506e-06
23839,1.2989150142745188e-05
23840,1.0241717869620738e-05
23841,1.0739562233243814e-05
23842,1.1052403610642951e-05
23843,1.1033402850550749e-05
23844,1.1212693996919311e-05
23845,8.97547957802772e-06
23846,1.576232003505271e-05
23847,7.992781377142298e-06
23848,0.001545215923187018
23849,1.6430629837275308e-05
23850,1.1453354286263499e-05
23851,9.489074365034779e-06
23852,1.0166102663128765e-05
23853,4.8712817787507075e-06
23854,1.0325521945413936e-05
23855,1.1904958243208149e-05
23856,1.4945595097074781e-05
23857,5.503763776205309e-06
23858,1.4465265409483587e-05
23859,1.2523040583816098e-05
23860,8.98613338073191e-06
23861,1.1048121390319183e-05
23862,1.1118294444784053e-05
23863,1.0327811939182512e-05
23864,1.1398788038460363e-05
23865,1.0213357406846318e-05
23866,9.654870802543586e-06
23867,1.2058786164846864e-05
23868,9.866856785287496e-06
23869,1.0739562233243814e-05
23870,9.655747257728404e-06
23871,9.582707565010591e-06
23872,1.028892948360175e-05
23873,1.0296113256437114e-05
23874,8.444617015338625e-06
23875,1.0817996061144057e-05
23876,1.280742674021427e-05
23877,1.5633956019020575e-05
23878,1.1033402850550749e-05
23879,1.3826110024741152e-05
23880,2.567467614562841e-05
23881,9.690616076324506e-06
23882,9.98898602574496e-06
23883,1.4437633370840337e-05
23884,9.967603528957248e-06
23885,9.582707565010591e-06
23886,9.882082474788552e-06
23887,1.1594325978611455e-05
23888,1.0523880672159554e-05
23889,6.674408288524918e-06
23890,1.2386260181243683e-05
23891,2.3877523107873812e-05
23892,9.804799282565535e-06
23893,7.978496880526486e-06
23894,1.0972657349413722e-05
23895,9.22237046987849e-06
23896,1.0563899047708251e-05
23897,1.0044546564286435e-05
23898,1.5758433372742386e-05
23899,9.360000703992135e-06
23900,9.613090796572468e-06
23901,1.4099916578576237e-05
23902,1.0986418995693328e-05
23903,1.1904958243208149e-05
23904,1.0673198845483249e-05
23905,1.1594325978611455e-05
23906,1.3638731294397522e-05
23907,1.0550014729632802e-05
23908,2.8281310249382773e-05
23909,9.885989024162485e-06
23910,8.444617015338625e-06
23911,9.463714720507445e-06
23912,9.700862731621744e-06
23913,1.0213357406846318e-05
23914,1.2560243930081044e-05
23915,9.322330495343925e-06
23916,1.3913469607568114e-05
23917,8.92760565575325e-06
23918,1.045648312641421e-05
23919,9.244975147240444e-06
23920,1.396535951379383e-05
23921,8.927377406965493e-06
23922,1.040634852296654e-05
23923,1.2152454439821123e-05
23924,9.549114309328014e-06
23925,9.582707565010591e-06
23926,5.330244508974136e-06
23927,9.693113467798529e-06
23928,9.093273707967679e-06
23929,9.967603528957248e-06
23930,9.967603528957248e-06
23931,8.716259692959632e-06
23932,9.741334635875322e-06
23933,1.0369786528028124e-05
23934,1.0581429682234979e-05
23935,1.1355015410120625e-05
23936,9.967603528957248e-06
23937,9.582707565010591e-06
23938,9.967603528957248e-06
23939,1.4472157442928997e-05
23940,2.2202128877071035e-05
23941,2.3260963216923767e-05
23942,1.4472157442928997e-05
23943,1.723461741053332e-05
23944,0.00011482750529167707
23945,1.14672736681883e-05
23946,1.872026137790932e-05
23947,1.0226947814012442e-05
23948,1.0360425969893026e-05
23949,1.5633956019020575e-05
23950,1.0264489145142471e-05
23951,1.1212693996919311e-05
23952,9.809582392541579e-06
23953,1.0896042873277623e-05
23954,1.0896042873277623e-05
23955,1.0896042873277623e-05
23956,1.0896042873277623e-05
23957,9.879854495037761e-06
23958,9.690616076324506e-06
23959,1.4981671254877306e-05
23960,1.0972657349413722e-05
23961,9.428316725526897e-06
23962,6.848318894276419e-06
23963,8.674958738307506e-06
23964,5.709292303130598e-06
23965,1.003161474217399e-05
23966,2.132186800655931e-05
23967,0.00010985588292437743
23968,0.00012572751596958383
23969,3.5172717734472564e-05
23970,1.0327811939182512e-05
23971,1.050537032126487e-05
23972,9.255411106325404e-06
23973,9.920286267500786e-06
23974,9.692531080188252e-06
23975,1.0266845488968174e-05
23976,9.317540546083008e-06
23977,8.881599773114271e-06
23978,9.893028832896335e-06
23979,7.55205999585218e-05
23980,1.353974428103868e-05
23981,8.251292371225482e-06
23982,9.741334635875322e-06
23983,1.3261524197022263e-05
23984,1.0691282150835419e-05
23985,1.015245543295525e-05
23986,1.0651734090915297e-05
23987,9.623776343241303e-06
23988,9.882082474788552e-06
23989,9.882082474788552e-06
23990,9.882082474788552e-06
23991,1.0598164728847593e-05
23992,9.289948335583e-06
23993,1.0201731640124468e-05
23994,1.00595519188609e-05
23995,1.1364417115222792e-05
23996,1.3826110024741152e-05
23997,1.1033402850550749e-05
23998,1.2058786164846864e-05
23999,1.003161474217399e-05
24000,1.015245543295525e-05
24001,9.394769817727571e-06
24002,9.076566886993103e-06
24003,9.244975147240444e-06
24004,1.5969935641629626e-05
24005,1.1971344261213511e-05
24006,9.866856785287496e-06
24007,9.61567250659419e-06
24008,8.184625832172077e-06
24009,1.1033402850550749e-05
24010,2.261820862655552e-05
24011,1.2032706307433641e-05
24012,9.61567250659419e-06
24013,1.1398788038460363e-05
24014,9.593922196304636e-06
24015,9.22237046987849e-06
24016,1.2903399410220977e-05
24017,8.98613338073191e-06
24018,9.700862731621744e-06
24019,9.434520593808654e-06
24020,9.741334635875322e-06
24021,1.0304389685578956e-05
24022,1.0673198845483249e-05
24023,1.1212693996919311e-05
24024,9.63849168571555e-06
24025,1.028892948360175e-05
24026,9.493588591525832e-06
24027,9.255411106325404e-06
24028,1.7013654782749025e-05
24029,9.568833028344554e-06
24030,1.1364417115222792e-05
24031,9.882082474788552e-06
24032,9.263821395050691e-06
24033,9.289948335583e-06
24034,9.504497492612455e-06
24035,2.022355136937422e-05
24036,1.0348370002420954e-05
24037,1.1029448466982983e-05
24038,9.690616076324506e-06
24039,1.177697881591642e-05
24040,8.251292371225482e-06
24041,1.55905060209867e-05
24042,9.510111211076036e-06
24043,1.177697881591642e-05
24044,1.0896042873277623e-05
24045,1.0066991580100452e-05
24046,1.2314002950744122e-05
24047,1.1033402850550749e-05
24048,1.052641146073085e-05
24049,3.396094644162108e-05
24050,2.1051889318120026e-05
24051,8.862252582906677e-06
24052,8.316408602707099e-06
24053,9.63849168571555e-06
24054,2.2707631585060633e-05
24055,9.63849168571555e-06
24056,1.2002464372649052e-05
24057,1.4833806751176909e-05
24058,1.144840881813943e-05
24059,7.178898298074207e-06
24060,9.476399044439624e-06
24061,1.5374247764682474e-05
24062,9.811995885297593e-06
24063,1.045648312641421e-05
24064,9.434838296707893e-06
24065,1.002322127836139e-05
24066,1.3261524197022263e-05
24067,1.028892948360175e-05
24068,1.5519215693883322e-05
24069,9.685841526932834e-06
24070,9.493588591525832e-06
24071,1.1072958869998366e-05
24072,9.133376089963482e-06
24073,1.0213357406846318e-05
24074,1.0213357406846318e-05
24075,2.1573897752172425e-05
24076,1.009278174243314e-05
24077,9.720723507752985e-06
24078,9.593922196304636e-06
24079,6.674408288524918e-06
24080,8.49065873097105e-06
24081,1.177697881591642e-05
24082,9.190780516689155e-06
24083,7.67957681734087e-06
24084,1.0296113256437114e-05
24085,6.697958124039644e-06
24086,1.8702486213074873e-05
24087,8.251292371225482e-06
24088,9.855818921322782e-06
24089,1.4472157442928997e-05
24090,2.5376348023984772e-05
24091,6.674408288524918e-06
24092,8.927377406965493e-06
24093,9.316842424275981e-06
24094,1.4600734694083988e-05
24095,1.0000952380046262e-05
24096,1.2058786164846864e-05
24097,1.1751425853043397e-05
24098,9.163730894583565e-06
24099,1.0394028520652429e-05
24100,9.74454702862083e-06
24101,9.317540546083008e-06
24102,9.399877875532114e-06
24103,9.399877875532114e-06
24104,1.3022978431850824e-05
24105,1.1436901100260788e-05
24106,9.289948335583e-06
24107,9.577104748675804e-06
24108,9.582707565010591e-06
24109,6.674408288524918e-06
24110,1.1320356980366022e-05
24111,1.2284812629115731e-05
24112,1.0605862121923956e-05
24113,1.2058786164846864e-05
24114,1.2639093002656946e-05
24115,9.83086475285655e-06
24116,1.0691282150835419e-05
24117,1.6734977155874427e-05
24118,1.1909870126827609e-05
24119,1.3707397593267933e-05
24120,1.7151520870937987e-05
24121,7.978496880526486e-06
24122,1.4869283270108514e-05
24123,9.908381712638796e-06
24124,8.674958738307506e-06
24125,9.317540546083008e-06
24126,9.573603815458379e-06
24127,1.246725840014532e-05
24128,1.246725840014532e-05
24129,1.0523880672159554e-05
24130,1.0804275205124589e-05
24131,1.2058786164846864e-05
24132,9.901718571693991e-06
24133,9.728168383333168e-06
24134,9.22237046987849e-06
24135,1.246725840014532e-05
24136,1.0998759080324583e-05
24137,1.395993526646592e-05
24138,1.0998759080324583e-05
24139,1.2851268277655292e-05
24140,1.3952668642946039e-05
24141,9.317540546083008e-06
24142,1.0550014729632802e-05
24143,1.0550014729632802e-05
24144,9.711597088106313e-06
24145,8.98613338073191e-06
24146,6.674408288524918e-06
24147,1.0671956010742782e-05
24148,1.5254975402569197e-05
24149,1.1904958243208149e-05
24150,2.115358038858101e-05
24151,1.5805030369046533e-05
24152,1.0550014729632802e-05
24153,1.353974428103868e-05
24154,1.2032706307433641e-05
24155,9.623776343241303e-06
24156,9.499363410106409e-06
24157,6.674408288524918e-06
24158,1.6062533940830677e-05
24159,1.0671956010742782e-05
24160,1.1118294444784053e-05
24161,9.597929014891506e-06
24162,1.0347163086799967e-05
24163,1.0190310948017527e-05
24164,9.885989024162485e-06
24165,1.2284812629115731e-05
24166,1.689426605384907e-05
24167,8.78158507753969e-06
24168,1.1029448466982983e-05
24169,1.2284812629115731e-05
24170,1.1317600624029021e-05
24171,9.725920108296228e-06
24172,1.1364417115222792e-05
24173,9.575534257900319e-06
24174,9.882082474788552e-06
24175,1.5969935641629626e-05
24176,1.1347282628427675e-05
24177,1.0691282150835419e-05
24178,8.251292371225482e-06
24179,1.954642384008839e-05
24180,1.015245543295525e-05
24181,1.6389912839315505e-05
24182,9.337233669156108e-06
24183,9.901718571693991e-06
24184,1.0972657349413722e-05
24185,9.422703642885622e-06
24186,1.4637748528466378e-05
24187,9.489074365034779e-06
24188,9.138178963690783e-06
24189,1.2274441446841848e-05
24190,4.405820293834495e-05
24191,8.444617015338625e-06
24192,1.5805030369046533e-05
24193,1.9755177333994433e-05
24194,9.365870353764055e-06
24195,1.1033402850550749e-05
24196,1.5519215693883322e-05
24197,9.499363410106409e-06
24198,9.552202977205576e-06
24199,1.1398788038460363e-05
24200,1.0598164728847593e-05
24201,1.003161474217399e-05
24202,9.71769253600263e-06
24203,1.811736068931856e-05
24204,1.5038366568411873e-05
24205,1.9319095860260525e-05
24206,8.720501904768429e-06
24207,9.423470973731333e-06
24208,1.396535951379383e-05
24209,1.0348370002420954e-05
24210,1.0414935439835905e-05
24211,9.640893560947324e-06
24212,1.2152454439821123e-05
24213,9.711597088106313e-06
24214,1.0770814934632905e-05
24215,9.239550899912532e-06
24216,1.003161474217399e-05
24217,1.195602319665265e-05
24218,1.0896042873277623e-05
24219,9.080530119703727e-06
24220,1.0729831536478351e-05
24221,9.765976734099317e-06
24222,8.98613338073191e-06
24223,9.289948335583e-06
24224,9.255426568317661e-06
24225,9.804799282565535e-06
24226,9.105964578815469e-06
24227,2.346820059922331e-05
24228,1.0266845488968174e-05
24229,9.087188963134636e-06
24230,1.0348370002420954e-05
24231,8.590149903225016e-06
24232,1.5025759371815411e-05
24233,1.0044546564286435e-05
24234,9.74454702862083e-06
24235,9.875238193826672e-06
24236,1.5604461057497145e-05
24237,4.8712817787507075e-06
24238,1.2058786164846864e-05
24239,1.0837800586025711e-05
24240,1.2204527911802652e-05
24241,1.050537032126487e-05
24242,1.6956552958605396e-05
24243,9.076566886993103e-06
24244,1.4875798373508094e-05
24245,1.1029448466982983e-05
24246,1.3322230926813583e-05
24247,1.240405310203985e-05
24248,1.061481761300295e-05
24249,1.0377534691953246e-05
24250,1.0523880672159554e-05
24251,1.1904958243208149e-05
24252,9.741334635875322e-06
24253,9.391614894342553e-06
24254,9.741334635875322e-06
24255,9.741334635875322e-06
24256,8.49065873097105e-06
24257,1.0503398104220844e-05
24258,1.036236578670301e-05
24259,9.289948335583e-06
24260,9.741334635875322e-06
24261,1.2058786164846864e-05
24262,0.00010180257959921175
24263,9.105964578815469e-06
24264,1.0248059245605469e-05
24265,1.246725840014532e-05
24266,9.613090796572468e-06
24267,1.1029448466982983e-05
24268,7.992781377142298e-06
24269,9.10260502471896e-06
24270,9.741334635875322e-06
24271,8.693169150980948e-06
24272,1.910324054205323e-05
24273,9.777263074180927e-06
24274,1.5633956019020575e-05
24275,1.0365859094959847e-05
24276,9.741334635875322e-06
24277,1.2058786164846864e-05
24278,9.885989024162485e-06
24279,9.136632654823229e-06
24280,9.602138300744518e-06
24281,9.533867864066155e-06
24282,1.0369786528028124e-05
24283,1.240405310203985e-05
24284,9.38851605547499e-06
24285,9.610210116740116e-06
24286,1.003161474217399e-05
24287,6.674408288524918e-06
24288,9.711597088106313e-06
24289,9.711597088106313e-06
24290,1.1261317758557567e-05
24291,1.0226947814012442e-05
24292,9.878374358480551e-06
24293,5.330244508974136e-06
24294,9.741334635875322e-06
24295,9.007728934627767e-06
24296,1.1072958869998366e-05
24297,9.289948335583e-06
24298,1.2152454439821123e-05
24299,9.692531080188252e-06
24300,9.741334635875322e-06
24301,9.316842424275981e-06
24302,9.98898602574496e-06
24303,1.240405310203985e-05
24304,1.5129553443926921e-05
24305,7.159558471406331e-06
24306,9.935008023651504e-06
24307,9.076566886993103e-06
24308,1.009278174243314e-05
24309,1.240405310203985e-05
24310,1.0327811939182512e-05
24311,1.0044546564286435e-05
24312,9.105964578815469e-06
24313,1.4161542777203515e-05
24314,1.0147900018722789e-05
24315,9.882082474788552e-06
24316,1.511107216848444e-05
24317,1.1072958869998366e-05
24318,1.2032706307433641e-05
24319,9.138178963690783e-06
24320,1.0633902373928431e-05
24321,1.1033402850550749e-05
24322,1.0691282150835419e-05
24323,1.0474522801572617e-05
24324,9.809582392541579e-06
24325,1.1198169485978185e-05
24326,1.1033402850550749e-05
24327,1.0633902373928431e-05
24328,1.2523040583816098e-05
24329,1.4412617543268523e-05
24330,1.7404729528401967e-05
24331,9.809582392541579e-06
24332,1.4390009710308752e-05
24333,2.0075007187557336e-05
24334,9.263821395050691e-06
24335,9.138178963690783e-06
24336,9.190780516689155e-06
24337,9.530479144825802e-06
24338,1.14672736681883e-05
24339,1.0523567967782293e-05
24340,9.080530119703727e-06
24341,9.885989024162485e-06
24342,9.811995885297593e-06
24343,1.075355678101189e-05
24344,9.504497492612455e-06
24345,1.0296113256437114e-05
24346,9.577104748675804e-06
24347,9.885989024162485e-06
24348,1.050537032126487e-05
24349,9.935008023651504e-06
24350,9.878374358480551e-06
24351,1.1904958243208149e-05
24352,1.3291496747536136e-05
24353,9.98898602574496e-06
24354,9.901718571693991e-06
24355,1.5354286740481818e-05
24356,1.0414935439835905e-05
24357,1.396535951379383e-05
24358,1.0523880672159554e-05
24359,9.897250846409457e-06
24360,1.0296113256437114e-05
24361,9.489074365034779e-06
24362,2.8473108930644442e-05
24363,8.264536680063052e-06
24364,9.667392672126224e-06
24365,1.3261524197022263e-05
24366,1.0414935439835905e-05
24367,8.801301594525623e-06
24368,1.816141024292378e-05
24369,1.0008352767091742e-05
24370,2.091921807370874e-05
24371,8.98613338073191e-06
24372,1.9740649522387952e-05
24373,1.075355678101189e-05
24374,1.075355678101189e-05
24375,1.0724042150259893e-05
24376,9.879854495037761e-06
24377,1.0304389685578956e-05
24378,1.0304389685578956e-05
24379,1.0942141109456647e-05
24380,1.0610711704845131e-05
24381,9.995371324642058e-06
24382,1.0671956010742782e-05
24383,9.948291810840633e-06
24384,1.0523567967782293e-05
24385,9.986120975271117e-06
24386,1.0671956010742782e-05
24387,9.920286267500786e-06
24388,1.0671956010742782e-05
24389,1.579912264780038e-05
24390,8.966816258866327e-06
24391,9.62680544879162e-06
24392,1.0264489145142471e-05
24393,1.0190310948017527e-05
24394,9.138178963690783e-06
24395,6.674408288524918e-06
24396,8.791482199158835e-06
24397,1.0304389685578956e-05
24398,1.0804275205124589e-05
24399,9.746406357827071e-06
24400,9.504497492612455e-06
24401,9.105964578815469e-06
24402,1.479337388783262e-05
24403,1.9004953718830153e-05
24404,1.0660709689367653e-05
24405,9.967603528957248e-06
24406,1.0165217108108049e-05
24407,9.582707565010591e-06
24408,1.0296113256437114e-05
24409,1.1033402850550749e-05
24410,9.765976734099317e-06
24411,1.5805030369046533e-05
24412,1.39005417365077e-05
24413,9.809582392541579e-06
24414,9.255426568317661e-06
24415,9.700862731621744e-06
24416,1.0671956010742782e-05
24417,1.2058786164846864e-05
24418,8.813491425659442e-06
24419,8.30724933669107e-06
24420,9.007728934627767e-06
24421,1.731773740502102e-05
24422,2.062777598669128e-05
24423,9.434906633416035e-06
24424,7.992781377142298e-06
24425,1.0304389685578956e-05
24426,1.8125240152870023e-05
24427,1.1029448466982983e-05
24428,9.809582392541579e-06
24429,8.251292371225482e-06
24430,9.777263074180927e-06
24431,1.1696818140339037e-05
24432,8.674958738307506e-06
24433,9.582707565010591e-06
24434,9.105964578815469e-06
24435,1.195602319665265e-05
24436,1.504721082571649e-05
24437,2.0205767514636933e-05
24438,1.512083897058927e-05
24439,1.0727799886620179e-05
24440,1.0147900018722789e-05
24441,2.8956587126935674e-05
24442,9.489074365034779e-06
24443,1.075355678101189e-05
24444,1.0671956010742782e-05
24445,9.670155646245056e-06
24446,1.8374790933689325e-05
24447,1.0414935439835905e-05
24448,9.105964578815469e-06
24449,1.396535951379383e-05
24450,1.2386260181243683e-05
24451,9.63849168571555e-06
24452,1.448668649446972e-05
24453,9.967603528957248e-06
24454,1.2447262700099505e-05
24455,8.251292371225482e-06
24456,1.05031051811894e-05
24457,9.322330495343925e-06
24458,1.0671956010742782e-05
24459,9.920286267500786e-06
24460,2.3643415315764412e-05
24461,9.53237362447028e-06
24462,1.3568613676603027e-05
24463,2.2452187175432036e-05
24464,1.0359530810042483e-05
24465,1.0359530810042483e-05
24466,6.848318894276419e-06
24467,1.0414935439835905e-05
24468,1.5881236196473654e-05
24469,1.061481761300295e-05
24470,8.590149903225016e-06
24471,1.1104152863120281e-05
24472,9.98898602574496e-06
24473,9.610210116740116e-06
24474,9.317540546083008e-06
24475,1.0633902373928431e-05
24476,1.2203954207176694e-05
24477,9.777263074180927e-06
24478,9.497136086334239e-06
24479,1.0523567967782293e-05
24480,9.530479144825802e-06
24481,9.623776343241303e-06
24482,9.138178963690783e-06
24483,1.050537032126487e-05
24484,1.118470439166166e-05
24485,1.1033402850550749e-05
24486,1.2113469516883801e-05
24487,1.690255266348922e-05
24488,9.053328994739186e-06
24489,1.050537032126487e-05
24490,1.1355015410120625e-05
24491,1.1033402850550749e-05
24492,1.3022978431850824e-05
24493,9.711597088106313e-06
24494,1.6769204597604746e-05
24495,1.2053533433757708e-05
24496,1.723461741053332e-05
24497,1.1398788038460363e-05
24498,1.075355678101189e-05
24499,9.105964578815469e-06
24500,9.504497492612455e-06
24501,1.0633902373928431e-05
24502,1.444881795264814e-05
24503,2.24804594139105e-05
24504,1.0673198845483249e-05
24505,9.22237046987849e-06
24506,1.0332553080377697e-05
24507,1.0837800586025711e-05
24508,1.0523567967782293e-05
24509,1.1364417115222792e-05
24510,8.57729752388675e-06
24511,1.1033402850550749e-05
24512,1.002322127836139e-05
24513,1.240405310203985e-05
24514,1.3229284667748363e-05
24515,1.036236578670301e-05
24516,9.322330495343925e-06
24517,1.1033402850550749e-05
24518,1.0348370002420954e-05
24519,1.6055656074689247e-05
24520,4.397151339505779e-05
24521,1.882629036005728e-05
24522,9.105964578815469e-06
24523,1.052641146073085e-05
24524,1.1104152863120281e-05
24525,1.8377791444320352e-05
24526,9.967603528957248e-06
24527,8.801301594525623e-06
24528,1.1453354286263499e-05
24529,9.489074365034779e-06
24530,9.05804862443082e-06
24531,9.552202977205576e-06
24532,1.2795788404948052e-05
24533,9.076566886993103e-06
24534,1.1033402850550749e-05
24535,1.050537032126487e-05
24536,1.0598164728847593e-05
24537,1.1904958243208149e-05
24538,1.4536318010991189e-05
24539,1.0711341726803775e-05
24540,8.251292371225482e-06
24541,9.439127771363733e-06
24542,9.360000703992135e-06
24543,9.667392672126224e-06
24544,1.3229284667748363e-05
24545,8.23675255475412e-06
24546,2.0515868017060552e-05
24547,1.2386260181243683e-05
24548,1.0739562233243814e-05
24549,1.4891121582819415e-05
24550,9.741334635875322e-06
24551,1.0452836128321915e-05
24552,2.096922780496978e-05
24553,1.144840881813943e-05
24554,9.667713638989134e-06
24555,1.0348370002420954e-05
24556,1.0377534691953246e-05
24557,1.389877659268725e-05
24558,9.623776343241303e-06
24559,9.024897217262012e-06
24560,1.0606931434926932e-05
24561,9.255426568317661e-06
24562,9.434520593808654e-06
24563,9.967603528957248e-06
24564,9.497136086334239e-06
24565,9.076566886993103e-06
24566,1.353974428103868e-05
24567,1.1052403610642951e-05
24568,1.0055811583422948e-05
24569,1.1398788038460363e-05
24570,8.939906141702939e-06
24571,1.1730922678968424e-05
24572,1.0103479922825078e-05
24573,1.0671956010742782e-05
24574,1.0044546564286435e-05
24575,9.53237362447028e-06
24576,8.874399124719438e-06
24577,1.0044546564286435e-05
24578,1.4147415622330946e-05
24579,1.0347163086799967e-05
24580,1.5909835255877676e-05
24581,1.3107526471622968e-05
24582,1.0691282150835419e-05
24583,1.0671956010742782e-05
24584,1.3246244734768097e-05
24585,1.1875869116015971e-05
24586,9.879854495037761e-06
24587,8.78158507753969e-06
24588,1.0061428113941776e-05
24589,1.195602319665265e-05
24590,8.674958738307506e-06
24591,1.0327811939182512e-05
24592,9.076566886993103e-06
24593,9.244975147240444e-06
24594,8.927377406965493e-06
24595,1.177697881591642e-05
24596,1.0558042072649292e-05
24597,1.8133698963460015e-05
24598,9.053328994739186e-06
24599,9.076566886993103e-06
24600,1.2032706307433641e-05
24601,2.5053063903274588e-05
24602,1.0605862121923956e-05
24603,1.462102316180579e-05
24604,0.0004223274406756536
24605,1.45716235807891e-05
24606,1.587813657313228e-05
24607,1.734549958293393e-05
24608,1.9601803045443495e-05
24609,9.667713638989134e-06
24610,9.316842424275981e-06
24611,9.05804862443082e-06
24612,9.850440573120747e-06
24613,1.9665137371676367e-05
24614,9.878374358480551e-06
24615,2.4976035794098204e-05
24616,1.16452300893274e-05
24617,1.1212693996919311e-05
24618,1.628295133852712e-05
24619,1.0414935439835905e-05
24620,8.693169150980948e-06
24621,9.190780516689155e-06
24622,7.4137074395127525e-06
24623,1.3376497229671623e-05
24624,7.4137074395127525e-06
24625,7.4137074395127525e-06
24626,8.80058397664867e-06
24627,1.7723854276262634e-05
24628,1.0377534691953246e-05
24629,9.967603528957248e-06
24630,9.504497492612455e-06
24631,1.3074226847997412e-05
24632,1.0523567967782293e-05
24633,1.0645395354398507e-05
24634,1.003161474217399e-05
24635,1.396535951379383e-05
24636,9.149489293946556e-06
24637,1.0673198845483249e-05
24638,9.741334635875322e-06
24639,1.004334818679909e-05
24640,1.3436683153497976e-05
24641,9.920286267500786e-06
24642,1.002322127836139e-05
24643,1.002322127836139e-05
24644,1.0452836128321915e-05
24645,1.0671956010742782e-05
24646,9.422703642885622e-06
24647,1.144840881813943e-05
24648,7.67957681734087e-06
24649,9.510111211076036e-06
24650,9.700862731621744e-06
24651,1.1029448466982983e-05
24652,1.1104152863120281e-05
24653,1.2529614893840324e-05
24654,1.1398788038460363e-05
24655,1.0804275205124589e-05
24656,1.2058786164846864e-05
24657,9.92867238526007e-06
24658,1.0673198845483249e-05
24659,2.1165564912021243e-05
24660,1.585645166156572e-05
24661,9.63908308380622e-06
24662,9.255426568317661e-06
24663,1.195602319665265e-05
24664,9.339471607813863e-06
24665,1.195602319665265e-05
24666,1.00758020558691e-05
24667,9.360000703992135e-06
24668,9.878374358480551e-06
24669,1.00758020558691e-05
24670,1.1212693996919311e-05
24671,1.692646476780151e-05
24672,1.2032706307433641e-05
24673,9.22237046987849e-06
24674,8.98613338073191e-06
24675,1.0632560201404219e-05
24676,1.2058786164846864e-05
24677,9.63849168571555e-06
24678,1.0395100361401984e-05
24679,8.80058397664867e-06
24680,1.1904958243208149e-05
24681,1.280742674021427e-05
24682,1.4249550416161859e-05
24683,1.698462912673642e-05
24684,1.177697881591642e-05
24685,1.9340391099914483e-05
24686,9.623776343241303e-06
24687,9.610210116740116e-06
24688,9.589580765736588e-06
24689,1.075355678101189e-05
24690,9.076566886993103e-06
24691,1.145795212043991e-05
24692,9.316842424275981e-06
24693,1.3091972186581859e-05
24694,9.71769253600263e-06
24695,1.0347163086799967e-05
24696,9.66366577643837e-06
24697,1.00595519188609e-05
24698,9.864537772104035e-06
24699,1.0348370002420954e-05
24700,1.045648312641421e-05
24701,1.723461741053332e-05
24702,1.1035097958594619e-05
24703,1.3565210676210096e-05
24704,1.1029448466982983e-05
24705,1.353974428103868e-05
24706,9.261002864982228e-06
24707,9.076566886993103e-06
24708,1.1904958243208149e-05
24709,1.502887588699675e-05
24710,1.481843555113577e-05
24711,9.893028832896335e-06
24712,9.217894788126734e-06
24713,1.0632560201404219e-05
24714,9.244975147240444e-06
24715,1.0394028520652429e-05
24716,9.504497492612455e-06
24717,9.654870802543586e-06
24718,8.720501904768429e-06
24719,1.240405310203985e-05
24720,8.251292371225482e-06
24721,1.2203954207176694e-05
24722,1.960984956003475e-05
24723,1.2058786164846864e-05
24724,9.597929014891506e-06
24725,1.0248059245605469e-05
24726,1.1730922678968424e-05
24727,9.007728934627767e-06
24728,1.1446736855642405e-05
24729,9.986120975271117e-06
24730,1.240405310203985e-05
24731,8.693169150980948e-06
24732,1.604074134691941e-05
24733,8.674958738307506e-06
24734,1.0103479922825078e-05
24735,1.0394028520652429e-05
24736,1.3074226847997412e-05
24737,1.0523567967782293e-05
24738,9.92867238526007e-06
24739,9.613090796572468e-06
24740,1.0394028520652429e-05
24741,1.280742674021427e-05
24742,9.138178963690783e-06
24743,9.37368426311911e-06
24744,1.240405310203985e-05
24745,9.504497492612455e-06
24746,1.0190781318694255e-05
24747,1.084191514312151e-05
24748,9.857833848985988e-06
24749,9.255411106325404e-06
24750,1.0671956010742782e-05
24751,1.0637314892586927e-05
24752,1.145795212043991e-05
24753,1.0347163086799967e-05
24754,1.1029448466982983e-05
24755,1.7321021483771914e-05
24756,9.261002864982228e-06
24757,8.98613338073191e-06
24758,1.1029448466982983e-05
24759,9.463714720507445e-06
24760,1.0673198845483249e-05
24761,1.1029448466982983e-05
24762,8.881599773114271e-06
24763,1.910324054205323e-05
24764,1.1029448466982983e-05
24765,9.728168383333168e-06
24766,1.9448175662806815e-05
24767,1.0406263609766445e-05
24768,1.0817996061144057e-05
24769,1.1029448466982983e-05
24770,8.939906141702939e-06
24771,1.075355678101189e-05
24772,1.1518484203629429e-05
24773,9.322330495343925e-06
24774,8.674958738307506e-06
24775,1.0558042072649292e-05
24776,9.577104748675804e-06
24777,2.036837013918162e-05
24778,1.4208011683562765e-05
24779,1.0394028520652429e-05
24780,9.640893560947324e-06
24781,9.74454702862083e-06
24782,1.7274037628914495e-05
24783,1.1857661104607388e-05
24784,1.0438800493865949e-05
24785,9.700862731621744e-06
24786,9.499363410106409e-06
24787,1.3091972186581859e-05
24788,9.623776343241303e-06
24789,1.240405310203985e-05
24790,1.061481761300295e-05
24791,8.590149903225016e-06
24792,9.744183657819527e-06
24793,1.0394028520652429e-05
24794,8.674958738307506e-06
24795,8.716259692959632e-06
24796,6.674408288524918e-06
24797,9.100911172186245e-06
24798,1.0096605227804459e-05
24799,1.0693114032578455e-05
24800,1.0264489145142471e-05
24801,1.0377534691953246e-05
24802,9.694972666057905e-06
24803,9.567382476592197e-06
24804,1.2042898636923894e-05
24805,9.439127771363733e-06
24806,1.4746453154712292e-05
24807,1.1355015410120625e-05
24808,3.5363756991730984e-05
24809,1.0691282150835419e-05
24810,8.716259692959632e-06
24811,9.138178963690783e-06
24812,1.9184054333505547e-05
24813,1.0925969783681302e-05
24814,8.503783769685729e-06
24815,1.2795788404948052e-05
24816,9.567382476592197e-06
24817,1.1453354286263499e-05
24818,1.1398788038460363e-05
24819,9.593922196304636e-06
24820,1.1029448466982983e-05
24821,9.63849168571555e-06
24822,1.6343125915464686e-05
24823,9.741334635875322e-06
24824,1.0920974649155722e-05
24825,2.240950511552889e-05
24826,1.6102366101768837e-05
24827,1.2447262700099505e-05
24828,1.075355678101189e-05
24829,1.3091972186581859e-05
24830,1.0044546564286435e-05
24831,1.1905788186692852e-05
24832,1.0632560201404219e-05
24833,2.2363153145052892e-05
24834,1.5107454180583831e-05
24835,9.725920108296228e-06
24836,8.98613338073191e-06
24837,1.1118294444784053e-05
24838,9.076566886993103e-06
24839,8.184625832172077e-06
24840,1.1033402850550749e-05
24841,1.1904958243208149e-05
24842,8.674958738307506e-06
24843,9.46984213922782e-06
24844,1.353974428103868e-05
24845,1.009278174243314e-05
24846,1.5428042267259874e-05
24847,1.003161474217399e-05
24848,9.552202977205576e-06
24849,1.1261317758557567e-05
24850,1.5220515002410715e-05
24851,1.0558042072649292e-05
24852,1.3664444591909596e-05
24853,9.434838296707893e-06
24854,8.674958738307506e-06
24855,8.674958738307506e-06
24856,2.1965086245564825e-05
24857,1.00758020558691e-05
24858,1.0875680193864348e-05
24859,1.1029448466982983e-05
24860,8.785848222579045e-06
24861,9.667392672126224e-06
24862,2.5176526480832327e-05
24863,1.492503784800991e-05
24864,1.0296113256437114e-05
24865,1.5719497596875308e-05
24866,1.1029448466982983e-05
24867,9.575534257900319e-06
24868,1.0558042072649292e-05
24869,1.009278174243314e-05
24870,9.597929014891506e-06
24871,1.0360425969893026e-05
24872,9.728168383333168e-06
24873,1.00595519188609e-05
24874,1.1048121390319183e-05
24875,8.444617015338625e-06
24876,9.61567250659419e-06
24877,9.61567250659419e-06
24878,9.630959601784526e-06
24879,1.7962220928420044e-05
24880,6.674408288524918e-06
24881,6.848318894276419e-06
24882,9.804799282565535e-06
24883,1.3687200625419712e-05
24884,1.0523567967782293e-05
24885,1.1261317758557567e-05
24886,9.434838296707893e-06
24887,2.4151564059138325e-05
24888,9.076566886993103e-06
24889,1.2039091181769635e-05
24890,1.1364417115222792e-05
24891,9.504497492612455e-06
24892,1.1133294483410096e-05
24893,6.674408288524918e-06
24894,9.893028832896335e-06
24895,9.577104748675804e-06
24896,1.3229284667748363e-05
24897,9.893028832896335e-06
24898,9.63849168571555e-06
24899,1.767150778077831e-05
24900,9.711597088106313e-06
24901,8.92760565575325e-06
24902,1.1522525439412445e-05
24903,1.0365859094959847e-05
24904,1.004334818679909e-05
24905,9.63908308380622e-06
24906,1.6691651556761262e-05
24907,9.167046619281176e-06
24908,3.061379780653603e-05
24909,1.5880442779396417e-05
24910,1.0304389685578956e-05
24911,1.050537032126487e-05
24912,9.289948335583e-06
24913,9.809582392541579e-06
24914,9.174762821699772e-06
24915,1.1510848380920765e-05
24916,1.1022989657855392e-05
24917,1.3436683153497976e-05
24918,1.0817996061144057e-05
24919,8.966816258866327e-06
24920,1.2058786164846864e-05
24921,3.0282267008796762e-05
24922,9.879854495037761e-06
24923,9.561041139947305e-06
24924,2.0654512168795214e-05
24925,1.2203954207176694e-05
24926,1.1730922678968424e-05
24927,1.1078478163378258e-05
24928,9.882082474788552e-06
24929,1.1022989657855392e-05
24930,1.1317600624029021e-05
24931,9.885989024162485e-06
24932,1.0414935439835905e-05
24933,8.444617015338625e-06
24934,1.0395100361401984e-05
24935,2.0005045286517245e-05
24936,1.5571222553008273e-05
24937,9.59484738868822e-06
24938,1.0664355188715484e-05
24939,1.0000952380046262e-05
24940,1.0360425969893026e-05
24941,9.289948335583e-06
24942,1.0394028520652429e-05
24943,1.5196752232071051e-05
24944,1.144840881813943e-05
24945,9.05804862443082e-06
24946,8.966816258866327e-06
24947,9.63908308380622e-06
24948,1.0804275205124589e-05
24949,1.2851268277655292e-05
24950,2.172014184259384e-05
24951,1.0637853883326657e-05
24952,9.861512805350344e-06
24953,1.003161474217399e-05
24954,2.0654512168795214e-05
24955,9.317540546083008e-06
24956,1.240405310203985e-05
24957,9.530479144825802e-06
24958,9.718210177599535e-06
24959,8.966816258866327e-06
24960,1.0332553080377697e-05
24961,1.3091972186581859e-05
24962,1.036451516065504e-05
24963,1.0719318706660731e-05
24964,1.1730922678968424e-05
24965,9.875238193826672e-06
24966,1.4932119009145927e-05
24967,1.028892948360175e-05
24968,1.5547574214627705e-05
24969,8.674958738307506e-06
24970,8.674958738307506e-06
24971,8.674958738307506e-06
24972,8.674958738307506e-06
24973,1.2204527911802652e-05
24974,1.5237021564136825e-05
24975,1.5734157119370214e-05
24976,9.623776343241303e-06
24977,9.105964578815469e-06
24978,9.322330495343925e-06
24979,9.597929014891506e-06
24980,1.052641146073085e-05
24981,1.007952052925644e-05
24982,9.567382476592197e-06
24983,1.0641409131589505e-05
24984,1.01587953328069e-05
24985,6.674408288524918e-06
24986,1.0986418995693328e-05
24987,1.6987209355984705e-05
24988,9.728168383333168e-06
24989,9.741334635875322e-06
24990,9.613090796572468e-06
24991,1.0523567967782293e-05
24992,1.0563899047708251e-05
24993,1.050537032126487e-05
24994,1.050537032126487e-05
24995,1.5805030369046533e-05
24996,8.98613338073191e-06
24997,9.087188963134636e-06
24998,1.0719318706660731e-05
24999,1.2386260181243683e-05
25000,1.036236578670301e-05
25001,1.0394028520652429e-05
25002,8.444617015338625e-06
25003,1.0165217108108049e-05
25004,1.572011543671661e-05
25005,1.2058786164846864e-05
25006,1.009278174243314e-05
25007,3.3498825780827734e-05
25008,1.0986418995693328e-05
25009,1.0998759080324583e-05
25010,1.0719318706660731e-05
25011,1.353974428103868e-05
25012,8.98613338073191e-06
25013,1.0804275205124589e-05
25014,1.0304389685578956e-05
25015,1.2523040583816098e-05
25016,8.23675255475412e-06
25017,1.5805030369046533e-05
25018,1.7724212627923757e-05
25019,9.602138300744518e-06
25020,1.0998759080324583e-05
25021,1.195602319665265e-05
25022,1.0501844755673104e-05
25023,1.0264489145142471e-05
25024,1.061481761300295e-05
25025,1.2204527911802652e-05
25026,1.1048121390319183e-05
25027,1.0719318706660731e-05
25028,1.00595519188609e-05
25029,1.0729831536478351e-05
25030,1.1212693996919311e-05
25031,2.0115499250739474e-05
25032,8.251292371225482e-06
25033,9.510111211076036e-06
25034,1.0201731640124468e-05
25035,1.2795788404948052e-05
25036,1.206237794957882e-05
25037,1.01587953328069e-05
25038,9.855818921322782e-06
25039,1.0062967791087864e-05
25040,1.0558042072649292e-05
25041,1.246725840014532e-05
25042,6.674408288524918e-06
25043,1.0691282150835419e-05
25044,8.674958738307506e-06
25045,9.720723507752985e-06
25046,2.1304242606208507e-05
25047,9.076566886993103e-06
25048,1.0248059245605469e-05
25049,1.1904958243208149e-05
25050,1.0304389685578956e-05
25051,8.98613338073191e-06
25052,1.2386260181243683e-05
25053,9.567382476592197e-06
25054,1.2032706307433641e-05
25055,1.4746453154712292e-05
25056,1.5597754205600754e-05
25057,8.97547957802772e-06
25058,9.138178963690783e-06
25059,1.7151520870937987e-05
25060,1.642454727985635e-05
25061,7.258160988004995e-05
25062,1.3436683153497976e-05
25063,1.0803253796221225e-05
25064,9.255426568317661e-06
25065,1.0327374865332602e-05
25066,1.5805030369046533e-05
25067,1.0501844755673104e-05
25068,1.1364417115222792e-05
25069,3.53740359438885e-05
25070,9.61567250659419e-06
25071,1.0360425969893026e-05
25072,9.700862731621744e-06
25073,1.003161474217399e-05
25074,9.920286267500786e-06
25075,9.920286267500786e-06
25076,1.0645395354398507e-05
25077,8.900231607773971e-06
25078,1.1022989657855392e-05
25079,9.967603528957248e-06
25080,1.1453354286263499e-05
25081,1.0241717869620738e-05
25082,9.882082474788552e-06
25083,1.1730922678968424e-05
25084,1.5805030369046533e-05
25085,1.5362948787899463e-05
25086,9.53237362447028e-06
25087,8.251292371225482e-06
25088,9.339471607813863e-06
25089,1.0558042072649292e-05
25090,9.63908308380622e-06
25091,8.97547957802772e-06
25092,1.353974428103868e-05
25093,1.0678217015801007e-05
25094,1.353974428103868e-05
25095,1.0347163086799967e-05
25096,1.3454042748899266e-05
25097,1.4875798373508094e-05
25098,9.875238193826672e-06
25099,2.04584472694655e-05
25100,1.0103479922825078e-05
25101,1.4527634303026178e-05
25102,2.805336610097091e-05
25103,7.600365966764404e-06
25104,1.0360425969893026e-05
25105,1.1364417115222792e-05
25106,1.3528035782459068e-05
25107,9.98898602574496e-06
25108,1.0438800493865949e-05
25109,1.3074226847997412e-05
25110,4.809015283855946e-06
25111,9.879854495037761e-06
25112,1.5284526215627456e-05
25113,1.5254975402569197e-05
25114,3.736505584755313e-05
25115,9.882082474788552e-06
25116,1.026734224461449e-05
25117,8.999522573062998e-06
25118,1.3436683153497976e-05
25119,1.0304389685578956e-05
25120,1.052641146073085e-05
25121,1.3376497229671623e-05
25122,9.74454702862083e-06
25123,1.461050813271564e-05
25124,1.003161474217399e-05
25125,2.7341306687657883e-05
25126,1.3074226847997412e-05
25127,9.728168383333168e-06
25128,1.3432455659391315e-05
25129,9.699998832179042e-06
25130,1.1033402850550749e-05
25131,6.697958124039644e-06
25132,1.2284812629115731e-05
25133,1.0563899047708251e-05
25134,1.4244406756589322e-05
25135,2.316992197550773e-05
25136,9.190780516689155e-06
25137,1.2204527911802652e-05
25138,9.967603528957248e-06
25139,9.74454702862083e-06
25140,6.674408288524918e-06
25141,1.0817996061144057e-05
25142,1.1730922678968424e-05
25143,1.004334818679909e-05
25144,1.240405310203985e-05
25145,1.1398788038460363e-05
25146,1.1048121390319183e-05
25147,9.53237362447028e-06
25148,9.076566886993103e-06
25149,1.0304389685578956e-05
25150,1.0304389685578956e-05
25151,9.575534257900319e-06
25152,1.0501844755673104e-05
25153,9.174762821699772e-06
25154,9.597929014891506e-06
25155,9.866856785287496e-06
25156,1.0558042072649292e-05
25157,1.0044546564286435e-05
25158,1.9830105180616e-05
25159,1.0226947814012442e-05
25160,1.0452836128321915e-05
25161,2.2717111311177363e-05
25162,1.0323798207862645e-05
25163,9.53237362447028e-06
25164,9.777263074180927e-06
25165,1.0588724794969408e-05
25166,1.0248059245605469e-05
25167,1.061481761300295e-05
25168,1.5805030369046533e-05
25169,9.076566886993103e-06
25170,1.007952052925644e-05
25171,9.076566886993103e-06
25172,2.7351144958181776e-05
25173,9.882082474788552e-06
25174,1.6394023874148565e-05
25175,1.0727799886620179e-05
25176,1.0633902373928431e-05
25177,1.0348370002420954e-05
25178,6.674408288524918e-06
25179,1.0474522801572617e-05
25180,9.582707565010591e-06
25181,1.1453354286263499e-05
25182,9.489074365034779e-06
25183,1.0165217108108049e-05
25184,1.0452836128321915e-05
25185,1.0558042072649292e-05
25186,9.582707565010591e-06
25187,9.715239379587256e-06
25188,1.2058786164846864e-05
25189,1.1029448466982983e-05
25190,1.2523040583816098e-05
25191,9.873227284104391e-06
25192,1.1021942368660868e-05
25193,1.195602319665265e-05
25194,1.0348370002420954e-05
25195,1.0633902373928431e-05
25196,9.024897217262012e-06
25197,1.353974428103868e-05
25198,1.5882834305190443e-05
25199,9.573603815458379e-06
25200,1.5303823375655826e-05
25201,1.0804275205124589e-05
25202,5.330244508974136e-06
25203,4.666344209254924e-05
25204,1.290701199440619e-05
25205,1.5737717227170055e-05
25206,2.0411087711870714e-05
25207,1.015245543295525e-05
25208,9.655747257728404e-06
25209,1.584887852931078e-05
25210,9.74454702862083e-06
25211,9.967603528957248e-06
25212,9.53237362447028e-06
25213,9.187772221265003e-06
25214,1.4716430378643245e-05
25215,9.575534257900319e-06
25216,1.0296113256437114e-05
25217,9.434520593808654e-06
25218,1.0325521945413936e-05
25219,1.5336504873161612e-05
25220,9.05804862443082e-06
25221,9.655747257728404e-06
25222,1.0093258079298354e-05
25223,1.061481761300295e-05
25224,1.0304389685578956e-05
25225,1.061481761300295e-05
25226,9.948291810840633e-06
25227,1.9825211151732564e-05
25228,1.3235113951511738e-05
25229,9.598517099071531e-06
25230,8.767001534425418e-06
25231,1.024622844441018e-05
25232,1.0325521945413936e-05
25233,8.507706948517618e-06
25234,1.0452836128321915e-05
25235,9.274634413796507e-06
25236,1.1029448466982983e-05
25237,1.0563899047708251e-05
25238,9.105964578815469e-06
25239,1.2058786164846864e-05
25240,1.0406263609766445e-05
25241,1.0414935439835905e-05
25242,1.9755177333994433e-05
25243,1.0523567967782293e-05
25244,6.674408288524918e-06
25245,9.882082474788552e-06
25246,9.05804862443082e-06
25247,1.0719318706660731e-05
25248,9.289948335583e-06
25249,1.2474004358217501e-05
25250,9.562433975323611e-06
25251,9.493588591525832e-06
25252,1.0729831536478351e-05
25253,9.62680544879162e-06
25254,7.55205999585218e-05
25255,1.8123337385119526e-05
25256,1.0270470779057243e-05
25257,8.167203774908568e-06
25258,1.1903663138696242e-05
25259,1.6191209620652177e-05
25260,6.674408288524918e-06
25261,9.187772221265003e-06
25262,9.05804862443082e-06
25263,9.567382476592197e-06
25264,1.2386260181243683e-05
25265,1.003161474217399e-05
25266,1.1703085965558177e-05
25267,2.1776053352546325e-05
25268,1.4716430378643245e-05
25269,9.885989024162485e-06
25270,1.353974428103868e-05
25271,9.59484738868822e-06
25272,1.2903399410220977e-05
25273,1.0605862121923956e-05
25274,8.251292371225482e-06
25275,8.98613338073191e-06
25276,1.0673198845483249e-05
25277,1.374552916434338e-05
25278,1.353974428103868e-05
25279,2.4841153133543303e-05
25280,9.967603528957248e-06
25281,9.463714720507445e-06
25282,1.0452836128321915e-05
25283,9.86788215339441e-06
25284,1.0414935439835905e-05
25285,6.674408288524918e-06
25286,9.875238193826672e-06
25287,1.240405310203985e-05
25288,1.177697881591642e-05
25289,2.2959819250205772e-05
25290,1.1033402850550749e-05
25291,1.2058786164846864e-05
25292,9.715239379587256e-06
25293,6.674408288524918e-06
25294,9.076566886993103e-06
25295,1.0248059245605469e-05
25296,1.353974428103868e-05
25297,1.0678217015801007e-05
25298,8.716259692959632e-06
25299,9.076566886993103e-06
25300,9.434906633416035e-06
25301,1.4472157442928997e-05
25302,1.5805030369046533e-05
25303,1.0605862121923956e-05
25304,9.255426568317661e-06
25305,1.0688941906292139e-05
25306,1.0304389685578956e-05
25307,8.423577999744469e-06
25308,1.2032706307433641e-05
25309,1.1029448466982983e-05
25310,2.310988405193277e-05
25311,8.98613338073191e-06
25312,9.489074365034779e-06
25313,1.0360425969893026e-05
25314,1.0327374865332602e-05
25315,9.255426568317661e-06
25316,1.177697881591642e-05
25317,9.365870353764055e-06
25318,9.239550899912532e-06
25319,8.38647689683554e-06
25320,9.74454702862083e-06
25321,9.289948335583e-06
25322,9.967603528957248e-06
25323,1.353974428103868e-05
25324,1.0304389685578956e-05
25325,1.2058786164846864e-05
25326,1.353974428103868e-05
25327,1.0266845488968174e-05
25328,1.9114960560530642e-05
25329,2.6529562650684588e-05
25330,1.1860737489420571e-05
25331,1.144840881813943e-05
25332,1.16452300893274e-05
25333,1.2152454439821123e-05
25334,0.0006570114189724291
25335,1.353974428103868e-05
25336,1.1398788038460363e-05
25337,9.577104748675804e-06
25338,2.388285517309812e-05
25339,1.396535951379383e-05
25340,1.0817996061144057e-05
25341,8.500037448077862e-06
25342,9.879854495037761e-06
25343,9.84128048041037e-06
25344,9.138178963690783e-06
25345,9.552202977205576e-06
25346,1.0304389685578956e-05
25347,1.003161474217399e-05
25348,9.593922196304636e-06
25349,1.3324024699602244e-05
25350,1.9755177333994433e-05
25351,9.593922196304636e-06
25352,9.593922196304636e-06
25353,9.593922196304636e-06
25354,1.6233260569216115e-05
25355,1.6147186048395073e-05
25356,1.1730922678968424e-05
25357,1.1860737489420571e-05
25358,9.885989024162485e-06
25359,9.850440573120747e-06
25360,2.1384589373349977e-05
25361,9.46984213922782e-06
25362,8.23675255475412e-06
25363,1.3091972186581859e-05
25364,8.98613338073191e-06
25365,1.0550014729632802e-05
25366,1.0803253796221225e-05
25367,1.00595519188609e-05
25368,1.0053411756575844e-05
25369,1.0691282150835419e-05
25370,1.003161474217399e-05
25371,1.3436683153497976e-05
25372,9.866856785287496e-06
25373,9.552202977205576e-06
25374,1.2039091181769635e-05
25375,9.359950071151196e-06
25376,1.0693114032578455e-05
25377,8.674958738307506e-06
25378,8.235115149818874e-06
25379,8.38647689683554e-06
25380,8.381642699285752e-06
25381,1.5060280707073713e-05
25382,9.076566886993103e-06
25383,9.92867238526007e-06
25384,1.0719318706660731e-05
25385,1.582528633075169e-05
25386,9.879854495037761e-06
25387,9.986120975271117e-06
25388,9.087188963134636e-06
25389,2.278916193703729e-05
25390,1.3436683153497976e-05
25391,1.1033402850550749e-05
25392,9.967603528957248e-06
25393,1.4514289020475637e-05
25394,1.926443404696907e-05
25395,1.0637314892586927e-05
25396,1.3091972186581859e-05
25397,9.967603528957248e-06
25398,1.0711341726803775e-05
25399,1.0673198845483249e-05
25400,2.0660012581822515e-05
25401,1.0558042072649292e-05
25402,9.777263074180927e-06
25403,1.617808108243418e-05
25404,6.674408288524918e-06
25405,9.882082474788552e-06
25406,9.434906633416035e-06
25407,1.206237794957882e-05
25408,8.98613338073191e-06
25409,1.0691282150835419e-05
25410,1.4768624116538681e-05
25411,1.0558042072649292e-05
25412,6.674408288524918e-06
25413,1.2203954207176694e-05
25414,9.530479144825802e-06
25415,8.38647689683554e-06
25416,1.0304389685578956e-05
25417,8.446582058610286e-06
25418,1.6338598614814993e-05
25419,7.4137074395127525e-06
25420,9.63849168571555e-06
25421,1.3436683153497976e-05
25422,9.024897217262012e-06
25423,8.900231607773971e-06
25424,1.0296113256437114e-05
25425,9.489074365034779e-06
25426,1.0633902373928431e-05
25427,1.4052213844825474e-05
25428,8.78158507753969e-06
25429,9.63462487911372e-06
25430,9.63849168571555e-06
25431,1.45044712351693e-05
25432,2.359484146752772e-05
25433,1.2058786164846864e-05
25434,1.0711341726803775e-05
25435,9.190780516689155e-06
25436,1.0213357406846318e-05
25437,8.900231607773971e-06
25438,8.864262995694006e-06
25439,1.395993526646592e-05
25440,1.1029448466982983e-05
25441,9.138178963690783e-06
25442,9.864537772104035e-06
25443,1.8074404710843194e-05
25444,1.3436683153497976e-05
25445,1.353310483108962e-05
25446,9.967603528957248e-06
25447,9.136632654823229e-06
25448,1.0673198845483249e-05
25449,1.2851268277655292e-05
25450,9.434906633416035e-06
25451,2.6077213780176824e-05
25452,9.105964578815469e-06
25453,1.4150890363395776e-05
25454,1.3436683153497976e-05
25455,9.497136086334239e-06
25456,1.0608279290858941e-05
25457,9.875238193826672e-06
25458,1.0691282150835419e-05
25459,9.434906633416035e-06
25460,9.728168383333168e-06
25461,1.0598164728847593e-05
25462,9.809582392541579e-06
25463,1.3074226847997412e-05
25464,1.0691282150835419e-05
25465,2.2678878626931965e-05
25466,1.0213357406846318e-05
25467,9.920286267500786e-06
25468,4.561310528118881e-06
25469,1.7851170088680762e-05
25470,9.897250846409457e-06
25471,8.674958738307506e-06
25472,1.003161474217399e-05
25473,1.0360425969893026e-05
25474,9.882082474788552e-06
25475,1.1730922678968424e-05
25476,1.009278174243314e-05
25477,1.1740179007226193e-05
25478,1.5708647556549208e-05
25479,1.1022989657855392e-05
25480,9.567382476592197e-06
25481,1.0347163086799967e-05
25482,1.3074226847997412e-05
25483,8.767473216099917e-06
25484,9.597929014891506e-06
25485,1.3091972186581859e-05
25486,1.4968443612158854e-05
25487,1.0558042072649292e-05
25488,1.075355678101189e-05
25489,1.7851170088680762e-05
25490,1.0688941906292139e-05
25491,1.3664444591909596e-05
25492,5.709897647251412e-06
25493,9.187772221265003e-06
25494,1.0605862121923956e-05
25495,1.0673198845483249e-05
25496,1.0103479922825078e-05
25497,9.187772221265003e-06
25498,8.999522573062998e-06
25499,9.893028832896335e-06
25500,8.848748200179625e-06
25501,1.3436683153497976e-05
25502,1.0327374865332602e-05
25503,1.6651012461919995e-05
25504,9.632499591488105e-06
25505,9.711597088106313e-06
25506,1.2386260181243683e-05
25507,1.2039091181769635e-05
25508,1.5467674225837303e-05
25509,1.1730922678968424e-05
25510,1.0673198845483249e-05
25511,8.701594436996798e-06
25512,9.711597088106313e-06
25513,9.66366577643837e-06
25514,9.05804862443082e-06
25515,1.1457685382543619e-05
25516,1.2058786164846864e-05
25517,9.268172696095257e-05
25518,1.1022989657855392e-05
25519,9.489074365034779e-06
25520,2.2269471282196712e-05
25521,1.14672736681883e-05
25522,7.67957681734087e-06
25523,8.503783769685729e-06
25524,1.3124703986751003e-05
25525,9.655747257728404e-06
25526,1.47420538493451e-05
25527,1.0093258079298354e-05
25528,1.0581429682234979e-05
25529,1.5734478749650416e-05
25530,9.243134293251872e-06
25531,9.715239379587256e-06
25532,1.2386260181243683e-05
25533,9.434906633416035e-06
25534,1.6630144707014348e-05
25535,9.697915604753337e-06
25536,1.1052403610642951e-05
25537,1.2032706307433641e-05
25538,1.1522525439412445e-05
25539,1.353974428103868e-05
25540,1.3074226847997412e-05
25541,1.1261317758557567e-05
25542,2.402285957743226e-05
25543,9.882082474788552e-06
25544,1.4890606901564321e-05
25545,1.5805030369046533e-05
25546,1.5651867680050354e-05
25547,1.1730922678968424e-05
25548,1.0000952380046262e-05
25549,8.674958738307506e-06
25550,7.4137074395127525e-06
25551,2.2591218495623315e-05
25552,1.3022978431850824e-05
25553,1.003161474217399e-05
25554,9.239550899912532e-06
25555,9.289948335583e-06
25556,1.003161474217399e-05
25557,2.0923100818265584e-05
25558,1.009278174243314e-05
25559,1.4802798375446813e-05
25560,6.674408288524918e-06
25561,1.3091972186581859e-05
25562,1.1538865961995837e-05
25563,9.510111211076036e-06
25564,1.003161474217399e-05
25565,1.1730922678968424e-05
25566,8.75678691026644e-06
25567,1.3913469607568114e-05
25568,1.002322127836139e-05
25569,9.741334635875322e-06
25570,9.217894788126734e-06
25571,1.5633956019020575e-05
25572,1.1426455135438735e-05
25573,1.0588724794969408e-05
25574,9.05804862443082e-06
25575,9.434520593808654e-06
25576,1.003161474217399e-05
25577,9.024897217262012e-06
25578,1.1905788186692852e-05
25579,1.0633902373928431e-05
25580,9.504497492612455e-06
25581,9.434520593808654e-06
25582,9.897250846409457e-06
25583,1.002322127836139e-05
25584,1.6734846361747555e-05
25585,9.567382476592197e-06
25586,6.47770572288029e-06
25587,1.0147900018722789e-05
25588,1.4914662407893656e-05
25589,1.0558042072649292e-05
25590,1.1048121390319183e-05
25591,1.0304389685578956e-05
25592,9.779141176581009e-06
25593,9.499363410106409e-06
25594,2.2019467888091356e-05
25595,9.217894788126734e-06
25596,8.966816258866327e-06
25597,5.709897647251412e-06
25598,1.0000952380046262e-05
25599,9.271261400480925e-06
25600,1.0008352767091742e-05
25601,9.700862731621744e-06
25602,9.700862731621744e-06
25603,9.715239379587256e-06
25604,1.3528035782459068e-05
25605,1.1009686358561009e-05
25606,1.3590823974705212e-05
25607,1.3519758028382828e-05
25608,0.00011314519484981588
25609,1.0558042072649292e-05
25610,9.593922196304636e-06
25611,1.1022989657855392e-05
25612,1.1436901100260788e-05
25613,1.0414935439835905e-05
25614,1.1594325978611455e-05
25615,8.552299102409865e-06
25616,1.3638731294397522e-05
25617,7.67957681734087e-06
25618,1.139810098846653e-05
25619,1.0610711704845131e-05
25620,8.674958738307506e-06
25621,1.8989864393129686e-05
25622,1.933112795770477e-05
25623,9.167046619281176e-06
25624,9.882082474788552e-06
25625,9.920286267500786e-06
25626,1.0241717869620738e-05
25627,9.667713638989134e-06
25628,9.217894788126734e-06
25629,1.028892948360175e-05
25630,9.399877875532114e-06
25631,1.0558042072649292e-05
25632,1.0729831536478351e-05
25633,9.655747257728404e-06
25634,9.61567250659419e-06
25635,1.0729831536478351e-05
25636,9.623776343241303e-06
25637,9.623776343241303e-06
25638,1.1320356980366022e-05
25639,1.0304389685578956e-05
25640,2.278916193703729e-05
25641,8.381642699285752e-06
25642,1.7921180054209362e-05
25643,9.885989024162485e-06
25644,9.582707565010591e-06
25645,9.667392672126224e-06
25646,1.015245543295525e-05
25647,9.804799282565535e-06
25648,1.0190310948017527e-05
25649,9.105964578815469e-06
25650,1.2338684162925741e-05
25651,1.0691282150835419e-05
25652,1.0327374865332602e-05
25653,1.0558042072649292e-05
25654,9.91480548679001e-06
25655,9.076566886993103e-06
25656,9.967603528957248e-06
25657,9.499363410106409e-06
25658,1.7151520870937987e-05
25659,8.530722915133776e-06
25660,1.3381641488624728e-05
25661,1.144840881813943e-05
25662,1.1522525439412445e-05
25663,1.3074226847997412e-05
25664,1.0248059245605469e-05
25665,1.0558042072649292e-05
25666,9.864537772104035e-06
25667,1.3664444591909596e-05
25668,1.1022989657855392e-05
25669,9.21288922684213e-06
25670,1.1320356980366022e-05
25671,1.0008352767091742e-05
25672,9.105964578815469e-06
25673,1.0608279290858941e-05
25674,1.3374143261500811e-05
25675,1.1048121390319183e-05
25676,1.139810098846653e-05
25677,9.699998832179042e-06
25678,9.690616076324506e-06
25679,8.423577999744469e-06
25680,1.4976308147503926e-05
25681,1.0264489145142471e-05
25682,1.0606931434926932e-05
25683,9.741334635875322e-06
25684,1.0360425969893026e-05
25685,9.255426568317661e-06
25686,1.7151520870937987e-05
25687,9.149489293946556e-06
25688,9.901718571693991e-06
25689,1.0161542246783875e-05
25690,1.0558042072649292e-05
25691,1.1364417115222792e-05
25692,9.317540546083008e-06
25693,1.580351760117694e-05
25694,9.149489293946556e-06
25695,1.0304389685578956e-05
25696,1.1927319761978385e-05
25697,1.1028616036275543e-05
25698,1.2204527911802652e-05
25699,1.1904958243208149e-05
25700,9.138178963690783e-06
25701,1.0327374865332602e-05
25702,9.582707565010591e-06
25703,9.138178963690783e-06
25704,7.935958174012888e-06
25705,1.1317600624029021e-05
25706,1.9305699409827975e-05
25707,9.741334635875322e-06
25708,1.036236578670301e-05
25709,1.0093258079298354e-05
25710,8.38647689683554e-06
25711,1.1453354286263499e-05
25712,1.3091972186581859e-05
25713,1.0817996061144057e-05
25714,1.3091972186581859e-05
25715,8.92760565575325e-06
25716,9.901718571693991e-06
25717,1.1317600624029021e-05
25718,9.882082474788552e-06
25719,1.0327374865332602e-05
25720,1.1028616036275543e-05
25721,9.967603528957248e-06
25722,9.700862731621744e-06
25723,1.075355678101189e-05
25724,1.0550014729632802e-05
25725,1.0605862121923956e-05
25726,1.1022989657855392e-05
25727,9.274351034608919e-06
25728,1.3436683153497976e-05
25729,1.0641409131589505e-05
25730,9.53237362447028e-06
25731,7.55205999585218e-05
25732,9.582707565010591e-06
25733,1.1317600624029021e-05
25734,2.4909584151076423e-05
25735,9.697915604753337e-06
25736,6.674408288524918e-06
25737,1.0394028520652429e-05
25738,1.3731592824904005e-05
25739,1.0550014729632802e-05
25740,9.493588591525832e-06
25741,1.0130978342956305e-05
25742,1.0327811939182512e-05
25743,1.71291108272927e-05
25744,9.394769817727571e-06
25745,9.71769253600263e-06
25746,1.405705535578172e-05
25747,1.5805030369046533e-05
25748,1.7151520870937987e-05
25749,9.711597088106313e-06
25750,9.394769817727571e-06
25751,1.0270470779057243e-05
25752,1.0332553080377697e-05
25753,1.0241717869620738e-05
25754,1.240405310203985e-05
25755,8.503783769685729e-06
25756,1.0304389685578956e-05
25757,1.7151520870937987e-05
25758,1.0896042873277623e-05
25759,1.0719318706660731e-05
25760,1.075355678101189e-05
25761,1.0896042873277623e-05
25762,1.0470739855513193e-05
25763,1.0550014729632802e-05
25764,2.065278185243198e-05
25765,1.7151520870937987e-05
25766,1.7151520870937987e-05
25767,1.015245543295525e-05
25768,1.353974428103868e-05
25769,1.4890606901564321e-05
25770,1.3074226847997412e-05
25771,9.476399044439624e-06
25772,2.464394815634127e-05
25773,1.1317600624029021e-05
25774,9.746406357827071e-06
25775,1.173864753070442e-05
25776,1.1028616036275543e-05
25777,1.35979808343122e-05
25778,1.1022989657855392e-05
25779,1.9795192222534127e-05
25780,1.4689732959475856e-05
25781,8.97547957802772e-06
25782,9.901718571693991e-06
25783,1.71291108272927e-05
25784,1.195602319665265e-05
25785,1.0896042873277623e-05
25786,1.3606183092987272e-05
25787,1.0896042873277623e-05
25788,9.61567250659419e-06
25789,1.0896042873277623e-05
25790,1.0896042873277623e-05
25791,1.0896042873277623e-05
25792,1.7151520870937987e-05
25793,1.7151520870937987e-05
25794,1.4097549706343284e-05
25795,9.63849168571555e-06
25796,1.2639093002656946e-05
25797,1.0360425969893026e-05
25798,1.1633336805859158e-05
25799,8.98613338073191e-06
25800,9.655747257728404e-06
25801,1.1317600624029021e-05
25802,1.4637748528466378e-05
25803,9.754070560661059e-06
25804,8.423577999744469e-06
25805,1.0673198845483249e-05
25806,1.1398788038460363e-05
25807,9.967603528957248e-06
25808,1.0920974649155722e-05
25809,1.8529599185829166e-05
25810,1.3074226847997412e-05
25811,9.681320269540957e-06
25812,1.003161474217399e-05
25813,9.187772221265003e-06
25814,9.715239379587256e-06
25815,1.3348394245257142e-05
25816,1.0377534691953246e-05
25817,6.674408288524918e-06
25818,1.5343465993165088e-05
25819,9.920286267500786e-06
25820,9.434838296707893e-06
25821,1.1029448466982983e-05
25822,1.009278174243314e-05
25823,9.741334635875322e-06
25824,1.5139241559866753e-05
25825,1.3091972186581859e-05
25826,1.1022989657855392e-05
25827,1.5237836898401792e-05
25828,1.7013545048914908e-05
25829,9.22237046987849e-06
25830,9.875238193826672e-06
25831,1.3246244734768097e-05
25832,1.0896042873277623e-05
25833,9.715239379587256e-06
25834,1.1317600624029021e-05
25835,1.240405310203985e-05
25836,1.1317600624029021e-05
25837,9.741334635875322e-06
25838,1.0896042873277623e-05
25839,9.274351034608919e-06
25840,1.0691282150835419e-05
25841,1.0296113256437114e-05
25842,1.0327811939182512e-05
25843,1.0327811939182512e-05
25844,1.0327811939182512e-05
25845,1.5537079115608647e-05
25846,1.0641409131589505e-05
25847,1.353974428103868e-05
25848,1.0304389685578956e-05
25849,1.0817996061144057e-05
25850,9.63908308380622e-06
25851,1.0166102663128765e-05
25852,1.0296113256437114e-05
25853,1.0327374865332602e-05
25854,1.246725840014532e-05
25855,1.4833806751176909e-05
25856,1.0414935439835905e-05
25857,1.0610711704845131e-05
25858,1.0304389685578956e-05
25859,8.00442349643869e-06
25860,1.1029448466982983e-05
25861,1.0327811939182512e-05
25862,9.575534257900319e-06
25863,1.4573411936877398e-05
25864,1.0637853883326657e-05
25865,1.1052403610642951e-05
25866,9.920286267500786e-06
25867,1.1730922678968424e-05
25868,1.6062533940830677e-05
25869,1.0558042072649292e-05
25870,1.1317600624029021e-05
25871,1.0304389685578956e-05
25872,1.0248059245605469e-05
25873,1.0327811939182512e-05
25874,1.246725840014532e-05
25875,8.519751819647818e-06
25876,8.519751819647818e-06
25877,2.251356570795308e-05
25878,9.255426568317661e-06
25879,1.2058786164846864e-05
25880,1.1730922678968424e-05
25881,1.0770814934632905e-05
25882,1.0320122706611893e-05
25883,1.0588724794969408e-05
25884,9.63908308380622e-06
25885,1.1118294444784053e-05
25886,1.1048121390319183e-05
25887,1.1028616036275543e-05
25888,1.0327374865332602e-05
25889,1.0147900018722789e-05
25890,9.920286267500786e-06
25891,1.5638864729249647e-05
25892,1.0377534691953246e-05
25893,3.0485422449514447e-05
25894,1.5091634528721268e-05
25895,1.1436901100260788e-05
25896,1.0165217108108049e-05
25897,1.0348370002420954e-05
25898,1.1518484203629429e-05
25899,9.811995885297593e-06
25900,8.801301594525623e-06
25901,2.0654512168795214e-05
25902,1.3707784323160231e-05
25903,1.2386260181243683e-05
25904,1.00595519188609e-05
25905,9.076566886993103e-06
25906,1.1730922678968424e-05
25907,1.621969227130941e-05
25908,1.1890914696313478e-05
25909,1.1317600624029021e-05
25910,2.3826147536938143e-05
25911,9.289948335583e-06
25912,1.075355678101189e-05
25913,1.3236288646611567e-05
25914,1.0008352767091742e-05
25915,9.967603528957248e-06
25916,1.3590823974705212e-05
25917,1.3074226847997412e-05
25918,1.315467809777112e-05
25919,1.1029448466982983e-05
25920,9.63908308380622e-06
25921,1.0044546564286435e-05
25922,1.0558042072649292e-05
25923,1.1904958243208149e-05
25924,1.002322127836139e-05
25925,1.2204527911802652e-05
25926,1.002322127836139e-05
25927,1.0691282150835419e-05
25928,1.1072958869998366e-05
25929,1.075355678101189e-05
25930,1.075355678101189e-05
25931,1.545960153829903e-05
25932,1.9380532906078424e-05
25933,8.98613338073191e-06
25934,9.875238193826672e-06
25935,9.394769817727571e-06
25936,8.8687787159733e-06
25937,7.900968631603151e-06
25938,1.5254975402569197e-05
25939,9.007728934627767e-06
25940,9.866856785287496e-06
25941,1.01587953328069e-05
25942,6.674408288524918e-06
25943,1.3913469607568114e-05
25944,1.3821752150515704e-05
25945,1.0320122706611893e-05
25946,8.709456420603492e-06
25947,6.674408288524918e-06
25948,8.674958738307506e-06
25949,1.024622844441018e-05
25950,1.1594325978611455e-05
25951,1.0008352767091742e-05
25952,1.7151520870937987e-05
25953,9.167046619281176e-06
25954,1.0201731640124468e-05
25955,1.0190781318694255e-05
25956,2.0654512168795214e-05
25957,9.093273707967679e-06
25958,1.0000952380046262e-05
25959,8.813491425659442e-06
25960,1.3091972186581859e-05
25961,4.8712817787507075e-06
25962,1.0739562233243814e-05
25963,1.1022989657855392e-05
25964,2.5321881517777475e-05
25965,8.75678691026644e-06
25966,9.093273707967679e-06
25967,1.0304389685578956e-05
25968,1.841798906242609e-05
25969,9.105964578815469e-06
25970,1.2058786164846864e-05
25971,8.611358100279569e-06
25972,1.5805030369046533e-05
25973,9.882082474788552e-06
25974,9.655747257728404e-06
25975,9.741334635875322e-06
25976,9.489074365034779e-06
25977,9.63908308380622e-06
25978,1.0241717869620738e-05
25979,1.0267670007139493e-05
25980,1.0267670007139493e-05
25981,1.0641409131589505e-05
25982,2.5959303873323412e-05
25983,9.861512805350344e-06
25984,1.3074226847997412e-05
25985,1.734549958293393e-05
25986,9.59484738868822e-06
25987,1.0920974649155722e-05
25988,9.667713638989134e-06
25989,1.075355678101189e-05
25990,2.569944741723727e-05
25991,1.3913469607568114e-05
25992,9.718210177599535e-06
25993,1.0327374865332602e-05
25994,9.63849168571555e-06
25995,9.434520593808654e-06
25996,9.522600185838625e-06
25997,9.522600185838625e-06
25998,1.4362661394807078e-05
25999,1.0226947814012442e-05
26000,1.0201731640124468e-05
26001,9.190780516689155e-06
26002,9.700862731621744e-06
26003,1.0610711704845131e-05
26004,9.133376089963482e-06
26005,9.190780516689155e-06
26006,8.927377406965493e-06
26007,1.280742674021427e-05
26008,9.655747257728404e-06
26009,9.59484738868822e-06
26010,9.007728934627767e-06
26011,9.255426568317661e-06
26012,1.0012821076224137e-05
26013,1.3004638271954105e-05
26014,1.1904958243208149e-05
26015,4.0602541873531914e-05
26016,1.2113469516883801e-05
26017,1.1022989657855392e-05
26018,1.5206754435756417e-05
26019,9.809582392541579e-06
26020,9.138178963690783e-06
26021,1.1072958869998366e-05
26022,1.3436683153497976e-05
26023,8.503783769685729e-06
26024,1.0267670007139493e-05
26025,8.251292371225482e-06
26026,1.0248059245605469e-05
26027,9.63849168571555e-06
26028,1.00595519188609e-05
26029,9.63849168571555e-06
26030,8.75678691026644e-06
26031,1.2140125932604096e-05
26032,1.0986418995693328e-05
26033,2.1238758852327743e-05
26034,9.53237362447028e-06
26035,9.956974897762962e-06
26036,1.0012821076224137e-05
26037,1.0093258079298354e-05
26038,1.4806057648764526e-05
26039,1.2058786164846864e-05
26040,1.177697881591642e-05
26041,8.674958738307506e-06
26042,9.058025879748137e-06
26043,9.861512805350344e-06
26044,1.3553713199137633e-05
26045,9.217894788126734e-06
26046,9.428316725526897e-06
26047,9.593922196304636e-06
26048,9.593922196304636e-06
26049,1.4890606901564321e-05
26050,1.028892948360175e-05
26051,1.2071482937644777e-05
26052,1.6087393637960034e-05
26053,1.92742957531331e-05
26054,1.174121193020162e-05
26055,9.935008023651504e-06
26056,1.0912632421942477e-05
26057,9.84128048041037e-06
26058,1.0605862121923956e-05
26059,1.0896042873277623e-05
26060,9.217894788126734e-06
26061,9.804799282565535e-06
26062,9.866856785287496e-06
26063,9.582707565010591e-06
26064,6.68168558103161e-06
26065,1.2567306595960195e-05
26066,1.5902257988109796e-05
26067,8.674958738307506e-06
26068,9.593922196304636e-06
26069,1.0816858899900522e-05
26070,9.711597088106313e-06
26071,9.873227284104391e-06
26072,1.0923473382729238e-05
26073,9.582707565010591e-06
26074,1.1022989657855392e-05
26075,9.879854495037761e-06
26076,9.61567250659419e-06
26077,1.4120813507300247e-05
26078,8.8687787159733e-06
26079,2.0654512168795214e-05
26080,1.4200942277129729e-05
26081,9.71769253600263e-06
26082,1.0896042873277623e-05
26083,1.1035057057789817e-05
26084,9.882082474788552e-06
26085,1.177697881591642e-05
26086,8.264536680063052e-06
26087,1.3091972186581859e-05
26088,1.1029448466982983e-05
26089,4.8712817787507075e-06
26090,1.0201731640124468e-05
26091,9.63908308380622e-06
26092,7.67957681734087e-06
26093,9.575534257900319e-06
26094,1.5374247764682474e-05
26095,1.1927319761978385e-05
26096,1.1317600624029021e-05
26097,1.0360425969893026e-05
26098,9.697915604753337e-06
26099,1.2058786164846864e-05
26100,1.4966910436791555e-05
26101,2.0654512168795214e-05
26102,1.0008352767091742e-05
26103,1.2851268277655292e-05
26104,9.244975147240444e-06
26105,1.3074226847997412e-05
26106,1.144840881813943e-05
26107,1.0719318706660731e-05
26108,1.611917240501375e-05
26109,1.313529346607597e-05
26110,1.1730922678968424e-05
26111,8.662385608594642e-06
26112,1.4412617543268523e-05
26113,9.076566886993103e-06
26114,1.177697881591642e-05
26115,9.667392672126224e-06
26116,1.0360425969893026e-05
26117,1.050537032126487e-05
26118,8.8687787159733e-06
26119,1.003161474217399e-05
26120,1.050537032126487e-05
26121,1.3528035782459068e-05
26122,9.105964578815469e-06
26123,9.593922196304636e-06
26124,9.489074365034779e-06
26125,9.215423587209066e-06
26126,9.875238193826672e-06
26127,9.007728934627767e-06
26128,1.3074226847997412e-05
26129,1.280742674021427e-05
26130,1.0190310948017527e-05
26131,9.667713638989134e-06
26132,1.0264489145142471e-05
26133,1.4536318010991189e-05
26134,1.0414935439835905e-05
26135,3.4337244990717756e-05
26136,9.593922196304636e-06
26137,1.00595519188609e-05
26138,1.075355678101189e-05
26139,9.359950071151196e-06
26140,9.489074365034779e-06
26141,1.009278174243314e-05
26142,1.075355678101189e-05
26143,6.848318894276419e-06
26144,8.251292371225482e-06
26145,1.2851268277655292e-05
26146,1.0008352767091742e-05
26147,1.0360425969893026e-05
26148,1.195602319665265e-05
26149,8.674958738307506e-06
26150,6.697958124039644e-06
26151,1.2204527911802652e-05
26152,9.746406357827071e-06
26153,9.879854495037761e-06
26154,1.2032706307433641e-05
26155,1.4676245630072939e-05
26156,9.136632654823229e-06
26157,6.674408288524918e-06
26158,6.162605517118313e-06
26159,2.545683266681123e-05
26160,2.6196568016249983e-05
26161,9.804799282565535e-06
26162,1.0369786528028124e-05
26163,8.674958738307506e-06
26164,1.0323798207862645e-05
26165,9.317540546083008e-06
26166,1.2314002950744122e-05
26167,9.489074365034779e-06
26168,1.0320122706611893e-05
26169,9.187772221265003e-06
26170,1.075355678101189e-05
26171,8.503783769685729e-06
26172,1.0296113256437114e-05
26173,9.741334635875322e-06
26174,9.22237046987849e-06
26175,1.050537032126487e-05
26176,1.0270470779057243e-05
26177,9.715239379587256e-06
26178,1.960997784886449e-05
26179,1.0588724794969408e-05
26180,9.463714720507445e-06
26181,1.00758020558691e-05
26182,1.1398788038460363e-05
26183,1.1398788038460363e-05
26184,1.353974428103868e-05
26185,1.3074226847997412e-05
26186,1.2058786164846864e-05
26187,1.1398788038460363e-05
26188,9.263821395050691e-06
26189,9.967603528957248e-06
26190,1.075355678101189e-05
26191,1.4945595097074781e-05
26192,1.0560123404569157e-05
26193,9.667713638989134e-06
26194,1.075355678101189e-05
26195,1.1728661315964814e-05
26196,1.4281531587386947e-05
26197,1.6160215714547697e-05
26198,2.3478785922727716e-05
26199,1.0264489145142471e-05
26200,1.195602319665265e-05
26201,1.5532023554074394e-05
26202,1.5069353080020717e-05
26203,9.533867864066155e-06
26204,1.0523880672159554e-05
26205,1.2962026921746081e-05
26206,9.105964578815469e-06
26207,1.4181108527297387e-05
26208,2.044181892234919e-05
26209,9.893028832896335e-06
26210,1.561672507807021e-05
26211,9.244975147240444e-06
26212,9.681320269540957e-06
26213,9.434520593808654e-06
26214,9.967603528957248e-06
26215,9.080530119703727e-06
26216,9.920286267500786e-06
26217,1.8496947263979245e-05
26218,1.028892948360175e-05
26219,8.709456420603492e-06
26220,1.0369786528028124e-05
26221,9.46984213922782e-06
26222,1.0560123404569157e-05
26223,4.748040906592794e-06
26224,1.0264489145142471e-05
26225,1.0394028520652429e-05
26226,1.0633902373928431e-05
26227,9.076566886993103e-06
26228,9.575534257900319e-06
26229,1.0729831536478351e-05
26230,1.00758020558691e-05
26231,9.948291810840633e-06
26232,9.804799282565535e-06
26233,9.967603528957248e-06
26234,1.9635590884954695e-05
26235,1.4497804014879282e-05
26236,1.3900389310176486e-05
26237,1.1909870126827609e-05
26238,1.0241717869620738e-05
26239,5.662715410296269e-06
26240,1.00595519188609e-05
26241,4.748040906592794e-06
26242,9.076566886993103e-06
26243,1.0523880672159554e-05
26244,1.2314002950744122e-05
26245,1.353974428103868e-05
26246,1.00595519188609e-05
26247,9.190780516689155e-06
26248,8.251292371225482e-06
26249,9.897250846409457e-06
26250,2.349598110954985e-05
26251,1.145795212043991e-05
26252,1.1453354286263499e-05
26253,1.1730922678968424e-05
26254,1.573929260921026e-05
26255,1.3234207932267239e-05
26256,1.075355678101189e-05
26257,9.866856785287496e-06
26258,9.007728934627767e-06
26259,9.493588591525832e-06
26260,1.1364417115222792e-05
26261,9.901718571693991e-06
26262,3.9695066558197856e-05
26263,1.040634852296654e-05
26264,1.5805030369046533e-05
26265,6.848318894276419e-06
26266,1.246725840014532e-05
26267,1.0377534691953246e-05
26268,9.46984213922782e-06
26269,9.289948335583e-06
26270,1.1510848380920765e-05
26271,1.0008352767091742e-05
26272,1.0347163086799967e-05
26273,1.5312463392314367e-05
26274,9.63908308380622e-06
26275,1.9131027892178076e-05
26276,1.2203954207176694e-05
26277,9.623776343241303e-06
26278,1.0896042873277623e-05
26279,1.0896042873277623e-05
26280,9.463714720507445e-06
26281,1.1212693996919311e-05
26282,1.559522266318491e-05
26283,8.791670321956946e-06
26284,9.007728934627767e-06
26285,1.2637990413704311e-05
26286,7.600365966764404e-06
26287,1.2152454439821123e-05
26288,1.2386260181243683e-05
26289,1.1426455135438735e-05
26290,1.0147900018722789e-05
26291,9.793412700163626e-06
26292,9.582707565010591e-06
26293,1.353974428103868e-05
26294,1.0327811939182512e-05
26295,2.098327078454948e-05
26296,8.75678691026644e-06
26297,1.002322127836139e-05
26298,1.3579302776659071e-05
26299,9.901718571693991e-06
26300,8.92760565575325e-06
26301,8.701594436996798e-06
26302,1.0998759080324583e-05
26303,1.0360425969893026e-05
26304,1.0689881014854909e-05
26305,9.217894788126734e-06
26306,1.1072958869998366e-05
26307,1.1028616036275543e-05
26308,2.035786916861256e-05
26309,1.0689881014854909e-05
26310,8.251292371225482e-06
26311,9.573603815458379e-06
26312,9.289948335583e-06
26313,1.0689881014854909e-05
26314,1.1347282628427675e-05
26315,1.0452836128321915e-05
26316,1.6162134651578813e-05
26317,1.0689881014854909e-05
26318,9.804799282565535e-06
26319,8.30724933669107e-06
26320,8.966816258866327e-06
26321,1.1317600624029021e-05
26322,1.1317600624029021e-05
26323,1.353974428103868e-05
26324,9.533867864066155e-06
26325,9.514281501058351e-06
26326,1.1347282628427675e-05
26327,1.0688941906292139e-05
26328,1.2203954207176694e-05
26329,9.582707565010591e-06
26330,9.967603528957248e-06
26331,1.0688941906292139e-05
26332,1.3436683153497976e-05
26333,9.187772221265003e-06
26334,3.607894115886087e-05
26335,9.63849168571555e-06
26336,9.623776343241303e-06
26337,6.261008373845563e-06
26338,1.0804275205124589e-05
26339,1.246725840014532e-05
26340,1.002322127836139e-05
26341,8.00442349643869e-06
26342,2.171471501307282e-05
26343,1.353974428103868e-05
26344,1.075355678101189e-05
26345,1.050537032126487e-05
26346,8.674958738307506e-06
26347,1.1118294444784053e-05
26348,1.1118294444784053e-05
26349,1.0804275205124589e-05
26350,1.1029448466982983e-05
26351,1.1317600624029021e-05
26352,9.187772221265003e-06
26353,1.0538603789410964e-05
26354,1.0538603789410964e-05
26355,1.0360425969893026e-05
26356,9.190780516689155e-06
26357,1.004334818679909e-05
26358,6.674408288524918e-06
26359,4.670451762247022e-06
26360,1.1453354286263499e-05
26361,1.1022989657855392e-05
26362,9.711597088106313e-06
26363,9.187772221265003e-06
26364,1.3074226847997412e-05
26365,2.021248679161757e-05
26366,2.7777713501407732e-05
26367,8.701594436996798e-06
26368,1.61922158403411e-05
26369,9.74983946570471e-06
26370,1.2058786164846864e-05
26371,1.7426940890980097e-05
26372,1.0896042873277623e-05
26373,9.499363410106409e-06
26374,1.3705362334887586e-05
26375,1.9755177333994433e-05
26376,9.598517099071531e-06
26377,1.1317600624029021e-05
26378,1.0608279290858941e-05
26379,1.353974428103868e-05
26380,1.1317600624029021e-05
26381,9.215423587209066e-06
26382,1.0727799886620179e-05
26383,1.313529346607597e-05
26384,9.893028832896335e-06
26385,1.5721977196807936e-05
26386,1.0323798207862645e-05
26387,9.920286267500786e-06
26388,9.718210177599535e-06
26389,1.0896042873277623e-05
26390,1.015245543295525e-05
26391,1.5115876669139728e-05
26392,1.0008352767091742e-05
26393,9.289948335583e-06
26394,1.1317600624029021e-05
26395,9.463714720507445e-06
26396,1.723461741053332e-05
26397,1.353974428103868e-05
26398,1.0972657349413722e-05
26399,9.573603815458379e-06
26400,8.647477836723018e-06
26401,9.667392672126224e-06
26402,1.0226947814012442e-05
26403,1.0377534691953246e-05
26404,9.133376089963482e-06
26405,9.133376089963482e-06
26406,1.1072958869998366e-05
26407,1.240405310203985e-05
26408,9.244975147240444e-06
26409,1.0606931434926932e-05
26410,1.0008352767091742e-05
26411,1.0327811939182512e-05
26412,9.593922196304636e-06
26413,9.105964578815469e-06
26414,1.144840881813943e-05
26415,8.918825550472759e-06
26416,9.593922196304636e-06
26417,9.254412739787047e-06
26418,9.217894788126734e-06
26419,9.873227284104391e-06
26420,8.674958738307506e-06
26421,9.463714720507445e-06
26422,1.0523880672159554e-05
26423,9.158656342036634e-06
26424,9.63908308380622e-06
26425,9.024897217262012e-06
26426,1.0360425969893026e-05
26427,1.5241762736344542e-05
26428,9.897250846409457e-06
26429,1.0008352767091742e-05
26430,1.850335958579132e-05
26431,1.4337507885582391e-05
26432,1.0296113256437114e-05
26433,9.49242637511871e-06
26434,9.244975147240444e-06
26435,9.63849168571555e-06
26436,1.280742674021427e-05
26437,9.217894788126734e-06
26438,1.280742674021427e-05
26439,2.245902810907704e-05
26440,1.0241717869620738e-05
26441,9.255411106325404e-06
26442,1.0304389685578956e-05
26443,1.0986418995693328e-05
26444,1.0550014729632802e-05
26445,9.920286267500786e-06
26446,9.879854495037761e-06
26447,9.885989024162485e-06
26448,1.206237794957882e-05
26449,1.5222107848465297e-05
26450,9.221294298458603e-06
26451,9.510111211076036e-06
26452,1.5129553443926921e-05
26453,9.811995885297593e-06
26454,1.1317600624029021e-05
26455,9.681320269540957e-06
26456,1.0558042072649292e-05
26457,1.1510848380920765e-05
26458,1.1730922678968424e-05
26459,9.22237046987849e-06
26460,1.0000952380046262e-05
26461,9.59484738868822e-06
26462,1.0896042873277623e-05
26463,1.2386260181243683e-05
26464,1.0846275897866931e-05
26465,1.0896042873277623e-05
26466,1.0896042873277623e-05
26467,1.0896042873277623e-05
26468,9.864537772104035e-06
26469,1.009278174243314e-05
26470,9.63908308380622e-06
26471,9.493588591525832e-06
26472,9.428316725526897e-06
26473,1.0523567967782293e-05
26474,1.145795212043991e-05
26475,1.0062967791087864e-05
26476,9.058025879748137e-06
26477,1.4430316342364026e-05
26478,1.0304389685578956e-05
26479,1.0395100361401984e-05
26480,0.0002864589297959837
26481,8.251292371225482e-06
26482,2.566416432731014e-05
26483,1.0360425969893026e-05
26484,1.353974428103868e-05
26485,1.1904958243208149e-05
26486,1.0414935439835905e-05
26487,1.0729831536478351e-05
26488,1.1317600624029021e-05
26489,1.1317600624029021e-05
26490,1.1004350244038656e-05
26491,9.058025879748137e-06
26492,1.1022989657855392e-05
26493,1.0008352767091742e-05
26494,1.589260290070389e-05
26495,1.0986418995693328e-05
26496,1.0558042072649292e-05
26497,1.4888128048083517e-05
26498,1.050537032126487e-05
26499,1.0201731640124468e-05
26500,1.4956375804749777e-05
26501,1.0270470779057243e-05
26502,9.690616076324506e-06
26503,1.5422749794061822e-05
26504,8.876674958475657e-06
26505,1.2032706307433641e-05
26506,8.876674958475657e-06
26507,9.809582392541579e-06
26508,9.399877875532114e-06
26509,1.5805030369046533e-05
26510,1.218607892267229e-05
26511,1.0377534691953246e-05
26512,1.2032706307433641e-05
26513,9.74983946570471e-06
26514,1.1004350244038656e-05
26515,9.793412700163626e-06
26516,9.711597088106313e-06
26517,1.0248059245605469e-05
26518,1.772901753600773e-05
26519,1.0673198845483249e-05
26520,1.0414935439835905e-05
26521,1.0296113256437114e-05
26522,1.4592497540810247e-05
26523,1.1029448466982983e-05
26524,2.4152313914001623e-05
26525,9.102414151293753e-06
26526,1.2386260181243683e-05
26527,8.503783769685729e-06
26528,1.0719318706660731e-05
26529,1.0320122706611893e-05
26530,9.885989024162485e-06
26531,2.0700636694409287e-05
26532,9.690616076324506e-06
26533,1.3022978431850824e-05
26534,1.0320122706611893e-05
26535,1.0606931434926932e-05
26536,1.2032706307433641e-05
26537,9.497136086334239e-06
26538,9.855818921322782e-06
26539,1.1317600624029021e-05
26540,8.423577999744469e-06
26541,9.920286267500786e-06
26542,9.967603528957248e-06
26543,1.0369786528028124e-05
26544,2.147503733479397e-05
26545,9.885989024162485e-06
26546,1.1048121390319183e-05
26547,1.144840881813943e-05
26548,1.4981671254877306e-05
26549,1.0812452155678734e-05
26550,2.068746466982372e-05
26551,1.5254975402569197e-05
26552,1.0452836128321915e-05
26553,1.3348394245257142e-05
26554,1.0986418995693328e-05
26555,1.2314002950744122e-05
26556,8.423577999744469e-06
26557,9.105964578815469e-06
26558,2.202459421647492e-05
26559,9.007728934627767e-06
26560,8.674958738307506e-06
26561,5.552047756660196e-06
26562,1.2990420333670904e-05
26563,8.444617015338625e-06
26564,6.674408288524918e-06
26565,1.2058786164846864e-05
26566,1.1317600624029021e-05
26567,1.1317600624029021e-05
26568,7.077484043904249e-06
26569,1.1909870126827609e-05
26570,3.10614748712374e-05
26571,1.8374790933689325e-05
26572,8.35108128676514e-06
26573,1.9755177333994433e-05
26574,9.66366577643837e-06
26575,8.473734475392515e-06
26576,3.712521590813213e-05
26577,2.3776904389377417e-05
26578,1.0201731640124468e-05
26579,6.674408288524918e-06
26580,1.036236578670301e-05
26581,9.255426568317661e-06
26582,1.8560859512674055e-05
26583,1.0817996061144057e-05
26584,1.0688941906292139e-05
26585,1.050537032126487e-05
26586,1.0727799886620179e-05
26587,1.1728661315964814e-05
26588,1.5952788974890224e-05
26589,1.2386260181243683e-05
26590,1.240405310203985e-05
26591,8.75678691026644e-06
26592,9.568833028344554e-06
26593,9.499363410106409e-06
26594,9.37368426311911e-06
26595,9.655747257728404e-06
26596,1.0660709689367653e-05
26597,9.885989024162485e-06
26598,6.813701928542864e-06
26599,9.100911172186245e-06
26600,8.807659066140166e-06
26601,8.75678691026644e-06
26602,8.701594436996798e-06
26603,9.670155646245056e-06
26604,1.1364417115222792e-05
26605,9.133376089963482e-06
26606,1.024622844441018e-05
26607,9.746406357827071e-06
26608,1.0673198845483249e-05
26609,9.136632654823229e-06
26610,1.024622844441018e-05
26611,1.0347163086799967e-05
26612,1.009278174243314e-05
26613,9.076566886993103e-06
26614,1.0804275205124589e-05
26615,8.423577999744469e-06
26616,9.46984213922782e-06
26617,1.0008352767091742e-05
26618,9.728168383333168e-06
26619,1.0558042072649292e-05
26620,1.0053411756575844e-05
26621,6.674408288524918e-06
26622,1.2962026921746081e-05
26623,7.4137074395127525e-06
26624,1.0201731640124468e-05
26625,9.885989024162485e-06
26626,1.0729831536478351e-05
26627,8.801301594525623e-06
26628,1.5805030369046533e-05
26629,1.6070388057691263e-05
26630,8.984544075474056e-06
26631,9.274634413796507e-06
26632,2.5869417767461523e-05
26633,9.493566059282185e-06
26634,1.0719318706660731e-05
26635,8.785848222579045e-06
26636,1.0902678970234394e-05
26637,1.374552916434338e-05
26638,9.908087847875337e-06
26639,1.0605862121923956e-05
26640,1.0605862121923956e-05
26641,1.16117097546835e-05
26642,1.2138595103824425e-05
26643,1.0360425969893026e-05
26644,1.0304389685578956e-05
26645,9.779141176581009e-06
26646,1.0270470779057243e-05
26647,6.848318894276419e-06
26648,1.0719318706660731e-05
26649,2.1580879409751075e-05
26650,1.0347163086799967e-05
26651,8.832117818009644e-06
26652,1.1522525439412445e-05
26653,1.0296113256437114e-05
26654,1.4536318010991189e-05
26655,8.316408602707099e-06
26656,1.4995310580736606e-05
26657,1.0207916664227508e-05
26658,9.63908308380622e-06
26659,1.6358275203600717e-05
26660,1.0207916664227508e-05
26661,9.174762821699772e-06
26662,1.2039091181769635e-05
26663,1.0207916664227508e-05
26664,1.0304389685578956e-05
26665,1.0062967791087864e-05
26666,1.4900857894049633e-05
26667,9.289948335583e-06
26668,9.105964578815469e-06
26669,1.6102366101768837e-05
26670,9.715239379587256e-06
26671,1.1072958869998366e-05
26672,9.058025879748137e-06
26673,1.0688941906292139e-05
26674,9.317540546083008e-06
26675,9.489074365034779e-06
26676,9.897250846409457e-06
26677,1.0501844755673104e-05
26678,1.0165217108108049e-05
26679,2.0654512168795214e-05
26680,1.1909870126827609e-05
26681,1.3436683153497976e-05
26682,1.0579067218970241e-05
26683,9.053328994739186e-06
26684,1.6939149080450572e-05
26685,1.0304389685578956e-05
26686,1.3869873660499941e-05
26687,8.98613338073191e-06
26688,1.4219747776659797e-05
26689,1.0605862121923956e-05
26690,8.500037448077862e-06
26691,2.088237037081819e-05
26692,1.7151520870937987e-05
26693,2.1333524945188484e-05
26694,9.434520593808654e-06
26695,9.935008023651504e-06
26696,9.087188963134636e-06
26697,9.613090796572468e-06
26698,1.9907418918977667e-05
26699,1.0550014729632802e-05
26700,9.654870802543586e-06
26701,9.146542499755883e-06
26702,8.500037448077862e-06
26703,9.316842424275981e-06
26704,1.3348394245257142e-05
26705,1.1522525439412445e-05
26706,1.0320122706611893e-05
26707,1.0201731640124468e-05
26708,9.589580765736588e-06
26709,1.3659978911627034e-05
26710,1.1022989657855392e-05
26711,1.0474522801572617e-05
26712,1.0804275205124589e-05
26713,1.0327811939182512e-05
26714,9.702967268758743e-06
26715,1.2314002950744122e-05
26716,1.353974428103868e-05
26717,9.510111211076036e-06
26718,1.050537032126487e-05
26719,1.0147900018722789e-05
26720,1.240405310203985e-05
26721,1.0264489145142471e-05
26722,1.3091972186581859e-05
26723,1.0377534691953246e-05
26724,1.0605862121923956e-05
26725,1.061481761300295e-05
26726,9.136632654823229e-06
26727,9.655747257728404e-06
26728,9.105964578815469e-06
26729,1.7151520870937987e-05
26730,1.0008352767091742e-05
26731,1.0727799886620179e-05
26732,4.8712817787507075e-06
26733,2.1893782252275866e-05
26734,9.83086475285655e-06
26735,1.5126732889519926e-05
26736,1.061481761300295e-05
26737,9.690616076324506e-06
26738,1.280742674021427e-05
26739,1.0560123404569157e-05
26740,1.0394028520652429e-05
26741,1.1703085965558177e-05
26742,1.5684624353427632e-05
26743,9.793412700163626e-06
26744,9.667392672126224e-06
26745,8.444617015338625e-06
26746,9.187772221265003e-06
26747,1.4527634303026178e-05
26748,1.0207916664227508e-05
26749,1.0359530810042483e-05
26750,1.009278174243314e-05
26751,9.105964578815469e-06
26752,9.274351034608919e-06
26753,1.5150532022524362e-05
26754,1.0452836128321915e-05
26755,1.8345475058125997e-05
26756,1.1538865961995837e-05
26757,1.0550014729632802e-05
26758,1.0165217108108049e-05
26759,1.0347163086799967e-05
26760,9.308980804974973e-06
26761,9.504497492612455e-06
26762,9.530479144825802e-06
26763,9.530479144825802e-06
26764,1.1730922678968424e-05
26765,1.4810764651949e-05
26766,9.190780516689155e-06
26767,1.611917240501375e-05
26768,9.271261400480925e-06
26769,6.674408288524918e-06
26770,1.0433895804699462e-05
26771,1.2386260181243683e-05
26772,9.967603528957248e-06
26773,9.874301171338706e-06
26774,1.4378763979492821e-05
26775,1.2038272939914656e-05
26776,1.0743898418684671e-05
26777,1.0377534691953246e-05
26778,1.0347163086799967e-05
26779,9.908087847875337e-06
26780,1.0125618082952907e-05
26781,1.0264489145142471e-05
26782,1.280742674021427e-05
26783,1.0207916664227508e-05
26784,1.3900389310176486e-05
26785,2.1347984317230823e-05
26786,1.1730922678968424e-05
26787,1.1004350244038656e-05
26788,9.855818921322782e-06
26789,9.967603528957248e-06
26790,1.0803253796221225e-05
26791,6.674408288524918e-06
26792,1.0270470779057243e-05
26793,1.0896042873277623e-05
26794,9.71769253600263e-06
26795,1.6159180615352836e-05
26796,1.2058786164846864e-05
26797,1.0347163086799967e-05
26798,1.00595519188609e-05
26799,1.3074226847997412e-05
26800,1.0327374865332602e-05
26801,1.353974428103868e-05
26802,1.6408137330703432e-05
26803,9.667392672126224e-06
26804,1.0348370002420954e-05
26805,1.0270470779057243e-05
26806,9.809582392541579e-06
26807,9.53237362447028e-06
26808,6.697958124039644e-06
26809,2.0374977531028933e-05
26810,1.0639045552312857e-05
26811,9.582707565010591e-06
26812,1.549329730890679e-05
26813,1.0165217108108049e-05
26814,8.500037448077862e-06
26815,8.500037448077862e-06
26816,1.0207916664227508e-05
26817,9.655747257728404e-06
26818,9.855818921322782e-06
26819,9.63908308380622e-06
26820,1.1022989657855392e-05
26821,8.848748200179625e-06
26822,8.980088304004427e-06
26823,1.5306194966107802e-05
26824,1.3440697641966732e-05
26825,1.2058786164846864e-05
26826,8.813491425659442e-06
26827,8.801301594525623e-06
26828,8.801301594525623e-06
26829,1.00595519188609e-05
26830,1.052641146073085e-05
26831,8.801301594525623e-06
26832,8.801301594525623e-06
26833,1.4083435021252674e-05
26834,9.093273707967679e-06
26835,1.3436683153497976e-05
26836,1.1398788038460363e-05
26837,9.434520593808654e-06
26838,6.674408288524918e-06
26839,8.444617015338625e-06
26840,1.009278174243314e-05
26841,1.1029448466982983e-05
26842,1.3913469607568114e-05
26843,9.493588591525832e-06
26844,8.813491425659442e-06
26845,9.74454702862083e-06
26846,8.720501904768429e-06
26847,7.527818660629503e-06
26848,9.243134293251872e-06
26849,9.463714720507445e-06
26850,9.105964578815469e-06
26851,1.4970426088721791e-05
26852,9.855818921322782e-06
26853,1.0414935439835905e-05
26854,1.0213357406846318e-05
26855,1.0972657349413722e-05
26856,1.0550014729632802e-05
26857,9.967603528957248e-06
26858,9.493566059282185e-06
26859,1.0000952380046262e-05
26860,1.2058786164846864e-05
26861,1.616677986309213e-05
26862,9.316842424275981e-06
26863,9.967603528957248e-06
26864,9.63849168571555e-06
26865,1.0365859094959847e-05
26866,8.791670321956946e-06
26867,1.0719318706660731e-05
26868,1.0266845488968174e-05
26869,1.0320122706611893e-05
26870,1.1078478163378258e-05
26871,9.597929014891506e-06
26872,3.6335119159092245e-05
26873,1.0327374865332602e-05
26874,1.195602319665265e-05
26875,1.0550014729632802e-05
26876,1.0323798207862645e-05
26877,1.1510848380920765e-05
26878,3.08268114969541e-05
26879,1.00595519188609e-05
26880,9.655747257728404e-06
26881,9.711597088106313e-06
26882,1.0550014729632802e-05
26883,2.0026579332661187e-05
26884,1.0103479922825078e-05
26885,9.885989024162485e-06
26886,1.1436901100260788e-05
26887,9.422703642885622e-06
26888,1.55905060209867e-05
26889,4.9210260826821295e-06
26890,9.74983946570471e-06
26891,1.0377534691953246e-05
26892,9.699998832179042e-06
26893,1.4591621085625427e-05
26894,6.674408288524918e-06
26895,1.0998759080324583e-05
26896,9.434520593808654e-06
26897,4.748040906592794e-06
26898,1.0304389685578956e-05
26899,8.848748200179625e-06
26900,1.723461741053332e-05
26901,1.723461741053332e-05
26902,1.050537032126487e-05
26903,9.63849168571555e-06
26904,1.689462959124064e-05
26905,9.46984213922782e-06
26906,1.0673198845483249e-05
26907,8.701594436996798e-06
26908,1.1320356980366022e-05
26909,9.549114309328014e-06
26910,1.0165217108108049e-05
26911,8.999522573062998e-06
26912,1.0438800493865949e-05
26913,8.674958738307506e-06
26914,1.3913469607568114e-05
26915,1.0804275205124589e-05
26916,1.0320122706611893e-05
26917,1.0365859094959847e-05
26918,1.028892948360175e-05
26919,9.217894788126734e-06
26920,1.883912985971321e-05
26921,8.653877904907496e-06
26922,9.804799282565535e-06
26923,1.1426455135438735e-05
26924,2.4466734033630885e-05
26925,1.899858765050511e-05
26926,1.41202622420855e-05
26927,9.804799282565535e-06
26928,5.16662582064936e-06
26929,6.354914207287426e-06
26930,9.63908308380622e-06
26931,9.885989024162485e-06
26932,1.0571992351797697e-05
26933,9.935008023651504e-06
26934,9.935008023651504e-06
26935,2.3690401060194168e-05
26936,8.801301594525623e-06
26937,1.0270470779057243e-05
26938,1.0660709689367653e-05
26939,9.855818921322782e-06
26940,1.2058786164846864e-05
26941,1.0925969783681302e-05
26942,1.396535951379383e-05
26943,9.967603528957248e-06
26944,1.2002464372649052e-05
26945,9.149489293946556e-06
26946,1.0550014729632802e-05
26947,9.497136086334239e-06
26948,1.2058786164846864e-05
26949,1.002322127836139e-05
26950,9.136632654823229e-06
26951,1.0688941906292139e-05
26952,9.61567250659419e-06
26953,1.003161474217399e-05
26954,7.67957681734087e-06
26955,1.195602319665265e-05
26956,9.244975147240444e-06
26957,9.244975147240444e-06
26958,9.655747257728404e-06
26959,1.0579067218970241e-05
26960,1.1364417115222792e-05
26961,1.8374790933689325e-05
26962,8.767473216099917e-06
26963,9.920286267500786e-06
26964,1.637866527574835e-05
26965,9.690616076324506e-06
26966,1.0264489145142471e-05
26967,8.503783769685729e-06
26968,1.16117097546835e-05
26969,1.0062967791087864e-05
26970,1.665740516124929e-05
26971,1.4090709075575988e-05
26972,9.715239379587256e-06
26973,7.916481966791899e-06
26974,9.920286267500786e-06
26975,1.0739562233243814e-05
26976,8.785848222579045e-06
26977,1.4007883645572499e-05
26978,1.0896042873277623e-05
26979,1.2795788404948052e-05
26980,1.0241717869620738e-05
26981,1.0625988213105185e-05
26982,9.133376089963482e-06
26983,9.71769253600263e-06
26984,8.785848222579045e-06
26985,9.597929014891506e-06
26986,1.1904958243208149e-05
26987,1.0165217108108049e-05
26988,5.992459878430618e-05
26989,1.0998759080324583e-05
26990,1.0165217108108049e-05
26991,1.35979808343122e-05
26992,1.0203235324803235e-05
26993,1.4227358617261447e-05
26994,1.0719318706660731e-05
26995,1.1261317758557567e-05
26996,9.190780516689155e-06
26997,1.009278174243314e-05
26998,1.5805030369046533e-05
26999,1.0327811939182512e-05
27000,1.0213357406846318e-05
27001,9.244975147240444e-06
27002,1.1356656930289702e-05
27003,9.493588591525832e-06
27004,1.9755177333994433e-05
27005,9.711597088106313e-06
27006,9.63908308380622e-06
27007,9.700862731621744e-06
27008,8.791482199158835e-06
27009,8.444617015338625e-06
27010,1.036451516065504e-05
27011,1.0165217108108049e-05
27012,1.0598164728847593e-05
27013,9.610210116740116e-06
27014,9.670155646245056e-06
27015,1.8881761607312756e-05
27016,1.0369786528028124e-05
27017,1.0645395354398507e-05
27018,9.71769253600263e-06
27019,9.37368426311911e-06
27020,7.67957681734087e-06
27021,1.0369786528028124e-05
27022,9.59484738868822e-06
27023,1.1398788038460363e-05
27024,1.4362661394807078e-05
27025,1.1072958869998366e-05
27026,1.1264946510566966e-05
27027,8.444617015338625e-06
27028,1.0411753129650602e-05
27029,9.582707565010591e-06
27030,1.4491196707857628e-05
27031,1.722694965314129e-05
27032,9.897250846409457e-06
27033,1.002322127836139e-05
27034,9.575534257900319e-06
27035,9.463714720507445e-06
27036,1.5098016116714168e-05
27037,1.2314002950744122e-05
27038,1.0296113256437114e-05
27039,9.499363410106409e-06
27040,7.4137074395127525e-06
27041,1.0729831536478351e-05
27042,8.674958738307506e-06
27043,1.050537032126487e-05
27044,9.217894788126734e-06
27045,3.935947785175493e-05
27046,1.1104152863120281e-05
27047,9.667713638989134e-06
27048,9.74454702862083e-06
27049,1.0896042873277623e-05
27050,1.0896042873277623e-05
27051,1.1022989657855392e-05
27052,1.0365859094959847e-05
27053,9.793412700163626e-06
27054,9.793412700163626e-06
27055,1.2386260181243683e-05
27056,1.0414935439835905e-05
27057,1.1730922678968424e-05
27058,9.754070560661059e-06
27059,1.002322127836139e-05
27060,1.0296113256437114e-05
27061,1.002322127836139e-05
27062,1.002322127836139e-05
27063,1.0688941906292139e-05
27064,9.136632654823229e-06
27065,9.102414151293753e-06
27066,9.289948335583e-06
27067,1.1176077483330545e-05
27068,9.504497492612455e-06
27069,1.040634852296654e-05
27070,1.0377534691953246e-05
27071,1.559522266318491e-05
27072,1.2274441446841848e-05
27073,6.674408288524918e-06
27074,1.0633902373928431e-05
27075,8.848748200179625e-06
27076,1.240405310203985e-05
27077,1.1261317758557567e-05
27078,1.1453354286263499e-05
27079,3.156987198980393e-05
27080,5.7592497068065324e-06
27081,1.3519758028382828e-05
27082,9.620803812354212e-06
27083,9.562433975323611e-06
27084,1.1594325978611455e-05
27085,9.715239379587256e-06
27086,1.0550014729632802e-05
27087,1.0920974649155722e-05
27088,1.353974428103868e-05
27089,1.028892948360175e-05
27090,9.058025879748137e-06
27091,1.3091972186581859e-05
27092,9.967603528957248e-06
27093,1.1078478163378258e-05
27094,1.3091972186581859e-05
27095,9.053328994739186e-06
27096,1.0414935439835905e-05
27097,1.5912161941551006e-05
27098,8.184625832172077e-06
27099,1.0266845488968174e-05
27100,9.804799282565535e-06
27101,9.804799282565535e-06
27102,1.240405310203985e-05
27103,9.864537772104035e-06
27104,1.2903399410220977e-05
27105,1.0896042873277623e-05
27106,1.052641146073085e-05
27107,9.138178963690783e-06
27108,6.674408288524918e-06
27109,1.612808270933078e-05
27110,1.0325521945413936e-05
27111,1.0550014729632802e-05
27112,1.3091972186581859e-05
27113,1.3091972186581859e-05
27114,8.647477836723018e-06
27115,2.0354755933350047e-05
27116,1.1029448466982983e-05
27117,1.0558042072649292e-05
27118,9.655747257728404e-06
27119,1.0369786528028124e-05
27120,1.0008352767091742e-05
27121,1.1730922678968424e-05
27122,8.791482199158835e-06
27123,1.0241717869620738e-05
27124,9.217894788126734e-06
27125,1.4472157442928997e-05
27126,1.0296113256437114e-05
27127,1.3074226847997412e-05
27128,1.1212693996919311e-05
27129,2.0654512168795214e-05
27130,9.66366577643837e-06
27131,1.395953417229048e-05
27132,9.187772221265003e-06
27133,3.1903835809491695e-05
27134,1.3091972186581859e-05
27135,1.3091972186581859e-05
27136,8.674958738307506e-06
27137,1.246725840014532e-05
27138,1.7151520870937987e-05
27139,9.217894788126734e-06
27140,9.138178963690783e-06
27141,1.074576865558823e-05
27142,0.00013545740904452144
27143,1.6203009162192212e-05
27144,1.0266845488968174e-05
27145,9.746406357827071e-06
27146,9.920286267500786e-06
27147,1.1198169485978185e-05
27148,1.0264489145142471e-05
27149,1.6412132541359105e-05
27150,1.3230185181049047e-05
27151,7.900968631603151e-06
27152,9.855818921322782e-06
27153,1.0739562233243814e-05
27154,1.002322127836139e-05
27155,9.087188963134636e-06
27156,1.2256431605220082e-05
27157,1.2103632242961661e-05
27158,1.4745383959140847e-05
27159,1.0201731640124468e-05
27160,9.956974897762962e-06
27161,1.0972657349413722e-05
27162,1.0719318706660731e-05
27163,1.024622844441018e-05
27164,9.66366577643837e-06
27165,1.543131206168794e-05
27166,1.246725840014532e-05
27167,1.4471984656800097e-05
27168,1.3913469607568114e-05
27169,1.2039091181769635e-05
27170,8.423577999744469e-06
27171,8.807659066140166e-06
27172,1.1029448466982983e-05
27173,1.0523567967782293e-05
27174,1.0248059245605469e-05
27175,1.3440697641966732e-05
27176,9.499363410106409e-06
27177,1.0296113256437114e-05
27178,1.637866527574835e-05
27179,1.0296113256437114e-05
27180,9.83086475285655e-06
27181,9.694972666057905e-06
27182,3.89484779988233e-05
27183,1.0360425969893026e-05
27184,1.177697881591642e-05
27185,1.7319754907862663e-05
27186,1.0632560201404219e-05
27187,9.720723507752985e-06
27188,6.027265115708682e-06
27189,9.646521210851372e-06
27190,1.1022989657855392e-05
27191,9.136632654823229e-06
27192,1.3091972186581859e-05
27193,9.46984213922782e-06
27194,1.0523567967782293e-05
27195,1.986153233387047e-05
27196,1.2274441446841848e-05
27197,1.0523567967782293e-05
27198,9.007728934627767e-06
27199,1.3091972186581859e-05
27200,9.359950071151196e-06
27201,5.178444353553172e-06
27202,1.0165217108108049e-05
27203,9.630959601784526e-06
27204,1.050537032126487e-05
27205,9.499363410106409e-06
27206,1.0165217108108049e-05
27207,1.1730922678968424e-05
27208,7.932299100704299e-06
27209,1.1904958243208149e-05
27210,1.139810098846653e-05
27211,9.499333526257177e-06
27212,9.136632654823229e-06
27213,1.1029448466982983e-05
27214,1.0264489145142471e-05
27215,9.855818921322782e-06
27216,1.1261317758557567e-05
27217,9.239550899912532e-06
27218,8.975166102781387e-06
27219,9.935008023651504e-06
27220,1.0270470779057243e-05
27221,1.1703085965558177e-05
27222,1.0920974649155722e-05
27223,1.0327811939182512e-05
27224,1.5616738297656325e-05
27225,1.7151520870937987e-05
27226,1.002322127836139e-05
27227,1.0112470398890739e-05
27228,1.0942141109456647e-05
27229,1.79468230404691e-05
27230,8.184625832172077e-06
27231,6.697958124039644e-06
27232,8.801301594525623e-06
27233,8.184625832172077e-06
27234,9.59484738868822e-06
27235,5.083288248902827e-06
27236,9.105964578815469e-06
27237,7.67957681734087e-06
27238,1.0523567967782293e-05
27239,9.63849168571555e-06
27240,1.0207916664227508e-05
27241,8.251292371225482e-06
27242,1.599695875653107e-05
27243,1.0325521945413936e-05
27244,9.476399044439624e-06
27245,1.2386260181243683e-05
27246,1.1364417115222792e-05
27247,1.0207916664227508e-05
27248,1.0323798207862645e-05
27249,9.49486225349075e-06
27250,1.0719318706660731e-05
27251,9.920286267500786e-06
27252,9.864537772104035e-06
27253,1.0896042873277623e-05
27254,1.0166102663128765e-05
27255,1.3436683153497976e-05
27256,1.0207916664227508e-05
27257,2.176977399968575e-05
27258,1.1022989657855392e-05
27259,8.38647689683554e-06
27260,1.0296113256437114e-05
27261,1.4293512366634926e-05
27262,1.4746453154712292e-05
27263,9.715239379587256e-06
27264,1.4914662407893656e-05
27265,2.794300520843366e-05
27266,9.136632654823229e-06
27267,1.4363440753434002e-05
27268,1.1029448466982983e-05
27269,1.1029448466982983e-05
27270,1.0323798207862645e-05
27271,2.3303990743171622e-05
27272,1.1522525439412445e-05
27273,1.5254975402569197e-05
27274,7.67957681734087e-06
27275,9.53237362447028e-06
27276,1.564279017396015e-05
27277,1.0896042873277623e-05
27278,1.0414935439835905e-05
27279,1.1011685005440917e-05
27280,1.7535009902277607e-05
27281,1.240405310203985e-05
27282,9.434906633416035e-06
27283,1.7932118761003988e-05
27284,2.3449636857379097e-05
27285,9.935008023651504e-06
27286,1.0711341726803775e-05
27287,1.4148838429676981e-05
27288,1.1052403610642951e-05
27289,1.036236578670301e-05
27290,1.0614819942957108e-05
27291,1.0360425969893026e-05
27292,8.23675255475412e-06
27293,1.1355015410120625e-05
27294,1.0673198845483249e-05
27295,8.864262995694006e-06
27296,8.184625832172077e-06
27297,8.184625832172077e-06
27298,8.75678691026644e-06
27299,9.86788215339441e-06
27300,9.187772221265003e-06
27301,1.5616738297656325e-05
27302,9.138178963690783e-06
27303,1.1219725905641207e-05
27304,9.63849168571555e-06
27305,1.028892948360175e-05
27306,1.0323798207862645e-05
27307,1.709087242944239e-05
27308,1.0365859094959847e-05
27309,1.144840881813943e-05
27310,8.500037448077862e-06
27311,1.0804275205124589e-05
27312,1.0610711704845131e-05
27313,1.1118294444784053e-05
27314,9.66366577643837e-06
27315,1.0325521945413936e-05
27316,8.503783769685729e-06
27317,1.0563899047708251e-05
27318,1.0637314892586927e-05
27319,1.5206754435756417e-05
27320,9.05804862443082e-06
27321,1.0248059245605469e-05
27322,2.0537390367824955e-05
27323,1.396535951379383e-05
27324,8.184625832172077e-06
27325,9.243134293251872e-06
27326,1.4150069074948796e-05
27327,3.659156190679165e-05
27328,1.0348370002420954e-05
27329,1.206237794957882e-05
27330,1.3913469607568114e-05
27331,1.0296113256437114e-05
27332,3.6117608850133e-05
27333,1.1022989657855392e-05
27334,1.003161474217399e-05
27335,9.434520593808654e-06
27336,1.3022978431850824e-05
27337,1.0012821076224137e-05
27338,1.0523880672159554e-05
27339,1.0896042873277623e-05
27340,1.0896042873277623e-05
27341,5.16662582064936e-06
27342,8.980088304004427e-06
27343,8.98613338073191e-06
27344,1.0719318706660731e-05
27345,1.0637314892586927e-05
27346,1.0558042072649292e-05
27347,1.71291108272927e-05
27348,1.8060929611758407e-05
27349,5.178444353553172e-06
27350,1.1364417115222792e-05
27351,1.002322127836139e-05
27352,9.053328994739186e-06
27353,1.0693114032578455e-05
27354,1.1052403610642951e-05
27355,1.0414935439835905e-05
27356,1.1356656930289702e-05
27357,1.2284812629115731e-05
27358,1.0213357406846318e-05
27359,1.322884549397693e-05
27360,9.575534257900319e-06
27361,1.0394028520652429e-05
27362,1.1905788186692852e-05
27363,1.0147900018722789e-05
27364,1.1264787003323946e-05
27365,1.0320122706611893e-05
27366,1.072782475717282e-05
27367,1.0414935439835905e-05
27368,9.316842424275981e-06
27369,8.423577999744469e-06
27370,2.8253324939958948e-05
27371,0.00020173967231848855
27372,9.21288922684213e-06
27373,1.139810098846653e-05
27374,1.3436683153497976e-05
27375,9.670155646245056e-06
27376,1.4522930652189157e-05
27377,8.674958738307506e-06
27378,1.026734224461449e-05
27379,1.026734224461449e-05
27380,9.476399044439624e-06
27381,9.552202977205576e-06
27382,9.255411106325404e-06
27383,1.3436683153497976e-05
27384,8.674958738307506e-06
27385,1.009278174243314e-05
27386,9.263821395050691e-06
27387,9.076566886993103e-06
27388,1.0226947814012442e-05
27389,1.4925096318297793e-05
27390,1.5120289429859302e-05
27391,1.1510848380920765e-05
27392,6.674408288524918e-06
27393,1.015245543295525e-05
27394,1.3913469607568114e-05
27395,1.2851268277655292e-05
27396,1.713822562928012e-05
27397,1.0804275205124589e-05
27398,8.674958738307506e-06
27399,8.184625832172077e-06
27400,8.801301594525623e-06
27401,1.4939660743176143e-05
27402,1.2152454439821123e-05
27403,8.791670321956946e-06
27404,9.948291810840633e-06
27405,1.0606931434926932e-05
27406,9.63908308380622e-06
27407,9.61567250659419e-06
27408,1.1198169485978185e-05
27409,1.0474522801572617e-05
27410,1.1212693996919311e-05
27411,1.353974428103868e-05
27412,9.552202977205576e-06
27413,1.009278174243314e-05
27414,1.2523040583816098e-05
27415,1.2386260181243683e-05
27416,9.804799282565535e-06
27417,1.1317600624029021e-05
27418,7.527818660629503e-06
27419,1.3022978431850824e-05
27420,9.63462487911372e-06
27421,1.0360425969893026e-05
27422,9.399877875532114e-06
27423,8.503783769685729e-06
27424,8.92760565575325e-06
27425,9.399877875532114e-06
27426,9.715239379587256e-06
27427,9.654870802543586e-06
27428,9.476399044439624e-06
27429,1.009278174243314e-05
27430,6.674408288524918e-06
27431,9.901718571693991e-06
27432,9.217894788126734e-06
27433,1.1690432952300283e-05
27434,1.4318901465624916e-05
27435,1.1317600624029021e-05
27436,9.901718571693991e-06
27437,1.280742674021427e-05
27438,1.0264489145142471e-05
27439,9.98898602574496e-06
27440,1.3920218874875996e-05
27441,9.63908308380622e-06
27442,1.1364417115222792e-05
27443,1.2184503234008396e-05
27444,1.4287343844363583e-05
27445,1.2058786164846864e-05
27446,9.263821395050691e-06
27447,8.966816258866327e-06
27448,1.3920218874875996e-05
27449,1.0538603789410964e-05
27450,8.801301594525623e-06
27451,8.801301594525623e-06
27452,8.801301594525623e-06
27453,9.920286267500786e-06
27454,9.582707565010591e-06
27455,1.353974428103868e-05
27456,1.0719318706660731e-05
27457,1.1004350244038656e-05
27458,2.0654512168795214e-05
27459,9.793412700163626e-06
27460,8.801301594525623e-06
27461,1.3920218874875996e-05
27462,8.801301594525623e-06
27463,8.801301594525623e-06
27464,6.697958124039644e-06
27465,9.793412700163626e-06
27466,1.0579067218970241e-05
27467,5.330244508974136e-06
27468,1.0637314892586927e-05
27469,9.463714720507445e-06
27470,2.0654512168795214e-05
27471,1.3091972186581859e-05
27472,9.244975147240444e-06
27473,9.399877875532114e-06
27474,1.0896042873277623e-05
27475,1.9878758881975247e-05
27476,9.967603528957248e-06
27477,9.746406357827071e-06
27478,9.201953319907135e-06
27479,9.654870802543586e-06
27480,1.4875798373508094e-05
27481,1.2058786164846864e-05
27482,2.241092328715684e-05
27483,1.3800617480244108e-05
27484,1.3091972186581859e-05
27485,8.801301594525623e-06
27486,8.801301594525623e-06
27487,8.801301594525623e-06
27488,1.353974428103868e-05
27489,1.2058786164846864e-05
27490,9.598517099071531e-06
27491,6.2180242557229486e-06
27492,8.444617015338625e-06
27493,1.0560123404569157e-05
27494,1.1022989657855392e-05
27495,9.893028832896335e-06
27496,8.674958738307506e-06
27497,1.004334818679909e-05
27498,1.2002464372649052e-05
27499,1.1453354286263499e-05
27500,1.1505654674703786e-05
27501,1.5905273445863017e-05
27502,9.855818921322782e-06
27503,1.4256982055002674e-05
27504,1.009278174243314e-05
27505,9.493588591525832e-06
27506,1.0804275205124589e-05
27507,9.434838296707893e-06
27508,8.98613338073191e-06
27509,1.53466427540846e-05
27510,1.6041689193882222e-05
27511,1.3436683153497976e-05
27512,9.876348029005935e-06
27513,1.4083435021252674e-05
27514,1.1594325978611455e-05
27515,1.0550014729632802e-05
27516,1.145795212043991e-05
27517,1.1355015410120625e-05
27518,1.0724042150259893e-05
27519,1.0588724794969408e-05
27520,9.158656342036634e-06
27521,9.399877875532114e-06
27522,1.4298283009654798e-05
27523,1.0008352767091742e-05
27524,1.0660709689367653e-05
27525,1.0044546564286435e-05
27526,9.804799282565535e-06
27527,9.885989024162485e-06
27528,1.0660709689367653e-05
27529,9.804799282565535e-06
27530,9.63462487911372e-06
27531,9.552202977205576e-06
27532,7.196697190355172e-05
27533,9.434520593808654e-06
27534,1.0633902373928431e-05
27535,1.0896042873277623e-05
27536,1.2032706307433641e-05
27537,9.076566886993103e-06
27538,1.2204527911802652e-05
27539,1.145795212043991e-05
27540,4.069654535060229e-05
27541,1.0452836128321915e-05
27542,1.0044546564286435e-05
27543,2.2678878626931965e-05
27544,1.0804275205124589e-05
27545,1.0296113256437114e-05
27546,1.2032706307433641e-05
27547,9.86788215339441e-06
27548,9.63849168571555e-06
27549,1.0660709689367653e-05
27550,1.0660709689367653e-05
27551,1.0660709689367653e-05
27552,9.728168383333168e-06
27553,1.1398788038460363e-05
27554,1.2386260181243683e-05
27555,2.2599571317043677e-05
27556,1.1905788186692852e-05
27557,1.0804275205124589e-05
27558,1.2284812629115731e-05
27559,1.2058786164846864e-05
27560,6.674408288524918e-06
27561,8.801301594525623e-06
27562,9.217894788126734e-06
27563,9.582707565010591e-06
27564,9.399877875532114e-06
27565,1.0673198845483249e-05
27566,1.0605862121923956e-05
27567,1.0452836128321915e-05
27568,1.4225265288742417e-05
27569,2.301718640314086e-05
27570,9.399877875532114e-06
27571,1.484692022844812e-05
27572,8.674958738307506e-06
27573,1.0942141109456647e-05
27574,1.353974428103868e-05
27575,1.0433895804699462e-05
27576,1.358422811980486e-05
27577,9.66366577643837e-06
27578,1.036236578670301e-05
27579,1.0320122706611893e-05
27580,1.353974428103868e-05
27581,1.0693114032578455e-05
27582,9.956974897762962e-06
27583,7.67957681734087e-06
27584,1.0724042150259893e-05
27585,5.648138520699926e-06
27586,1.1320356980366022e-05
27587,9.63462487911372e-06
27588,8.251292371225482e-06
27589,8.862252582906677e-06
27590,1.0920974649155722e-05
27591,9.552202977205576e-06
27592,1.2113469516883801e-05
27593,1.4280259154367578e-05
27594,1.9261387796466784e-05
27595,1.036236578670301e-05
27596,1.2039091181769635e-05
27597,9.754070560661059e-06
27598,1.1028616036275543e-05
27599,1.353974428103868e-05
27600,1.535276398436123e-05
27601,1.0711341726803775e-05
27602,8.444617015338625e-06
27603,9.63908308380622e-06
27604,8.674958738307506e-06
27605,9.720723507752985e-06
27606,9.908381712638796e-06
27607,1.1198169485978185e-05
27608,9.63849168571555e-06
27609,9.582707565010591e-06
27610,9.793412700163626e-06
27611,1.1317600624029021e-05
27612,7.912994314976912e-05
27613,1.0213357406846318e-05
27614,9.879854495037761e-06
27615,9.986120975271117e-06
27616,1.9703188530331393e-05
27617,1.16452300893274e-05
27618,8.282823882051438e-06
27619,9.497136086334239e-06
27620,1.2386260181243683e-05
27621,2.1552811581495804e-05
27622,8.801301594525623e-06
27623,9.422703642885622e-06
27624,9.667713638989134e-06
27625,1.2058786164846864e-05
27626,1.5626569880981603e-05
27627,8.316408602707099e-06
27628,9.901718571693991e-06
27629,8.446582058610286e-06
27630,1.280742674021427e-05
27631,6.674408288524918e-06
27632,1.0986418995693328e-05
27633,1.397039741919278e-05
27634,1.7902519307558905e-05
27635,1.305159326232427e-05
27636,4.281299412506665e-05
27637,9.885989024162485e-06
27638,9.84128048041037e-06
27639,9.864537772104035e-06
27640,1.2474004358217501e-05
27641,1.6723195978337954e-05
27642,9.967603528957248e-06
27643,8.57729752388675e-06
27644,1.009278174243314e-05
27645,1.4792562104641296e-05
27646,9.46984213922782e-06
27647,9.217894788126734e-06
27648,1.9311895811819216e-05
27649,7.55205999585218e-05
27650,9.217894788126734e-06
27651,1.1029448466982983e-05
27652,2.2492468055483383e-05
27653,8.674958738307506e-06
27654,1.7496881656708872e-05
27655,9.63908308380622e-06
27656,1.1904958243208149e-05
27657,0.00015461933507184895
27658,9.217894788126734e-06
27659,9.630959601784526e-06
27660,1.505089829632689e-05
27661,9.809582392541579e-06
27662,1.815690228176511e-05
27663,1.5745701312038366e-05
27664,1.2529614893840324e-05
27665,1.486203279179545e-05
27666,9.893028832896335e-06
27667,8.674958738307506e-06
27668,9.715239379587256e-06
27669,1.0414935439835905e-05
27670,9.217894788126734e-06
27671,9.217894788126734e-06
27672,5.709897647251412e-06
27673,1.1022989657855392e-05
27674,9.007728934627767e-06
27675,1.0438800493865949e-05
27676,1.240405310203985e-05
27677,1.1072958869998366e-05
27678,9.715239379587256e-06
27679,5.709897647251412e-06
27680,1.353974428103868e-05
27681,9.655747257728404e-06
27682,1.050537032126487e-05
27683,1.5183600574610683e-05
27684,1.1730922678968424e-05
27685,9.493588591525832e-06
27686,9.855818921322782e-06
27687,9.149489293946556e-06
27688,1.0633902373928431e-05
27689,9.746406357827071e-06
27690,1.003161474217399e-05
27691,1.1594325978611455e-05
27692,1.2032706307433641e-05
27693,9.434906633416035e-06
27694,1.0896042873277623e-05
27695,9.489074365034779e-06
27696,8.423577999744469e-06
27697,1.0304389685578956e-05
27698,9.746406357827071e-06
27699,1.1751425853043397e-05
27700,1.6680934887212546e-05
27701,1.2032706307433641e-05
27702,1.240405310203985e-05
27703,1.050537032126487e-05
27704,1.353974428103868e-05
27705,9.46984213922782e-06
27706,2.201497910616224e-05
27707,1.0053411756575844e-05
27708,1.4082060764773027e-05
27709,1.353974428103868e-05
27710,1.4283426067031423e-05
27711,1.0190310948017527e-05
27712,1.353974428103868e-05
27713,9.967603528957248e-06
27714,1.353974428103868e-05
27715,1.7151520870937987e-05
27716,7.992781377142298e-06
27717,9.149489293946556e-06
27718,9.967603528957248e-06
27719,1.1347282628427675e-05
27720,1.246725840014532e-05
27721,1.2356924476063998e-05
27722,1.4487185378408237e-05
27723,1.1594325978611455e-05
27724,1.542788842870487e-05
27725,1.1072958869998366e-05
27726,1.1022989657855392e-05
27727,8.251292371225482e-06
27728,9.986120975271117e-06
27729,9.149489293946556e-06
27730,9.63908308380622e-06
27731,1.0560123404569157e-05
27732,8.282823882051438e-06
27733,7.67957681734087e-06
27734,8.251292371225482e-06
27735,9.316842424275981e-06
27736,8.444617015338625e-06
27737,9.217894788126734e-06
27738,1.1518484203629429e-05
27739,5.709292303130598e-06
27740,9.217894788126734e-06
27741,1.2523040583816098e-05
27742,1.0804275205124589e-05
27743,1.003161474217399e-05
27744,8.701594436996798e-06
27745,2.4515923799757992e-05
27746,1.71291108272927e-05
27747,1.1212693996919311e-05
27748,9.217894788126734e-06
27749,2.164508613553278e-05
27750,1.0711341726803775e-05
27751,9.63908308380622e-06
27752,1.1317600624029021e-05
27753,1.0673198845483249e-05
27754,9.217894788126734e-06
27755,1.1398788038460363e-05
27756,1.1072958869998366e-05
27757,9.875238193826672e-06
27758,1.206237794957882e-05
27759,9.217894788126734e-06
27760,1.374552916434338e-05
27761,1.1072958869998366e-05
27762,1.0165217108108049e-05
27763,1.723461741053332e-05
27764,1.1317600624029021e-05
27765,1.9247650734437242e-05
27766,2.5813178051569526e-05
27767,9.875238193826672e-06
27768,1.1317600624029021e-05
27769,9.190780516689155e-06
27770,0.000273846493677658
27771,9.316842424275981e-06
27772,1.1971344261213511e-05
27773,1.0605862121923956e-05
27774,1.177697881591642e-05
27775,1.0998759080324583e-05
27776,9.63908308380622e-06
27777,9.63849168571555e-06
27778,9.809582392541579e-06
27779,1.1594325978611455e-05
27780,8.709456420603492e-06
27781,7.55205999585218e-05
27782,6.760025701348642e-05
27783,8.674958738307506e-06
27784,9.217894788126734e-06
27785,1.0323798207862645e-05
27786,1.00595519188609e-05
27787,1.4592497540810247e-05
27788,9.53237362447028e-06
27789,8.590149903225016e-06
27790,5.693993656334808e-05
27791,1.2274441446841848e-05
27792,1.3463286807715645e-05
27793,9.187772221265003e-06
27794,1.7364649684652795e-05
27795,9.497136086334239e-06
27796,1.0688941906292139e-05
27797,1.0327811939182512e-05
27798,9.105964578815469e-06
27799,1.7013545048914908e-05
27800,1.0304389685578956e-05
27801,1.1078478163378258e-05
27802,1.481843555113577e-05
27803,9.777263074180927e-06
27804,8.716259692959632e-06
27805,4.827017867901211e-05
27806,1.4886262633595931e-05
27807,1.0266845488968174e-05
27808,1.0739562233243814e-05
27809,9.493588591525832e-06
27810,1.1398788038460363e-05
27811,1.0213357406846318e-05
27812,9.700862731621744e-06
27813,2.031908430303899e-05
27814,9.217894788126734e-06
27815,8.184625832172077e-06
27816,9.244975147240444e-06
27817,9.217894788126734e-06
27818,9.720723507752985e-06
27819,1.0673198845483249e-05
27820,1.0296113256437114e-05
27821,1.0474522801572617e-05
27822,1.58814571621755e-05
27823,9.316842424275981e-06
27824,9.765976734099317e-06
27825,1.177697881591642e-05
27826,1.1022989657855392e-05
27827,9.217894788126734e-06
27828,1.613294981240063e-05
27829,4.009860691586643e-05
27830,9.217894788126734e-06
27831,1.532860346973377e-05
27832,1.003161474217399e-05
27833,1.0213357406846318e-05
27834,1.074576865558823e-05
27835,1.8374790933689325e-05
27836,9.875238193826672e-06
27837,1.2039091181769635e-05
27838,1.0304389685578956e-05
27839,1.0207916664227508e-05
27840,1.0632560201404219e-05
27841,1.0563899047708251e-05
27842,7.916481966791899e-06
27843,9.935008023651504e-06
27844,1.144840881813943e-05
27845,8.864262995694006e-06
27846,1.1364417115222792e-05
27847,1.5048026635060272e-05
27848,1.0816858899900522e-05
27849,2.0973027807733974e-05
27850,1.1356656930289702e-05
27851,1.3184870949540459e-05
27852,1.353974428103868e-05
27853,9.489074365034779e-06
27854,1.052641146073085e-05
27855,6.674408288524918e-06
27856,1.427008507080822e-05
27857,1.3913469607568114e-05
27858,1.103245187317389e-05
27859,1.0804275205124589e-05
27860,7.916481966791899e-06
27861,1.240405310203985e-05
27862,9.715239379587256e-06
27863,1.2039091181769635e-05
27864,9.893028832896335e-06
27865,1.0673198845483249e-05
27866,1.145795212043991e-05
27867,9.007728934627767e-06
27868,1.723461741053332e-05
27869,9.967603528957248e-06
27870,8.381642699285752e-06
27871,1.0348370002420954e-05
27872,2.1741323720359327e-05
27873,8.674958738307506e-06
27874,1.050537032126487e-05
27875,9.861512805350344e-06
27876,1.546047799348385e-05
27877,9.598517099071531e-06
27878,9.317540546083008e-06
27879,9.271261400480925e-06
27880,1.4875798373508094e-05
27881,9.66366577643837e-06
27882,1.1072958869998366e-05
27883,9.076566886993103e-06
27884,9.700862731621744e-06
27885,1.1398788038460363e-05
27886,9.316842424275981e-06
27887,1.0360425969893026e-05
27888,1.611917240501375e-05
27889,9.239550899912532e-06
27890,1.2058786164846864e-05
27891,8.552299102409865e-06
27892,1.2058786164846864e-05
27893,1.0816858899900522e-05
27894,9.533867864066155e-06
27895,1.1594325978611455e-05
27896,9.399877875532114e-06
27897,9.399877875532114e-06
27898,1.5805030369046533e-05
27899,1.0875680193864348e-05
27900,1.1752365764083765e-05
27901,9.700862731621744e-06
27902,1.552450221808111e-05
27903,9.533867864066155e-06
27904,1.455037821058291e-05
27905,8.864262995694006e-06
27906,9.163730894583565e-06
27907,1.0190310948017527e-05
27908,9.582707565010591e-06
27909,1.0923473382729238e-05
27910,1.1029448466982983e-05
27911,1.0691282150835419e-05
27912,1.1904958243208149e-05
27913,1.050537032126487e-05
27914,9.986120975271117e-06
27915,2.0654512168795214e-05
27916,2.0267744209831077e-05
27917,8.519751819647818e-06
27918,2.6766655345844355e-05
27919,1.2058786164846864e-05
27920,8.444617015338625e-06
27921,1.0691282150835419e-05
27922,1.1728661315964814e-05
27923,2.1342380786914668e-05
27924,1.305159326232427e-05
27925,1.353974428103868e-05
27926,1.0724042150259893e-05
27927,1.2529614893840324e-05
27928,9.187772221265003e-06
27929,1.0523880672159554e-05
27930,1.3081654866788091e-05
27931,9.53237362447028e-06
27932,8.80058397664867e-06
27933,2.980927241797375e-05
27934,8.98613338073191e-06
27935,9.876348029005935e-06
27936,1.0377534691953246e-05
27937,1.0632560201404219e-05
27938,1.0241717869620738e-05
27939,9.715239379587256e-06
27940,1.1594325978611455e-05
27941,1.1261317758557567e-05
27942,9.493588591525832e-06
27943,8.98613338073191e-06
27944,1.0920974649155722e-05
27945,1.003161474217399e-05
27946,9.510111211076036e-06
27947,1.353974428103868e-05
27948,9.700862731621744e-06
27949,1.1510848380920765e-05
27950,1.1398788038460363e-05
27951,9.514281501058351e-06
27952,1.2039091181769635e-05
27953,1.4565246721852553e-05
27954,1.16117097546835e-05
27955,1.1317600624029021e-05
27956,1.3081654866788091e-05
27957,5.648138520699926e-06
27958,9.700862731621744e-06
27959,9.623776343241303e-06
27960,1.015245543295525e-05
27961,1.5174236041634535e-05
27962,9.53237362447028e-06
27963,1.1029448466982983e-05
27964,1.2529614893840324e-05
27965,8.674958738307506e-06
27966,1.1364417115222792e-05
27967,1.434003543821109e-05
27968,8.503783769685729e-06
27969,8.423577999744469e-06
27970,1.0226947814012442e-05
27971,8.251292371225482e-06
27972,9.908381712638796e-06
27973,1.8060929611758407e-05
27974,1.040634852296654e-05
27975,8.35108128676514e-06
27976,1.0660709689367653e-05
27977,1.0296113256437114e-05
27978,2.3340236064690812e-05
27979,9.63849168571555e-06
27980,8.801301594525623e-06
27981,9.935008023651504e-06
27982,3.1428169240426975e-05
27983,1.1317600624029021e-05
27984,1.5625772423762285e-05
27985,9.720723507752985e-06
27986,1.1048121390319183e-05
27987,9.700862731621744e-06
27988,9.499333526257177e-06
27989,1.0637853883326657e-05
27990,1.1730922678968424e-05
27991,1.0190310948017527e-05
27992,9.215423587209066e-06
27993,9.434520593808654e-06
27994,9.105964578815469e-06
27995,1.1118294444784053e-05
27996,1.1212693996919311e-05
27997,9.215423587209066e-06
27998,8.184625832172077e-06
27999,9.187772221265003e-06
28000,9.493566059282185e-06
28001,6.674408288524918e-06
28002,9.897250846409457e-06
28003,1.2039091181769635e-05
28004,8.801301594525623e-06
28005,9.948291810840633e-06
28006,1.1730922678968424e-05
28007,9.811995885297593e-06
28008,1.2386260181243683e-05
28009,1.1317600624029021e-05
28010,1.1347282628427675e-05
28011,1.0226947814012442e-05
28012,1.2668567111098646e-05
28013,1.353974428103868e-05
28014,9.63462487911372e-06
28015,9.711597088106313e-06
28016,9.908087847875337e-06
28017,1.6736649997154042e-05
28018,1.3010120601761832e-05
28019,9.623776343241303e-06
28020,9.05804862443082e-06
28021,1.3436683153497976e-05
28022,1.028892948360175e-05
28023,1.0332553080377697e-05
28024,9.84128048041037e-06
28025,1.0323798207862645e-05
28026,8.98613338073191e-06
28027,8.98613338073191e-06
28028,1.1594325978611455e-05
28029,2.0654512168795214e-05
28030,8.674958738307506e-06
28031,1.0332553080377697e-05
28032,9.718210177599535e-06
28033,9.967603528957248e-06
28034,8.446582058610286e-06
28035,1.1905788186692852e-05
28036,8.8687787159733e-06
28037,9.434838296707893e-06
28038,1.166445740269477e-05
28039,1.2523040583816098e-05
28040,4.561310528118881e-06
28041,1.3124703986751003e-05
28042,1.009278174243314e-05
28043,9.46984213922782e-06
28044,1.2002464372649052e-05
28045,1.983918882425527e-05
28046,1.1905788186692852e-05
28047,9.861512805350344e-06
28048,9.561041139947305e-06
28049,9.217894788126734e-06
28050,9.920286267500786e-06
28051,1.1971344261213511e-05
28052,1.240405310203985e-05
28053,9.720723507752985e-06
28054,1.0377534691953246e-05
28055,1.1730922678968424e-05
28056,1.2058786164846864e-05
28057,9.885989024162485e-06
28058,9.967603528957248e-06
28059,1.0093258079298354e-05
28060,1.523275168059983e-05
28061,1.1022989657855392e-05
28062,1.166445740269477e-05
28063,9.05804862443082e-06
28064,1.353974428103868e-05
28065,1.647756589987466e-05
28066,1.1510848380920765e-05
28067,1.139810098846653e-05
28068,9.317540546083008e-06
28069,9.685841526932834e-06
28070,9.05804862443082e-06
28071,9.575534257900319e-06
28072,8.92760565575325e-06
28073,1.0576537970705184e-05
28074,1.9290891147984127e-05
28075,1.040634852296654e-05
28076,9.876348029005935e-06
28077,8.80058397664867e-06
28078,9.720723507752985e-06
28079,8.282823882051438e-06
28080,8.92760565575325e-06
28081,9.105964578815469e-06
28082,9.105964578815469e-06
28083,1.0523880672159554e-05
28084,1.0501844755673104e-05
28085,9.876348029005935e-06
28086,9.690616076324506e-06
28087,1.1212693996919311e-05
28088,8.864262995694006e-06
28089,9.167046619281176e-06
28090,9.53237362447028e-06
28091,1.5286326501361194e-05
28092,9.232504965291968e-06
28093,1.0851799913451715e-05
28094,1.024622844441018e-05
28095,1.4362661394807078e-05
28096,9.655747257728404e-06
28097,9.793412700163626e-06
28098,1.1029448466982983e-05
28099,6.674408288524918e-06
28100,1.4660105087330726e-05
28101,9.22237046987849e-06
28102,1.0837800586025711e-05
28103,1.3246244734768097e-05
28104,9.741334635875322e-06
28105,1.0395100361401984e-05
28106,9.623776343241303e-06
28107,1.569902203970066e-05
28108,9.967603528957248e-06
28109,1.1510848380920765e-05
28110,9.46984213922782e-06
28111,1.0902678970234394e-05
28112,2.103428126372479e-05
28113,8.674958738307506e-06
28114,1.0377534691953246e-05
28115,9.63908308380622e-06
28116,1.1398788038460363e-05
28117,9.201953319907135e-06
28118,1.720776730242915e-05
28119,9.271261400480925e-06
28120,1.206237794957882e-05
28121,9.879854495037761e-06
28122,8.801301594525623e-06
28123,9.63908308380622e-06
28124,9.715239379587256e-06
28125,1.2058786164846864e-05
28126,1.0264489145142471e-05
28127,1.0633902373928431e-05
28128,1.0044546564286435e-05
28129,1.353974428103868e-05
28130,6.674408288524918e-06
28131,1.052641146073085e-05
28132,1.0673198845483249e-05
28133,1.206237794957882e-05
28134,1.1594325978611455e-05
28135,1.0323798207862645e-05
28136,9.493588591525832e-06
28137,9.61567250659419e-06
28138,1.0377534691953246e-05
28139,1.2795788404948052e-05
28140,9.582707565010591e-06
28141,9.712737614644691e-05
28142,0.0002510611111801102
28143,8.720501904768429e-06
28144,1.4580118442731347e-05
28145,1.1021942368660868e-05
28146,1.9523696698368473e-05
28147,9.765976734099317e-06
28148,8.864262995694006e-06
28149,1.0581429682234979e-05
28150,9.728168383333168e-06
28151,9.244975147240444e-06
28152,1.998989598742462e-05
28153,9.655747257728404e-06
28154,1.4455556784138505e-05
28155,9.63908308380622e-06
28156,1.0226947814012442e-05
28157,9.49242637511871e-06
28158,1.003161474217399e-05
28159,1.195602319665265e-05
28160,9.582707565010591e-06
28161,1.050537032126487e-05
28162,1.5780369584134084e-05
28163,1.4494782730091534e-05
28164,1.118470439166166e-05
28165,1.8374790933689325e-05
28166,1.00758020558691e-05
28167,1.5625772423762285e-05
28168,8.92760565575325e-06
28169,1.4860144636539731e-05
28170,4.7062839482085284e-05
28171,1.0296113256437114e-05
28172,1.0327374865332602e-05
28173,8.444617015338625e-06
28174,1.0633902373928431e-05
28175,1.455984930510267e-05
28176,1.1605670500538817e-05
28177,1.2474004358217501e-05
28178,9.804799282565535e-06
28179,9.598517099071531e-06
28180,9.715239379587256e-06
28181,9.967603528957248e-06
28182,9.339471607813863e-06
28183,1.0673198845483249e-05
28184,9.263821395050691e-06
28185,1.353974428103868e-05
28186,1.1398788038460363e-05
28187,1.206237794957882e-05
28188,9.873227284104391e-06
28189,8.848748200179625e-06
28190,1.1146827871955544e-05
28191,7.992781377142298e-06
28192,1.0152000896655648e-05
28193,8.98613338073191e-06
28194,1.1022989657855392e-05
28195,9.007728934627767e-06
28196,1.003161474217399e-05
28197,9.493588591525832e-06
28198,1.747468094098036e-05
28199,9.024752918851432e-06
28200,9.024752918851432e-06
28201,1.0207916664227508e-05
28202,1.9371900727069626e-05
28203,1.2946279792785916e-05
28204,9.690616076324506e-06
28205,1.0804275205124589e-05
28206,9.024752918851432e-06
28207,9.239550899912532e-06
28208,9.861512805350344e-06
28209,8.269342863687477e-06
28210,1.0264489145142471e-05
28211,1.040634852296654e-05
28212,1.1594325978611455e-05
28213,9.715239379587256e-06
28214,1.0325521945413936e-05
28215,1.1703085965558177e-05
28216,1.0923473382729238e-05
28217,1.0579067218970241e-05
28218,1.1356656930289702e-05
28219,1.0248059245605469e-05
28220,2.6720763005696668e-05
28221,9.024752918851432e-06
28222,1.0348370002420954e-05
28223,9.34106932876218e-06
28224,9.61567250659419e-06
28225,1.0727799886620179e-05
28226,1.0327374865332602e-05
28227,1.4497804014879282e-05
28228,8.966816258866327e-06
28229,3.4409560370882836e-05
28230,1.4102587079184998e-05
28231,9.715239379587256e-06
28232,1.9768984011733706e-05
28233,1.0325521945413936e-05
28234,1.177697881591642e-05
28235,1.1104152863120281e-05
28236,9.623776343241303e-06
28237,9.215423587209066e-06
28238,1.0608279290858941e-05
28239,1.1730922678968424e-05
28240,1.0558042072649292e-05
28241,1.1261317758557567e-05
28242,1.1398788038460363e-05
28243,9.684771821929977e-06
28244,1.4875798373508094e-05
28245,9.582707565010591e-06
28246,8.966816258866327e-06
28247,1.0711341726803775e-05
28248,1.5685069047387785e-05
28249,1.1029448466982983e-05
28250,9.024752918851432e-06
28251,9.105964578815469e-06
28252,1.0248059245605469e-05
28253,1.0264489145142471e-05
28254,1.7328960423487648e-05
28255,1.1398788038460363e-05
28256,3.287985381387667e-05
28257,1.1398788038460363e-05
28258,1.2058786164846864e-05
28259,1.002322127836139e-05
28260,9.024752918851432e-06
28261,9.754070560661059e-06
28262,1.0360425969893026e-05
28263,9.956974897762962e-06
28264,9.317540546083008e-06
28265,1.0360425969893026e-05
28266,9.510111211076036e-06
28267,9.317540546083008e-06
28268,9.10260502471896e-06
28269,0.00035637840149412204
28270,1.5141193215279035e-05
28271,1.1398788038460363e-05
28272,1.353974428103868e-05
28273,1.036236578670301e-05
28274,1.206237794957882e-05
28275,1.4121690189426765e-05
28276,1.1118294444784053e-05
28277,1.01587953328069e-05
28278,2.236315126073007e-05
28279,1.5964698096183174e-05
28280,9.793412700163626e-06
28281,9.568833028344554e-06
28282,1.040634852296654e-05
28283,9.897250846409457e-06
28284,8.507706948517618e-06
28285,1.0579067218970241e-05
28286,9.255426568317661e-06
28287,9.244975147240444e-06
28288,9.693113467798529e-06
28289,1.0365859094959847e-05
28290,1.1355015410120625e-05
28291,9.967603528957248e-06
28292,1.0264489145142471e-05
28293,9.86788215339441e-06
28294,8.647477836723018e-06
28295,1.1594325978611455e-05
28296,1.5531622818503426e-05
28297,1.0608279290858941e-05
28298,1.722904522740787e-05
28299,8.80058397664867e-06
28300,1.050537032126487e-05
28301,1.0691282150835419e-05
28302,1.16452300893274e-05
28303,1.0267670007139493e-05
28304,1.0201731640124468e-05
28305,9.893028832896335e-06
28306,1.2386260181243683e-05
28307,9.217894788126734e-06
28308,9.024752918851432e-06
28309,9.715239379587256e-06
28310,1.1904958243208149e-05
28311,9.63462487911372e-06
28312,9.63908308380622e-06
28313,1.353974428103868e-05
28314,9.741334635875322e-06
28315,8.530722915133776e-06
28316,1.177697881591642e-05
28317,8.647477836723018e-06
28318,1.2851268277655292e-05
28319,1.3436683153497976e-05
28320,1.0008352767091742e-05
28321,1.1356656930289702e-05
28322,1.5805030369046533e-05
28323,1.5805030369046533e-05
28324,1.0673198845483249e-05
28325,1.0474522801572617e-05
28326,8.647477836723018e-06
28327,1.0501844755673104e-05
28328,1.2386260181243683e-05
28329,1.0323798207862645e-05
28330,9.399877875532114e-06
28331,1.1356656930289702e-05
28332,1.0296113256437114e-05
28333,1.1398788038460363e-05
28334,1.6680934887212546e-05
28335,1.2523040583816098e-05
28336,9.37368426311911e-06
28337,1.0365859094959847e-05
28338,1.0347163086799967e-05
28339,1.3074226847997412e-05
28340,1.1904958243208149e-05
28341,1.4364671807594408e-05
28342,9.956974897762962e-06
28343,9.37368426311911e-06
28344,8.184625832172077e-06
28345,8.590149903225016e-06
28346,8.674958738307506e-06
28347,1.0641647050221365e-05
28348,8.716259692959632e-06
28349,1.1317600624029021e-05
28350,1.0248059245605469e-05
28351,1.0673198845483249e-05
28352,9.63462487911372e-06
28353,1.0241717869620738e-05
28354,1.145795212043991e-05
28355,1.0719318706660731e-05
28356,1.0414935439835905e-05
28357,1.2474004358217501e-05
28358,1.0673198845483249e-05
28359,1.0347163086799967e-05
28360,1.1004350244038656e-05
28361,1.4418723063120886e-05
28362,8.184625832172077e-06
28363,1.75856603524639e-05
28364,1.0579067218970241e-05
28365,8.590149903225016e-06
28366,2.5046233232199752e-05
28367,1.0055811583422948e-05
28368,1.1072958869998366e-05
28369,1.118470439166166e-05
28370,1.0688941906292139e-05
28371,9.693113467798529e-06
28372,1.1270162968399736e-05
28373,1.4512424883533378e-05
28374,9.715239379587256e-06
28375,1.0688941906292139e-05
28376,1.0325521945413936e-05
28377,1.66131405786351e-05
28378,9.92867238526007e-06
28379,1.0327811939182512e-05
28380,9.476399044439624e-06
28381,8.35108128676514e-06
28382,8.966816258866327e-06
28383,1.0673198845483249e-05
28384,1.0673198845483249e-05
28385,1.0625988213105185e-05
28386,1.2217500461522906e-05
28387,1.1320356980366022e-05
28388,1.280742674021427e-05
28389,8.647477836723018e-06
28390,5.330244508974136e-06
28391,9.232504965291968e-06
28392,9.582707565010591e-06
28393,9.725920108296228e-06
28394,0.00023376720906890467
28395,9.105964578815469e-06
28396,9.105964578815469e-06
28397,1.0558042072649292e-05
28398,1.0377534691953246e-05
28399,1.0270470779057243e-05
28400,9.105964578815469e-06
28401,9.793412700163626e-06
28402,1.3074226847997412e-05
28403,8.767001534425418e-06
28404,1.0558042072649292e-05
28405,1.573929260921026e-05
28406,9.493588591525832e-06
28407,9.187772221265003e-06
28408,1.1004350244038656e-05
28409,9.105964578815469e-06
28410,9.187772221265003e-06
28411,1.1730922678968424e-05
28412,1.504721082571649e-05
28413,1.0605862121923956e-05
28414,1.2386260181243683e-05
28415,1.0083068471111015e-05
28416,2.0213214782871092e-05
28417,1.0673198845483249e-05
28418,0.000125944079231082
28419,1.1287927236869197e-05
28420,1.1001469392205521e-05
28421,9.549114309328014e-06
28422,1.0320122706611893e-05
28423,8.444617015338625e-06
28424,9.873227284104391e-06
28425,8.123339018192422e-06
28426,1.1320356980366022e-05
28427,8.123339018192422e-06
28428,1.0226947814012442e-05
28429,8.282823882051438e-06
28430,8.184625832172077e-06
28431,1.0804275205124589e-05
28432,1.173758364785416e-05
28433,9.508011278525883e-06
28434,9.718210177599535e-06
28435,9.105964578815469e-06
28436,5.598218079480293e-06
28437,1.4875798373508094e-05
28438,1.045648312641421e-05
28439,9.024752918851432e-06
28440,9.337233669156108e-06
28441,6.674408288524918e-06
28442,1.4976308147503926e-05
28443,1.004334818679909e-05
28444,1.13105233916719e-05
28445,1.0896042873277623e-05
28446,1.1875869116015971e-05
28447,3.301163986044932e-05
28448,1.2203954207176694e-05
28449,1.1364417115222792e-05
28450,9.325277251774764e-06
28451,1.009278174243314e-05
28452,1.5685069047387785e-05
28453,1.265861460429096e-05
28454,1.050537032126487e-05
28455,0.00026811709453404043
28456,9.63849168571555e-06
28457,1.1904958243208149e-05
28458,9.593922196304636e-06
28459,1.0673198845483249e-05
28460,1.0673198845483249e-05
28461,1.0083068471111015e-05
28462,1.0365859094959847e-05
28463,9.876348029005935e-06
28464,8.999522573062998e-06
28465,1.1696818140339037e-05
28466,1.0606931434926932e-05
28467,1.246725840014532e-05
28468,1.0304389685578956e-05
28469,8.444617015338625e-06
28470,8.35108128676514e-06
28471,1.0673198845483249e-05
28472,9.149489293946556e-06
28473,8.785848222579045e-06
28474,1.4354623729130883e-05
28475,9.63849168571555e-06
28476,9.024897217262012e-06
28477,9.317540546083008e-06
28478,1.1048121390319183e-05
28479,1.0673198845483249e-05
28480,1.0414935439835905e-05
28481,1.0414935439835905e-05
28482,9.499333526257177e-06
28483,1.5977658295267323e-05
28484,1.0614819942957108e-05
28485,1.1904958243208149e-05
28486,1.1730922678968424e-05
28487,9.533867864066155e-06
28488,8.316408602707099e-06
28489,9.087188963134636e-06
28490,9.10260502471896e-06
28491,1.576941665908078e-05
28492,1.0558042072649292e-05
28493,0.000165954048613088
28494,1.0470739855513193e-05
28495,0.00019458497588069549
28496,9.3206344389504e-06
28497,1.0062967791087864e-05
28498,1.2058786164846864e-05
28499,1.0365859094959847e-05
28500,8.123339018192422e-06
28501,9.71769253600263e-06
28502,9.71769253600263e-06
28503,9.187772221265003e-06
28504,9.476399044439624e-06
28505,9.46984213922782e-06
28506,2.8715885373979408e-05
28507,0.00020965388821507952
28508,0.0002194675704748319
28509,1.1001469392205521e-05
28510,1.2523040583816098e-05
28511,8.35108128676514e-06
28512,5.876379722888694e-06
28513,1.145795212043991e-05
28514,9.05804862443082e-06
28515,1.1317600624029021e-05
28516,9.510111211076036e-06
28517,9.510111211076036e-06
28518,9.510111211076036e-06
28519,1.2038272939914656e-05
28520,9.510111211076036e-06
28521,9.804799282565535e-06
28522,1.7823012823758564e-05
28523,1.1364417115222792e-05
28524,1.6039360153674773e-05
28525,1.0241717869620738e-05
28526,1.0304389685578956e-05
28527,1.6948520991268743e-05
28528,9.700862731621744e-06
28529,1.0606931434926932e-05
28530,9.434906633416035e-06
28531,1.0377534691953246e-05
28532,1.0660709689367653e-05
28533,9.02497625970319e-06
28534,1.0605862121923956e-05
28535,1.0270470779057243e-05
28536,4.552884590672572e-05
28537,9.575534257900319e-06
28538,1.00595519188609e-05
28539,1.0673198845483249e-05
28540,9.598517099071531e-06
28541,8.123339018192422e-06
28542,1.1022989657855392e-05
28543,9.63908308380622e-06
28544,1.2058786164846864e-05
28545,2.502620255231527e-05
28546,1.2152454439821123e-05
28547,1.1029448466982983e-05
28548,1.2540670897270906e-05
28549,9.423470973731333e-06
28550,1.818437243103593e-05
28551,9.510111211076036e-06
28552,1.0207916664227508e-05
28553,9.337574830990247e-05
28554,1.1594325978611455e-05
28555,9.552202977205576e-06
28556,1.1904958243208149e-05
28557,9.655747257728404e-06
28558,9.46984213922782e-06
28559,1.1594325978611455e-05
28560,1.0660709689367653e-05
28561,5.59018640188725e-06
28562,1.1730922678968424e-05
28563,9.533867864066155e-06
28564,1.2039091181769635e-05
28565,1.280742674021427e-05
28566,1.036236578670301e-05
28567,9.434906633416035e-06
28568,9.149489293946556e-06
28569,8.693169150980948e-06
28570,9.149489293946556e-06
28571,1.1001469392205521e-05
28572,1.1044881389740348e-05
28573,9.37368426311911e-06
28574,9.897250846409457e-06
28575,1.1317600624029021e-05
28576,9.317540546083008e-06
28577,8.35048641027538e-06
28578,9.217894788126734e-06
28579,9.239550899912532e-06
28580,0.0001858043142871067
28581,1.1398788038460363e-05
28582,6.674408288524918e-06
28583,1.2039091181769635e-05
28584,1.1875869116015971e-05
28585,9.497136086334239e-06
28586,1.6780160400169423e-05
28587,9.84128048041037e-06
28588,1.145795212043991e-05
28589,9.391614894342553e-06
28590,8.767473216099917e-06
28591,1.1453354286263499e-05
28592,1.5120289429859302e-05
28593,8.446582058610286e-06
28594,1.2039091181769635e-05
28595,9.105964578815469e-06
28596,1.0688941906292139e-05
28597,1.1317600624029021e-05
28598,8.647477836723018e-06
28599,1.145795212043991e-05
28600,2.0785216661735253e-05
28601,9.360000703992135e-06
28602,1.0264489145142471e-05
28603,9.876348029005935e-06
28604,1.6941368922008674e-05
28605,9.700862731621744e-06
28606,8.98613338073191e-06
28607,4.561310528118881e-06
28608,1.0983549165868838e-05
28609,1.4703363963580914e-05
28610,1.3436683153497976e-05
28611,1.1594325978611455e-05
28612,1.1317600624029021e-05
28613,9.986120975271117e-06
28614,9.63849168571555e-06
28615,1.002322127836139e-05
28616,1.009278174243314e-05
28617,9.74454702862083e-06
28618,9.024752918851432e-06
28619,9.024752918851432e-06
28620,1.0394028520652429e-05
28621,1.036236578670301e-05
28622,2.9327829253218348e-05
28623,9.690616076324506e-06
28624,8.674958738307506e-06
28625,1.0377534691953246e-05
28626,8.674958738307506e-06
28627,9.700862731621744e-06
28628,9.804799282565535e-06
28629,8.881599773114271e-06
28630,8.282823882051438e-06
28631,1.1078478163378258e-05
28632,9.804799282565535e-06
28633,9.804799282565535e-06
28634,1.0719318706660731e-05
28635,1.8960893581478768e-05
28636,1.4941671178542311e-05
28637,1.0264489145142471e-05
28638,1.1904958243208149e-05
28639,1.0008352767091742e-05
28640,9.861512805350344e-06
28641,1.0474522801572617e-05
28642,9.105964578815469e-06
28643,9.053328994739186e-06
28644,1.3035497606121079e-05
28645,1.145795212043991e-05
28646,1.050537032126487e-05
28647,1.3436683153497976e-05
28648,1.3436683153497976e-05
28649,9.754070560661059e-06
28650,8.791482199158835e-06
28651,8.807659066140166e-06
28652,1.0348370002420954e-05
28653,1.004334818679909e-05
28654,0.00010817827846951262
28655,8.35048641027538e-06
28656,1.7751622982932053e-05
28657,1.4210763285209944e-05
28658,1.9682900643574082e-05
28659,9.053328994739186e-06
28660,1.1904958243208149e-05
28661,1.4472157442928997e-05
28662,9.100911172186245e-06
28663,9.510111211076036e-06
28664,9.38851605547499e-06
28665,6.674408288524918e-06
28666,1.0264489145142471e-05
28667,9.254412739787047e-06
28668,1.0327811939182512e-05
28669,1.0641647050221365e-05
28670,1.1320356980366022e-05
28671,8.282823882051438e-06
28672,1.1522525439412445e-05
28673,8.693169150980948e-06
28674,1.00595519188609e-05
28675,9.582707565010591e-06
28676,1.2203954207176694e-05
28677,1.2184503234008396e-05
28678,1.0213357406846318e-05
28679,9.715239379587256e-06
28680,1.009278174243314e-05
28681,1.0558042072649292e-05
28682,1.0325521945413936e-05
28683,1.0348370002420954e-05
28684,1.6694804711234493e-05
28685,9.866856785287496e-06
28686,6.674408288524918e-06
28687,1.1029448466982983e-05
28688,1.5805030369046533e-05
28689,4.83650010001436e-06
28690,1.4412617543268523e-05
28691,9.855818921322782e-06
28692,1.0414935439835905e-05
28693,1.8047104581252595e-05
28694,9.316842424275981e-06
28695,6.674408288524918e-06
28696,8.184625832172077e-06
28697,8.235115149818874e-06
28698,9.715239379587256e-06
28699,9.811995885297593e-06
28700,8.674958738307506e-06
28701,9.63908308380622e-06
28702,1.0558042072649292e-05
28703,1.0739562233243814e-05
28704,9.777263074180927e-06
28705,9.434838296707893e-06
28706,8.674958738307506e-06
28707,4.31603093663685e-05
28708,1.0673198845483249e-05
28709,9.804799282565535e-06
28710,1.0804275205124589e-05
28711,8.767001534425418e-06
28712,9.92867238526007e-06
28713,1.2116546965853564e-05
28714,9.365870353764055e-06
28715,9.187772221265003e-06
28716,9.59484738868822e-06
28717,1.0044546564286435e-05
28718,1.0452836128321915e-05
28719,9.201953319907135e-06
28720,1.0673198845483249e-05
28721,9.239550899912532e-06
28722,1.1317600624029021e-05
28723,9.493998917765896e-06
28724,1.1356656930289702e-05
28725,8.444617015338625e-06
28726,8.123339018192422e-06
28727,9.105964578815469e-06
28728,1.1022989657855392e-05
28729,8.864262995694006e-06
28730,1.0360425969893026e-05
28731,9.855818921322782e-06
28732,9.138178963690783e-06
28733,1.0608279290858941e-05
28734,1.003161474217399e-05
28735,1.0727799886620179e-05
28736,1.0093258079298354e-05
28737,1.145795212043991e-05
28738,1.2058786164846864e-05
28739,9.873227284104391e-06
28740,1.145795212043991e-05
28741,2.7258451035658094e-05
28742,1.0673198845483249e-05
28743,1.145795212043991e-05
28744,1.6823185766001026e-05
28745,1.0360425969893026e-05
28746,1.0804275205124589e-05
28747,1.2058786164846864e-05
28748,9.10260502471896e-06
28749,1.3543764880640727e-05
28750,1.0606931434926932e-05
28751,1.3436683153497976e-05
28752,9.053328994739186e-06
28753,1.0804275205124589e-05
28754,9.876348029005935e-06
28755,1.2002464372649052e-05
28756,1.8221461981614738e-05
28757,1.9755177333994433e-05
28758,1.1078478163378258e-05
28759,1.5254975402569197e-05
28760,1.486203279179545e-05
28761,8.123339018192422e-06
28762,1.1355015410120625e-05
28763,9.53237362447028e-06
28764,1.0012821076224137e-05
28765,9.855818921322782e-06
28766,1.0395100361401984e-05
28767,1.1594325978611455e-05
28768,1.2386260181243683e-05
28769,1.1078478163378258e-05
28770,1.0044546564286435e-05
28771,1.040634852296654e-05
28772,1.4553589827199998e-05
28773,9.92867238526007e-06
28774,9.510111211076036e-06
28775,3.4853544774372206e-05
28776,1.0327811939182512e-05
28777,1.0523880672159554e-05
28778,9.885989024162485e-06
28779,8.530722915133776e-06
28780,7.55205999585218e-05
28781,1.1261317758557567e-05
28782,1.0406263609766445e-05
28783,1.2523040583816098e-05
28784,9.463714720507445e-06
28785,9.187772221265003e-06
28786,1.396535951379383e-05
28787,1.4271073498569836e-05
28788,1.145795212043991e-05
28789,1.71291108272927e-05
28790,9.623776343241303e-06
28791,9.105964578815469e-06
28792,1.0248059245605469e-05
28793,3.0095676261969813e-05
28794,8.98613338073191e-06
28795,8.184625832172077e-06
28796,1.0523880672159554e-05
28797,1.71291108272927e-05
28798,1.374552916434338e-05
28799,9.879854495037761e-06
28800,1.0719318706660731e-05
28801,1.145795212043991e-05
28802,1.1072958869998366e-05
28803,2.260371384718498e-05
28804,1.3381641488624728e-05
28805,1.145795212043991e-05
28806,9.339471607813863e-06
28807,1.061481761300295e-05
28808,9.681320269540957e-06
28809,9.22237046987849e-06
28810,1.1078478163378258e-05
28811,9.190780516689155e-06
28812,9.61567250659419e-06
28813,1.4399697052456847e-05
28814,8.473734475392515e-06
28815,9.239550899912532e-06
28816,1.003161474217399e-05
28817,1.5805030369046533e-05
28818,2.4032626096488415e-05
28819,1.2032706307433641e-05
28820,8.92760565575325e-06
28821,1.0304389685578956e-05
28822,9.855818921322782e-06
28823,9.190780516689155e-06
28824,9.217894788126734e-06
28825,9.711597088106313e-06
28826,8.78158507753969e-06
28827,5.709897647251412e-06
28828,1.4565246721852553e-05
28829,8.900231607773971e-06
28830,1.0986418995693328e-05
28831,1.1270162968399736e-05
28832,1.0942141109456647e-05
28833,9.948291810840633e-06
28834,8.674958738307506e-06
28835,9.133376089963482e-06
28836,1.0296113256437114e-05
28837,9.489074365034779e-06
28838,1.550036040359895e-05
28839,1.0986418995693328e-05
28840,1.0470739855513193e-05
28841,1.1028616036275543e-05
28842,1.003161474217399e-05
28843,1.0264489145142471e-05
28844,1.9755177333994433e-05
28845,2.00520744328687e-05
28846,9.59484738868822e-06
28847,1.0264489145142471e-05
28848,9.59484738868822e-06
28849,1.0165217108108049e-05
28850,9.967603528957248e-06
28851,2.2608155391912548e-05
28852,0.00011480039324302488
28853,1.611917240501375e-05
28854,2.238141082274152e-05
28855,1.1048121390319183e-05
28856,1.0296113256437114e-05
28857,1.2924585625900574e-05
28858,1.5805030369046533e-05
28859,1.1212693996919311e-05
28860,1.0201731640124468e-05
28861,9.885989024162485e-06
28862,1.2058786164846864e-05
28863,1.1904958243208149e-05
28864,1.2039091181769635e-05
28865,9.715239379587256e-06
28866,1.0394028520652429e-05
28867,1.002322127836139e-05
28868,1.4472157442928997e-05
28869,9.777263074180927e-06
28870,1.0394028520652429e-05
28871,1.0264489145142471e-05
28872,9.463714720507445e-06
28873,1.240405310203985e-05
28874,1.0285709465126103e-05
28875,9.244975147240444e-06
28876,9.158656342036634e-06
28877,8.881599773114271e-06
28878,9.967603528957248e-06
28879,9.244975147240444e-06
28880,1.2954516190704802e-05
28881,8.444617015338625e-06
28882,1.0264489145142471e-05
28883,4.6020188844645e-05
28884,9.552202977205576e-06
28885,1.115309107195684e-05
28886,1.015245543295525e-05
28887,1.2851268277655292e-05
28888,1.1317600624029021e-05
28889,9.582707565010591e-06
28890,9.217894788126734e-06
28891,1.003161474217399e-05
28892,1.1270162968399736e-05
28893,1.0012821076224137e-05
28894,1.8803500882717507e-05
28895,9.879854495037761e-06
28896,6.674408288524918e-06
28897,8.444617015338625e-06
28898,1.1594325978611455e-05
28899,1.0645395354398507e-05
28900,9.811995885297593e-06
28901,1.145795212043991e-05
28902,1.040634852296654e-05
28903,1.16117097546835e-05
28904,9.201953319907135e-06
28905,1.71291108272927e-05
28906,1.0332553080377697e-05
28907,1.145795212043991e-05
28908,1.3436683153497976e-05
28909,1.052641146073085e-05
28910,1.0008352767091742e-05
28911,9.322330495343925e-06
28912,8.647477836723018e-06
28913,9.623776343241303e-06
28914,9.623776343241303e-06
28915,1.315467809777112e-05
28916,9.623776343241303e-06
28917,8.590149903225016e-06
28918,8.611358100279569e-06
28919,1.0248059245605469e-05
28920,1.0579067218970241e-05
28921,1.0248059245605469e-05
28922,1.0875680193864348e-05
28923,9.138178963690783e-06
28924,1.3074226847997412e-05
28925,9.885989024162485e-06
28926,1.1594325978611455e-05
28927,1.145795212043991e-05
28928,8.693169150980948e-06
28929,9.967603528957248e-06
28930,9.058025879748137e-06
28931,9.728168383333168e-06
28932,1.315467809777112e-05
28933,9.623776343241303e-06
28934,9.623776343241303e-06
28935,1.145795212043991e-05
28936,1.1594325978611455e-05
28937,1.1317600624029021e-05
28938,1.5805030369046533e-05
28939,1.0190310948017527e-05
28940,1.3553713199137633e-05
28941,1.1594325978611455e-05
28942,1.3553713199137633e-05
28943,1.0248059245605469e-05
28944,1.1594325978611455e-05
28945,1.0369786528028124e-05
28946,1.145795212043991e-05
28947,1.0347163086799967e-05
28948,1.0816858899900522e-05
28949,1.0021522425760387e-05
28950,1.0327811939182512e-05
28951,9.575534257900319e-06
28952,1.1320356980366022e-05
28953,1.145795212043991e-05
28954,1.052641146073085e-05
28955,1.2639093002656946e-05
28956,9.058025879748137e-06
28957,9.86788215339441e-06
28958,8.184625832172077e-06
28959,1.036451516065504e-05
28960,8.674958738307506e-06
28961,1.6057186678578055e-05
28962,8.674958738307506e-06
28963,8.92760565575325e-06
28964,9.190780516689155e-06
28965,8.674958738307506e-06
28966,8.674958738307506e-06
28967,1.0719318706660731e-05
28968,8.709456420603492e-06
28969,2.241092328715684e-05
28970,1.1594325978611455e-05
28971,1.0394028520652429e-05
28972,1.313529346607597e-05
28973,1.0558042072649292e-05
28974,9.428316725526897e-06
28975,8.184625832172077e-06
28976,1.1594325978611455e-05
28977,8.123339018192422e-06
28978,2.5116003479559422e-05
28979,1.612062710610613e-05
28980,8.848748200179625e-06
28981,9.271261400480925e-06
28982,1.0360425969893026e-05
28983,3.993632470004315e-05
28984,9.549114309328014e-06
28985,1.2903399410220977e-05
28986,9.391614894342553e-06
28987,1.71291108272927e-05
28988,1.71291108272927e-05
28989,1.1317600624029021e-05
28990,1.71291108272927e-05
28991,1.71291108272927e-05
28992,9.623776343241303e-06
28993,4.670451762247022e-06
28994,9.093273707967679e-06
28995,8.611358100279569e-06
28996,1.2058786164846864e-05
28997,9.423470973731333e-06
28998,8.801301594525623e-06
28999,9.105964578815469e-06
29000,1.1052403610642951e-05
29001,9.244975147240444e-06
29002,9.217894788126734e-06
29003,1.0673198845483249e-05
29004,1.145795212043991e-05
29005,9.317540546083008e-06
29006,9.217894788126734e-06
29007,9.322330495343925e-06
29008,1.0719318706660731e-05
29009,1.0323798207862645e-05
29010,3.8472073682768065e-05
29011,1.1029448466982983e-05
29012,1.0147900018722789e-05
29013,1.0369786528028124e-05
29014,9.876348029005935e-06
29015,1.0008352767091742e-05
29016,1.0203235324803235e-05
29017,9.63908308380622e-06
29018,1.0248059245605469e-05
29019,9.81173367781952e-06
29020,9.190780516689155e-06
29021,1.246725840014532e-05
29022,1.3909086856417693e-05
29023,1.0645395354398507e-05
29024,1.536233739604379e-05
29025,8.674958738307506e-06
29026,1.0942141109456647e-05
29027,1.0645395354398507e-05
29028,1.0637314892586927e-05
29029,9.715239379587256e-06
29030,8.647477836723018e-06
29031,1.246725840014532e-05
29032,1.009278174243314e-05
29033,1.855620098945586e-05
29034,1.2529614893840324e-05
29035,9.61567250659419e-06
29036,5.16662582064936e-06
29037,1.9763828595301574e-05
29038,9.239550899912532e-06
29039,9.700862731621744e-06
29040,1.002322127836139e-05
29041,1.0804275205124589e-05
29042,9.623776343241303e-06
29043,1.0588724794969408e-05
29044,8.98613338073191e-06
29045,1.4526583268303823e-05
29046,8.767001534425418e-06
29047,1.233366532060434e-05
29048,1.4706414446636038e-05
29049,8.92760565575325e-06
29050,8.832117818009644e-06
29051,1.1317600624029021e-05
29052,2.0758375537535883e-05
29053,8.92760565575325e-06
29054,1.16452300893274e-05
29055,9.74454702862083e-06
29056,1.6746069858195107e-05
29057,8.848748200179625e-06
29058,1.585790491577891e-05
29059,9.63908308380622e-06
29060,1.0920974649155722e-05
29061,1.0673198845483249e-05
29062,1.1971344261213511e-05
29063,1.423466586761174e-05
29064,1.0348370002420954e-05
29065,1.71291108272927e-05
29066,8.251292371225482e-06
29067,1.71291108272927e-05
29068,1.4276221890895706e-05
29069,1.71291108272927e-05
29070,9.623776343241303e-06
29071,9.623776343241303e-06
29072,1.0147900018722789e-05
29073,8.864262995694006e-06
29074,1.5827305085291522e-05
29075,1.2314002950744122e-05
29076,9.263821395050691e-06
29077,1.1436901100260788e-05
29078,6.674408288524918e-06
29079,8.503783769685729e-06
29080,8.423577999744469e-06
29081,1.0241717869620738e-05
29082,1.1048121390319183e-05
29083,8.45349111778105e-06
29084,1.0135758113313978e-05
29085,5.348450489310301e-06
29086,9.654870802543586e-06
29087,9.700862731621744e-06
29088,7.829570628495094e-06
29089,8.251292371225482e-06
29090,1.015245543295525e-05
29091,8.35048641027538e-06
29092,1.009278174243314e-05
29093,9.271261400480925e-06
29094,9.37368426311911e-06
29095,1.0920974649155722e-05
29096,9.935008023651504e-06
29097,1.1803006590185127e-05
29098,9.076566886993103e-06
29099,1.1803006590185127e-05
29100,1.240405310203985e-05
29101,1.579912264780038e-05
29102,9.667392672126224e-06
29103,1.0360425969893026e-05
29104,9.244975147240444e-06
29105,1.714355725464124e-05
29106,9.573603815458379e-06
29107,8.184625832172077e-06
29108,1.0365859094959847e-05
29109,9.136632654823229e-06
29110,1.240405310203985e-05
29111,1.4352854750525463e-05
29112,1.0538603789410964e-05
29113,1.0270470779057243e-05
29114,9.174762821699772e-06
29115,1.1029448466982983e-05
29116,1.1072958869998366e-05
29117,9.83359020575719e-06
29118,1.5905273445863017e-05
29119,1.6590412271266976e-05
29120,1.0347163086799967e-05
29121,1.040634852296654e-05
29122,9.986120975271117e-06
29123,1.1594325978611455e-05
29124,1.0920974649155722e-05
29125,1.0719318706660731e-05
29126,1.0347163086799967e-05
29127,1.1118294444784053e-05
29128,1.145795212043991e-05
29129,1.1355015410120625e-05
29130,1.206237794957882e-05
29131,1.5347077431209174e-05
29132,1.0360425969893026e-05
29133,8.184625832172077e-06
29134,1.0579067218970241e-05
29135,1.0920974649155722e-05
29136,9.746406357827071e-06
29137,9.948291810840633e-06
29138,1.0729831536478351e-05
29139,1.1078478163378258e-05
29140,1.723461741053332e-05
29141,9.575534257900319e-06
29142,9.63908308380622e-06
29143,1.0323798207862645e-05
29144,1.6124670190672283e-05
29145,1.0804275205124589e-05
29146,1.0920974649155722e-05
29147,1.002322127836139e-05
29148,1.4362661394807078e-05
29149,9.552202977205576e-06
29150,9.37368426311911e-06
29151,1.0323798207862645e-05
29152,1.246725840014532e-05
29153,1.145795212043991e-05
29154,9.61567250659419e-06
29155,1.3074226847997412e-05
29156,6.2180242557229486e-06
29157,9.489074365034779e-06
29158,1.0323798207862645e-05
29159,1.0323798207862645e-05
29160,1.2204527911802652e-05
29161,9.317540546083008e-06
29162,9.244975147240444e-06
29163,1.1594325978611455e-05
29164,9.855818921322782e-06
29165,1.145795212043991e-05
29166,9.728168383333168e-06
29167,1.7013545048914908e-05
29168,1.0165217108108049e-05
29169,9.436109709909569e-06
29170,1.9755177333994433e-05
29171,1.9261997727539168e-05
29172,1.1510848380920765e-05
29173,1.002322127836139e-05
29174,9.552202977205576e-06
29175,1.0264489145142471e-05
29176,9.59484738868822e-06
29177,1.367529455150498e-05
29178,1.71291108272927e-05
29179,1.0304389685578956e-05
29180,1.1594325978611455e-05
29181,1.050537032126487e-05
29182,9.244975147240444e-06
29183,1.7609618749217187e-05
29184,1.3913469607568114e-05
29185,1.0377534691953246e-05
29186,9.255426568317661e-06
29187,1.2523040583816098e-05
29188,1.002322127836139e-05
29189,1.3675173284666893e-05
29190,1.1904958243208149e-05
29191,9.699998832179042e-06
29192,9.489074365034779e-06
29193,9.552202977205576e-06
29194,1.280742674021427e-05
29195,2.1041451321628586e-05
29196,1.0360425969893026e-05
29197,1.2204527911802652e-05
29198,1.4765960381093063e-05
29199,1.0264489145142471e-05
29200,1.6870816068733344e-05
29201,9.255411106325404e-06
29202,1.423466586761174e-05
29203,9.582707565010591e-06
29204,9.577104748675804e-06
29205,1.4069516398967238e-05
29206,6.2180242557229486e-06
29207,1.2058786164846864e-05
29208,1.2039091181769635e-05
29209,9.22237046987849e-06
29210,1.2204527911802652e-05
29211,1.036236578670301e-05
29212,2.2678878626931965e-05
29213,9.861512805350344e-06
29214,9.489074365034779e-06
29215,9.697915604753337e-06
29216,1.144840881813943e-05
29217,1.0972657349413722e-05
29218,1.587813657313228e-05
29219,9.360000703992135e-06
29220,9.087188963134636e-06
29221,9.105964578815469e-06
29222,1.651371416261684e-05
29223,4.935158906129876e-05
29224,9.263821395050691e-06
29225,1.280742674021427e-05
29226,1.0347163086799967e-05
29227,1.868784887671476e-05
29228,1.145795212043991e-05
29229,9.623776343241303e-06
29230,1.00595519188609e-05
29231,1.0711341726803775e-05
29232,8.801301594525623e-06
29233,1.145795212043991e-05
29234,9.274351034608919e-06
29235,1.3506232589132432e-05
29236,9.71769253600263e-06
29237,1.0803253796221225e-05
29238,9.956974897762962e-06
29239,2.311197781215135e-05
29240,1.2039091181769635e-05
29241,9.436109709909569e-06
29242,9.63849168571555e-06
29243,1.2058786164846864e-05
29244,9.855818921322782e-06
29245,1.2058786164846864e-05
29246,1.637866527574835e-05
29247,1.2851268277655292e-05
29248,9.610210116740116e-06
29249,6.674408288524918e-06
29250,1.5053137921277866e-05
29251,9.483240722094666e-06
29252,9.809582392541579e-06
29253,1.002322127836139e-05
29254,8.98613338073191e-06
29255,9.879854495037761e-06
29256,8.674958738307506e-06
29257,9.623776343241303e-06
29258,9.809582392541579e-06
29259,9.174762821699772e-06
29260,1.166445740269477e-05
29261,1.002322127836139e-05
29262,1.145795212043991e-05
29263,1.246725840014532e-05
29264,1.1594325978611455e-05
29265,9.255426568317661e-06
29266,1.6822875030134403e-05
29267,9.897250846409457e-06
29268,1.0610711704845131e-05
29269,1.002322127836139e-05
29270,9.146542499755883e-06
29271,1.1594325978611455e-05
29272,9.423470973731333e-06
29273,1.0365859094959847e-05
29274,9.316842424275981e-06
29275,9.61567250659419e-06
29276,1.1904958243208149e-05
29277,1.1730922678968424e-05
29278,1.0414935439835905e-05
29279,1.0304389685578956e-05
29280,1.1594325978611455e-05
29281,1.0998759080324583e-05
29282,1.1236299093164092e-05
29283,1.5805030369046533e-05
29284,1.0896042873277623e-05
29285,8.97547957802772e-06
29286,1.4571935453946875e-05
29287,1.0264489145142471e-05
29288,1.0727799886620179e-05
29289,9.728168383333168e-06
29290,9.623776343241303e-06
29291,1.0066991580100452e-05
29292,2.619743144352838e-05
29293,6.388944227194234e-06
29294,1.0875680193864348e-05
29295,9.793412700163626e-06
29296,9.948291810840633e-06
29297,9.493588591525832e-06
29298,9.316842424275981e-06
29299,1.1029448466982983e-05
29300,1.2032706307433641e-05
29301,7.389879570661871e-06
29302,9.654870802543586e-06
29303,9.793412700163626e-06
29304,9.239550899912532e-06
29305,1.3913469607568114e-05
29306,1.71291108272927e-05
29307,1.042587204004721e-05
29308,9.597929014891506e-06
29309,1.1594325978611455e-05
29310,1.1212693996919311e-05
29311,1.2116546965853564e-05
29312,9.149489293946556e-06
29313,9.334992990486555e-06
29314,1.1594325978611455e-05
29315,1.0083068471111015e-05
29316,1.1436901100260788e-05
29317,6.697958124039644e-06
29318,1.2058786164846864e-05
29319,1.5421816450843294e-05
29320,1.2058786164846864e-05
29321,1.1436901100260788e-05
29322,9.434906633416035e-06
29323,9.967603528957248e-06
29324,1.280742674021427e-05
29325,9.575534257900319e-06
29326,1.0719318706660731e-05
29327,9.720723507752985e-06
29328,9.051576093865178e-06
29329,9.255426568317661e-06
29330,1.177697881591642e-05
29331,1.177697881591642e-05
29332,1.0986418995693328e-05
29333,1.2032706307433641e-05
29334,1.1594325978611455e-05
29335,9.365870353764055e-06
29336,1.052641146073085e-05
29337,1.1453354286263499e-05
29338,9.857833848985988e-06
29339,1.004334818679909e-05
29340,1.1364417115222792e-05
29341,1.2032706307433641e-05
29342,8.693169150980948e-06
29343,9.74983946570471e-06
29344,1.9808509333618725e-05
29345,1.0817996061144057e-05
29346,7.916481966791899e-06
29347,1.0264489145142471e-05
29348,9.879854495037761e-06
29349,9.552202977205576e-06
29350,9.655747257728404e-06
29351,1.0323798207862645e-05
29352,1.0347163086799967e-05
29353,9.360000703992135e-06
29354,9.861512805350344e-06
29355,1.1398788038460363e-05
29356,6.697958124039644e-06
29357,8.984544075474056e-06
29358,9.956974897762962e-06
29359,9.34106932876218e-06
29360,9.908087847875337e-06
29361,1.0323798207862645e-05
29362,1.3080401035073717e-05
29363,1.1398788038460363e-05
29364,9.22237046987849e-06
29365,9.391614894342553e-06
29366,9.497136086334239e-06
29367,1.145795212043991e-05
29368,9.728168383333168e-06
29369,9.59484738868822e-06
29370,1.912273678399425e-05
29371,9.087188963134636e-06
29372,1.0165217108108049e-05
29373,1.145795212043991e-05
29374,1.1118294444784053e-05
29375,9.908087847875337e-06
29376,1.0161542246783875e-05
29377,1.0588724794969408e-05
29378,9.575534257900319e-06
29379,1.9755177333994433e-05
29380,1.1261317758557567e-05
29381,1.3913469607568114e-05
29382,9.908087847875337e-06
29383,1.0711341726803775e-05
29384,9.920286267500786e-06
29385,5.3829412289350876e-05
29386,9.71769253600263e-06
29387,1.4869283270108514e-05
29388,9.941772335856042e-06
29389,9.105964578815469e-06
29390,9.221294298458603e-06
29391,1.3436683153497976e-05
29392,8.662385608594642e-06
29393,1.1594325978611455e-05
29394,9.63849168571555e-06
29395,1.0264489145142471e-05
29396,9.105964578815469e-06
29397,8.590149903225016e-06
29398,8.832117818009644e-06
29399,1.3638731294397522e-05
29400,9.422703642885622e-06
29401,8.92760565575325e-06
29402,1.4789819174110835e-05
29403,9.59484738868822e-06
29404,1.1364417115222792e-05
29405,8.590149903225016e-06
29406,1.2783521608318478e-05
29407,1.3074226847997412e-05
29408,8.35048641027538e-06
29409,9.711597088106313e-06
29410,9.076566886993103e-06
29411,1.0327374865332602e-05
29412,9.63849168571555e-06
29413,1.0055811583422948e-05
29414,9.59484738868822e-06
29415,1.1510848380920765e-05
29416,1.040634852296654e-05
29417,9.623776343241303e-06
29418,1.0693114032578455e-05
29419,1.280742674021427e-05
29420,1.145795212043991e-05
29421,8.45349111778105e-06
29422,1.6653000500022757e-05
29423,1.0165217108108049e-05
29424,1.0579067218970241e-05
29425,1.0693114032578455e-05
29426,1.9755177333994433e-05
29427,1.052641146073085e-05
29428,1.0264489145142471e-05
29429,1.3844734488656187e-05
29430,1.145795212043991e-05
29431,9.59484738868822e-06
29432,9.575534257900319e-06
29433,9.263821395050691e-06
29434,1.0347163086799967e-05
29435,1.0008352767091742e-05
29436,6.261008373845563e-06
29437,9.935008023651504e-06
29438,1.0563899047708251e-05
29439,9.270778132472718e-06
29440,1.9755177333994433e-05
29441,8.801301594525623e-06
29442,9.533867864066155e-06
29443,1.0719318706660731e-05
29444,1.050537032126487e-05
29445,1.0875680193864348e-05
29446,8.801301594525623e-06
29447,1.5566280301903436e-05
29448,1.1118294444784053e-05
29449,1.0608279290858941e-05
29450,9.37368426311911e-06
29451,8.35048641027538e-06
29452,1.01587953328069e-05
29453,1.036236578670301e-05
29454,9.568833028344554e-06
29455,1.0103479922825078e-05
29456,1.003161474217399e-05
29457,9.681320269540957e-06
29458,1.2396659152399842e-05
29459,1.0998759080324583e-05
29460,1.145795212043991e-05
29461,1.0304389685578956e-05
29462,1.0645395354398507e-05
29463,1.0165217108108049e-05
29464,1.1078478163378258e-05
29465,9.855818921322782e-06
29466,1.3539129551677393e-05
29467,1.045648312641421e-05
29468,9.007728934627767e-06
29469,1.1904958243208149e-05
29470,1.8122237691869087e-05
29471,9.49486225349075e-06
29472,9.215423587209066e-06
29473,9.754070560661059e-06
29474,1.3913469607568114e-05
29475,1.0008352767091742e-05
29476,9.255426568317661e-06
29477,9.217894788126734e-06
29478,9.876348029005935e-06
29479,9.007728934627767e-06
29480,1.1453354286263499e-05
29481,9.575534257900319e-06
29482,9.575534257900319e-06
29483,1.240405310203985e-05
29484,1.0727799886620179e-05
29485,1.0165217108108049e-05
29486,1.5611950299315574e-05
29487,1.3449544838203378e-05
29488,9.728168383333168e-06
29489,1.0083068471111015e-05
29490,1.0770814934632905e-05
29491,9.920286267500786e-06
29492,1.0248059245605469e-05
29493,9.493588591525832e-06
29494,1.374552916434338e-05
29495,1.2058786164846864e-05
29496,1.0896042873277623e-05
29497,1.0190781318694255e-05
29498,1.0248059245605469e-05
29499,8.832117818009644e-06
29500,1.0523567967782293e-05
29501,9.493588591525832e-06
29502,1.2058786164846864e-05
29503,1.0896042873277623e-05
29504,1.0264489145142471e-05
29505,1.1398788038460363e-05
29506,8.832117818009644e-06
29507,8.832117818009644e-06
29508,1.1029448466982983e-05
29509,1.1903663138696242e-05
29510,6.674408288524918e-06
29511,9.239550899912532e-06
29512,1.7225152646187267e-05
29513,1.557321051788355e-05
29514,2.764214122107027e-05
29515,8.693169150980948e-06
29516,9.575534257900319e-06
29517,9.935008023651504e-06
29518,1.0727799886620179e-05
29519,9.076566886993103e-06
29520,8.530722915133776e-06
29521,9.493588591525832e-06
29522,9.623776343241303e-06
29523,9.746406357827071e-06
29524,9.74983946570471e-06
29525,9.63908308380622e-06
29526,1.0719318706660731e-05
29527,1.5908020928792978e-05
29528,8.801301594525623e-06
29529,9.575534257900319e-06
29530,1.630663607857702e-05
29531,1.0803253796221225e-05
29532,9.552202977205576e-06
29533,1.0727799886620179e-05
29534,1.0727799886620179e-05
29535,1.0323798207862645e-05
29536,1.4043195466078444e-05
29537,0.00027268560716507266
29538,9.217894788126734e-06
29539,1.367529455150498e-05
29540,1.0896042873277623e-05
29541,0.00014847466497934118
29542,1.0327374865332602e-05
29543,9.948291810840633e-06
29544,1.050537032126487e-05
29545,1.2032706307433641e-05
29546,1.1510848380920765e-05
29547,9.244975147240444e-06
29548,1.0719318706660731e-05
29549,1.0264489145142471e-05
29550,8.927377406965493e-06
29551,9.715239379587256e-06
29552,1.486203279179545e-05
29553,9.741334635875322e-06
29554,2.729935706030526e-05
29555,1.1118294444784053e-05
29556,1.0414935439835905e-05
29557,6.674408288524918e-06
29558,9.855818921322782e-06
29559,1.003161474217399e-05
29560,9.861512805350344e-06
29561,9.59484738868822e-06
29562,9.920286267500786e-06
29563,1.4043195466078444e-05
29564,1.1118294444784053e-05
29565,1.0729831536478351e-05
29566,1.0267670007139493e-05
29567,9.920286267500786e-06
29568,8.590149903225016e-06
29569,1.4043195466078444e-05
29570,8.184625832172077e-06
29571,9.489074365034779e-06
29572,1.0637853883326657e-05
29573,1.1510848380920765e-05
29574,8.590149903225016e-06
29575,1.1453354286263499e-05
29576,1.1078478163378258e-05
29577,7.67957681734087e-06
29578,1.0433895804699462e-05
29579,7.840594148812804e-06
29580,1.3436683153497976e-05
29581,1.0719318706660731e-05
29582,8.611358100279569e-06
29583,2.2060141799570304e-05
29584,1.1903663138696242e-05
29585,1.050537032126487e-05
29586,1.144840881813943e-05
29587,9.244975147240444e-06
29588,5.752550612771219e-05
29589,8.693169150980948e-06
29590,1.6102776913485835e-05
29591,8.57729752388675e-06
29592,1.1212693996919311e-05
29593,9.076566886993103e-06
29594,1.1904958243208149e-05
29595,1.139810098846653e-05
29596,1.002322127836139e-05
29597,1.1270162968399736e-05
29598,2.6293070504461587e-05
29599,9.270778132472718e-06
29600,1.061481761300295e-05
29601,6.2180242557229486e-06
29602,1.0804275205124589e-05
29603,1.3553713199137633e-05
29604,9.575534257900319e-06
29605,1.5150856345039719e-05
29606,1.0719318706660731e-05
29607,1.1118294444784053e-05
29608,1.2058786164846864e-05
29609,1.0044546564286435e-05
29610,1.036236578670301e-05
29611,1.1022989657855392e-05
29612,1.036451516065504e-05
29613,9.317540546083008e-06
29614,1.0719318706660731e-05
29615,9.63849168571555e-06
29616,9.522600185838625e-06
29617,1.2989150142745188e-05
29618,1.4043195466078444e-05
29619,1.0264489145142471e-05
29620,1.4043195466078444e-05
29621,1.9755177333994433e-05
29622,1.584407774668786e-05
29623,9.568833028344554e-06
29624,9.59484738868822e-06
29625,9.37368426311911e-06
29626,8.123339018192422e-06
29627,1.4472157442928997e-05
29628,1.1518484203629429e-05
29629,8.251292371225482e-06
29630,9.690616076324506e-06
29631,1.1446736855642405e-05
29632,1.0360425969893026e-05
29633,1.7102066263971967e-05
29634,1.1594325978611455e-05
29635,7.430530363781801e-05
29636,1.2039091181769635e-05
29637,9.83086475285655e-06
29638,1.0523567967782293e-05
29639,1.0608279290858941e-05
29640,5.094390937726483e-05
29641,9.463714720507445e-06
29642,1.396535951379383e-05
29643,1.0645395354398507e-05
29644,1.0983549165868838e-05
29645,1.2795788404948052e-05
29646,1.0719318706660731e-05
29647,1.1446736855642405e-05
29648,1.1803006590185127e-05
29649,1.6029930775148584e-05
29650,9.568833028344554e-06
29651,1.3519758028382828e-05
29652,1.0296113256437114e-05
29653,8.98613338073191e-06
29654,9.575534257900319e-06
29655,1.496399563723397e-05
29656,1.3913469607568114e-05
29657,6.674408288524918e-06
29658,9.024752918851432e-06
29659,9.497136086334239e-06
29660,9.138178963690783e-06
29661,8.801301594525623e-06
29662,1.1398788038460363e-05
29663,9.83086475285655e-06
29664,1.4457912034049893e-05
29665,1.6360669304907713e-05
29666,1.0218714753299135e-05
29667,1.2058786164846864e-05
29668,1.5633795883507777e-05
29669,9.510111211076036e-06
29670,9.138178963690783e-06
29671,9.630959601784526e-06
29672,2.174796228574427e-05
29673,1.0719318706660731e-05
29674,1.0729831536478351e-05
29675,2.8624848822687847e-05
29676,9.921621150637919e-06
29677,1.1347282628427675e-05
29678,1.0406263609766445e-05
29679,1.0365859094959847e-05
29680,9.575534257900319e-06
29681,9.149489293946556e-06
29682,1.14672736681883e-05
29683,9.289948335583e-06
29684,9.897250846409457e-06
29685,2.0654512168795214e-05
29686,3.1903835809491695e-05
29687,9.575534257900319e-06
29688,1.944931588545831e-05
29689,9.711597088106313e-06
29690,1.1398788038460363e-05
29691,3.6511423337332505e-05
29692,8.801301594525623e-06
29693,1.2851268277655292e-05
29694,1.551703134034667e-05
29695,1.2058786164846864e-05
29696,9.715239379587256e-06
29697,8.590149903225016e-06
29698,8.767473216099917e-06
29699,1.1029448466982983e-05
29700,1.002322127836139e-05
29701,1.0804275205124589e-05
29702,1.1904958243208149e-05
29703,1.9755177333994433e-05
29704,1.2002464372649052e-05
29705,1.0304389685578956e-05
29706,1.0688941906292139e-05
29707,1.145795212043991e-05
29708,1.902147798683186e-05
29709,2.2137254824178294e-05
29710,1.5161442931829424e-05
29711,1.2058786164846864e-05
29712,7.4137074395127525e-06
29713,7.782113689604169e-05
29714,9.105964578815469e-06
29715,4.6661389997455885e-05
29716,9.715239379587256e-06
29717,1.9448175662806815e-05
29718,8.966816258866327e-06
29719,1.2348602907307762e-05
29720,1.0264489145142471e-05
29721,1.024622844441018e-05
29722,9.879854495037761e-06
29723,1.8738878826757937e-05
29724,2.6600407472479812e-05
29725,1.0369786528028124e-05
29726,5.811061935856115e-06
29727,1.0719318706660731e-05
29728,1.4886637867508158e-05
29729,9.623776343241303e-06
29730,9.920286267500786e-06
29731,9.920286267500786e-06
29732,9.879854495037761e-06
29733,4.8712817787507075e-06
29734,9.105964578815469e-06
29735,1.6187885438619122e-05
29736,1.4043195466078444e-05
29737,1.002322127836139e-05
29738,1.0719318706660731e-05
29739,1.5116646243939017e-05
29740,1.0691282150835419e-05
29741,1.0693114032578455e-05
29742,1.564599383319105e-05
29743,1.3519758028382828e-05
29744,1.050537032126487e-05
29745,9.317540546083008e-06
29746,9.53237362447028e-06
29747,9.885989024162485e-06
29748,9.59484738868822e-06
29749,8.282823882051438e-06
29750,8.35048641027538e-06
29751,1.0264489145142471e-05
29752,1.0896042873277623e-05
29753,1.240405310203985e-05
29754,9.59484738868822e-06
29755,9.575534257900319e-06
29756,9.741334635875322e-06
29757,1.1022989657855392e-05
29758,1.1261317758557567e-05
29759,1.2204527911802652e-05
29760,8.647477836723018e-06
29761,1.2058786164846864e-05
29762,6.674408288524918e-06
29763,9.289948335583e-06
29764,9.876348029005935e-06
29765,0.0002569933735750725
29766,8.251292371225482e-06
29767,1.0699832758202952e-05
29768,1.0213357406846318e-05
29769,9.105964578815469e-06
29770,1.177697881591642e-05
29771,9.741334635875322e-06
29772,1.9755177333994433e-05
29773,1.899858765050511e-05
29774,1.1218005877214256e-05
29775,1.0986418995693328e-05
29776,9.239550899912532e-06
29777,9.316541700187408e-05
29778,9.201953319907135e-06
29779,6.304762471139306e-06
29780,9.274351034608919e-06
29781,1.6470955270361606e-05
29782,1.4952798287811202e-05
29783,1.5506235980749515e-05
29784,8.801301594525623e-06
29785,1.2523040583816098e-05
29786,1.1904958243208149e-05
29787,9.711597088106313e-06
29788,8.530722915133776e-06
29789,8.381642699285752e-06
29790,1.024622844441018e-05
29791,1.177697881591642e-05
29792,9.741334635875322e-06
29793,1.0998759080324583e-05
29794,9.897250846409457e-06
29795,8.316408602707099e-06
29796,9.920286267500786e-06
29797,9.575534257900319e-06
29798,9.577104748675804e-06
29799,9.711597088106313e-06
29800,9.711597088106313e-06
29801,9.322330495343925e-06
29802,6.481663540237157e-05
29803,1.0920974649155722e-05
29804,8.184625832172077e-06
29805,8.184625832172077e-06
29806,1.2851268277655292e-05
29807,1.587906851073468e-05
29808,8.123339018192422e-06
29809,9.02497625970319e-06
29810,9.105964578815469e-06
29811,9.690616076324506e-06
29812,5.876379722888694e-06
29813,8.801301594525623e-06
29814,1.0044546564286435e-05
29815,9.289948335583e-06
29816,1.0719318706660731e-05
29817,1.4047165103519462e-05
29818,1.0470739855513193e-05
29819,8.444617015338625e-06
29820,9.105964578815469e-06
29821,1.3348394245257142e-05
29822,1.1317600624029021e-05
29823,9.630959601784526e-06
29824,8.184625832172077e-06
29825,1.0264489145142471e-05
29826,8.98613338073191e-06
29827,1.1355015410120625e-05
29828,1.1398788038460363e-05
29829,1.240405310203985e-05
29830,1.0579067218970241e-05
29831,6.68168558103161e-06
29832,8.45349111778105e-06
29833,1.0501844755673104e-05
29834,9.876348029005935e-06
29835,1.0044546564286435e-05
29836,9.623776343241303e-06
29837,9.149489293946556e-06
29838,1.0729831536478351e-05
29839,1.943065745422407e-05
29840,1.0264489145142471e-05
29841,1.0617741079591805e-05
29842,1.5447395204855386e-05
29843,8.927377406965493e-06
29844,1.5636226434518905e-05
29845,9.105964578815469e-06
29846,9.59484738868822e-06
29847,9.861512805350344e-06
29848,9.510111211076036e-06
29849,9.59484738868822e-06
29850,1.0147900018722789e-05
29851,8.801301594525623e-06
29852,9.510111211076036e-06
29853,6.674408288524918e-06
29854,9.149489293946556e-06
29855,1.5139241559866753e-05
29856,9.510111211076036e-06
29857,1.485649215422552e-05
29858,9.434906633416035e-06
29859,6.674408288524918e-06
29860,2.062252610685884e-05
29861,1.723461741053332e-05
29862,9.339471607813863e-06
29863,1.636702586055364e-05
29864,1.0296113256437114e-05
29865,9.956974897762962e-06
29866,0.00018183707241936287
29867,1.0304389685578956e-05
29868,1.5830481132138893e-05
29869,1.1270162968399736e-05
29870,1.4621931606423123e-05
29871,1.028892948360175e-05
29872,2.865974540453144e-05
29873,1.313529346607597e-05
29874,1.1904958243208149e-05
29875,1.1904958243208149e-05
29876,9.02497625970319e-06
29877,9.598517099071531e-06
29878,2.9380171545441328e-05
29879,9.21288922684213e-06
29880,1.206237794957882e-05
29881,1.0804275205124589e-05
29882,9.271261400480925e-06
29883,6.784981430201042e-05
29884,1.1904958243208149e-05
29885,9.655747257728404e-06
29886,9.63462487911372e-06
29887,4.069654535060229e-05
29888,1.2058786164846864e-05
29889,1.4875798373508094e-05
29890,1.240405310203985e-05
29891,1.0645395354398507e-05
29892,1.0610711704845131e-05
29893,9.146542499755883e-06
29894,1.1048121390319183e-05
29895,1.5306194966107802e-05
29896,1.1446736855642405e-05
29897,1.003161474217399e-05
29898,1.62792354432099e-05
29899,1.1048121390319183e-05
29900,1.0923473382729238e-05
29901,9.715239379587256e-06
29902,0.00016423877011807403
29903,9.497136086334239e-06
29904,1.0327374865332602e-05
29905,1.0719318706660731e-05
29906,1.0855663141263886e-05
29907,9.62680544879162e-06
29908,8.674958738307506e-06
29909,1.240405310203985e-05
29910,8.552299102409865e-06
29911,1.4536318010991189e-05
29912,6.697958124039644e-06
29913,9.577104748675804e-06
29914,1.240405310203985e-05
29915,9.620803812354212e-06
29916,9.360000703992135e-06
29917,1.4043195466078444e-05
29918,1.0264489145142471e-05
29919,8.801301594525623e-06
29920,1.4043195466078444e-05
29921,1.55905060209867e-05
29922,1.2002464372649052e-05
29923,9.623776343241303e-06
29924,9.149489293946556e-06
29925,9.752301582055635e-06
29926,0.00015153095632360162
29927,9.700862731621744e-06
29928,9.63908308380622e-06
29929,2.0769675689356975e-05
29930,9.146542499755883e-06
29931,1.061481761300295e-05
29932,1.1904958243208149e-05
29933,1.4399411796546612e-05
29934,1.0637314892586927e-05
29935,9.74983946570471e-06
29936,1.1904958243208149e-05
29937,9.514281501058351e-06
29938,1.0248059245605469e-05
29939,1.0332553080377697e-05
29940,9.655747257728404e-06
29941,1.050537032126487e-05
29942,1.0304389685578956e-05
29943,1.2058786164846864e-05
29944,1.1904958243208149e-05
29945,1.723461741053332e-05
29946,1.009278174243314e-05
29947,9.514281501058351e-06
29948,1.0816858899900522e-05
29949,1.2795788404948052e-05
29950,1.0264489145142471e-05
29951,6.304762471139306e-06
29952,6.304762471139306e-06
29953,1.0896042873277623e-05
29954,1.050537032126487e-05
29955,9.700862731621744e-06
29956,9.434520593808654e-06
29957,1.0226947814012442e-05
29958,8.123339018192422e-06
29959,8.590149903225016e-06
29960,1.6835984606429477e-05
29961,1.0896042873277623e-05
29962,9.522600185838625e-06
29963,9.37368426311911e-06
29964,1.0896042873277623e-05
29965,8.235115149818874e-06
29966,1.0896042873277623e-05
29967,1.0896042873277623e-05
29968,1.0369786528028124e-05
29969,1.0896042873277623e-05
29970,9.38851605547499e-06
29971,1.1072958869998366e-05
29972,1.5905273445863017e-05
29973,1.1072958869998366e-05
29974,9.567382476592197e-06
29975,1.240405310203985e-05
29976,9.610210116740116e-06
29977,1.0660709689367653e-05
29978,9.690616076324506e-06
29979,1.1072958869998366e-05
29980,1.0190781318694255e-05
29981,9.493588591525832e-06
29982,1.1904958243208149e-05
29983,9.274634413796507e-06
29984,1.1398788038460363e-05
29985,1.4790017392352202e-05
29986,1.1044881389740348e-05
29987,8.123339018192422e-06
29988,1.004334818679909e-05
29989,8.251292371225482e-06
29990,9.655747257728404e-06
29991,1.3146288916680875e-05
29992,9.261002864982228e-06
29993,2.5532941729551954e-05
29994,2.173508205146483e-05
29995,1.1078478163378258e-05
29996,8.785848222579045e-06
29997,1.0083068471111015e-05
29998,9.434906633416035e-06
29999,1.0523567967782293e-05
30000,9.582707565010591e-06
30001,1.2058786164846864e-05
30002,8.864262995694006e-06
30003,9.81173367781952e-06
30004,9.893028832896335e-06
30005,1.0083068471111015e-05
30006,8.674958738307506e-06
30007,9.533867864066155e-06
30008,9.316842424275981e-06
30009,9.149489293946556e-06
30010,9.399491531494186e-06
30011,9.967603528957248e-06
30012,9.493588591525832e-06
30013,8.123339018192422e-06
30014,9.053328994739186e-06
30015,1.061481761300295e-05
30016,1.2203954207176694e-05
30017,1.0972657349413722e-05
30018,1.1703085965558177e-05
30019,1.1364417115222792e-05
30020,1.4043195466078444e-05
30021,1.0610711704845131e-05
30022,1.4043195466078444e-05
30023,1.6031125255893537e-05
30024,1.0327811939182512e-05
30025,1.0896042873277623e-05
30026,5.14517901204298e-05
30027,9.667392672126224e-06
30028,1.0632560201404219e-05
30029,9.667392672126224e-06
30030,1.4043195466078444e-05
30031,1.0152000896655648e-05
30032,1.1118294444784053e-05
30033,1.144840881813943e-05
30034,1.0347163086799967e-05
30035,1.3022978431850824e-05
30036,2.336774787308675e-05
30037,1.2523040583816098e-05
30038,9.076566886993103e-06
30039,1.0983549165868838e-05
30040,1.0147900018722789e-05
30041,1.3874229751547122e-05
30042,1.4483171278219665e-05
30043,1.3074226847997412e-05
30044,9.967603528957248e-06
30045,9.105964578815469e-06
30046,9.493588591525832e-06
30047,1.5254975402569197e-05
30048,1.1730922678968424e-05
30049,9.105964578815469e-06
30050,1.0083068471111015e-05
30051,9.74983946570471e-06
30052,1.0347163086799967e-05
30053,8.444617015338625e-06
30054,1.3074226847997412e-05
30055,1.0296113256437114e-05
30056,1.5022772635123703e-05
30057,1.0083068471111015e-05
30058,7.67957681734087e-06
30059,1.1320356980366022e-05
30060,1.0377534691953246e-05
30061,9.91480548679001e-06
30062,1.3157392871449141e-05
30063,1.195602319665265e-05
30064,1.0804275205124589e-05
30065,9.644271954827743e-06
30066,1.240405310203985e-05
30067,9.244975147240444e-06
30068,7.932299100704299e-06
30069,9.741334635875322e-06
30070,9.030688069432243e-06
30071,1.061481761300295e-05
30072,1.5383688082833236e-05
30073,1.0083068471111015e-05
30074,1.0165217108108049e-05
30075,1.7552993582407373e-05
30076,8.507706948517618e-06
30077,1.2676106312433573e-05
30078,1.00595519188609e-05
30079,1.3074226847997412e-05
30080,9.34106932876218e-06
30081,1.0414935439835905e-05
30082,2.4842408473674793e-05
30083,1.114362216332269e-05
30084,1.0558042072649292e-05
30085,9.809582392541579e-06
30086,8.92760565575325e-06
30087,9.22237046987849e-06
30088,9.53237362447028e-06
30089,9.149489293946556e-06
30090,8.674958738307506e-06
30091,1.0323798207862645e-05
30092,9.577104748675804e-06
30093,9.655747257728404e-06
30094,9.623776343241303e-06
30095,9.861512805350344e-06
30096,1.0203235324803235e-05
30097,1.4958856603342625e-05
30098,8.80058397664867e-06
30099,9.568833028344554e-06
30100,9.255426568317661e-06
30101,1.0083068471111015e-05
30102,1.3124703986751003e-05
30103,9.255426568317661e-06
30104,9.885989024162485e-06
30105,8.507706948517618e-06
30106,9.623776343241303e-06
30107,1.0394028520652429e-05
30108,9.317540546083008e-06
30109,9.138178963690783e-06
30110,9.63908308380622e-06
30111,1.4318559630450627e-05
30112,1.4513301338718198e-05
30113,8.423577999744469e-06
30114,1.3124703986751003e-05
30115,1.0625988213105185e-05
30116,1.6160215714547697e-05
30117,1.0360425969893026e-05
30118,1.0804275205124589e-05
30119,6.674408288524918e-06
30120,3.161972998097165e-05
30121,9.777263074180927e-06
30122,9.598517099071531e-06
30123,9.365870353764055e-06
30124,1.0264489145142471e-05
30125,6.697958124039644e-06
30126,1.1538865961995837e-05
30127,1.1355604087736365e-05
30128,9.74983946570471e-06
30129,8.807659066140166e-06
30130,1.4043195466078444e-05
30131,1.492503784800991e-05
30132,9.655747257728404e-06
30133,1.0327811939182512e-05
30134,8.123339018192422e-06
30135,9.244975147240444e-06
30136,1.1903663138696242e-05
30137,1.0673198845483249e-05
30138,1.0122101359192248e-05
30139,0.00033208208960677137
30140,8.00442349643869e-06
30141,9.63849168571555e-06
30142,1.0053411756575844e-05
30143,8.00442349643869e-06
30144,8.611358100279569e-06
30145,8.00442349643869e-06
30146,9.715239379587256e-06
30147,1.240405310203985e-05
30148,9.597929014891506e-06
30149,9.700862731621744e-06
30150,9.967603528957248e-06
30151,9.221294298458603e-06
30152,1.0365859094959847e-05
30153,8.674958738307506e-06
30154,1.0304389685578956e-05
30155,8.590149903225016e-06
30156,9.602138300744518e-06
30157,1.0296113256437114e-05
30158,1.7944057742060736e-05
30159,1.5509000244194757e-05
30160,1.3913469607568114e-05
30161,9.076566886993103e-06
30162,1.1453354286263499e-05
30163,1.0296113256437114e-05
30164,1.0727799886620179e-05
30165,1.418968926715813e-05
30166,8.8687787159733e-06
30167,1.0332553080377697e-05
30168,1.1436901100260788e-05
30169,9.59484738868822e-06
30170,7.916481966791899e-06
30171,1.061481761300295e-05
30172,1.3074226847997412e-05
30173,9.575534257900319e-06
30174,9.897250846409457e-06
30175,1.4043195466078444e-05
30176,1.1730922678968424e-05
30177,1.240405310203985e-05
30178,9.754070560661059e-06
30179,9.654870802543586e-06
30180,9.876348029005935e-06
30181,8.00442349643869e-06
30182,9.777263074180927e-06
30183,9.655747257728404e-06
30184,1.5549616127981252e-05
30185,1.0803253796221225e-05
30186,1.1033339955136698e-05
30187,5.330244508974136e-06
30188,8.00442349643869e-06
30189,9.149489293946556e-06
30190,1.5375234809072096e-05
30191,0.0003162169424181914
30192,9.365870353764055e-06
30193,1.5164730881705756e-05
30194,1.7214939466322747e-05
30195,8.503783769685729e-06
30196,9.37368426311911e-06
30197,1.0304389685578956e-05
30198,1.1131852832364164e-05
30199,8.709456420603492e-06
30200,9.597929014891506e-06
30201,8.530722915133776e-06
30202,9.533867864066155e-06
30203,6.674408288524918e-06
30204,9.22237046987849e-06
30205,9.852332912558523e-06
30206,8.80058397664867e-06
30207,8.00442349643869e-06
30208,8.767473216099917e-06
30209,8.507706948517618e-06
30210,1.2032706307433641e-05
30211,1.5174236041634535e-05
30212,1.0285709465126103e-05
30213,4.670451762247022e-06
30214,9.244975147240444e-06
30215,9.920286267500786e-06
30216,1.050537032126487e-05
30217,9.243134293251872e-06
30218,1.3124703986751003e-05
30219,1.0365859094959847e-05
30220,9.575534257900319e-06
30221,1.7465734488572928e-05
30222,2.0397228276565688e-05
30223,1.4770448856299038e-05
30224,1.3124703986751003e-05
30225,6.674408288524918e-06
30226,9.623776343241303e-06
30227,1.0660709689367653e-05
30228,9.623776343241303e-06
30229,4.836508060174079e-05
30230,9.274351034608919e-06
30231,9.087188963134636e-06
30232,1.4083435021252674e-05
30233,1.1320356980366022e-05
30234,1.1078478163378258e-05
30235,1.0296113256437114e-05
30236,3.498921148539158e-05
30237,4.809015283855946e-06
30238,1.0691282150835419e-05
30239,1.177697881591642e-05
30240,9.573603815458379e-06
30241,9.613090796572468e-06
30242,1.4536318010991189e-05
30243,1.050537032126487e-05
30244,9.752301582055635e-06
30245,1.00595519188609e-05
30246,1.1904958243208149e-05
30247,1.0719318706660731e-05
30248,8.123339018192422e-06
30249,9.967603528957248e-06
30250,8.23675255475412e-06
30251,1.0673198845483249e-05
30252,9.901718571693991e-06
30253,1.4074818522187428e-05
30254,2.2679354860577508e-05
30255,1.0053411756575844e-05
30256,8.848748200179625e-06
30257,1.1398788038460363e-05
30258,1.0135758113313978e-05
30259,1.0135758113313978e-05
30260,1.1730922678968424e-05
30261,1.233366532060434e-05
30262,1.579167137606448e-05
30263,9.434520593808654e-06
30264,1.1364417115222792e-05
30265,1.0632560201404219e-05
30266,1.003161474217399e-05
30267,1.045648312641421e-05
30268,1.6466022828414643e-05
30269,9.463714720507445e-06
30270,8.00442349643869e-06
30271,9.007728934627767e-06
30272,1.0320122706611893e-05
30273,1.4588237521140475e-05
30274,1.0673198845483249e-05
30275,1.0044546564286435e-05
30276,1.1072958869998366e-05
30277,1.2697830829939281e-05
30278,1.1261317758557567e-05
30279,8.500037448077862e-06
30280,9.102414151293753e-06
30281,6.674408288524918e-06
30282,1.1398788038460363e-05
30283,1.1426455135438735e-05
30284,8.552299102409865e-06
30285,1.3553713199137633e-05
30286,2.6513294593538513e-05
30287,8.530722915133776e-06
30288,9.711597088106313e-06
30289,1.0165217108108049e-05
30290,1.036236578670301e-05
30291,8.57729752388675e-06
30292,8.00442349643869e-06
30293,8.00442349643869e-06
30294,8.00442349643869e-06
30295,8.00442349643869e-06
30296,1.2152454439821123e-05
30297,1.003161474217399e-05
30298,9.21288922684213e-06
30299,8.709456420603492e-06
30300,9.986120975271117e-06
30301,8.184625832172077e-06
30302,1.1104152863120281e-05
30303,8.00442349643869e-06
30304,6.674408288524918e-06
30305,1.4043195466078444e-05
30306,1.4043195466078444e-05
30307,9.102414151293753e-06
30308,1.1048121390319183e-05
30309,1.3536580301426202e-05
30310,1.4524371187975286e-05
30311,9.21288922684213e-06
30312,9.804799282565535e-06
30313,1.0207916664227508e-05
30314,1.4043195466078444e-05
30315,1.0645395354398507e-05
30316,1.0855663141263886e-05
30317,1.5977658295267323e-05
30318,6.304762471139306e-06
30319,9.655747257728404e-06
30320,1.0257921833760655e-05
30321,1.4497804014879282e-05
30322,1.2032706307433641e-05
30323,1.9630637740356706e-05
30324,6.674408288524918e-06
30325,9.920286267500786e-06
30326,1.1320356980366022e-05
30327,1.0248059245605469e-05
30328,1.024622844441018e-05
30329,1.1048121390319183e-05
30330,1.177697881591642e-05
30331,1.177697881591642e-05
30332,1.177697881591642e-05
30333,1.177697881591642e-05
30334,8.801301594525623e-06
30335,1.177697881591642e-05
30336,6.674408288524918e-06
30337,9.46984213922782e-06
30338,9.654870802543586e-06
30339,9.901718571693991e-06
30340,1.0998759080324583e-05
30341,1.0739562233243814e-05
30342,1.0739562233243814e-05
30343,1.0739562233243814e-05
30344,1.177697881591642e-05
30345,9.690616076324506e-06
30346,1.003161474217399e-05
30347,1.1048121390319183e-05
30348,1.177697881591642e-05
30349,9.217894788126734e-06
30350,9.434520593808654e-06
30351,1.0203235324803235e-05
30352,1.174121193020162e-05
30353,8.23675255475412e-06
30354,9.261002864982228e-06
30355,1.551589015581981e-05
30356,1.0942141109456647e-05
30357,9.864537772104035e-06
30358,1.599974931514332e-05
30359,9.577104748675804e-06
30360,9.322330495343925e-06
30361,1.0739562233243814e-05
30362,1.0739562233243814e-05
30363,1.0739562233243814e-05
30364,8.647477836723018e-06
30365,1.4904942854048784e-05
30366,1.1029448466982983e-05
30367,1.2039091181769635e-05
30368,1.0920974649155722e-05
30369,1.0296113256437114e-05
30370,1.0598164728847593e-05
30371,9.076566886993103e-06
30372,1.4676245630072939e-05
30373,1.00595519188609e-05
30374,1.3480440126824566e-05
30375,1.0673198845483249e-05
30376,1.0896042873277623e-05
30377,9.255426568317661e-06
30378,9.255426568317661e-06
30379,9.255426568317661e-06
30380,9.105964578815469e-06
30381,1.0727799886620179e-05
30382,1.0673198845483249e-05
30383,8.674958738307506e-06
30384,7.900968631603151e-06
30385,9.752301582055635e-06
30386,1.1022989657855392e-05
30387,1.0727799886620179e-05
30388,1.1317600624029021e-05
30389,9.138178963690783e-06
30390,1.1118294444784053e-05
30391,9.723156484921671e-06
30392,1.2032706307433641e-05
30393,9.552202977205576e-06
30394,1.1022989657855392e-05
30395,9.504497492612455e-06
30396,1.1730922678968424e-05
30397,9.811995885297593e-06
30398,1.1048121390319183e-05
30399,9.316842424275981e-06
30400,4.83650010001436e-06
30401,9.522600185838625e-06
30402,1.0147900018722789e-05
30403,9.783732642307983e-06
30404,1.1078478163378258e-05
30405,1.1118294444784053e-05
30406,1.5659951954962097e-05
30407,1.2039091181769635e-05
30408,9.59484738868822e-06
30409,1.971182846494455e-05
30410,1.0673198845483249e-05
30411,1.0673198845483249e-05
30412,1.0673198845483249e-05
30413,1.0147900018722789e-05
30414,6.674408288524918e-06
30415,9.53237362447028e-06
30416,9.434520593808654e-06
30417,1.1048121390319183e-05
30418,1.5905273445863017e-05
30419,1.009278174243314e-05
30420,8.801301594525623e-06
30421,9.655747257728404e-06
30422,9.967603528957248e-06
30423,9.700862731621744e-06
30424,3.620042115647924e-05
30425,1.0896042873277623e-05
30426,9.582707565010591e-06
30427,9.030688069432243e-06
30428,1.0673198845483249e-05
30429,1.0896042873277623e-05
30430,1.0896042873277623e-05
30431,1.4524371187975286e-05
30432,9.255426568317661e-06
30433,8.123339018192422e-06
30434,1.0226947814012442e-05
30435,9.46984213922782e-06
30436,1.2039091181769635e-05
30437,1.1789614952439414e-05
30438,1.145795212043991e-05
30439,1.1212693996919311e-05
30440,9.316842424275981e-06
30441,1.1730922678968424e-05
30442,1.0248059245605469e-05
30443,8.381642699285752e-06
30444,1.0044546564286435e-05
30445,1.1355015410120625e-05
30446,1.0739562233243814e-05
30447,1.0739562233243814e-05
30448,1.0739562233243814e-05
30449,1.0739562233243814e-05
30450,9.74454702862083e-06
30451,1.0739562233243814e-05
30452,1.036451516065504e-05
30453,2.0985731032323597e-05
30454,9.499363410106409e-06
30455,8.801301594525623e-06
30456,9.700862731621744e-06
30457,1.0645395354398507e-05
30458,9.105964578815469e-06
30459,8.503783769685729e-06
30460,1.0267670007139493e-05
30461,8.647477836723018e-06
30462,8.801301594525623e-06
30463,9.63908308380622e-06
30464,1.177697881591642e-05
30465,9.255426568317661e-06
30466,9.765976734099317e-06
30467,9.255426568317661e-06
30468,1.748741196056032e-05
30469,9.434906633416035e-06
30470,1.00595519188609e-05
30471,1.2523040583816098e-05
30472,9.255426568317661e-06
30473,1.322884549397693e-05
30474,1.0327374865332602e-05
30475,9.582707565010591e-06
30476,9.244975147240444e-06
30477,1.3057239402371554e-05
30478,1.0804275205124589e-05
30479,1.2058786164846864e-05
30480,9.86788215339441e-06
30481,1.0414935439835905e-05
30482,9.613090796572468e-06
30483,1.0588724794969408e-05
30484,9.575534257900319e-06
30485,9.187772221265003e-06
30486,1.240405310203985e-05
30487,1.1510848380920765e-05
30488,1.2795788404948052e-05
30489,1.240405310203985e-05
30490,9.809582392541579e-06
30491,1.3553713199137633e-05
30492,1.0147900018722789e-05
30493,9.254412739787047e-06
30494,1.1212693996919311e-05
30495,9.920286267500786e-06
30496,9.53237362447028e-06
30497,9.623776343241303e-06
30498,1.0896042873277623e-05
30499,6.674408288524918e-06
30500,5.858268528070418e-05
30501,8.00442349643869e-06
30502,1.1398788038460363e-05
30503,9.493588591525832e-06
30504,8.500037448077862e-06
30505,9.53237362447028e-06
30506,9.007728934627767e-06
30507,9.967603528957248e-06
30508,1.0923473382729238e-05
30509,1.0804275205124589e-05
30510,1.3570440044726986e-05
30511,9.105964578815469e-06
30512,1.0008352767091742e-05
30513,9.575534257900319e-06
30514,1.0538603789410964e-05
30515,1.7603386770182925e-05
30516,1.0365859094959847e-05
30517,1.0605862121923956e-05
30518,1.0452836128321915e-05
30519,9.46984213922782e-06
30520,1.0438800493865949e-05
30521,1.0264489145142471e-05
30522,1.003161474217399e-05
30523,9.499363410106409e-06
30524,3.586679707495832e-05
30525,9.136632654823229e-06
30526,9.63462487911372e-06
30527,6.848318894276419e-06
30528,1.144840881813943e-05
30529,1.0452836128321915e-05
30530,9.875238193826672e-06
30531,1.050537032126487e-05
30532,1.0203235324803235e-05
30533,1.2058786164846864e-05
30534,1.00595519188609e-05
30535,9.239550899912532e-06
30536,9.693113467798529e-06
30537,1.0053411756575844e-05
30538,1.1029448466982983e-05
30539,1.1048121390319183e-05
30540,1.1029448466982983e-05
30541,1.0558042072649292e-05
30542,9.741334635875322e-06
30543,1.0739562233243814e-05
30544,1.0213357406846318e-05
30545,1.0213357406846318e-05
30546,1.1021942368660868e-05
30547,1.0267670007139493e-05
30548,1.0474522801572617e-05
30549,1.2523040583816098e-05
30550,9.715239379587256e-06
30551,1.1270162968399736e-05
30552,9.493588591525832e-06
30553,9.22237046987849e-06
30554,1.6748568197324636e-05
30555,8.801301594525623e-06
30556,8.927377406965493e-06
30557,1.1270162968399736e-05
30558,1.1021942368660868e-05
30559,1.1446736855642405e-05
30560,9.254412739787047e-06
30561,1.4412617543268523e-05
30562,8.98613338073191e-06
30563,1.0147900018722789e-05
30564,1.0270470779057243e-05
30565,1.009278174243314e-05
30566,1.6822875030134403e-05
30567,1.0248059245605469e-05
30568,1.0729831536478351e-05
30569,9.809582392541579e-06
30570,6.674408288524918e-06
30571,1.0394028520652429e-05
30572,2.1978403866033087e-05
30573,1.1118294444784053e-05
30574,1.3074226847997412e-05
30575,8.801301594525623e-06
30576,1.5974523356004445e-05
30577,1.0226947814012442e-05
30578,9.149489293946556e-06
30579,9.741334635875322e-06
30580,9.562433975323611e-06
30581,4.748040906592794e-06
30582,1.240405310203985e-05
30583,9.804799282565535e-06
30584,1.3913469607568114e-05
30585,1.050537032126487e-05
30586,1.0923473382729238e-05
30587,9.187772221265003e-06
30588,1.4592866591768727e-05
30589,9.105964578815469e-06
30590,8.999522573062998e-06
30591,9.201953319907135e-06
30592,1.0986418995693328e-05
30593,1.0923473382729238e-05
30594,1.910324054205323e-05
30595,9.967603528957248e-06
30596,1.0986418995693328e-05
30597,9.655747257728404e-06
30598,9.158656342036634e-06
30599,9.935008023651504e-06
30600,1.1218005877214256e-05
30601,9.885989024162485e-06
30602,1.0633902373928431e-05
30603,1.0203235324803235e-05
30604,9.700862731621744e-06
30605,9.569620684438151e-06
30606,9.499363410106409e-06
30607,9.317540546083008e-06
30608,1.0248059245605469e-05
30609,1.4571935453946875e-05
30610,2.0267744209831077e-05
30611,1.3917798404646042e-05
30612,9.61567250659419e-06
30613,9.752301582055635e-06
30614,8.98613338073191e-06
30615,8.674958738307506e-06
30616,1.5133858421081314e-05
30617,2.934169880049252e-05
30618,9.864537772104035e-06
30619,8.881599773114271e-06
30620,9.217894788126734e-06
30621,1.2058786164846864e-05
30622,1.0986418995693328e-05
30623,8.8687787159733e-06
30624,8.98613338073191e-06
30625,1.0986418995693328e-05
30626,6.674408288524918e-06
30627,1.0411753129650602e-05
30628,1.0605862121923956e-05
30629,8.184625832172077e-06
30630,9.956974897762962e-06
30631,8.184625832172077e-06
30632,1.2039091181769635e-05
30633,1.2039091181769635e-05
30634,1.1029448466982983e-05
30635,1.040634852296654e-05
30636,9.46984213922782e-06
30637,9.05804862443082e-06
30638,1.1364417115222792e-05
30639,8.8687787159733e-06
30640,1.206237794957882e-05
30641,1.1364417115222792e-05
30642,1.0998759080324583e-05
30643,0.00013850046803730057
30644,9.499363410106409e-06
30645,1.2903399410220977e-05
30646,8.801301594525623e-06
30647,1.0414935439835905e-05
30648,9.655747257728404e-06
30649,1.0942141109456647e-05
30650,1.0053411756575844e-05
30651,1.0411753129650602e-05
30652,2.2417870226615793e-05
30653,1.0660709689367653e-05
30654,9.876348029005935e-06
30655,1.0147900018722789e-05
30656,1.0581429682234979e-05
30657,9.422703642885622e-06
30658,1.0304389685578956e-05
30659,9.255426568317661e-06
30660,1.0571992351797697e-05
30661,1.0226947814012442e-05
30662,1.0639045552312857e-05
30663,9.510111211076036e-06
30664,9.510111211076036e-06
30665,1.1934565768765975e-05
30666,9.948291810840633e-06
30667,1.0327374865332602e-05
30668,1.0207916664227508e-05
30669,1.0190781318694255e-05
30670,1.5254975402569197e-05
30671,1.0414935439835905e-05
30672,9.53237362447028e-06
30673,1.2962026921746081e-05
30674,9.10260502471896e-06
30675,4.263086102479896e-05
30676,9.855818921322782e-06
30677,9.255426568317661e-06
30678,1.1048121390319183e-05
30679,1.00595519188609e-05
30680,1.1261317758557567e-05
30681,1.1272347723764243e-05
30682,1.0248059245605469e-05
30683,9.63849168571555e-06
30684,1.0360425969893026e-05
30685,9.244975147240444e-06
30686,1.0719318706660731e-05
30687,9.956974897762962e-06
30688,9.46984213922782e-06
30689,9.322330495343925e-06
30690,8.862252582906677e-06
30691,4.3912290428637285e-05
30692,8.123339018192422e-06
30693,8.282823882051438e-06
30694,1.246725840014532e-05
30695,8.78158507753969e-06
30696,9.024897217262012e-06
30697,1.2851268277655292e-05
30698,9.217894788126734e-06
30699,8.801301594525623e-06
30700,5.114475832156326e-05
30701,1.139810098846653e-05
30702,1.206237794957882e-05
30703,9.339471607813863e-06
30704,1.0359530810042483e-05
30705,1.1398788038460363e-05
30706,1.2039091181769635e-05
30707,9.741334635875322e-06
30708,1.3436683153497976e-05
30709,1.1048121390319183e-05
30710,1.0414935439835905e-05
30711,1.4536318010991189e-05
30712,9.136632654823229e-06
30713,1.026734224461449e-05
30714,1.0365859094959847e-05
30715,7.67957681734087e-06
30716,1.0691282150835419e-05
30717,9.434906633416035e-06
30718,1.0414935439835905e-05
30719,8.647477836723018e-06
30720,9.777263074180927e-06
30721,1.0923473382729238e-05
30722,5.854342444197658e-05
30723,1.0190310948017527e-05
30724,1.0641647050221365e-05
30725,9.715239379587256e-06
30726,8.98613338073191e-06
30727,1.5974523356004445e-05
30728,8.35108128676514e-06
30729,9.133376089963482e-06
30730,8.98613338073191e-06
30731,1.16117097546835e-05
30732,9.476399044439624e-06
30733,1.0804275205124589e-05
30734,9.322330495343925e-06
30735,1.1728661315964814e-05
30736,9.030688069432243e-06
30737,9.270778132472718e-06
30738,1.2032706307433641e-05
30739,1.1072958869998366e-05
30740,1.4987279062011591e-05
30741,1.563953298106986e-05
30742,9.63849168571555e-06
30743,8.251292371225482e-06
30744,1.0213357406846318e-05
30745,8.23675255475412e-06
30746,1.0241717869620738e-05
30747,9.533867864066155e-06
30748,9.66366577643837e-06
30749,1.0359530810042483e-05
30750,1.0320122706611893e-05
30751,9.440790391595991e-05
30752,9.66366577643837e-06
30753,1.0213357406846318e-05
30754,1.0327811939182512e-05
30755,1.1048121390319183e-05
30756,1.045648312641421e-05
30757,1.71291108272927e-05
30758,1.0304389685578956e-05
30759,1.1905788186692852e-05
30760,9.720723507752985e-06
30761,3.7382022520694574e-05
30762,1.0327374865332602e-05
30763,9.63849168571555e-06
30764,1.0896042873277623e-05
30765,1.1398788038460363e-05
30766,1.0896042873277623e-05
30767,9.793412700163626e-06
30768,1.1048121390319183e-05
30769,1.1118294444784053e-05
30770,9.728168383333168e-06
30771,1.1048121390319183e-05
30772,1.5821871725321603e-05
30773,9.741334635875322e-06
30774,8.446582058610286e-06
30775,1.0474522801572617e-05
30776,9.63908308380622e-06
30777,1.0207916664227508e-05
30778,8.251292371225482e-06
30779,7.67957681734087e-06
30780,1.0369786528028124e-05
30781,1.002322127836139e-05
30782,1.2058786164846864e-05
30783,8.791482199158835e-06
30784,1.1270162968399736e-05
30785,8.00442349643869e-06
30786,9.589580765736588e-06
30787,1.0190781318694255e-05
30788,1.565591053160319e-05
30789,9.83086475285655e-06
30790,1.0558042072649292e-05
30791,1.1048121390319183e-05
30792,1.1033339955136698e-05
30793,9.655747257728404e-06
30794,1.177697881591642e-05
30795,9.217894788126734e-06
30796,1.1118294444784053e-05
30797,9.263821395050691e-06
30798,8.927377406965493e-06
30799,9.076566886993103e-06
30800,8.832117818009644e-06
30801,9.244975147240444e-06
30802,9.754070560661059e-06
30803,1.024622844441018e-05
30804,6.674408288524918e-06
30805,9.720723507752985e-06
30806,1.1904958243208149e-05
30807,9.217894788126734e-06
30808,9.61567250659419e-06
30809,8.184625832172077e-06
30810,1.0323798207862645e-05
30811,1.0296113256437114e-05
30812,1.3004638271954105e-05
30813,1.9755177333994433e-05
30814,1.0896042873277623e-05
30815,9.187772221265003e-06
30816,1.2639093002656946e-05
30817,9.700862731621744e-06
30818,9.700862731621744e-06
30819,9.98898602574496e-06
30820,9.493588591525832e-06
30821,1.002322127836139e-05
30822,9.700862731621744e-06
30823,9.146542499755883e-06
30824,1.0304389685578956e-05
30825,1.0804275205124589e-05
30826,1.1594325978611455e-05
30827,1.2529614893840324e-05
30828,8.813491425659442e-06
30829,1.5977658295267323e-05
30830,9.654870802543586e-06
30831,3.1199632994446224e-05
30832,8.848748200179625e-06
30833,1.2058786164846864e-05
30834,9.597929014891506e-06
30835,1.1890914696313478e-05
30836,1.0165217108108049e-05
30837,1.3454042748899266e-05
30838,1.0538603789410964e-05
30839,9.422703642885622e-06
30840,9.901718571693991e-06
30841,1.0452836128321915e-05
30842,1.108558325863586e-05
30843,1.1072958869998366e-05
30844,1.166445740269477e-05
30845,1.050537032126487e-05
30846,9.317540546083008e-06
30847,9.700862731621744e-06
30848,9.967603528957248e-06
30849,9.053328994739186e-06
30850,1.0942141109456647e-05
30851,1.1904958243208149e-05
30852,8.446582058610286e-06
30853,1.3436683153497976e-05
30854,1.1904958243208149e-05
30855,1.1029448466982983e-05
30856,8.98613338073191e-06
30857,1.3623747830092825e-05
30858,9.190780516689155e-06
30859,1.1048121390319183e-05
30860,8.647477836723018e-06
30861,1.1803006590185127e-05
30862,1.0165217108108049e-05
30863,9.855818921322782e-06
30864,8.876674958475657e-06
30865,1.1048121390319183e-05
30866,1.1048121390319183e-05
30867,1.9755177333994433e-05
30868,2.4650699951544746e-05
30869,9.655747257728404e-06
30870,9.967603528957248e-06
30871,2.9740408664676887e-05
30872,9.552202977205576e-06
30873,1.565985139451068e-05
30874,1.0147900018722789e-05
30875,8.801301594525623e-06
30876,9.053328994739186e-06
30877,7.55205999585218e-05
30878,8.235115149818874e-06
30879,1.1264946510566966e-05
30880,9.568833028344554e-06
30881,8.674958738307506e-06
30882,0.0001658058556653423
30883,1.0226947814012442e-05
30884,8.00442349643869e-06
30885,1.8417427463104298e-05
30886,9.711597088106313e-06
30887,1.0044546564286435e-05
30888,1.1072958869998366e-05
30889,9.866856785287496e-06
30890,1.061481761300295e-05
30891,9.562433975323611e-06
30892,9.700862731621744e-06
30893,9.255426568317661e-06
30894,1.6110604102858923e-05
30895,1.1048121390319183e-05
30896,9.598517099071531e-06
30897,9.255426568317661e-06
30898,1.1890914696313478e-05
30899,1.0012821076224137e-05
30900,8.674958738307506e-06
30901,1.6590412271266976e-05
30902,9.138178963690783e-06
30903,9.850440573120747e-06
30904,1.0605862121923956e-05
30905,8.57729752388675e-06
30906,1.0896042873277623e-05
30907,8.674958738307506e-06
30908,9.244975147240444e-06
30909,9.255426568317661e-06
30910,9.255426568317661e-06
30911,8.832117818009644e-06
30912,9.255426568317661e-06
30913,9.254412739787047e-06
30914,1.050537032126487e-05
30915,1.1518484203629429e-05
30916,9.217894788126734e-06
30917,1.139810098846653e-05
30918,8.8687787159733e-06
30919,9.63908308380622e-06
30920,1.1029448466982983e-05
30921,1.0348370002420954e-05
30922,1.0304389685578956e-05
30923,1.0264489145142471e-05
30924,1.2284812629115731e-05
30925,9.255426568317661e-06
30926,8.832117818009644e-06
30927,1.0264685643842888e-05
30928,1.0304389685578956e-05
30929,1.1355015410120625e-05
30930,9.577104748675804e-06
30931,8.446582058610286e-06
30932,1.0264489145142471e-05
30933,1.55905060209867e-05
30934,9.399877875532114e-06
30935,9.71769253600263e-06
30936,9.967603528957248e-06
30937,1.5805030369046533e-05
30938,1.0201731640124468e-05
30939,1.3800617480244108e-05
30940,9.493588591525832e-06
30941,1.0942141109456647e-05
30942,6.674408288524918e-06
30943,1.0264489145142471e-05
30944,9.882082474788552e-06
30945,9.83086475285655e-06
30946,9.885989024162485e-06
30947,1.4412617543268523e-05
30948,1.0641647050221365e-05
30949,9.654870802543586e-06
30950,9.967603528957248e-06
30951,9.239550899912532e-06
30952,1.0579067218970241e-05
30953,7.992781377142298e-06
30954,1.0270470779057243e-05
30955,1.0605862121923956e-05
30956,1.0327374865332602e-05
30957,9.322330495343925e-06
30958,1.6442208728158844e-05
30959,9.289948335583e-06
30960,9.365870353764055e-06
30961,1.5303846010013417e-05
30962,1.5114412887205814e-05
30963,9.598517099071531e-06
30964,1.1022989657855392e-05
30965,9.255426568317661e-06
30966,8.801301594525623e-06
30967,9.53237362447028e-06
30968,7.55205999585218e-05
30969,9.956974897762962e-06
30970,1.0983549165868838e-05
30971,1.0264489145142471e-05
30972,1.0264489145142471e-05
30973,1.3965621088527525e-05
30974,9.255426568317661e-06
30975,1.6590412271266976e-05
30976,9.030688069432243e-06
30977,1.656844842053255e-05
30978,9.741334635875322e-06
30979,9.339471607813863e-06
30980,8.8687787159733e-06
30981,9.149489293946556e-06
30982,1.0264489145142471e-05
30983,1.0812452155678734e-05
30984,1.0474522801572617e-05
30985,9.63849168571555e-06
30986,1.723461741053332e-05
30987,1.0942141109456647e-05
30988,9.91480548679001e-06
30989,1.5821871725321603e-05
30990,1.7034387317297507e-05
30991,9.138178963690783e-06
30992,1.0213357406846318e-05
30993,8.98613338073191e-06
30994,1.00595519188609e-05
30995,1.1029448466982983e-05
30996,9.920286267500786e-06
30997,9.149489293946556e-06
30998,9.681320269540957e-06
30999,1.061481761300295e-05
31000,1.0608279290858941e-05
31001,1.1355015410120625e-05
31002,9.316842424275981e-06
31003,1.0304389685578956e-05
31004,1.0558042072649292e-05
31005,1.0248059245605469e-05
31006,1.590748193805325e-05
31007,9.875238193826672e-06
31008,1.166445740269477e-05
31009,9.967603528957248e-06
31010,9.655747257728404e-06
31011,9.138178963690783e-06
31012,1.10479886016766e-05
31013,1.1048121390319183e-05
31014,8.832117818009644e-06
31015,1.0942141109456647e-05
31016,1.1033339955136698e-05
31017,1.0983549165868838e-05
31018,1.0983549165868838e-05
31019,8.00442349643869e-06
31020,1.0637314892586927e-05
31021,8.874399124719438e-06
31022,9.91480548679001e-06
31023,8.709456420603492e-06
31024,8.848748200179625e-06
31025,1.987523506780743e-05
31026,1.6080354343549266e-05
31027,9.339471607813863e-06
31028,9.866856785287496e-06
31029,9.655747257728404e-06
31030,1.0241717869620738e-05
31031,8.966816258866327e-06
31032,9.920286267500786e-06
31033,1.0323798207862645e-05
31034,1.1594325978611455e-05
31035,9.694972666057905e-06
31036,1.1261317758557567e-05
31037,9.49242637511871e-06
31038,9.149489293946556e-06
31039,9.149489293946556e-06
31040,9.149489293946556e-06
31041,9.149489293946556e-06
31042,9.316842424275981e-06
31043,1.4323366002299785e-05
31044,9.967603528957248e-06
31045,1.0920974649155722e-05
31046,1.0538603789410964e-05
31047,1.1398788038460363e-05
31048,1.0264489145142471e-05
31049,1.0433895804699462e-05
31050,1.0452836128321915e-05
31051,9.700862731621744e-06
31052,1.0365859094959847e-05
31053,1.0347163086799967e-05
31054,1.0266845488968174e-05
31055,9.239550899912532e-06
31056,1.0348370002420954e-05
31057,9.187772221265003e-06
31058,9.74454702862083e-06
31059,1.0639045552312857e-05
31060,9.63908308380622e-06
31061,1.2535758503666293e-05
31062,1.045648312641421e-05
31063,1.0325521945413936e-05
31064,9.149489293946556e-06
31065,9.623776343241303e-06
31066,1.0304389685578956e-05
31067,9.700862731621744e-06
31068,1.4362661394807078e-05
31069,3.1755484793199423e-05
31070,9.63849168571555e-06
31071,1.1356656930289702e-05
31072,1.55617288520441e-05
31073,1.145795212043991e-05
31074,1.0323798207862645e-05
31075,9.244975147240444e-06
31076,1.0093258079298354e-05
31077,9.255426568317661e-06
31078,1.2284812629115731e-05
31079,1.1904958243208149e-05
31080,1.0998759080324583e-05
31081,9.510111211076036e-06
31082,1.0264489145142471e-05
31083,1.0203235324803235e-05
31084,1.0264489145142471e-05
31085,9.552202977205576e-06
31086,1.9659800637864657e-05
31087,1.1728661315964814e-05
31088,1.2699018845022173e-05
31089,8.674958738307506e-06
31090,1.206237794957882e-05
31091,1.1803006590185127e-05
31092,1.16117097546835e-05
31093,9.623776343241303e-06
31094,1.0983549165868838e-05
31095,1.0896042873277623e-05
31096,1.1118294444784053e-05
31097,1.6254313820770847e-05
31098,1.0348370002420954e-05
31099,1.0190310948017527e-05
31100,9.879854495037761e-06
31101,1.0369786528028124e-05
31102,1.0804275205124589e-05
31103,9.690616076324506e-06
31104,1.0083068471111015e-05
31105,1.1219725905641207e-05
31106,1.1219725905641207e-05
31107,1.026734224461449e-05
31108,9.317540546083008e-06
31109,8.123339018192422e-06
31110,8.8687787159733e-06
31111,1.0719318706660731e-05
31112,9.552202977205576e-06
31113,1.1364417115222792e-05
31114,1.0983549165868838e-05
31115,2.2701768543089288e-05
31116,1.0348370002420954e-05
31117,9.577104748675804e-06
31118,8.519751819647818e-06
31119,1.1212693996919311e-05
31120,1.3074226847997412e-05
31121,9.158656342036634e-06
31122,9.190780516689155e-06
31123,9.514281501058351e-06
31124,9.967603528957248e-06
31125,1.3081654866788091e-05
31126,1.5284526215627456e-05
31127,9.864537772104035e-06
31128,1.3436683153497976e-05
31129,2.111488128500692e-05
31130,1.2529614893840324e-05
31131,1.1730922678968424e-05
31132,1.1522525439412445e-05
31133,8.881599773114271e-06
31134,9.855818921322782e-06
31135,1.0855663141263886e-05
31136,9.623776343241303e-06
31137,9.053328994739186e-06
31138,1.3081654866788091e-05
31139,8.674958738307506e-06
31140,1.3477295729013079e-05
31141,1.3081654866788091e-05
31142,1.1703085965558177e-05
31143,1.8377791444320352e-05
31144,1.14672736681883e-05
31145,9.81173367781952e-06
31146,1.1398788038460363e-05
31147,9.440248522882212e-05
31148,7.916481966791899e-06
31149,9.076566886993103e-06
31150,1.1052403610642951e-05
31151,9.493998917765896e-06
31152,9.105704473702258e-06
31153,1.052641146073085e-05
31154,2.3774464052180552e-05
31155,8.98613338073191e-06
31156,8.123339018192422e-06
31157,1.1048121390319183e-05
31158,1.0433895804699462e-05
31159,1.003161474217399e-05
31160,1.0296113256437114e-05
31161,9.723156484921671e-06
31162,9.623776343241303e-06
31163,9.53237362447028e-06
31164,9.700862731621744e-06
31165,9.217894788126734e-06
31166,1.145795212043991e-05
31167,8.30724933669107e-06
31168,9.53237362447028e-06
31169,1.8325952430099152e-05
31170,9.777263074180927e-06
31171,9.700862731621744e-06
31172,1.0688941906292139e-05
31173,9.655747257728404e-06
31174,9.700862731621744e-06
31175,8.8687787159733e-06
31176,9.49242637511871e-06
31177,9.138178963690783e-06
31178,9.700862731621744e-06
31179,1.4810764651949e-05
31180,9.700862731621744e-06
31181,9.422703642885622e-06
31182,9.53237362447028e-06
31183,9.53237362447028e-06
31184,9.679576875009777e-05
31185,1.0147900018722789e-05
31186,9.948291810840633e-06
31187,9.53237362447028e-06
31188,9.53237362447028e-06
31189,9.53237362447028e-06
31190,9.53237362447028e-06
31191,8.653877904907496e-06
31192,9.53237362447028e-06
31193,9.093273707967679e-06
31194,9.53237362447028e-06
31195,1.246725840014532e-05
31196,1.0942141109456647e-05
31197,1.0264489145142471e-05
31198,1.0008352767091742e-05
31199,9.53237362447028e-06
31200,9.53237362447028e-06
31201,1.1730922678968424e-05
31202,9.728168383333168e-06
31203,1.3436683153497976e-05
31204,8.98613338073191e-06
31205,0.00014597664579129555
31206,9.308980804974973e-06
31207,9.339471607813863e-06
31208,9.568833028344554e-06
31209,1.1048121390319183e-05
31210,9.582707565010591e-06
31211,8.500037448077862e-06
31212,1.5737717227170055e-05
31213,9.533867864066155e-06
31214,9.613090796572468e-06
31215,1.723461741053332e-05
31216,9.811995885297593e-06
31217,1.145795212043991e-05
31218,1.7051751655416345e-05
31219,9.63849168571555e-06
31220,9.901718571693991e-06
31221,1.0896042873277623e-05
31222,9.569620684438151e-06
31223,1.6543093245579248e-05
31224,9.700862731621744e-06
31225,1.1078478163378258e-05
31226,1.026734224461449e-05
31227,1.1355015410120625e-05
31228,9.289948335583e-06
31229,1.026734224461449e-05
31230,9.885989024162485e-06
31231,1.1048121390319183e-05
31232,1.003161474217399e-05
31233,1.4412617543268523e-05
31234,9.149489293946556e-06
31235,1.1904958243208149e-05
31236,1.0688941906292139e-05
31237,9.562433975323611e-06
31238,1.2032706307433641e-05
31239,9.690616076324506e-06
31240,1.2529614893840324e-05
31241,1.1890914696313478e-05
31242,5.503763776205309e-06
31243,9.879854495037761e-06
31244,8.00442349643869e-06
31245,9.893028832896335e-06
31246,1.0558042072649292e-05
31247,9.861512805350344e-06
31248,9.59484738868822e-06
31249,9.149489293946556e-06
31250,9.83086475285655e-06
31251,1.0304389685578956e-05
31252,9.623776343241303e-06
31253,1.00595519188609e-05
31254,1.4660105087330726e-05
31255,1.246725840014532e-05
31256,9.493566059282185e-06
31257,8.966816258866327e-06
31258,1.0673198845483249e-05
31259,8.123339018192422e-06
31260,9.655747257728404e-06
31261,9.105704473702258e-06
31262,1.280742674021427e-05
31263,1.2039091181769635e-05
31264,1.0190310948017527e-05
31265,8.647477836723018e-06
31266,1.00595519188609e-05
31267,1.0147900018722789e-05
31268,1.5033659195761924e-05
31269,1.3081654866788091e-05
31270,1.0147900018722789e-05
31271,1.2002464372649052e-05
31272,1.1078478163378258e-05
31273,1.026734224461449e-05
31274,9.690616076324506e-06
31275,1.280742674021427e-05
31276,9.217894788126734e-06
31277,1.71291108272927e-05
31278,1.0083068471111015e-05
31279,8.693169150980948e-06
31280,9.37368426311911e-06
31281,9.316842424275981e-06
31282,1.9755177333994433e-05
31283,5.130241297018611e-06
31284,9.700862731621744e-06
31285,9.63849168571555e-06
31286,1.0012821076224137e-05
31287,8.801301594525623e-06
31288,9.53237362447028e-06
31289,1.572011543671661e-05
31290,1.206237794957882e-05
31291,9.728168383333168e-06
31292,9.133376089963482e-06
31293,9.317540546083008e-06
31294,1.0147900018722789e-05
31295,1.0452836128321915e-05
31296,1.0296113256437114e-05
31297,1.0896042873277623e-05
31298,1.0304389685578956e-05
31299,1.0855663141263886e-05
31300,8.98613338073191e-06
31301,1.5546649815994904e-05
31302,9.254412739787047e-06
31303,9.568833028344554e-06
31304,1.5771790850253295e-05
31305,9.597929014891506e-06
31306,1.1398788038460363e-05
31307,9.549114309328014e-06
31308,9.967603528957248e-06
31309,1.00595519188609e-05
31310,1.572011543671661e-05
31311,9.46984213922782e-06
31312,1.1048121390319183e-05
31313,6.674408288524918e-06
31314,1.0395100361401984e-05
31315,1.1730922678968424e-05
31316,9.271261400480925e-06
31317,1.0452836128321915e-05
31318,8.500037448077862e-06
31319,1.0347163086799967e-05
31320,1.0625988213105185e-05
31321,1.4571935453946875e-05
31322,1.003161474217399e-05
31323,1.0698231711214884e-05
31324,1.0689881014854909e-05
31325,9.967603528957248e-06
31326,9.255426568317661e-06
31327,9.804799282565535e-06
31328,9.879854495037761e-06
31329,8.552299102409865e-06
31330,9.690616076324506e-06
31331,1.486203279179545e-05
31332,1.0563899047708251e-05
31333,1.3248447992479213e-05
31334,1.704780462762931e-05
31335,1.0365859094959847e-05
31336,1.1270162968399736e-05
31337,8.674958738307506e-06
31338,1.1355015410120625e-05
31339,8.674958738307506e-06
31340,1.2284812629115731e-05
31341,1.074576865558823e-05
31342,8.674958738307506e-06
31343,1.9755177333994433e-05
31344,9.715239379587256e-06
31345,1.0332553080377697e-05
31346,9.476399044439624e-06
31347,1.0896042873277623e-05
31348,9.190780516689155e-06
31349,8.184625832172077e-06
31350,9.866856785287496e-06
31351,9.244975147240444e-06
31352,8.674958738307506e-06
31353,2.564887366205281e-05
31354,9.167046619281176e-06
31355,9.809582392541579e-06
31356,1.1072958869998366e-05
31357,1.1398788038460363e-05
31358,9.630959601784526e-06
31359,9.53237362447028e-06
31360,9.167046619281176e-06
31361,9.754070560661059e-06
31362,9.187772221265003e-06
31363,9.700862731621744e-06
31364,1.0922242769089084e-05
31365,9.149489293946556e-06
31366,1.00595519188609e-05
31367,9.741334635875322e-06
31368,1.2002464372649052e-05
31369,8.184625832172077e-06
31370,9.582707565010591e-06
31371,9.563183498384039e-06
31372,1.0270470779057243e-05
31373,1.2523040583816098e-05
31374,9.493588591525832e-06
31375,1.0203235324803235e-05
31376,2.6531855432274634e-05
31377,2.2665137021959318e-05
31378,1.177697881591642e-05
31379,1.0637314892586927e-05
31380,1.2039091181769635e-05
31381,6.674408288524918e-06
31382,1.1261317758557567e-05
31383,1.8374790933689325e-05
31384,1.0474522801572617e-05
31385,1.0983549165868838e-05
31386,9.187772221265003e-06
31387,1.1118294444784053e-05
31388,1.0660709689367653e-05
31389,9.493588591525832e-06
31390,1.1904958243208149e-05
31391,1.040634852296654e-05
31392,1.00595519188609e-05
31393,1.5805030369046533e-05
31394,1.4571935453946875e-05
31395,1.1270162968399736e-05
31396,1.0304389685578956e-05
31397,1.1072958869998366e-05
31398,1.0203235324803235e-05
31399,1.0896042873277623e-05
31400,8.91273176608182e-06
31401,1.0044546564286435e-05
31402,1.0241717869620738e-05
31403,1.4676245630072939e-05
31404,9.217894788126734e-06
31405,1.583035362749532e-05
31406,9.255426568317661e-06
31407,1.2795788404948052e-05
31408,1.3124703986751003e-05
31409,1.0347163086799967e-05
31410,1.0241717869620738e-05
31411,8.98613338073191e-06
31412,9.255426568317661e-06
31413,9.91480548679001e-06
31414,1.118470439166166e-05
31415,8.98613338073191e-06
31416,1.1446736855642405e-05
31417,9.138178963690783e-06
31418,1.4468744978563774e-05
31419,1.00595519188609e-05
31420,1.0201731640124468e-05
31421,1.2032706307433641e-05
31422,1.206237794957882e-05
31423,1.2386260181243683e-05
31424,8.881599773114271e-06
31425,1.3913469607568114e-05
31426,9.504497492612455e-06
31427,6.261008373845563e-06
31428,8.184625832172077e-06
31429,8.184625832172077e-06
31430,1.0673198845483249e-05
31431,9.051576093865178e-06
31432,1.0270470779057243e-05
31433,9.646521210851372e-06
31434,9.63849168571555e-06
31435,1.3913469607568114e-05
31436,1.0414935439835905e-05
31437,1.0365859094959847e-05
31438,8.184625832172077e-06
31439,1.0296113256437114e-05
31440,1.1347282628427675e-05
31441,1.1730922678968424e-05
31442,9.514281501058351e-06
31443,8.98613338073191e-06
31444,1.0983549165868838e-05
31445,9.463714720507445e-06
31446,1.542627328865445e-05
31447,1.4608041248311509e-05
31448,9.221294298458603e-06
31449,8.709456420603492e-06
31450,8.585336478752906e-06
31451,9.715239379587256e-06
31452,6.47770572288029e-06
31453,1.1890914696313478e-05
31454,9.967603528957248e-06
31455,1.1028616036275543e-05
31456,1.002322127836139e-05
31457,2.124932091402692e-05
31458,1.052641146073085e-05
31459,1.052641146073085e-05
31460,9.885989024162485e-06
31461,9.855818921322782e-06
31462,8.184625832172077e-06
31463,9.255426568317661e-06
31464,9.630959601784526e-06
31465,1.1118294444784053e-05
31466,1.2712276639480549e-05
31467,9.436109709909569e-06
31468,1.6590412271266976e-05
31469,1.4412617543268523e-05
31470,1.3913469607568114e-05
31471,1.0083068471111015e-05
31472,1.036451516065504e-05
31473,8.316408602707099e-06
31474,8.801301594525623e-06
31475,1.1048121390319183e-05
31476,1.2039091181769635e-05
31477,1.4412617543268523e-05
31478,1.5138012761141824e-05
31479,1.2284812629115731e-05
31480,9.692531080188252e-06
31481,9.255426568317661e-06
31482,1.0201731640124468e-05
31483,9.149489293946556e-06
31484,9.935008023651504e-06
31485,1.1048121390319183e-05
31486,1.4790017392352202e-05
31487,9.575534257900319e-06
31488,9.575534257900319e-06
31489,1.0538603789410964e-05
31490,9.493588591525832e-06
31491,1.9755177333994433e-05
31492,1.1048121390319183e-05
31493,9.105964578815469e-06
31494,1.0266845488968174e-05
31495,9.46984213922782e-06
31496,1.2523040583816098e-05
31497,9.935008023651504e-06
31498,9.255426568317661e-06
31499,1.5328842509142404e-05
31500,9.967603528957248e-06
31501,9.149489293946556e-06
31502,9.741334635875322e-06
31503,9.007728934627767e-06
31504,9.754070560661059e-06
31505,1.052641146073085e-05
31506,1.177697881591642e-05
31507,1.4472157442928997e-05
31508,9.136632654823229e-06
31509,1.16117097546835e-05
31510,9.476399044439624e-06
31511,1.3081654866788091e-05
31512,1.9755177333994433e-05
31513,1.004334818679909e-05
31514,9.317540546083008e-06
31515,1.240405310203985e-05
31516,1.0012821076224137e-05
31517,8.123339018192422e-06
31518,1.0377534691953246e-05
31519,1.0377534691953246e-05
31520,9.49242637511871e-06
31521,1.0395100361401984e-05
31522,2.3319196573886924e-05
31523,1.0053411756575844e-05
31524,9.711597088106313e-06
31525,1.0719318706660731e-05
31526,1.0320122706611893e-05
31527,1.0347163086799967e-05
31528,1.0641647050221365e-05
31529,1.7647110200126712e-05
31530,9.105704473702258e-06
31531,1.882919854956744e-05
31532,1.2921996588640788e-05
31533,9.855818921322782e-06
31534,9.690616076324506e-06
31535,1.3074226847997412e-05
31536,8.801301594525623e-06
31537,1.2851268277655292e-05
31538,1.9149646414572368e-05
31539,1.0446302870587945e-05
31540,1.3074226847997412e-05
31541,1.705068541926642e-05
31542,1.3074226847997412e-05
31543,1.3074226847997412e-05
31544,1.0986418995693328e-05
31545,1.3074226847997412e-05
31546,1.3074226847997412e-05
31547,1.0377534691953246e-05
31548,1.3074226847997412e-05
31549,1.024622844441018e-05
31550,1.16117097546835e-05
31551,1.0147900018722789e-05
31552,1.0304389685578956e-05
31553,1.3074226847997412e-05
31554,8.184625832172077e-06
31555,2.4759647137462393e-05
31556,8.590149903225016e-06
31557,1.0645395354398507e-05
31558,9.700862731621744e-06
31559,8.801301594525623e-06
31560,1.0165217108108049e-05
31561,8.647477836723018e-06
31562,9.489074365034779e-06
31563,1.0729831536478351e-05
31564,9.167046619281176e-06
31565,8.927377406965493e-06
31566,8.653877904907496e-06
31567,9.861512805350344e-06
31568,9.22237046987849e-06
31569,9.715239379587256e-06
31570,9.365870353764055e-06
31571,1.2523040583816098e-05
31572,1.0044546564286435e-05
31573,8.184625832172077e-06
31574,1.3913469607568114e-05
31575,1.3977618703348986e-05
31576,1.0816605935008789e-05
31577,1.0264489145142471e-05
31578,1.8377791444320352e-05
31579,1.003161474217399e-05
31580,1.280742674021427e-05
31581,9.100911172186245e-06
31582,1.1594325978611455e-05
31583,9.365870353764055e-06
31584,9.582707565010591e-06
31585,1.5845541067826534e-05
31586,9.855818921322782e-06
31587,1.0719318706660731e-05
31588,9.317540546083008e-06
31589,1.280742674021427e-05
31590,8.316408602707099e-06
31591,1.2529614893840324e-05
31592,1.71291108272927e-05
31593,1.0377534691953246e-05
31594,9.897250846409457e-06
31595,7.900968631603151e-06
31596,8.801301594525623e-06
31597,1.1270162968399736e-05
31598,1.0983549165868838e-05
31599,1.0983549165868838e-05
31600,1.0983549165868838e-05
31601,1.0983549165868838e-05
31602,9.720723507752985e-06
31603,1.0986418995693328e-05
31604,9.63849168571555e-06
31605,5.552047756660196e-06
31606,1.1118294444784053e-05
31607,9.655747257728404e-06
31608,1.1398788038460363e-05
31609,1.3348394245257142e-05
31610,1.0446302870587945e-05
31611,1.2032706307433641e-05
31612,9.948291810840633e-06
31613,1.1029448466982983e-05
31614,8.97547957802772e-06
31615,9.654870802543586e-06
31616,1.0147900018722789e-05
31617,1.0147900018722789e-05
31618,6.674408288524918e-06
31619,6.674408288524918e-06
31620,1.0446302870587945e-05
31621,1.4362661394807078e-05
31622,1.3731592824904005e-05
31623,9.623776343241303e-06
31624,2.6802630366814057e-05
31625,1.0855663141263886e-05
31626,1.0327374865332602e-05
31627,1.2203954207176694e-05
31628,1.0296113256437114e-05
31629,1.0147900018722789e-05
31630,1.1317600624029021e-05
31631,9.811995885297593e-06
31632,9.434520593808654e-06
31633,1.052641146073085e-05
31634,1.6538268226203096e-05
31635,1.0248059245605469e-05
31636,1.1730922678968424e-05
31637,9.133376089963482e-06
31638,1.1730922678968424e-05
31639,9.552202977205576e-06
31640,1.0248059245605469e-05
31641,1.052641146073085e-05
31642,1.2386260181243683e-05
31643,1.003161474217399e-05
31644,9.995371324642058e-06
31645,9.149489293946556e-06
31646,1.0327811939182512e-05
31647,1.0327811939182512e-05
31648,1.026734224461449e-05
31649,9.434520593808654e-06
31650,1.0147900018722789e-05
31651,1.3436683153497976e-05
31652,1.0637314892586927e-05
31653,9.684771821929977e-06
31654,9.967603528957248e-06
31655,9.133376089963482e-06
31656,1.0673198845483249e-05
31657,7.900968631603151e-06
31658,9.893028832896335e-06
31659,1.1703085965558177e-05
31660,1.0226947814012442e-05
31661,1.8104083460040716e-05
31662,9.715239379587256e-06
31663,9.190780516689155e-06
31664,1.3081654866788091e-05
31665,1.4400370681152007e-05
31666,1.1021942368660868e-05
31667,1.145795212043991e-05
31668,2.489886176354587e-05
31669,9.613090796572468e-06
31670,1.2039091181769635e-05
31671,9.552202977205576e-06
31672,1.366635804116573e-05
31673,1.1022989657855392e-05
31674,1.3081654866788091e-05
31675,9.105964578815469e-06
31676,1.3081654866788091e-05
31677,8.653877904907496e-06
31678,9.423470973731333e-06
31679,1.0147900018722789e-05
31680,9.133376089963482e-06
31681,9.967603528957248e-06
31682,8.674958738307506e-06
31683,1.9755177333994433e-05
31684,9.149489293946556e-06
31685,1.003161474217399e-05
31686,1.003161474217399e-05
31687,1.3074226847997412e-05
31688,6.2180242557229486e-06
31689,9.436109709909569e-06
31690,9.63849168571555e-06
31691,9.190780516689155e-06
31692,9.728168383333168e-06
31693,1.0248059245605469e-05
31694,1.1696818140339037e-05
31695,9.105964578815469e-06
31696,1.1296045664592115e-05
31697,8.444617015338625e-06
31698,6.674408288524918e-06
31699,9.510111211076036e-06
31700,1.2002464372649052e-05
31701,1.5626569880981603e-05
31702,1.139810098846653e-05
31703,9.667392672126224e-06
31704,1.0248059245605469e-05
31705,9.149489293946556e-06
31706,1.0896042873277623e-05
31707,1.2386260181243683e-05
31708,9.434520593808654e-06
31709,8.674958738307506e-06
31710,1.0523880672159554e-05
31711,9.53237362447028e-06
31712,1.1890914696313478e-05
31713,9.879854495037761e-06
31714,9.339471607813863e-06
31715,1.71291108272927e-05
31716,9.711597088106313e-06
31717,1.10479886016766e-05
31718,1.061481761300295e-05
31719,9.093273707967679e-06
31720,8.92760565575325e-06
31721,9.74454702862083e-06
31722,9.699998832179042e-06
31723,1.8623932177899342e-05
31724,9.967603528957248e-06
31725,1.7682112021765932e-05
31726,1.1029448466982983e-05
31727,9.885989024162485e-06
31728,1.3436683153497976e-05
31729,1.00595519188609e-05
31730,1.14672736681883e-05
31731,1.0660709689367653e-05
31732,1.0983549165868838e-05
31733,8.381642699285752e-06
31734,9.215423587209066e-06
31735,1.1890914696313478e-05
31736,9.655747257728404e-06
31737,1.2386260181243683e-05
31738,1.0165217108108049e-05
31739,1.0673198845483249e-05
31740,1.003161474217399e-05
31741,9.53237362447028e-06
31742,9.53237362447028e-06
31743,1.5301781787640313e-05
31744,1.0673198845483249e-05
31745,8.801301594525623e-06
31746,9.711597088106313e-06
31747,9.493998917765896e-06
31748,9.598517099071531e-06
31749,9.967603528957248e-06
31750,9.63849168571555e-06
31751,9.777263074180927e-06
31752,9.811995885297593e-06
31753,1.1022989657855392e-05
31754,1.0579067218970241e-05
31755,9.623776343241303e-06
31756,9.217894788126734e-06
31757,1.0323798207862645e-05
31758,1.0693114032578455e-05
31759,1.1522525439412445e-05
31760,9.711597088106313e-06
31761,9.711597088106313e-06
31762,8.78158507753969e-06
31763,8.98613338073191e-06
31764,1.1890914696313478e-05
31765,8.184625832172077e-06
31766,1.0207916664227508e-05
31767,9.711597088106313e-06
31768,1.003161474217399e-05
31769,1.0972657349413722e-05
31770,9.71769253600263e-06
31771,8.184625832172077e-06
31772,1.1890914696313478e-05
31773,9.59484738868822e-06
31774,1.0044546564286435e-05
31775,7.900968631603151e-06
31776,9.149489293946556e-06
31777,9.49486225349075e-06
31778,1.71291108272927e-05
31779,2.019588147890447e-05
31780,1.3248447992479213e-05
31781,1.2386260181243683e-05
31782,1.0579067218970241e-05
31783,1.71291108272927e-05
31784,1.0267670007139493e-05
31785,1.0267670007139493e-05
31786,1.00595519188609e-05
31787,8.874399124719438e-06
31788,9.105704473702258e-06
31789,1.003161474217399e-05
31790,1.1890914696313478e-05
31791,1.0125618082952907e-05
31792,6.674408288524918e-06
31793,9.921621150637919e-06
31794,1.1296045664592115e-05
31795,1.1890914696313478e-05
31796,9.920286267500786e-06
31797,9.920286267500786e-06
31798,1.0633902373928431e-05
31799,6.674408288524918e-06
31800,1.0523567967782293e-05
31801,1.1510848380920765e-05
31802,9.308980804974973e-06
31803,1.1904958243208149e-05
31804,1.1890914696313478e-05
31805,1.82505863098816e-05
31806,1.0719318706660731e-05
31807,1.0296113256437114e-05
31808,1.0719318706660731e-05
31809,9.53237362447028e-06
31810,1.145795212043991e-05
31811,1.0296113256437114e-05
31812,1.00595519188609e-05
31813,9.334992990486555e-06
31814,8.23675255475412e-06
31815,9.690616076324506e-06
31816,1.1118294444784053e-05
31817,9.578966911144943e-06
31818,8.709456420603492e-06
31819,1.9755177333994433e-05
31820,1.4700196729259061e-05
31821,9.59484738868822e-06
31822,8.35048641027538e-06
31823,1.1407801786053758e-05
31824,2.0761013260781182e-05
31825,1.10479886016766e-05
31826,9.754070560661059e-06
31827,8.507706948517618e-06
31828,1.0093258079298354e-05
31829,1.1398788038460363e-05
31830,9.552202977205576e-06
31831,8.966816258866327e-06
31832,1.9755177333994433e-05
31833,5.233976084135274e-06
31834,2.1847662558984283e-05
31835,1.71291108272927e-05
31836,1.71291108272927e-05
31837,1.71291108272927e-05
31838,1.0369786528028124e-05
31839,1.050537032126487e-05
31840,1.1890914696313478e-05
31841,1.177697881591642e-05
31842,8.184625832172077e-06
31843,1.280742674021427e-05
31844,9.967603528957248e-06
31845,1.4790017392352202e-05
31846,1.1890914696313478e-05
31847,9.879854495037761e-06
31848,9.593922196304636e-06
31849,1.52795258795703e-05
31850,9.63908308380622e-06
31851,9.866856785287496e-06
31852,9.690616076324506e-06
31853,9.138178963690783e-06
31854,9.956974897762962e-06
31855,1.0633902373928431e-05
31856,1.0365859094959847e-05
31857,1.2529614893840324e-05
31858,1.71291108272927e-05
31859,9.215423587209066e-06
31860,1.1890914696313478e-05
31861,1.3248447992479213e-05
31862,9.811995885297593e-06
31863,1.3553713199137633e-05
31864,9.497136086334239e-06
31865,1.00595519188609e-05
31866,9.167046619281176e-06
31867,1.71291108272927e-05
31868,9.217894788126734e-06
31869,8.590149903225016e-06
31870,8.881599773114271e-06
31871,1.0998759080324583e-05
31872,1.4645832384598656e-05
31873,1.0691282150835419e-05
31874,9.63849168571555e-06
31875,1.002322127836139e-05
31876,1.1317600624029021e-05
31877,9.700862731621744e-06
31878,1.3074226847997412e-05
31879,9.167046619281176e-06
31880,9.007728934627767e-06
31881,9.59484738868822e-06
31882,1.1890914696313478e-05
31883,1.0093258079298354e-05
31884,9.620803812354212e-06
31885,9.431571606477142e-06
31886,1.0739562233243814e-05
31887,1.0739562233243814e-05
31888,1.1001469392205521e-05
31889,1.0739562233243814e-05
31890,1.0739562233243814e-05
31891,1.0739562233243814e-05
31892,9.190780516689155e-06
31893,1.004334818679909e-05
31894,1.1890914696313478e-05
31895,5.330244508974136e-06
31896,8.184625832172077e-06
31897,9.149489293946556e-06
31898,1.1890914696313478e-05
31899,1.0816858899900522e-05
31900,1.0660709689367653e-05
31901,1.0190781318694255e-05
31902,1.1890914696313478e-05
31903,1.3248447992479213e-05
31904,1.9755177333994433e-05
31905,1.1261317758557567e-05
31906,9.217894788126734e-06
31907,1.0257921833760655e-05
31908,8.184625832172077e-06
31909,1.1890914696313478e-05
31910,9.885989024162485e-06
31911,1.1890914696313478e-05
31912,1.0446302870587945e-05
31913,1.0923473382729238e-05
31914,1.1890914696313478e-05
31915,1.71291108272927e-05
31916,1.9755177333994433e-05
31917,1.1890914696313478e-05
31918,1.0264489145142471e-05
31919,9.920286267500786e-06
31920,8.966816258866327e-06
31921,8.966816258866327e-06
31922,9.37368426311911e-06
31923,1.0558042072649292e-05
31924,1.0446302870587945e-05
31925,1.1890914696313478e-05
31926,1.0226947814012442e-05
31927,9.37368426311911e-06
31928,1.0673198845483249e-05
31929,1.0365859094959847e-05
31930,9.885989024162485e-06
31931,1.1890914696313478e-05
31932,1.1890914696313478e-05
31933,1.3436683153497976e-05
31934,1.0923473382729238e-05
31935,1.240405310203985e-05
31936,1.1890914696313478e-05
31937,1.0161542246783875e-05
31938,9.217894788126734e-06
31939,1.3074226847997412e-05
31940,9.876348029005935e-06
31941,1.0912632421942477e-05
31942,1.1890914696313478e-05
31943,8.980088304004427e-06
31944,1.1890914696313478e-05
31945,1.1398788038460363e-05
31946,9.149489293946556e-06
31947,9.700862731621744e-06
31948,1.1890914696313478e-05
31949,9.623776343241303e-06
31950,1.1890914696313478e-05
31951,1.206237794957882e-05
31952,1.0044546564286435e-05
31953,1.1890914696313478e-05
31954,1.1890914696313478e-05
31955,9.923233580762056e-05
31956,8.444617015338625e-06
31957,1.1904958243208149e-05
31958,1.1890914696313478e-05
31959,9.149489293946556e-06
31960,9.901718571693991e-06
31961,1.0998759080324583e-05
31962,1.1356656930289702e-05
31963,9.66366577643837e-06
31964,1.3484268094339424e-05
31965,1.1072958869998366e-05
31966,9.967603528957248e-06
31967,1.1890914696313478e-05
31968,1.1398788038460363e-05
31969,1.71291108272927e-05
31970,1.1890914696313478e-05
31971,1.144840881813943e-05
31972,1.0369786528028124e-05
31973,9.875238193826672e-06
31974,8.184625832172077e-06
31975,1.3248447992479213e-05
31976,1.71291108272927e-05
31977,1.1890914696313478e-05
31978,1.0126720532808963e-05
31979,9.510111211076036e-06
31980,8.900231607773971e-06
31981,1.0452836128321915e-05
31982,1.1890914696313478e-05
31983,1.0837800586025711e-05
31984,1.1890914696313478e-05
31985,1.003161474217399e-05
31986,9.497136086334239e-06
31987,1.0986418995693328e-05
31988,1.1890914696313478e-05
31989,1.0986418995693328e-05
31990,9.804799282565535e-06
31991,1.0266845488968174e-05
31992,1.0248059245605469e-05
31993,1.1890914696313478e-05
31994,1.0446302870587945e-05
31995,1.0986418995693328e-05
31996,1.1890914696313478e-05
31997,9.63849168571555e-06
31998,9.489074365034779e-06
31999,1.1890914696313478e-05
32000,9.582707565010591e-06
32001,1.0147900018722789e-05
32002,8.653877904907496e-06
32003,1.00595519188609e-05
32004,9.720723507752985e-06
32005,9.489074365034779e-06
32006,1.0804275205124589e-05
32007,1.0147900018722789e-05
32008,9.105964578815469e-06
32009,1.144840881813943e-05
32010,9.105704473702258e-06
32011,9.504497492612455e-06
32012,1.1029448466982983e-05
32013,9.562433975323611e-06
32014,4.949245318878104e-05
32015,1.572312249931193e-05
32016,1.1890914696313478e-05
32017,9.22237046987849e-06
32018,8.251292371225482e-06
32019,1.1033339955136698e-05
32020,2.6802630366814057e-05
32021,8.98613338073191e-06
32022,1.415529099996942e-05
32023,9.317540546083008e-06
32024,1.0266845488968174e-05
32025,1.1890914696313478e-05
32026,1.2386260181243683e-05
32027,1.0241717869620738e-05
32028,1.1890914696313478e-05
32029,1.1890914696313478e-05
32030,9.53237362447028e-06
32031,9.149489293946556e-06
32032,8.184625832172077e-06
32033,1.1890914696313478e-05
32034,8.184625832172077e-06
32035,1.0348370002420954e-05
32036,1.1890914696313478e-05
32037,9.63849168571555e-06
32038,1.1890914696313478e-05
32039,1.0323798207862645e-05
32040,1.1510848380920765e-05
32041,9.920286267500786e-06
32042,1.0474522801572617e-05
32043,8.97547957802772e-06
32044,9.058025879748137e-06
32045,1.668562941610799e-05
32046,1.0395100361401984e-05
32047,1.0012821076224137e-05
32048,1.0633902373928431e-05
32049,8.881599773114271e-06
32050,1.024622844441018e-05
32051,9.777263074180927e-06
32052,1.5805030369046533e-05
32053,1.040634852296654e-05
32054,9.476399044439624e-06
32055,9.610210116740116e-06
32056,1.0632560201404219e-05
32057,1.2529614893840324e-05
32058,1.0377534691953246e-05
32059,1.004334818679909e-05
32060,9.49242637511871e-06
32061,8.184625832172077e-06
32062,9.428316725526897e-06
32063,1.1446736855642405e-05
32064,1.1426455135438735e-05
32065,8.720501904768429e-06
32066,1.641362145886916e-05
32067,1.7782526367293793e-05
32068,9.967603528957248e-06
32069,1.1078478163378258e-05
32070,1.177697881591642e-05
32071,9.690616076324506e-06
32072,1.0729831536478351e-05
32073,1.206237794957882e-05
32074,9.3206344389504e-06
32075,1.061481761300295e-05
32076,9.725920108296228e-06
32077,8.881599773114271e-06
32078,1.4354623729130883e-05
32079,1.003161474217399e-05
32080,1.1072958869998366e-05
32081,1.2386260181243683e-05
32082,9.007728934627767e-06
32083,9.05804862443082e-06
32084,9.243134293251872e-06
32085,9.623776343241303e-06
32086,1.0122101359192248e-05
32087,1.71291108272927e-05
32088,1.0474522801572617e-05
32089,2.1883519909471005e-05
32090,9.723156484921671e-06
32091,9.741334635875322e-06
32092,9.741334635875322e-06
32093,1.0673198845483249e-05
32094,9.493588591525832e-06
32095,1.0727799886620179e-05
32096,1.0165217108108049e-05
32097,1.6403875813932423e-05
32098,1.0724042150259893e-05
32099,9.728168383333168e-06
32100,9.811995885297593e-06
32101,1.1398788038460363e-05
32102,1.0729831536478351e-05
32103,9.63849168571555e-06
32104,1.2284812629115731e-05
32105,1.0641647050221365e-05
32106,9.811995885297593e-06
32107,9.076566886993103e-06
32108,2.4076696849371394e-05
32109,1.028892948360175e-05
32110,1.0347163086799967e-05
32111,9.217894788126734e-06
32112,1.1340942757324064e-05
32113,9.967603528957248e-06
32114,1.71291108272927e-05
32115,1.5244955840521233e-05
32116,1.0248059245605469e-05
32117,1.0026953255348406e-05
32118,1.004334818679909e-05
32119,1.1270162968399736e-05
32120,1.0538603789410964e-05
32121,1.0213357406846318e-05
32122,1.0190310948017527e-05
32123,1.0923473382729238e-05
32124,9.316842424275981e-06
32125,8.184625832172077e-06
32126,1.0411753129650602e-05
32127,1.0093258079298354e-05
32128,9.623776343241303e-06
32129,9.879854495037761e-06
32130,9.809582392541579e-06
32131,1.1072958869998366e-05
32132,9.263821395050691e-06
32133,9.646521210851372e-06
32134,9.058025879748137e-06
32135,1.0633902373928431e-05
32136,7.03903547157095e-06
32137,9.804799282565535e-06
32138,9.582707565010591e-06
32139,1.0008352767091742e-05
32140,1.1890914696313478e-05
32141,1.0633902373928431e-05
32142,9.623776343241303e-06
32143,1.233366532060434e-05
32144,1.0207916664227508e-05
32145,1.0986418995693328e-05
32146,1.1890914696313478e-05
32147,9.007728934627767e-06
32148,9.105964578815469e-06
32149,1.0264489145142471e-05
32150,9.711597088106313e-06
32151,9.575534257900319e-06
32152,1.0213357406846318e-05
32153,1.71291108272927e-05
32154,1.0923473382729238e-05
32155,1.0377534691953246e-05
32156,1.00595519188609e-05
32157,1.5237836898401792e-05
32158,9.967603528957248e-06
32159,9.133376089963482e-06
32160,1.3814003969804032e-05
32161,1.0323798207862645e-05
32162,8.184625832172077e-06
32163,9.623776343241303e-06
32164,1.0501844755673104e-05
32165,9.434520593808654e-06
32166,1.0688941906292139e-05
32167,9.879854495037761e-06
32168,1.061481761300295e-05
32169,9.967603528957248e-06
32170,9.715239379587256e-06
32171,1.0637314892586927e-05
32172,1.2039091181769635e-05
32173,1.2386260181243683e-05
32174,1.0563899047708251e-05
32175,1.1398788038460363e-05
32176,1.3022978431850824e-05
32177,9.167046619281176e-06
32178,1.93974651970895e-05
32179,1.052641146073085e-05
32180,1.0103479922825078e-05
32181,8.108707891453703e-06
32182,9.163730894583565e-06
32183,1.3074226847997412e-05
32184,9.514281501058351e-06
32185,9.217894788126734e-06
32186,9.422703642885622e-06
32187,9.105964578815469e-06
32188,1.1261317758557567e-05
32189,1.0875680193864348e-05
32190,9.876348029005935e-06
32191,1.1261317758557567e-05
32192,1.2113469516883801e-05
32193,9.855818921322782e-06
32194,1.1728661315964814e-05
32195,8.38647689683554e-06
32196,1.0044546564286435e-05
32197,1.0632560201404219e-05
32198,9.582707565010591e-06
32199,9.217894788126734e-06
32200,1.637866527574835e-05
32201,1.9755177333994433e-05
32202,1.0837800586025711e-05
32203,2.240226065729254e-05
32204,9.149489293946556e-06
32205,9.201953319907135e-06
32206,9.434520593808654e-06
32207,9.809582392541579e-06
32208,7.389879570661871e-06
32209,9.530479144825802e-06
32210,8.966816258866327e-06
32211,9.61567250659419e-06
32212,2.850426680624419e-05
32213,1.003161474217399e-05
32214,8.693169150980948e-06
32215,1.9448175662806815e-05
32216,1.145795212043991e-05
32217,1.0558042072649292e-05
32218,9.582707565010591e-06
32219,1.1072958869998366e-05
32220,1.2903399410220977e-05
32221,1.1029448466982983e-05
32222,9.897250846409457e-06
32223,9.986120975271117e-06
32224,9.754070560661059e-06
32225,1.2386260181243683e-05
32226,1.246725840014532e-05
32227,1.01587953328069e-05
32228,8.716259692959632e-06
32229,1.0923473382729238e-05
32230,1.0360425969893026e-05
32231,8.473734475392515e-06
32232,9.46984213922782e-06
32233,1.5805030369046533e-05
32234,9.133376089963482e-06
32235,1.0875680193864348e-05
32236,1.0474522801572617e-05
32237,9.63908308380622e-06
32238,1.00595519188609e-05
32239,1.240405310203985e-05
32240,9.804799282565535e-06
32241,9.463714720507445e-06
32242,9.986120975271117e-06
32243,9.700862731621744e-06
32244,1.5805030369046533e-05
32245,9.811995885297593e-06
32246,1.3248447992479213e-05
32247,1.1270162968399736e-05
32248,9.692531080188252e-06
32249,1.2053533433757708e-05
32250,1.145795212043991e-05
32251,1.1890914696313478e-05
32252,9.63849168571555e-06
32253,1.4043195466078444e-05
32254,1.0558042072649292e-05
32255,1.1398788038460363e-05
32256,9.263821395050691e-06
32257,1.145795212043991e-05
32258,1.631115500097759e-05
32259,1.028892948360175e-05
32260,1.2053533433757708e-05
32261,9.809582392541579e-06
32262,1.71291108272927e-05
32263,1.0248059245605469e-05
32264,1.3074226847997412e-05
32265,1.9755177333994433e-05
32266,1.1890914696313478e-05
32267,9.62680544879162e-06
32268,1.1436901100260788e-05
32269,1.2053533433757708e-05
32270,1.3074226847997412e-05
32271,9.105964578815469e-06
32272,9.879854495037761e-06
32273,1.5785240688181607e-05
32274,1.1890914696313478e-05
32275,9.66366577643837e-06
32276,1.5744594607161076e-05
32277,9.399877875532114e-06
32278,9.263821395050691e-06
32279,9.804799282565535e-06
32280,1.6590412271266976e-05
32281,1.3448419723973992e-05
32282,0.0004861775935843037
32283,1.6914882643986336e-05
32284,9.497136086334239e-06
32285,9.655747257728404e-06
32286,8.662385608594642e-06
32287,1.1029448466982983e-05
32288,1.0267670007139493e-05
32289,9.434520593808654e-06
32290,8.801301594525623e-06
32291,9.105964578815469e-06
32292,1.1029448466982983e-05
32293,9.434906633416035e-06
32294,9.093273707967679e-06
32295,1.0414935439835905e-05
32296,9.217894788126734e-06
32297,1.2039091181769635e-05
32298,1.0920974649155722e-05
32299,8.503783769685729e-06
32300,9.105964578815469e-06
32301,1.4412617543268523e-05
32302,9.422703642885622e-06
32303,1.1029448466982983e-05
32304,9.66366577643837e-06
32305,1.0729831536478351e-05
32306,9.809582392541579e-06
32307,7.389879570661871e-06
32308,9.920286267500786e-06
32309,6.848318894276419e-06
32310,1.2053533433757708e-05
32311,1.050537032126487e-05
32312,1.4318559630450627e-05
32313,9.21288922684213e-06
32314,9.876348029005935e-06
32315,9.632499591488105e-06
32316,9.715239379587256e-06
32317,1.0248059245605469e-05
32318,1.00595519188609e-05
32319,1.1398788038460363e-05
32320,1.0130978342956305e-05
32321,9.217894788126734e-06
32322,1.4294388226510275e-05
32323,9.700862731621744e-06
32324,1.0608279290858941e-05
32325,1.1904958243208149e-05
32326,9.270778132472718e-06
32327,1.003161474217399e-05
32328,6.674408288524918e-06
32329,9.133376089963482e-06
32330,1.0304389685578956e-05
32331,9.692531080188252e-06
32332,8.381642699285752e-06
32333,1.1270162968399736e-05
32334,9.215423587209066e-06
32335,1.026734224461449e-05
32336,1.0044546564286435e-05
32337,1.9755177333994433e-05
32338,9.920286267500786e-06
32339,9.777263074180927e-06
32340,9.667713638989134e-06
32341,1.997658496497774e-05
32342,1.1364417115222792e-05
32343,1.1044881389740348e-05
32344,9.149489293946556e-06
32345,1.00595519188609e-05
32346,1.9755177333994433e-05
32347,1.0248059245605469e-05
32348,9.667713638989134e-06
32349,1.1538865961995837e-05
32350,1.425086351137919e-05
32351,8.97547957802772e-06
32352,9.263821395050691e-06
32353,1.145795212043991e-05
32354,9.809582392541579e-06
32355,9.63908308380622e-06
32356,1.305159326232427e-05
32357,1.0264489145142471e-05
32358,9.809582392541579e-06
32359,9.582707565010591e-06
32360,1.4131822095192977e-05
32361,1.3633616170390274e-05
32362,9.577104748675804e-06
32363,9.187772221265003e-06
32364,1.0241717869620738e-05
32365,9.879854495037761e-06
32366,9.597929014891506e-06
32367,1.16117097546835e-05
32368,1.2529614893840324e-05
32369,1.0837800586025711e-05
32370,8.98613338073191e-06
32371,9.322330495343925e-06
32372,1.1021942368660868e-05
32373,1.4857667684627371e-05
32374,8.35108128676514e-06
32375,9.655747257728404e-06
32376,1.0365859094959847e-05
32377,1.367529455150498e-05
32378,9.655747257728404e-06
32379,9.61567250659419e-06
32380,1.145795212043991e-05
32381,9.105964578815469e-06
32382,1.9762975130793744e-05
32383,9.700862731621744e-06
32384,9.510111211076036e-06
32385,1.3248447992479213e-05
32386,9.149489293946556e-06
32387,1.3074226847997412e-05
32388,9.885989024162485e-06
32389,1.00595519188609e-05
32390,9.317540546083008e-06
32391,9.725920108296228e-06
32392,1.1044881389740348e-05
32393,1.3997637238378352e-05
32394,1.0264489145142471e-05
32395,1.1022989657855392e-05
32396,9.53237362447028e-06
32397,9.463714720507445e-06
32398,1.246725840014532e-05
32399,8.674958738307506e-06
32400,1.1407801786053758e-05
32401,1.0896042873277623e-05
32402,1.0266845488968174e-05
32403,1.0365859094959847e-05
32404,9.752301582055635e-06
32405,9.86788215339441e-06
32406,9.244975147240444e-06
32407,1.0296113256437114e-05
32408,9.715239379587256e-06
32409,1.0452836128321915e-05
32410,1.1890914696313478e-05
32411,9.53237362447028e-06
32412,9.655747257728404e-06
32413,9.190780516689155e-06
32414,9.105964578815469e-06
32415,9.217894788126734e-06
32416,1.9755177333994433e-05
32417,9.623776343241303e-06
32418,1.1398788038460363e-05
32419,1.4716430378643245e-05
32420,1.1436901100260788e-05
32421,1.0394028520652429e-05
32422,9.875238193826672e-06
32423,8.30724933669107e-06
32424,1.1890914696313478e-05
32425,1.028892948360175e-05
32426,9.217894788126734e-06
32427,9.865371888160221e-06
32428,9.562433975323611e-06
32429,1.1029448466982983e-05
32430,9.98898602574496e-06
32431,8.503783769685729e-06
32432,1.024622844441018e-05
32433,1.9755177333994433e-05
32434,8.652469170536154e-05
32435,1.177697881591642e-05
32436,9.752301582055635e-06
32437,1.6273305467530585e-05
32438,9.655747257728404e-06
32439,1.145795212043991e-05
32440,1.206237794957882e-05
32441,1.0325521945413936e-05
32442,8.862252582906677e-06
32443,1.0248059245605469e-05
32444,2.0700636694409287e-05
32445,9.690616076324506e-06
32446,9.53237362447028e-06
32447,9.138178963690783e-06
32448,8.653877904907496e-06
32449,9.582707565010591e-06
32450,1.0598164728847593e-05
32451,9.530479144825802e-06
32452,9.92867238526007e-06
32453,1.0896042873277623e-05
32454,9.217894788126734e-06
32455,9.53237362447028e-06
32456,1.1890914696313478e-05
32457,1.0365859094959847e-05
32458,1.00595519188609e-05
32459,1.0414935439835905e-05
32460,1.0998759080324583e-05
32461,1.1022989657855392e-05
32462,9.920286267500786e-06
32463,1.8374790933689325e-05
32464,9.136632654823229e-06
32465,1.1048121390319183e-05
32466,4.670451762247022e-06
32467,9.715239379587256e-06
32468,9.522600185838625e-06
32469,1.0394028520652429e-05
32470,9.752301582055635e-06
32471,4.171499509188149e-05
32472,1.9755177333994433e-05
32473,1.0538603789410964e-05
32474,9.655747257728404e-06
32475,1.8620918146917403e-05
32476,8.709456420603492e-06
32477,1.0538603789410964e-05
32478,8.444617015338625e-06
32479,1.00595519188609e-05
32480,2.2678878626931965e-05
32481,1.2184503234008396e-05
32482,9.700862731621744e-06
32483,1.052641146073085e-05
32484,9.493566059282185e-06
32485,1.0673198845483249e-05
32486,9.63908308380622e-06
32487,1.0411753129650602e-05
32488,1.050537032126487e-05
32489,9.552202977205576e-06
32490,1.050537032126487e-05
32491,9.493588591525832e-06
32492,1.139810098846653e-05
32493,9.967603528957248e-06
32494,9.804799282565535e-06
32495,1.1048121390319183e-05
32496,6.261008373845563e-06
32497,1.003161474217399e-05
32498,1.1021942368660868e-05
32499,1.9755177333994433e-05
32500,1.1021942368660868e-05
32501,1.1021942368660868e-05
32502,1.026734224461449e-05
32503,9.864537772104035e-06
32504,1.0438800493865949e-05
32505,1.00595519188609e-05
32506,1.1048121390319183e-05
32507,9.493588591525832e-06
32508,1.0641409131589505e-05
32509,1.3553713199137633e-05
32510,1.1890914696313478e-05
32511,9.63908308380622e-06
32512,1.0147900018722789e-05
32513,1.1890914696313478e-05
32514,1.024622844441018e-05
32515,9.715239379587256e-06
32516,9.715239379587256e-06
32517,1.0563899047708251e-05
32518,1.2523040583816098e-05
32519,1.0474522801572617e-05
32520,9.855818921322782e-06
32521,1.003161474217399e-05
32522,1.1740179007226193e-05
32523,1.0360425969893026e-05
32524,1.0304389685578956e-05
32525,1.045648312641421e-05
32526,1.0689881014854909e-05
32527,8.674958738307506e-06
32528,9.02497625970319e-06
32529,9.138178963690783e-06
32530,1.1052403610642951e-05
32531,1.0369786528028124e-05
32532,1.1261317758557567e-05
32533,9.530479144825802e-06
32534,1.1890914696313478e-05
32535,1.0248059245605469e-05
32536,1.0896042873277623e-05
32537,9.533867864066155e-06
32538,1.0008352767091742e-05
32539,1.0614819942957108e-05
32540,1.0377534691953246e-05
32541,1.0651734090915297e-05
32542,3.414169965358173e-05
32543,9.190780516689155e-06
32544,1.0610711704845131e-05
32545,9.582707565010591e-06
32546,9.623776343241303e-06
32547,9.489074365034779e-06
32548,1.0673198845483249e-05
32549,9.809582392541579e-06
32550,9.552202977205576e-06
32551,6.261008373845563e-06
32552,1.3074226847997412e-05
32553,1.1890914696313478e-05
32554,6.261008373845563e-06
32555,1.0558042072649292e-05
32556,9.138178963690783e-06
32557,1.1890914696313478e-05
32558,1.157527985366987e-05
32559,9.217894788126734e-06
32560,1.7214939466322747e-05
32561,1.0190781318694255e-05
32562,1.0190781318694255e-05
32563,9.754070560661059e-06
32564,9.46984213922782e-06
32565,9.133376089963482e-06
32566,1.0377534691953246e-05
32567,1.0369786528028124e-05
32568,1.0660709689367653e-05
32569,1.0226947814012442e-05
32570,9.850440573120747e-06
32571,1.0323798207862645e-05
32572,9.270778132472718e-06
32573,9.741334635875322e-06
32574,6.261008373845563e-06
32575,1.3436683153497976e-05
32576,1.3436683153497976e-05
32577,1.0689881014854909e-05
32578,6.261008373845563e-06
32579,9.49486225349075e-06
32580,1.1021942368660868e-05
32581,1.1890914696313478e-05
32582,1.003161474217399e-05
32583,9.804799282565535e-06
32584,1.00595519188609e-05
32585,1.0983549165868838e-05
32586,9.552202977205576e-06
32587,1.0165217108108049e-05
32588,1.14672736681883e-05
32589,1.2851268277655292e-05
32590,1.1890914696313478e-05
32591,7.916481966791899e-06
32592,9.855818921322782e-06
32593,1.145795212043991e-05
32594,8.900231607773971e-06
32595,1.1131852832364164e-05
32596,1.1875869116015971e-05
32597,1.1453354286263499e-05
32598,9.289948335583e-06
32599,1.050537032126487e-05
32600,9.093273707967679e-06
32601,9.243134293251872e-06
32602,1.003161474217399e-05
32603,1.0323798207862645e-05
32604,9.434838296707893e-06
32605,8.801301594525623e-06
32606,1.4336056873147576e-05
32607,9.493588591525832e-06
32608,1.7805557405293376e-05
32609,1.9384545194665566e-05
32610,1.1890914696313478e-05
32611,1.0044546564286435e-05
32612,9.058025879748137e-06
32613,1.4298736271671128e-05
32614,1.1890914696313478e-05
32615,1.1890914696313478e-05
32616,1.9755177333994433e-05
32617,9.920286267500786e-06
32618,1.1890914696313478e-05
32619,1.1890914696313478e-05
32620,8.966816258866327e-06
32621,8.123339018192422e-06
32622,1.0165217108108049e-05
32623,9.138178963690783e-06
32624,1.1072958869998366e-05
32625,1.2204527911802652e-05
32626,1.4069516398967238e-05
32627,1.1890914696313478e-05
32628,1.1890914696313478e-05
32629,1.4043195466078444e-05
32630,6.261008373845563e-06
32631,1.040634852296654e-05
32632,9.655747257728404e-06
32633,9.53237362447028e-06
32634,1.1890914696313478e-05
32635,1.0332553080377697e-05
32636,1.1398788038460363e-05
32637,1.2386260181243683e-05
32638,9.875238193826672e-06
32639,8.8687787159733e-06
32640,8.767001534425418e-06
32641,1.0998759080324583e-05
32642,9.715239379587256e-06
32643,1.2032706307433641e-05
32644,6.261008373845563e-06
32645,6.261008373845563e-06
32646,1.2204527911802652e-05
32647,9.74983946570471e-06
32648,8.503783769685729e-06
32649,9.149489293946556e-06
32650,9.809582392541579e-06
32651,9.217894788126734e-06
32652,1.1029448466982983e-05
32653,1.1326100228170733e-05
32654,1.4660105087330726e-05
32655,2.308919381620852e-05
32656,9.920286267500786e-06
32657,9.201953319907135e-06
32658,1.0896042873277623e-05
32659,1.1048121390319183e-05
32660,1.0896042873277623e-05
32661,2.2678878626931965e-05
32662,1.0896042873277623e-05
32663,9.53237362447028e-06
32664,9.582707565010591e-06
32665,9.876348029005935e-06
32666,1.0896042873277623e-05
32667,1.0896042873277623e-05
32668,1.0688941906292139e-05
32669,9.49486225349075e-06
32670,1.0896042873277623e-05
32671,1.0896042873277623e-05
32672,8.184625832172077e-06
32673,1.2204527911802652e-05
32674,9.270778132472718e-06
32675,8.98613338073191e-06
32676,9.217894788126734e-06
32677,1.367529455150498e-05
32678,6.261008373845563e-06
32679,1.144840881813943e-05
32680,1.0166102663128765e-05
32681,9.136632654823229e-06
32682,1.3074226847997412e-05
32683,1.0983549165868838e-05
32684,1.1364417115222792e-05
32685,1.0920974649155722e-05
32686,1.0369786528028124e-05
32687,9.71769253600263e-06
32688,8.674958738307506e-06
32689,1.0660709689367653e-05
32690,1.0501844755673104e-05
32691,1.0365859094959847e-05
32692,9.967603528957248e-06
32693,9.690616076324506e-06
32694,9.244975147240444e-06
32695,0.00014401132655605364
32696,1.1890914696313478e-05
32697,1.1730922678968424e-05
32698,9.875238193826672e-06
32699,1.1022989657855392e-05
32700,9.46984213922782e-06
32701,9.809582392541579e-06
32702,6.261008373845563e-06
32703,1.0538603789410964e-05
32704,1.1890914696313478e-05
32705,1.2204527911802652e-05
32706,1.367529455150498e-05
32707,9.866856785287496e-06
32708,9.261002864982228e-06
32709,9.935008023651504e-06
32710,1.0053411756575844e-05
32711,1.0673198845483249e-05
32712,1.0264489145142471e-05
32713,1.664985743997985e-05
32714,9.598517099071531e-06
32715,8.92760565575325e-06
32716,9.493588591525832e-06
32717,9.967603528957248e-06
32718,8.966816258866327e-06
32719,7.55205999585218e-05
32720,9.885989024162485e-06
32721,1.1270162968399736e-05
32722,8.98613338073191e-06
32723,1.1033339955136698e-05
32724,1.0295204516945133e-05
32725,1.2204527911802652e-05
32726,9.493566059282185e-06
32727,8.832117818009644e-06
32728,1.0304389685578956e-05
32729,9.530479144825802e-06
32730,8.35108128676514e-06
32731,9.746406357827071e-06
32732,9.593922196304636e-06
32733,1.5303846010013417e-05
32734,9.552202977205576e-06
32735,6.674408288524918e-06
32736,1.1325188958987316e-05
32737,1.0365859094959847e-05
32738,9.92867238526007e-06
32739,1.4823461000545372e-05
32740,1.1261317758557567e-05
32741,1.0896042873277623e-05
32742,1.0241717869620738e-05
32743,1.0083068471111015e-05
32744,9.623776343241303e-06
32745,9.3206344389504e-06
32746,9.489074365034779e-06
32747,9.339471607813863e-06
32748,9.741334635875322e-06
32749,9.948291810840633e-06
32750,1.9755177333994433e-05
32751,9.855818921322782e-06
32752,8.674958738307506e-06
32753,1.144840881813943e-05
32754,9.514281501058351e-06
32755,8.832117818009644e-06
32756,8.98613338073191e-06
32757,1.0414935439835905e-05
32758,9.514281501058351e-06
32759,1.177697881591642e-05
32760,1.1033339955136698e-05
32761,9.855818921322782e-06
32762,9.360000703992135e-06
32763,1.1317600624029021e-05
32764,2.308489501998667e-05
32765,1.0226947814012442e-05
32766,9.715239379587256e-06
32767,9.493588591525832e-06
32768,6.261008373845563e-06
32769,2.692926526268062e-05
32770,9.3206344389504e-06
32771,9.59484738868822e-06
32772,9.885989024162485e-06
32773,1.009278174243314e-05
32774,1.2152454439821123e-05
32775,9.105964578815469e-06
32776,9.100911172186245e-06
32777,9.725920108296228e-06
32778,1.0044546564286435e-05
32779,0.00016109016895966296
32780,1.145795212043991e-05
32781,9.71769253600263e-06
32782,9.861512805350344e-06
32783,8.674958738307506e-06
32784,1.280742674021427e-05
32785,9.967603528957248e-06
32786,1.1904958243208149e-05
32787,9.105964578815469e-06
32788,1.423466586761174e-05
32789,9.53237362447028e-06
32790,1.1048121390319183e-05
32791,1.0055811583422948e-05
32792,1.0673198845483249e-05
32793,9.493588591525832e-06
32794,8.97547957802772e-06
32795,1.6590412271266976e-05
32796,9.692531080188252e-06
32797,1.240405310203985e-05
32798,1.144840881813943e-05
32799,9.948291810840633e-06
32800,9.217894788126734e-06
32801,5.709292303130598e-06
32802,9.217894788126734e-06
32803,1.0998759080324583e-05
32804,9.53237362447028e-06
32805,1.145795212043991e-05
32806,1.0323798207862645e-05
32807,8.108707891453703e-06
32808,9.255411106325404e-06
32809,6.261008373845563e-06
32810,9.690616076324506e-06
32811,1.0347163086799967e-05
32812,8.590149903225016e-06
32813,9.076566886993103e-06
32814,1.1909870126827609e-05
32815,1.003161474217399e-05
32816,1.145795212043991e-05
32817,1.2386260181243683e-05
32818,9.728168383333168e-06
32819,9.105704473702258e-06
32820,9.920286267500786e-06
32821,1.0660709689367653e-05
32822,9.855818921322782e-06
32823,9.217894788126734e-06
32824,9.255411106325404e-06
32825,9.967603528957248e-06
32826,1.1320356980366022e-05
32827,1.0304389685578956e-05
32828,9.63849168571555e-06
32829,1.2386260181243683e-05
32830,8.662385608594642e-06
32831,1.5805030369046533e-05
32832,9.316842424275981e-06
32833,1.0896042873277623e-05
32834,1.0896042873277623e-05
32835,1.0896042873277623e-05
32836,1.0896042873277623e-05
32837,1.0896042873277623e-05
32838,9.956974897762962e-06
32839,1.0896042873277623e-05
32840,1.0896042873277623e-05
32841,1.0896042873277623e-05
32842,1.0896042873277623e-05
32843,8.35108128676514e-06
32844,1.3519758028382828e-05
32845,1.6580508099286004e-05
32846,1.0875680193864348e-05
32847,9.811995885297593e-06
32848,1.16117097546835e-05
32849,6.261008373845563e-06
32850,9.138178963690783e-06
32851,9.728168383333168e-06
32852,9.49242637511871e-06
32853,8.716259692959632e-06
32854,1.145795212043991e-05
32855,1.0190310948017527e-05
32856,9.746406357827071e-06
32857,8.184625832172077e-06
32858,1.003161474217399e-05
32859,1.0632560201404219e-05
32860,1.434003543821109e-05
32861,9.741334635875322e-06
32862,1.0053411756575844e-05
32863,2.8453055948060997e-05
32864,8.78158507753969e-06
32865,1.0190781318694255e-05
32866,8.999522573062998e-06
32867,8.123339018192422e-06
32868,1.568943806149873e-05
32869,8.966816258866327e-06
32870,8.674958738307506e-06
32871,9.921621150637919e-06
32872,1.0323798207862645e-05
32873,9.076566886993103e-06
32874,9.217894788126734e-06
32875,1.1078478163378258e-05
32876,1.0637314892586927e-05
32877,9.882082474788552e-06
32878,9.149489293946556e-06
32879,1.0264489145142471e-05
32880,1.0608279290858941e-05
32881,1.0359530810042483e-05
32882,1.367529455150498e-05
32883,9.53237362447028e-06
32884,6.261008373845563e-06
32885,9.217894788126734e-06
32886,1.4309943246528798e-05
32887,9.136632654823229e-06
32888,1.5805030369046533e-05
32889,9.63849168571555e-06
32890,9.190780516689155e-06
32891,1.0147900018722789e-05
32892,1.1270162968399736e-05
32893,1.0147900018722789e-05
32894,8.674958738307506e-06
32895,1.2529614893840324e-05
32896,9.715239379587256e-06
32897,9.746406357827071e-06
32898,9.91480548679001e-06
32899,9.885989024162485e-06
32900,5.1222395148766835e-05
32901,9.63849168571555e-06
32902,1.7402103411300912e-05
32903,9.793412700163626e-06
32904,1.0729831536478351e-05
32905,9.876348029005935e-06
32906,9.263821395050691e-06
32907,8.23675255475412e-06
32908,6.261008373845563e-06
32909,1.145795212043991e-05
32910,1.1261317758557567e-05
32911,9.552202977205576e-06
32912,1.0213357406846318e-05
32913,9.522600185838625e-06
32914,1.0147900018722789e-05
32915,9.811995885297593e-06
32916,1.9755177333994433e-05
32917,1.0147900018722789e-05
32918,1.0920974649155722e-05
32919,9.261002864982228e-06
32920,9.711597088106313e-06
32921,1.1029448466982983e-05
32922,1.0452836128321915e-05
32923,1.0103479922825078e-05
32924,1.1072958869998366e-05
32925,1.0689881014854909e-05
32926,1.145795212043991e-05
32927,1.0062967791087864e-05
32928,9.434520593808654e-06
32929,1.0226947814012442e-05
32930,9.024897217262012e-06
32931,1.0266845488968174e-05
32932,9.217894788126734e-06
32933,9.201953319907135e-06
32934,2.1167664192939678e-05
32935,1.1261317758557567e-05
32936,1.5513533811994108e-05
32937,9.504497492612455e-06
32938,9.876348029005935e-06
32939,1.2386260181243683e-05
32940,1.0304389685578956e-05
32941,1.6147046732128654e-05
32942,9.63908308380622e-06
32943,9.217894788126734e-06
32944,9.22237046987849e-06
32945,8.674958738307506e-06
32946,1.0147900018722789e-05
32947,1.389877659268725e-05
32948,1.3436683153497976e-05
32949,1.1890914696313478e-05
32950,9.920286267500786e-06
32951,9.46984213922782e-06
32952,1.3081654866788091e-05
32953,1.9755177333994433e-05
32954,1.1261317758557567e-05
32955,2.535024321693265e-05
32956,9.967603528957248e-06
32957,1.145795212043991e-05
32958,9.623776343241303e-06
32959,9.623776343241303e-06
32960,9.623776343241303e-06
32961,9.255411106325404e-06
32962,1.71291108272927e-05
32963,1.305159326232427e-05
32964,9.239550899912532e-06
32965,1.1890914696313478e-05
32966,9.217894788126734e-06
32967,1.00595519188609e-05
32968,9.255426568317661e-06
32969,1.028892948360175e-05
32970,1.0304389685578956e-05
32971,1.2851268277655292e-05
32972,1.1904958243208149e-05
32973,1.5805030369046533e-05
32974,8.674958738307506e-06
32975,7.600365966764404e-06
32976,9.136632654823229e-06
32977,1.145795212043991e-05
32978,1.0673198845483249e-05
32979,9.879854495037761e-06
32980,1.0523567967782293e-05
32981,1.0296113256437114e-05
32982,1.246725840014532e-05
32983,1.061481761300295e-05
32984,9.593922196304636e-06
32985,9.63908308380622e-06
32986,9.62680544879162e-06
32987,1.3248447992479213e-05
32988,1.036451516065504e-05
32989,1.16117097546835e-05
32990,1.1029448466982983e-05
32991,9.105964578815469e-06
32992,9.967603528957248e-06
32993,1.0264489145142471e-05
32994,9.667713638989134e-06
32995,1.1261317758557567e-05
32996,1.1044881389740348e-05
32997,1.0103479922825078e-05
32998,1.0660709689367653e-05
32999,9.597929014891506e-06
33000,9.711597088106313e-06
33001,9.804799282565535e-06
33002,8.38647689683554e-06
33003,1.848616519390982e-05
33004,1.0660709689367653e-05
33005,1.0226947814012442e-05
33006,9.885989024162485e-06
33007,9.967603528957248e-06
33008,9.317540546083008e-06
33009,8.674958738307506e-06
33010,1.2529614893840324e-05
33011,9.02497625970319e-06
33012,1.0264489145142471e-05
33013,9.058025879748137e-06
33014,1.5485967591896412e-05
33015,3.416036079582152e-05
33016,8.966816258866327e-06
33017,1.4716430378643245e-05
33018,9.920286267500786e-06
33019,9.149489293946556e-06
33020,9.100911172186245e-06
33021,1.0304389685578956e-05
33022,1.0942141109456647e-05
33023,1.4856374351304084e-05
33024,1.0673198845483249e-05
33025,1.0719318706660731e-05
33026,9.577104748675804e-06
33027,1.240405310203985e-05
33028,9.46984213922782e-06
33029,1.003161474217399e-05
33030,9.855818921322782e-06
33031,9.339471607813863e-06
33032,1.050537032126487e-05
33033,1.0103479922825078e-05
33034,1.2386260181243683e-05
33035,2.2348315820771983e-05
33036,1.0044546564286435e-05
33037,9.91480548679001e-06
33038,1.036451516065504e-05
33039,1.2284812629115731e-05
33040,1.1118294444784053e-05
33041,9.053328994739186e-06
33042,1.1522525439412445e-05
33043,1.0998759080324583e-05
33044,1.1730922678968424e-05
33045,1.0896042873277623e-05
33046,1.2529614893840324e-05
33047,8.674958738307506e-06
33048,9.598517099071531e-06
33049,9.711597088106313e-06
33050,1.0323798207862645e-05
33051,9.317540546083008e-06
33052,8.8687787159733e-06
33053,6.674408288524918e-06
33054,1.00595519188609e-05
33055,1.3913469607568114e-05
33056,1.0804275205124589e-05
33057,9.22237046987849e-06
33058,1.9448175662806815e-05
33059,9.935008023651504e-06
33060,8.235115149818874e-06
33061,6.261008373845563e-06
33062,9.493566059282185e-06
33063,9.053328994739186e-06
33064,1.0264489145142471e-05
33065,1.8377791444320352e-05
33066,9.434520593808654e-06
33067,9.316842424275981e-06
33068,1.0474522801572617e-05
33069,1.00595519188609e-05
33070,9.136632654823229e-06
33071,9.967603528957248e-06
33072,8.674958738307506e-06
33073,1.2386260181243683e-05
33074,1.0688941906292139e-05
33075,8.674958738307506e-06
33076,1.009278174243314e-05
33077,9.136632654823229e-06
33078,9.875238193826672e-06
33079,9.777263074180927e-06
33080,9.255411106325404e-06
33081,9.700862731621744e-06
33082,9.598517099071531e-06
33083,9.493588591525832e-06
33084,8.848748200179625e-06
33085,9.63908308380622e-06
33086,9.723156484921671e-06
33087,9.670155646245056e-06
33088,9.136632654823229e-06
33089,1.6590412271266976e-05
33090,9.63849168571555e-06
33091,8.8687787159733e-06
33092,9.552202977205576e-06
33093,1.9755177333994433e-05
33094,1.0986418995693328e-05
33095,8.507706948517618e-06
33096,1.1890914696313478e-05
33097,7.935958174012888e-06
33098,9.38851605547499e-06
33099,1.0729831536478351e-05
33100,1.0983549165868838e-05
33101,8.251292371225482e-06
33102,1.2058786164846864e-05
33103,8.251292371225482e-06
33104,9.263821395050691e-06
33105,9.613090796572468e-06
33106,8.30724933669107e-06
33107,9.741334635875322e-06
33108,1.233366532060434e-05
33109,1.0691282150835419e-05
33110,1.6935921895434272e-05
33111,9.217894788126734e-06
33112,1.448601383967311e-05
33113,1.1890914696313478e-05
33114,1.0264489145142471e-05
33115,9.217894788126734e-06
33116,1.240405310203985e-05
33117,8.966816258866327e-06
33118,1.0691282150835419e-05
33119,6.674408288524918e-06
33120,9.63849168571555e-06
33121,9.575534257900319e-06
33122,9.217894788126734e-06
33123,6.261008373845563e-06
33124,8.848748200179625e-06
33125,9.497136086334239e-06
33126,2.9851852046201487e-05
33127,1.6324559744518953e-05
33128,1.2002464372649052e-05
33129,1.2002464372649052e-05
33130,1.2386260181243683e-05
33131,1.0264489145142471e-05
33132,1.0896042873277623e-05
33133,9.552202977205576e-06
33134,1.5071097681729945e-05
33135,8.647477836723018e-06
33136,1.0501844755673104e-05
33137,1.0369786528028124e-05
33138,1.3248447992479213e-05
33139,9.133376089963482e-06
33140,1.0641409131589505e-05
33141,1.1072958869998366e-05
33142,1.0896042873277623e-05
33143,1.0201731640124468e-05
33144,1.0438800493865949e-05
33145,1.036451516065504e-05
33146,9.568833028344554e-06
33147,1.0161542246783875e-05
33148,9.804799282565535e-06
33149,1.246725840014532e-05
33150,1.2529614893840324e-05
33151,8.801301594525623e-06
33152,1.1035057057789817e-05
33153,1.0851799913451715e-05
33154,8.874399124719438e-06
33155,1.0896042873277623e-05
33156,9.967603528957248e-06
33157,9.694972666057905e-06
33158,9.217894788126734e-06
33159,8.966816258866327e-06
33160,9.809582392541579e-06
33161,1.0673198845483249e-05
33162,9.434906633416035e-06
33163,9.149489293946556e-06
33164,9.804799282565535e-06
33165,9.582707565010591e-06
33166,9.920286267500786e-06
33167,8.35048641027538e-06
33168,1.003161474217399e-05
33169,1.246725840014532e-05
33170,9.98898602574496e-06
33171,1.177697881591642e-05
33172,9.63849168571555e-06
33173,1.0359530810042483e-05
33174,1.145795212043991e-05
33175,1.1033339955136698e-05
33176,9.967603528957248e-06
33177,1.1078478163378258e-05
33178,1.71291108272927e-05
33179,1.2053533433757708e-05
33180,9.434520593808654e-06
33181,1.6590412271266976e-05
33182,1.0673198845483249e-05
33183,9.317540546083008e-06
33184,9.655747257728404e-06
33185,1.5504170813661524e-05
33186,1.1072958869998366e-05
33187,1.1001912156669479e-05
33188,1.00595519188609e-05
33189,1.0369786528028124e-05
33190,9.533867864066155e-06
33191,9.46984213922782e-06
33192,1.0896042873277623e-05
33193,1.0896042873277623e-05
33194,1.0729831536478351e-05
33195,9.885989024162485e-06
33196,9.575534257900319e-06
33197,1.036451516065504e-05
33198,9.217894788126734e-06
33199,9.360000703992135e-06
33200,1.0348370002420954e-05
33201,6.261008373845563e-06
33202,1.1730922678968424e-05
33203,9.552202977205576e-06
33204,1.1890914696313478e-05
33205,8.184625832172077e-06
33206,8.590149903225016e-06
33207,1.1730922678968424e-05
33208,1.0347163086799967e-05
33209,9.875238193826672e-06
33210,9.728168383333168e-06
33211,9.567382476592197e-06
33212,9.244975147240444e-06
33213,9.136632654823229e-06
33214,1.0605862121923956e-05
33215,1.002322127836139e-05
33216,9.91480548679001e-06
33217,1.0673198845483249e-05
33218,1.0896042873277623e-05
33219,1.0501844755673104e-05
33220,1.4298736271671128e-05
33221,1.002322127836139e-05
33222,1.00595519188609e-05
33223,9.81173367781952e-06
33224,9.136632654823229e-06
33225,1.2386260181243683e-05
33226,1.1890914696313478e-05
33227,1.0369786528028124e-05
33228,8.674958738307506e-06
33229,9.711597088106313e-06
33230,1.1522525439412445e-05
33231,1.2284812629115731e-05
33232,1.177697881591642e-05
33233,9.63849168571555e-06
33234,1.0147900018722789e-05
33235,1.2697830829939281e-05
33236,9.317540546083008e-06
33237,1.00595519188609e-05
33238,1.0285709465126103e-05
33239,9.876348029005935e-06
33240,1.670619169054229e-05
33241,2.0459914877171066e-05
33242,9.493588591525832e-06
33243,1.0474522801572617e-05
33244,1.1347282628427675e-05
33245,9.217894788126734e-06
33246,8.23675255475412e-06
33247,9.715239379587256e-06
33248,2.0983623413146324e-05
33249,1.723461741053332e-05
33250,1.1398788038460363e-05
33251,1.71291108272927e-05
33252,1.1052403610642951e-05
33253,1.1398788038460363e-05
33254,1.0226947814012442e-05
33255,1.280742674021427e-05
33256,1.0719318706660731e-05
33257,1.5053137921277866e-05
33258,9.850440573120747e-06
33259,1.0691282150835419e-05
33260,1.1510848380920765e-05
33261,9.136632654823229e-06
33262,6.40433565178987e-06
33263,9.948291810840633e-06
33264,1.7151520870937987e-05
33265,1.306824256713486e-05
33266,1.0896042873277623e-05
33267,1.0896042873277623e-05
33268,1.00595519188609e-05
33269,1.736724098207166e-05
33270,1.0248059245605469e-05
33271,1.1029448466982983e-05
33272,1.2204527911802652e-05
33273,9.63849168571555e-06
33274,9.63849168571555e-06
33275,1.0369786528028124e-05
33276,1.5905273445863017e-05
33277,1.0161542246783875e-05
33278,9.46984213922782e-06
33279,9.667713638989134e-06
33280,9.811995885297593e-06
33281,8.791482199158835e-06
33282,1.0606931434926932e-05
33283,9.876348029005935e-06
33284,9.493998917765896e-06
33285,9.700862731621744e-06
33286,9.552202977205576e-06
33287,8.801301594525623e-06
33288,6.674408288524918e-06
33289,8.881599773114271e-06
33290,1.5058491009909144e-05
33291,9.187772221265003e-06
33292,9.105964578815469e-06
33293,9.783732642307983e-06
33294,1.0660709689367653e-05
33295,1.0691282150835419e-05
33296,1.1029448466982983e-05
33297,9.715239379587256e-06
33298,8.98613338073191e-06
33299,1.0632560201404219e-05
33300,1.0608279290858941e-05
33301,9.921621150637919e-06
33302,1.0816858899900522e-05
33303,1.5805030369046533e-05
33304,9.967603528957248e-06
33305,9.967603528957248e-06
33306,1.0739562233243814e-05
33307,1.0739562233243814e-05
33308,1.0739562233243814e-05
33309,1.9755177333994433e-05
33310,1.0739562233243814e-05
33311,1.0739562233243814e-05
33312,1.0739562233243814e-05
33313,9.885989024162485e-06
33314,1.2386260181243683e-05
33315,8.876674958475657e-06
33316,6.674408288524918e-06
33317,9.623776343241303e-06
33318,8.98613338073191e-06
33319,8.184625832172077e-06
33320,9.63849168571555e-06
33321,9.885989024162485e-06
33322,1.0739562233243814e-05
33323,1.0739562233243814e-05
33324,1.0739562233243814e-05
33325,1.0739562233243814e-05
33326,1.0739562233243814e-05
33327,1.0739562233243814e-05
33328,1.0739562233243814e-05
33329,1.0739562233243814e-05
33330,1.0739562233243814e-05
33331,1.0739562233243814e-05
33332,1.0739562233243814e-05
33333,1.0739562233243814e-05
33334,1.0739562233243814e-05
33335,1.0739562233243814e-05
33336,1.0739562233243814e-05
33337,1.0739562233243814e-05
33338,1.0739562233243814e-05
33339,1.0739562233243814e-05
33340,1.0739562233243814e-05
33341,1.0739562233243814e-05
33342,1.0739562233243814e-05
33343,1.0739562233243814e-05
33344,1.0739562233243814e-05
33345,1.0739562233243814e-05
33346,1.028892948360175e-05
33347,1.0739562233243814e-05
33348,1.0739562233243814e-05
33349,1.0739562233243814e-05
33350,1.0739562233243814e-05
33351,1.0739562233243814e-05
33352,1.0739562233243814e-05
33353,9.967603528957248e-06
33354,8.801301594525623e-06
33355,1.4592497540810247e-05
33356,9.63849168571555e-06
33357,9.690616076324506e-06
33358,1.1347282628427675e-05
33359,1.2053533433757708e-05
33360,1.118470439166166e-05
33361,8.876674958475657e-06
33362,9.967603528957248e-06
33363,1.0719318706660731e-05
33364,9.133376089963482e-06
33365,9.201953319907135e-06
33366,1.0270470779057243e-05
33367,1.4177657917145632e-05
33368,9.263821395050691e-06
33369,8.35048641027538e-06
33370,1.0365859094959847e-05
33371,6.848318894276419e-06
33372,1.1904958243208149e-05
33373,9.422703642885622e-06
33374,8.785848222579045e-06
33375,1.6273305467530585e-05
33376,9.654870802543586e-06
33377,8.801301594525623e-06
33378,9.434520593808654e-06
33379,1.1730922678968424e-05
33380,1.00595519188609e-05
33381,1.145795212043991e-05
33382,9.493588591525832e-06
33383,1.0972657349413722e-05
33384,1.0414935439835905e-05
33385,1.0012821076224137e-05
33386,8.980088304004427e-06
33387,4.207959888055838e-05
33388,1.0691282150835419e-05
33389,9.74454702862083e-06
33390,8.00442349643869e-06
33391,8.00442349643869e-06
33392,1.1072958869998366e-05
33393,1.036236578670301e-05
33394,1.10479886016766e-05
33395,1.0044546564286435e-05
33396,1.9755177333994433e-05
33397,1.246725840014532e-05
33398,1.2314002950744122e-05
33399,1.0719318706660731e-05
33400,9.149489293946556e-06
33401,9.149489293946556e-06
33402,9.552202977205576e-06
33403,1.1740179007226193e-05
33404,9.201953319907135e-06
33405,9.728168383333168e-06
33406,1.2203954207176694e-05
33407,1.1904958243208149e-05
33408,1.024622844441018e-05
33409,1.803002370574073e-05
33410,9.575534257900319e-06
33411,8.801301594525623e-06
33412,1.0729831536478351e-05
33413,1.1890914696313478e-05
33414,1.1364417115222792e-05
33415,1.3248447992479213e-05
33416,1.444881795264814e-05
33417,1.0147900018722789e-05
33418,1.2523040583816098e-05
33419,1.0044546564286435e-05
33420,1.177697881591642e-05
33421,9.217894788126734e-06
33422,9.217894788126734e-06
33423,1.4605314712404113e-05
33424,1.1594325978611455e-05
33425,1.9755177333994433e-05
33426,1.1029448466982983e-05
33427,9.149489293946556e-06
33428,9.493588591525832e-06
33429,9.711597088106313e-06
33430,6.261008373845563e-06
33431,9.493998917765896e-06
33432,9.855818921322782e-06
33433,8.611358100279569e-06
33434,1.0165217108108049e-05
33435,1.0369786528028124e-05
33436,2.2452187175432036e-05
33437,9.504497492612455e-06
33438,1.1320356980366022e-05
33439,9.217894788126734e-06
33440,9.434520593808654e-06
33441,1.0226947814012442e-05
33442,1.074576865558823e-05
33443,9.700862731621744e-06
33444,9.811995885297593e-06
33445,1.0673198845483249e-05
33446,1.3248447992479213e-05
33447,1.0296113256437114e-05
33448,9.715239379587256e-06
33449,9.61567250659419e-06
33450,1.0474522801572617e-05
33451,9.967603528957248e-06
33452,9.967603528957248e-06
33453,1.2386260181243683e-05
33454,9.510111211076036e-06
33455,7.159558471406331e-06
33456,9.100911172186245e-06
33457,1.1890914696313478e-05
33458,9.613090796572468e-06
33459,9.239550899912532e-06
33460,1.723461741053332e-05
33461,8.108707891453703e-06
33462,6.2180242557229486e-06
33463,1.0719318706660731e-05
33464,2.1706573921562603e-05
33465,1.1436901100260788e-05
33466,9.948291810840633e-06
33467,1.0296113256437114e-05
33468,8.98613338073191e-06
33469,9.244975147240444e-06
33470,1.0044546564286435e-05
33471,9.317540546083008e-06
33472,8.92760565575325e-06
33473,8.674958738307506e-06
33474,1.0053411756575844e-05
33475,1.3248447992479213e-05
33476,1.4227745532332048e-05
33477,1.1730922678968424e-05
33478,1.0645395354398507e-05
33479,9.149489293946556e-06
33480,1.177697881591642e-05
33481,8.552299102409865e-06
33482,1.5367914234139484e-05
33483,8.881599773114271e-06
33484,9.187772221265003e-06
33485,1.0855663141263886e-05
33486,1.35254837268456e-05
33487,9.163730894583565e-06
33488,8.848748200179625e-06
33489,9.149489293946556e-06
33490,8.767473216099917e-06
33491,9.967603528957248e-06
33492,9.83214263607411e-06
33493,1.6301342023355898e-05
33494,9.690616076324506e-06
33495,1.2903399410220977e-05
33496,9.217894788126734e-06
33497,1.8620918146917403e-05
33498,6.674408288524918e-06
33499,1.1118294444784053e-05
33500,1.1594325978611455e-05
33501,1.0296113256437114e-05
33502,1.0008352767091742e-05
33503,1.9755177333994433e-05
33504,1.1270162968399736e-05
33505,8.999522573062998e-06
33506,6.261008373845563e-06
33507,8.98613338073191e-06
33508,1.00595519188609e-05
33509,1.0983549165868838e-05
33510,2.3430466880506218e-05
33511,9.920286267500786e-06
33512,9.63908308380622e-06
33513,1.1364417115222792e-05
33514,9.289948335583e-06
33515,1.2204527911802652e-05
33516,9.243134293251872e-06
33517,1.00595519188609e-05
33518,1.7909434092301446e-05
33519,1.1029448466982983e-05
33520,1.0213357406846318e-05
33521,9.02497625970319e-06
33522,1.5202530394303135e-05
33523,1.9755177333994433e-05
33524,9.255426568317661e-06
33525,1.492503784800991e-05
33526,1.9755177333994433e-05
33527,9.499363410106409e-06
33528,1.2903399410220977e-05
33529,1.1436901100260788e-05
33530,9.217894788126734e-06
33531,9.91480548679001e-06
33532,8.8687787159733e-06
33533,3.1903835809491695e-05
33534,8.881599773114271e-06
33535,1.0998759080324583e-05
33536,1.1355015410120625e-05
33537,1.0691282150835419e-05
33538,8.184625832172077e-06
33539,8.848748200179625e-06
33540,9.901718571693991e-06
33541,9.630959601784526e-06
33542,8.503783769685729e-06
33543,1.0816858899900522e-05
33544,9.499333526257177e-06
33545,6.261008373845563e-06
33546,9.956974897762962e-06
33547,9.499363410106409e-06
33548,9.920286267500786e-06
33549,6.674408288524918e-06
33550,1.3913469607568114e-05
33551,1.5805030369046533e-05
33552,1.2058786164846864e-05
33553,1.139810098846653e-05
33554,1.1890914696313478e-05
33555,1.5805030369046533e-05
33556,8.709456420603492e-06
33557,9.741334635875322e-06
33558,1.074576865558823e-05
33559,8.807659066140166e-06
33560,9.102414151293753e-06
33561,9.804799282565535e-06
33562,8.674958738307506e-06
33563,1.3074226847997412e-05
33564,9.741334635875322e-06
33565,1.1317600624029021e-05
33566,9.63849168571555e-06
33567,1.1078478163378258e-05
33568,9.711597088106313e-06
33569,7.935958174012888e-06
33570,9.582707565010591e-06
33571,1.2851268277655292e-05
33572,9.493588591525832e-06
33573,9.811995885297593e-06
33574,9.244975147240444e-06
33575,1.0983549165868838e-05
33576,9.217894788126734e-06
33577,1.00595519188609e-05
33578,1.0190310948017527e-05
33579,1.3246244734768097e-05
33580,8.184625832172077e-06
33581,9.49486225349075e-06
33582,1.2523040583816098e-05
33583,9.568833028344554e-06
33584,9.711597088106313e-06
33585,9.711597088106313e-06
33586,1.0452836128321915e-05
33587,9.024897217262012e-06
33588,9.244975147240444e-06
33589,9.53237362447028e-06
33590,9.582707565010591e-06
33591,1.75856603524639e-05
33592,9.690616076324506e-06
33593,1.0523880672159554e-05
33594,9.901718571693991e-06
33595,1.050537032126487e-05
33596,9.076566886993103e-06
33597,9.59484738868822e-06
33598,9.63849168571555e-06
33599,6.261008373845563e-06
33600,9.105964578815469e-06
33601,9.711597088106313e-06
33602,1.0348370002420954e-05
33603,1.0327374865332602e-05
33604,9.897250846409457e-06
33605,9.59484738868822e-06
33606,1.0332553080377697e-05
33607,1.206237794957882e-05
33608,1.0605862121923956e-05
33609,1.0688941906292139e-05
33610,1.0673198845483249e-05
33611,1.2204527911802652e-05
33612,8.709456420603492e-06
33613,9.667392672126224e-06
33614,1.0501844755673104e-05
33615,9.53237362447028e-06
33616,1.0414935439835905e-05
33617,1.9755177333994433e-05
33618,1.1270162968399736e-05
33619,9.076566886993103e-06
33620,1.2447262700099505e-05
33621,6.848318894276419e-06
33622,1.036451516065504e-05
33623,1.0161542246783875e-05
33624,8.647477836723018e-06
33625,9.187772221265003e-06
33626,9.921621150637919e-06
33627,9.91480548679001e-06
33628,1.0452836128321915e-05
33629,1.174121193020162e-05
33630,1.0190310948017527e-05
33631,6.261008373845563e-06
33632,9.809582392541579e-06
33633,1.0874654466644864e-05
33634,1.9755177333994433e-05
33635,1.1510848380920765e-05
33636,1.1364417115222792e-05
33637,9.46984213922782e-06
33638,1.9755177333994433e-05
33639,1.1118294444784053e-05
33640,9.317540546083008e-06
33641,9.274351034608919e-06
33642,1.2284812629115731e-05
33643,9.746406357827071e-06
33644,1.0332553080377697e-05
33645,9.967603528957248e-06
33646,9.53237362447028e-06
33647,1.0414935439835905e-05
33648,1.2386260181243683e-05
33649,1.3553713199137633e-05
33650,1.530981616778079e-05
33651,1.0691282150835419e-05
33652,1.1029448466982983e-05
33653,1.1364417115222792e-05
33654,1.1364417115222792e-05
33655,9.499363410106409e-06
33656,9.879854495037761e-06
33657,1.1364417115222792e-05
33658,1.1364417115222792e-05
33659,1.0347163086799967e-05
33660,1.1364417115222792e-05
33661,9.244975147240444e-06
33662,1.1072958869998366e-05
33663,1.0190310948017527e-05
33664,9.49242637511871e-06
33665,9.809582392541579e-06
33666,8.585336478752906e-06
33667,9.365870353764055e-06
33668,1.2541712951143893e-05
33669,1.0012821076224137e-05
33670,9.504497492612455e-06
33671,1.5053137921277866e-05
33672,1.177697881591642e-05
33673,9.217894788126734e-06
33674,1.0165217108108049e-05
33675,1.0923473382729238e-05
33676,1.2032706307433641e-05
33677,1.1594325978611455e-05
33678,1.0122101359192248e-05
33679,9.630959601784526e-06
33680,1.0501844755673104e-05
33681,1.1904958243208149e-05
33682,9.133376089963482e-06
33683,9.809582392541579e-06
33684,9.568833028344554e-06
33685,1.0226947814012442e-05
33686,1.0691282150835419e-05
33687,9.967603528957248e-06
33688,1.4716430378643245e-05
33689,8.801301594525623e-06
33690,1.1078478163378258e-05
33691,1.3553713199137633e-05
33692,9.322330495343925e-06
33693,9.63908308380622e-06
33694,1.0637314892586927e-05
33695,1.1890914696313478e-05
33696,9.655747257728404e-06
33697,1.2284812629115731e-05
33698,9.493588591525832e-06
33699,1.0637314892586927e-05
33700,1.0688941906292139e-05
33701,1.3553713199137633e-05
33702,1.0435496698017417e-05
33703,1.0912632421942477e-05
33704,1.3553713199137633e-05
33705,8.801301594525623e-06
33706,1.2535758503666293e-05
33707,1.2039091181769635e-05
33708,9.533867864066155e-06
33709,1.0264489145142471e-05
33710,9.610210116740116e-06
33711,1.5134226293900744e-05
33712,1.5805030369046533e-05
33713,1.5805030369046533e-05
33714,1.0304389685578956e-05
33715,9.05804862443082e-06
33716,9.956974897762962e-06
33717,1.16117097546835e-05
33718,1.0323798207862645e-05
33719,1.4231571253923247e-05
33720,1.3338464511454038e-05
33721,8.674958738307506e-06
33722,1.0323798207862645e-05
33723,1.003161474217399e-05
33724,1.0719318706660731e-05
33725,1.305159326232427e-05
33726,9.804799282565535e-06
33727,9.779141176581009e-06
33728,9.92867238526007e-06
33729,1.1118294444784053e-05
33730,8.999522573062998e-06
33731,8.98613338073191e-06
33732,8.251292371225482e-06
33733,9.746406357827071e-06
33734,1.0377534691953246e-05
33735,8.674958738307506e-06
33736,1.1317600624029021e-05
33737,1.705440153888025e-05
33738,9.493588591525832e-06
33739,1.0563899047708251e-05
33740,9.49486225349075e-06
33741,1.0579067218970241e-05
33742,5.811061935856115e-06
33743,9.593922196304636e-06
33744,8.720501904768429e-06
33745,9.244975147240444e-06
33746,8.251292371225482e-06
33747,9.274351034608919e-06
33748,9.076566886993103e-06
33749,9.684771821929977e-06
33750,9.699998832179042e-06
33751,9.577104748675804e-06
33752,9.289948335583e-06
33753,8.767473216099917e-06
33754,9.86788215339441e-06
33755,9.86788215339441e-06
33756,1.2113469516883801e-05
33757,1.0438800493865949e-05
33758,8.674958738307506e-06
33759,8.848748200179625e-06
33760,8.674958738307506e-06
33761,9.741334635875322e-06
33762,1.0295204516945133e-05
33763,9.855818921322782e-06
33764,1.0348370002420954e-05
33765,1.723461741053332e-05
33766,9.434520593808654e-06
33767,1.1072958869998366e-05
33768,1.0411753129650602e-05
33769,9.654870802543586e-06
33770,7.4137074395127525e-06
33771,9.655747257728404e-06
33772,1.00595519188609e-05
33773,9.217894788126734e-06
33774,1.1905788186692852e-05
33775,9.136632654823229e-06
33776,1.0327374865332602e-05
33777,9.552202977205576e-06
33778,9.434520593808654e-06
33779,9.053328994739186e-06
33780,9.053328994739186e-06
33781,1.1325188958987316e-05
33782,1.0625988213105185e-05
33783,9.875238193826672e-06
33784,6.674408288524918e-06
33785,1.0264489145142471e-05
33786,6.261008373845563e-06
33787,1.0896042873277623e-05
33788,1.0414935439835905e-05
33789,8.966816258866327e-06
33790,8.23675255475412e-06
33791,1.0248059245605469e-05
33792,1.139810098846653e-05
33793,9.504497492612455e-06
33794,1.0207916664227508e-05
33795,9.61567250659419e-06
33796,1.0452836128321915e-05
33797,9.684771821929977e-06
33798,1.177697881591642e-05
33799,9.187772221265003e-06
33800,9.244975147240444e-06
33801,8.590149903225016e-06
33802,1.9755177333994433e-05
33803,1.050537032126487e-05
33804,1.0365859094959847e-05
33805,1.0325521945413936e-05
33806,8.251292371225482e-06
33807,1.1270162968399736e-05
33808,1.1270162968399736e-05
33809,9.715239379587256e-06
33810,1.0896042873277623e-05
33811,1.0348370002420954e-05
33812,9.53237362447028e-06
33813,1.1128620589288477e-05
33814,0.00012145838133220949
33815,1.5244955840521233e-05
33816,9.61567250659419e-06
33817,1.0226947814012442e-05
33818,9.53237362447028e-06
33819,8.251292371225482e-06
33820,9.217894788126734e-06
33821,9.22237046987849e-06
33822,9.274351034608919e-06
33823,9.83359020575719e-06
33824,9.217894788126734e-06
33825,1.540341323908727e-05
33826,9.589580765736588e-06
33827,9.63849168571555e-06
33828,9.136632654823229e-06
33829,1.3348394245257142e-05
33830,2.1706573921562603e-05
33831,9.61567250659419e-06
33832,1.145795212043991e-05
33833,9.239550899912532e-06
33834,1.1320356980366022e-05
33835,1.4716430378643245e-05
33836,1.1398788038460363e-05
33837,1.280742674021427e-05
33838,1.240405310203985e-05
33839,1.0452836128321915e-05
33840,1.0296113256437114e-05
33841,1.2386260181243683e-05
33842,1.0458499278872993e-05
33843,1.4472157442928997e-05
33844,1.0458499278872993e-05
33845,1.0632560201404219e-05
33846,1.0579067218970241e-05
33847,1.240405310203985e-05
33848,1.9755177333994433e-05
33849,9.493588591525832e-06
33850,8.92760565575325e-06
33851,1.0920974649155722e-05
33852,8.251292371225482e-06
33853,1.0474522801572617e-05
33854,1.0606931434926932e-05
33855,9.217894788126734e-06
33856,1.2204527911802652e-05
33857,1.2386260181243683e-05
33858,9.63908308380622e-06
33859,6.261008373845563e-06
33860,8.381642699285752e-06
33861,1.0986418995693328e-05
33862,1.9031813147437362e-05
33863,9.215423587209066e-06
33864,1.0347163086799967e-05
33865,8.999522573062998e-06
33866,1.4255986031387211e-05
33867,9.986120975271117e-06
33868,9.334992990486555e-06
33869,1.947540780906648e-05
33870,2.4657442839232953e-05
33871,1.1320356980366022e-05
33872,1.0673198845483249e-05
33873,1.050537032126487e-05
33874,8.552299102409865e-06
33875,3.1903835809491695e-05
33876,2.2678878626931965e-05
33877,9.076566886993103e-06
33878,9.646521210851372e-06
33879,9.439127771363733e-06
33880,9.217894788126734e-06
33881,1.0458499278872993e-05
33882,9.317540546083008e-06
33883,9.530479144825802e-06
33884,1.0804275205124589e-05
33885,1.050537032126487e-05
33886,8.97547957802772e-06
33887,8.966816258866327e-06
33888,1.0414935439835905e-05
33889,1.0226947814012442e-05
33890,9.493588591525832e-06
33891,9.967603528957248e-06
33892,2.0031789864351312e-05
33893,1.1730922678968424e-05
33894,1.1730922678968424e-05
33895,9.83086475285655e-06
33896,1.9755177333994433e-05
33897,1.0213357406846318e-05
33898,1.0563899047708251e-05
33899,9.217894788126734e-06
33900,9.901718571693991e-06
33901,1.145795212043991e-05
33902,1.0458499278872993e-05
33903,8.585336478752906e-06
33904,9.317540546083008e-06
33905,1.0523567967782293e-05
33906,1.71291108272927e-05
33907,1.2113469516883801e-05
33908,1.0347163086799967e-05
33909,1.00595519188609e-05
33910,8.78158507753969e-06
33911,9.53237362447028e-06
33912,8.927377406965493e-06
33913,1.0360425969893026e-05
33914,1.0304389685578956e-05
33915,9.593922196304636e-06
33916,1.1364417115222792e-05
33917,9.746406357827071e-06
33918,8.674958738307506e-06
33919,1.1128620589288477e-05
33920,1.0558042072649292e-05
33921,8.184625832172077e-06
33922,1.00595519188609e-05
33923,1.407893534598882e-05
33924,2.2708323262847534e-05
33925,1.240405310203985e-05
33926,9.967603528957248e-06
33927,9.359950071151196e-06
33928,9.317540546083008e-06
33929,8.966816258866327e-06
33930,9.493588591525832e-06
33931,1.0248059245605469e-05
33932,9.728168383333168e-06
33933,9.317540546083008e-06
33934,1.0360425969893026e-05
33935,9.399877875532114e-06
33936,1.1730922678968424e-05
33937,1.3074226847997412e-05
33938,1.0347163086799967e-05
33939,8.662385608594642e-06
33940,9.920286267500786e-06
33941,9.86788215339441e-06
33942,1.036451516065504e-05
33943,1.1028616036275543e-05
33944,8.23675255475412e-06
33945,1.0394028520652429e-05
33946,1.0377534691953246e-05
33947,9.422703642885622e-06
33948,9.746406357827071e-06
33949,1.050537032126487e-05
33950,8.184625832172077e-06
33951,8.251292371225482e-06
33952,8.184625832172077e-06
33953,1.1904958243208149e-05
33954,1.0147900018722789e-05
33955,9.322330495343925e-06
33956,1.0264489145142471e-05
33957,1.859286391720135e-05
33958,1.0474522801572617e-05
33959,9.63908308380622e-06
33960,1.0241717869620738e-05
33961,8.444617015338625e-06
33962,9.217894788126734e-06
33963,1.5352359061392518e-05
33964,9.217894788126734e-06
33965,1.5134226293900744e-05
33966,8.507706948517618e-06
33967,9.217894788126734e-06
33968,8.674958738307506e-06
33969,9.360000703992135e-06
33970,1.0296113256437114e-05
33971,1.061481761300295e-05
33972,9.215423587209066e-06
33973,1.9755177333994433e-05
33974,6.261008373845563e-06
33975,6.261008373845563e-06
33976,1.4790017392352202e-05
33977,9.804799282565535e-06
33978,1.0637314892586927e-05
33979,1.8100807713181047e-05
33980,9.655747257728404e-06
33981,1.1398788038460363e-05
33982,1.3553713199137633e-05
33983,9.63908308380622e-06
33984,1.145795212043991e-05
33985,1.0264489145142471e-05
33986,1.1033339955136698e-05
33987,1.0458499278872993e-05
33988,9.855818921322782e-06
33989,8.791482199158835e-06
33990,1.0264489145142471e-05
33991,9.901718571693991e-06
33992,9.967603528957248e-06
33993,6.261008373845563e-06
33994,1.3348394245257142e-05
33995,1.3074226847997412e-05
33996,9.728168383333168e-06
33997,1.0538603789410964e-05
33998,1.1021942368660868e-05
33999,1.2053533433757708e-05
34000,1.9755177333994433e-05
34001,9.239550899912532e-06
34002,9.885989024162485e-06
34003,1.1740179007226193e-05
34004,7.200900385071714e-06
34005,1.2002464372649052e-05
34006,1.0608279290858941e-05
34007,9.434906633416035e-06
34008,1.3074226847997412e-05
34009,1.2204527911802652e-05
34010,1.0458499278872993e-05
34011,1.240405310203985e-05
34012,9.53237362447028e-06
34013,9.575534257900319e-06
34014,9.552202977205576e-06
34015,2.0736211527436144e-05
34016,1.4412617543268523e-05
34017,9.967603528957248e-06
34018,9.885989024162485e-06
34019,9.71769253600263e-06
34020,1.3553713199137633e-05
34021,1.0248059245605469e-05
34022,9.49242637511871e-06
34023,8.791670321956946e-06
34024,1.280742674021427e-05
34025,1.0855663141263886e-05
34026,1.1740179007226193e-05
34027,9.700862731621744e-06
34028,8.881599773114271e-06
34029,1.3997637238378352e-05
34030,8.801301594525623e-06
34031,1.206237794957882e-05
34032,1.0394028520652429e-05
34033,1.2204527911802652e-05
34034,9.105964578815469e-06
34035,9.866856785287496e-06
34036,9.995371324642058e-06
34037,9.855818921322782e-06
34038,8.503783769685729e-06
34039,1.0689881014854909e-05
34040,1.0719318706660731e-05
34041,8.507706948517618e-06
34042,8.92760565575325e-06
34043,8.674958738307506e-06
34044,1.1022989657855392e-05
34045,1.0458499278872993e-05
34046,1.062598456625301e-05
34047,9.602138300744518e-06
34048,1.1029448466982983e-05
34049,9.935008023651504e-06
34050,8.98613338073191e-06
34051,1.233366532060434e-05
34052,1.0474522801572617e-05
34053,1.3074226847997412e-05
34054,9.809582392541579e-06
34055,6.261008373845563e-06
34056,9.317540546083008e-06
34057,9.715239379587256e-06
34058,1.5805030369046533e-05
34059,1.1730922678968424e-05
34060,9.217894788126734e-06
34061,1.2386260181243683e-05
34062,1.9755177333994433e-05
34063,9.61567250659419e-06
34064,9.434838296707893e-06
34065,8.999522573062998e-06
34066,9.728168383333168e-06
34067,1.9755177333994433e-05
34068,1.0360425969893026e-05
34069,1.0691282150835419e-05
34070,9.317540546083008e-06
34071,1.1904958243208149e-05
34072,1.0203235324803235e-05
34073,1.4344974638865779e-05
34074,1.1320356980366022e-05
34075,8.999522573062998e-06
34076,1.3074226847997412e-05
34077,1.0053411756575844e-05
34078,1.00595519188609e-05
34079,1.0719318706660731e-05
34080,1.0122101359192248e-05
34081,1.5935521289249128e-05
34082,9.093273707967679e-06
34083,9.715239379587256e-06
34084,9.316842424275981e-06
34085,6.261008373845563e-06
34086,9.61567250659419e-06
34087,1.0691282150835419e-05
34088,8.590149903225016e-06
34089,1.0213357406846318e-05
34090,9.434906633416035e-06
34091,9.855818921322782e-06
34092,9.728168383333168e-06
34093,1.0458499278872993e-05
34094,1.0411753129650602e-05
34095,1.050537032126487e-05
34096,1.1398788038460363e-05
34097,1.0719318706660731e-05
34098,9.804799282565535e-06
34099,1.3074226847997412e-05
34100,9.05804862443082e-06
34101,9.163730894583565e-06
34102,1.0719318706660731e-05
34103,8.966816258866327e-06
34104,9.715239379587256e-06
34105,9.255426568317661e-06
34106,9.646521210851372e-06
34107,9.728168383333168e-06
34108,9.190780516689155e-06
34109,9.337233669156108e-06
34110,1.2872708457094731e-05
34111,9.63908308380622e-06
34112,1.1078478163378258e-05
34113,1.0332553080377697e-05
34114,1.0226947814012442e-05
34115,1.0688941906292139e-05
34116,9.239550899912532e-06
34117,9.102414151293753e-06
34118,1.0000952380046262e-05
34119,9.244975147240444e-06
34120,1.0719318706660731e-05
34121,8.807659066140166e-06
34122,1.0055811583422948e-05
34123,1.0226947814012442e-05
34124,1.0645395354398507e-05
34125,1.3436683153497976e-05
34126,9.885989024162485e-06
34127,9.263821395050691e-06
34128,1.1270162968399736e-05
34129,1.0394028520652429e-05
34130,8.184625832172077e-06
34131,1.0248059245605469e-05
34132,1.0347163086799967e-05
34133,9.593922196304636e-06
34134,1.0323798207862645e-05
34135,9.875238193826672e-06
34136,9.690616076324506e-06
34137,1.0673198845483249e-05
34138,9.217894788126734e-06
34139,8.862252582906677e-06
34140,9.434520593808654e-06
34141,1.2039091181769635e-05
34142,6.261008373845563e-06
34143,1.0394028520652429e-05
34144,9.434906633416035e-06
34145,9.967603528957248e-06
34146,9.779141176581009e-06
34147,8.92760565575325e-06
34148,9.593922196304636e-06
34149,9.91480548679001e-06
34150,6.674408288524918e-06
34151,1.0474522801572617e-05
34152,9.05804862443082e-06
34153,1.0645395354398507e-05
34154,9.623776343241303e-06
34155,9.316842424275981e-06
34156,1.1072958869998366e-05
34157,1.0270470779057243e-05
34158,9.865371888160221e-06
34159,9.255426568317661e-06
34160,9.967603528957248e-06
34161,1.003161474217399e-05
34162,1.1355604087736365e-05
34163,1.1320356980366022e-05
34164,1.9755177333994433e-05
34165,9.700862731621744e-06
34166,9.91480548679001e-06
34167,1.0226947814012442e-05
34168,6.261008373845563e-06
34169,9.215423587209066e-06
34170,9.967603528957248e-06
34171,9.711597088106313e-06
34172,9.582707565010591e-06
34173,9.02497625970319e-06
34174,9.434520593808654e-06
34175,9.855818921322782e-06
34176,9.434520593808654e-06
34177,6.261008373845563e-06
34178,1.045648312641421e-05
34179,1.2529614893840324e-05
34180,7.55205999585218e-05
34181,1.0083068471111015e-05
34182,9.63908308380622e-06
34183,1.61922158403411e-05
34184,1.9755177333994433e-05
34185,1.0347163086799967e-05
34186,1.0719318706660731e-05
34187,1.00595519188609e-05
34188,2.1662254455722996e-05
34189,9.076566886993103e-06
34190,1.3528035782459068e-05
34191,1.045648312641421e-05
34192,9.575534257900319e-06
34193,1.0633902373928431e-05
34194,1.0414935439835905e-05
34195,1.0896042873277623e-05
34196,1.0896042873277623e-05
34197,1.0896042873277623e-05
34198,1.3074226847997412e-05
34199,1.0458499278872993e-05
34200,1.024622844441018e-05
34201,1.0248059245605469e-05
34202,1.1904958243208149e-05
