1
3
5
8
10
11
15
19
20
22
24
26
28
30
32
33
34
35
36
37
38
40
41
42
45
46
47
48
49
50
54
55
56
58
59
60
63
65
66
67
68
71
72
73
77
79
80
81
83
86
87
94
96
97
98
99
102
103
104
106
107
108
109
110
112
114
115
116
118
119
120
124
125
126
127
130
133
134
135
136
137
138
139
140
141
143
144
146
147
148
149
151
152
158
160
161
162
163
165
166
167
171
175
176
178
182
184
185
186
187
192
195
200
202
203
206
207
209
211
212
213
215
216
217
218
219
220
222
225
226
228
231
233
238
240
241
247
248
249
250
251
252
254
255
256
257
259
261
262
263
264
269
272
273
274
275
278
279
280
283
285
287
288
289
292
294
296
298
299
301
302
304
305
307
309
312
313
314
315
316
318
325
326
327
328
330
331
332
333
336
337
338
344
346
347
349
350
352
355
356
358
360
363
364
366
372
373
376
379
380
381
385
387
388
389
390
391
392
393
394
395
396
397
398
399
400
401
402
403
404
406
407
408
410
413
414
415
417
421
422
424
425
430
431
432
433
434
435
438
439
440
441
442
443
444
446
447
449
450
452
455
456
457
458
459
460
461
462
464
465
466
467
468
469
470
471
473
476
477
479
481
483
485
487
489
491
492
493
494
495
496
497
498
499
500
502
503
505
506
509
510
511
512
513
515
516
517
518
519
522
523
525
527
528
532
533
534
535
536
537
538
544
545
557
562
563
566
567
568
569
570
571
572
573
575
577
579
580
581
583
585
586
587
588
589
590
591
592
595
596
597
599
600
601
602
603
604
605
606
607
609
610
611
612
613
615
616
617
618
620
621
622
623
624
626
628
630
631
632
633
634
635
636
637
638
640
644
645
647
649
650
652
653
654
655
656
657
658
660
661
662
663
665
666
667
668
670
671
672
673
676
677
679
680
681
682
683
684
685
689
690
692
693
694
695
697
698
699
700
701
702
703
704
705
706
707
708
710
712
713
714
715
716
717
718
719
720
721
722
723
724
725
726
727
728
731
732
733
734
736
738
743
744
745
746
748
749
750
751
752
754
755
758
760
761
762
763
764
765
766
769
770
771
772
773
775
776
777
778
779
780
781
782
783
784
785
786
787
788
789
790
791
792
793
794
795
796
797
798
799
800
801
802
803
805
807
808
809
810
811
812
813
814
815
817
818
819
820
821
822
823
824
825
826
827
830
831
832
833
835
837
838
839
841
842
843
844
845
846
847
848
849
850
851
852
853
854
855
856
857
859
861
862
863
864
865
866
867
868
869
872
873
874
875
876
877
878
879
880
881
882
885
886
890
891
893
894
897
898
899
900
902
903
904
907
908
910
911
912
913
915
918
919
920
921
923
927
928
929
932
933
934
935
936
937
938
939
940
941
942
943
944
945
946
947
948
949
950
951
953
954
955
957
966
967
968
969
970
972
973
976
977
978
979
980
981
982
983
984
985
986
988
989
990
991
992
994
995
996
997
998
999
1001
1003
1004
1005
1007
1008
1009
1010
1011
1012
1013
1014
1015
1016
1017
1018
1019
1020
1021
1022
1023
1024
1025
1026
1027
1028
1029
1030
1032
1033
1034
1037
1040
1041
1042
1043
1044
1045
1046
1048
1049
1050
1052
1053
1054
1056
1058
1061
1063
1064
1065
1067
1068
1069
1070
1072
1073
1074
1076
1077
1078
1080
1081
1082
1083
1084
1085
1087
1088
1089
1090
1092
1093
1094
1096
1103
1104
1105
1106
1107
1109
1110
1111
1113
1115
1116
1117
1118
1119
1120
1122
1123
1124
1125
1127
1128
1129
1130
1131
1132
1133
1135
1136
1137
1138
1140
1141
1143
1145
1146
1147
1148
1149
1151
1152
1155
1158
1160
1161
1162
1165
1167
1172
1173
1174
1175
1177
1179
1180
1181
1182
1184
1185
1188
1189
1191
1192
1193
1194
1195
1196
1197
1198
1201
1203
1204
1205
1206
1208
1209
1210
1211
1212
1213
1215
1217
1218
1219
1220
1222
1227
1229
1230
1231
1233
1235
1238
1239
1240
1241
1242
1243
1244
1246
1247
1248
1250
1252
1253
1255
1256
1257
1258
1261
1262
1263
1264
1265
1266
1267
1268
1270
1271
1274
1275
1276
1277
1279
1281
1282
1283
1284
1285
1289
1290
1292
1293
1294
1295
1297
1298
1299
1300
1304
1305
1306
1307
1308
1309
1310
1313
1317
1318
1319
1320
1323
1326
1328
1329
1330
1331
1332
1333
1334
1335
1336
1337
1340
1341
1342
1343
1345
1346
1347
1348
1349
1351
1352
1353
1354
1355
1357
1358
1359
1360
1361
1363
1365
1366
1367
1368
1369
1370
1371
1373
1375
1380
1381
1382
1385
1386
1387
1388
1390
1393
1394
1395
1396
1398
1400
1401
1402
1403
1405
1407
1408
1409
1410
1412
1415
1416
1417
1419
1421
1422
1423
1424
1425
1426
1427
1429
1430
1431
1432
1433
1434
1435
1436
1437
1439
1441
1442
1444
1445
1449
1450
1452
1453
1454
1455
1456
1457
1458
1459
1460
1463
1464
1465
1466
1467
1469
1470
1471
1472
1474
1475
1476
1479
1481
1482
1483
1485
1486
1487
1488
1489
1491
1492
1493
1494
1496
1497
1498
1499
1500
1501
1502
1503
1504
1505
1506
1507
1509
1510
1511
1512
1513
1514
1515
1517
1518
1519
1521
1522
1523
1524
1525
1526
1528
1529
1530
1531
1532
1533
1534
1538
1539
1544
1545
1546
1547
1548
1551
1553
1554
1556
1557
1558
1559
1560
1561
1562
1563
1564
1565
1566
1568
1569
1571
1572
1573
1575
1576
1577
1579
1580
1581
1582
1583
1584
1585
1586
1587
1588
1590
1591
1592
1594
1597
1598
1599
1600
1601
1603
1604
1606
1607
1608
1609
1610
1611
1612
1613
1614
1615
1616
1617
1618
1619
1620
1623
1627
1629
1631
1634
1635
1636
1639
1640
1641
1642
1644
1645
1647
1648
1650
1651
1652
1653
1654
1655
1656
1657
1659
1660
1662
1663
1664
1665
1668
1669
1670
1671
1676
1677
1678
1679
1681
1682
1684
1686
1687
1688
1689
1690
1692
1693
1694
1696
1697
1698
1699
1700
1701
1702
1703
1704
1705
1707
1708
1713
1714
1715
1716
1718
1721
1722
1724
1726
1728
1729
1731
1732
1735
1737
1738
1739
1740
1741
1743
1746
1747
1749
1752
1753
1756
1757
1758
1762
1765
1769
1770
1771
1773
1774
1775
1776
1777
1779
1782
1783
1784
1785
1786
1787
1789
1790
1791
1792
1793
1794
1795
1796
1797
1798
1799
1801
1802
1803
1804
1805
1807
1808
1810
1815
1816
1817
1818
1819
1821
1822
1824
1825
1831
1832
1833
1834
1836
1837
1838
1839
1842
1843
1844
1845
1848
1849
1850
1852
1853
1855
1858
1860
1861
1867
1869
1870
1871
1873
1874
1876
1877
1878
1879
1880
1881
1882
1883
1886
1887
1888
1889
1891
1893
1894
1895
1896
1897
1899
1901
1904
1905
1908
1909
1910
1911
1912
1913
1914
1916
1921
1922
1923
1925
1926
1927
1928
1935
1937
1939
1940
1942
1943
1944
1945
1946
1947
1948
1949
1952
1953
1954
1955
1957
1961
1962
1963
1965
1966
1968
1969
1970
1972
1973
1974
1977
1978
1980
1983
1985
1986
1987
1988
1989
1990
1991
1992
1993
1994
1995
1996
1997
1998
1999
2000
2004
2006
2007
2008
2014
2015
2016
2017
2019
2021
2022
2023
2024
2025
2028
2030
2032
2033
2035
2036
2037
2038
2039
2040
2041
2045
2046
2049
2051
2052
2053
2054
2057
2058
2059
2063
2065
2069
2070
2071
2077
2080
2081
2083
2084
2085
2087
2089
2090
2092
2093
2094
2095
2097
2098
2099
2101
2102
2103
2104
2105
2106
2107
2108
2110
2111
2112
2117
2118
2119
2120
2123
2124
2125
2126
2127
2129
2130
2132
2133
2135
2138
2139
2141
2142
2143
2145
2148
2149
2150
2151
2152
2153
2154
2156
2157
2161
2163
2164
2165
2166
2167
2168
2169
2172
2173
2174
2175
2176
2177
2178
2181
2182
2183
2184
2188
2191
2192
2193
2194
2195
2201
2204
2205
2207
2208
2209
2210
2211
2212
2216
2217
2220
2221
2222
2223
2224
2225
2227
2228
2229
2230
2231
2232
2234
2235
2236
2237
2239
2243
2244
2245
2246
2247
2251
2252
2253
2254
2255
2257
2260
2263
2266
2269
2272
2274
2276
2278
2285
2286
2287
2288
2290
2294
2295
2296
2297
2301
2302
2304
2307
2308
2309
2310
2312
2314
2315
2316
2317
2318
2319
2320
2321
2322
2323
2324
2325
2333
2334
2336
2338
2340
2341
2343
2344
2345
2346
2347
2348
2352
2353
2354
2355
2356
2357
2358
2361
2362
2363
2365
2367
2368
2369
2371
2372
2373
2374
2375
2376
2379
2380
2382
2383
2384
2386
2387
2388
2394
2395
2400
2403
2404
2406
2408
2409
2410
2411
2414
2418
2419
2420
2421
2422
2423
2424
2427
2429
2430
2431
2436
2438
2440
2441
2443
2444
2445
2447
2450
2451
2452
2455
2458
2459
2460
2461
2464
2467
2469
2470
2471
2473
2475
2477
2479
2480
2485
2487
2488
2489
2490
2494
2507
2508
2509
2510
2511
2512
2513
2514
2516
2517
2518
2520
2522
2523
2528
2529
2531
2539
2540
2541
2542
2543
2545
2547
2548
2552
2553
2556
2557
2558
2559
2560
2561
2562
2563
2565
2571
2572
2574
2580
2582
2583
2584
2585
2587
2588
2590
2591
2592
2593
2595
2596
2597
2598
2599
2600
2602
2604
2605
2606
2607
2608
2609
2610
2614
2615
2619
2620
2621
2622
2624
2625
2626
2629
2631
2633
2634
2635
2637
2638
2640
2641
2642
2644
2646
2648
2649
2652
2653
2655
2657
2658
2659
2663
2665
2666
2668
2672
2673
2674
2675
2677
2678
2679
2683
2689
2690
2692
2694
2699
2701
2704
2706
2707
2708
2709
2710
2711
2713
2714
2720
2721
2726
2727
2728
2729
2730
2732
2733
2741
2744
2745
2746
2747
2748
2749
2750
2752
2754
2755
2756
2759
2764
2767
2768
2770
2771
2772
2775
2777
2779
2782
2784
2787
2791
2792
2794
2797
2802
2804
2810
2811
2812
2814
2815
2819
2820
2821
2823
2824
2828
2832
2833
2834
2837
2838
2840
2841
2844
2845
2846
2847
2850
2853
2854
2855
2866
2867
2868
2869
2874
2875
2876
2880
2887
2888
2891
2892
2893
2894
2895
2897
2900
2902
2903
2906
2907
2908
2909
2913
2918
2920
2923
2924
2926
2927
2931
2934
2937
2938
2939
2940
2942
2944
2945
2955
2959
2963
2965
2968
2969
2974
2979
2982
2989
2992
2995
2997
3000
3001
3003
3005
3009
3010
3011
3016
3017
3018
3019
3020
3023
3027
3028
3030
3031
3032
3035
3037
3043
3048
3049
3051
3060
3061
3067
3069
3070
3071
3072
3078
3079
3082
3083
3084
3087
3088
3089
3090
3091
3093
3094
3099
3101
3106
3108
3111
3115
3118
3122
3132
3134
3135
3138
3144
3145
3149
3150
3151
3154
3157
3158
3162
3164
3166
3168
3169
3172
3173
3174
3182
3183
3185
3187
3193
3195
3199
3202
3206
3207
3212
3218
3221
3224
3228
3234
3241
3246
3247
3250
3252
3255
3258
3260
3263
3275
3285
3289
3297
3302
3318
3319
3328
3330
3351
3358
3361
3366
3367
3370
3376
3377
3378
3379
3383
3385
3386
3387
3392
3393
3396
3397
3398
3403
3404
3406
3407
3414
3416
3417
3421
3422
3423
3432
3435
3436
3437
3438
3439
3442
3443
3444
3448
3449
3451
3452
3453
3455
3457
3462
3463
3464
3465
3467
3468
3469
3473
3474
3475
3477
3478
3483
3484
3485
3486
3487
3488
3490
3494
3495
3496
3497
3499
3504
3506
3507
3508
3509
3512
3513
3514
3515
3517
3518
3519
3524
3525
3526
3527
3528
3529
3530
3532
3533
3535
3537
3538
3539
3540
3542
3543
3544
3545
3546
3548
3552
3554
3555
3556
3557
3559
3560
3561
3562
3563
3564
3565
3566
3567
3569
3570
3571
3574
3575
3576
3577
3578
3580
3581
3582
3585
3586
3587
3588
3590
3592
3595
3597
3599
3603
3605
3606
3607
3609
3610
3611
3613
3614
3617
3619
3621
3623
3625
3626
3628
3629
3630
3633
3636
3640
3643
3644
3645
3646
3648
3650
3651
3653
3654
3658
3659
3661
3662
3663
3664
3665
3666
3667
3669
3672
3675
3677
3678
3681
3682
3683
3686
3687
3690
3691
3692
3694
3695
3696
3697
3698
3699
3700
3703
3709
3712
3713
3714
3715
3718
3719
3721
3724
3726
3727
3728
3729
3732
3734
3735
3738
3740
3743
3744
3745
3750
3752
3753
3754
3756
3757
3758
3759
3760
3761
3766
3770
3771
3774
3776
3780
3781
3784
3785
3786
3788
3790
3791
3792
3793
3794
3795
3796
3799
3801
3804
3807
3809
3810
3813
3814
3815
3816
3817
3818
3820
3822
3823
3824
3828
3829
3830
3831
3832
3833
3835
3836
3837
3838
3839
3840
3841
3842
3843
3844
3847
3848
3853
3856
3857
3858
3860
3865
3866
3867
3868
3869
3871
3874
3876
3877
3878
3879
3880
3881
3883
3884
3885
3887
3893
3897
3900
3903
3905
3914
3916
3920
3922
3924
3925
3927
3930
3931
3932
3933
3936
3937
3938
3939
3940
3941
3942
3943
3944
3945
3946
3947
3948
3949
3950
3951
3952
3953
3954
3955
3957
3958
3962
3964
3965
3967
3970
3971
3972
3973
3974
3975
3979
3983
3987
3990
3991
3992
3993
3994
3996
3997
3999
4003
4004
4006
4007
4009
4010
4013
4015
4018
4022
4024
4028
4029
4030
4032
4034
4036
4037
4039
4043
4044
4046
4048
4049
4054
4062
4063
4066
4068
4070
4072
4074
4076
4081
4084
4085
4086
4087
4089
4091
4097
4099
4101
4102
4103
4105
4107
4109
4110
4112
4113
4114
4115
4118
4123
4125
4127
4128
4130
4132
4135
4137
4138
4139
4140
4141
4145
4146
4147
4149
4150
4151
4152
4153
4156
4158
4159
4160
4161
4163
4164
4165
4166
4169
4170
4173
4175
4178
4179
4182
4183
4184
4185
4186
4187
4188
4190
4192
4193
4194
4195
4198
4199
4200
4201
4202
4203
4205
4206
4207
4208
4209
4213
4214
4215
4216
4218
4220
4221
4222
4223
4224
4227
4231
4234
4237
4238
4239
4240
4243
4244
4245
4246
4250
4251
4252
4253
4257
4258
4259
4260
4261
4262
4265
4266
4267
4268
4270
4271
4272
4273
4274
4275
4276
4277
4283
4286
4288
4289
4290
4291
4294
4295
4297
4298
4299
4303
4306
4307
4308
4310
4314
4315
4317
4318
4320
4321
4322
4324
4327
4329
4330
4332
4336
4337
4339
4341
4342
4344
4349
4352
4353
4354
4355
4358
4359
4361
4362
4363
4365
4366
4367
4368
4370
4374
4375
4376
4377
4380
4381
4382
4384
4385
4386
4387
4388
4389
4390
4391
4392
4394
4397
4398
4399
4400
4402
4405
4406
4407
4408
4409
4410
4411
4412
4413
4415
4416
4417
4419
4422
4426
4427
4428
4432
4433
4434
4438
4440
4441
4444
4446
4447
4448
4449
4450
4451
4455
4456
4457
4461
4462
4463
4464
4465
4466
4468
4476
4477
4478
4482
4485
4486
4491
4492
4493
4494
4498
4499
4501
4506
4507
4509
4512
4514
4517
4520
4523
4524
4525
4529
4532
4534
4535
4536
4537
4539
4540
4543
4545
4547
4557
4558
4560
4561
4562
4563
4565
4570
4571
4574
4577
4578
4579
4580
4581
4585
4588
4590
4593
4595
4596
4598
4600
4601
4602
4605
4609
4611
4612
4613
4614
4617
4618
4619
4621
4623
4626
4627
4637
4646
4655
4660
4661
4662
4663
4666
4667
4672
4673
4674
4675
4679
4681
4683
4684
4685
4689
4691
4692
4696
4699
4701
4702
4706
4707
4712
4713
4722
4723
4724
4725
4727
4739
4740
4742
4748
4751
4752
4755
4759
4760
4761
4766
4769
4771
4779
4781
4783
4785
4787
4790
4794
4799
4802
4806
4809
4810
4814
4821
4839
4842
4845
4865
4866
4869
4871
4879
4886
4900
4903
4911
4919
4932
4933
4934
4936
4939
4940
4941
4958
4961
4977
4998
5002
5003
5006
5008
5011
5012
5018
5019
5021
5022
5026
5031
5032
5033
5035
5037
5038
5039
5040
5041
5042
5045
5047
5048
5049
5050
5051
5052
5056
5059
5060
5061
5064
5067
5069
5072
5077
5079
5082
5084
5088
5089
5090
5091
5093
5099
5101
5103
5105
5107
5111
5114
5115
5117
5120
5126
5127
5128
5129
5132
5134
5135
5136
5137
5138
5143
5144
5145
5147
5148
5149
5151
5152
5153
5154
5155
5157
5158
5160
5161
5162
5168
5172
5173
5177
5178
5180
5181
5182
5183
5184
5185
5188
5190
5191
5192
5193
5194
5195
5196
5197
5199
5203
5206
5207
5208
5209
5211
5212
5213
5214
5221
5222
5224
5225
5227
5228
5229
5230
5231
5237
5240
5241
5243
5245
5249
5253
5254
5255
5257
5258
5260
5261
5264
5265
5266
5267
5268
5269
5275
5277
5278
5279
5281
5282
5283
5284
5285
5287
5289
5291
5292
5293
5295
5298
5299
5300
5301
5304
5305
5306
5310
5311
5312
5316
5319
5320
5321
5322
5323
5324
5325
5326
5328
5329
5330
5332
5333
5339
5341
5343
5345
5350
5351
5352
5353
5355
5356
5358
5359
5360
5369
5371
5372
5374
5375
5376
5377
5378
5379
5380
5381
5383
5384
5385
5386
5387
5388
5389
5390
5391
5392
5394
5397
5398
5399
5400
5404
5405
5406
5408
5409
5411
5413
5418
5419
5420
5421
5422
5423
5425
5427
5429
5432
5433
5434
5437
5438
5439
5446
5450
5452
5454
5455
5457
5459
5460
5461
5462
5463
5465
5466
5468
5469
5470
5471
5472
5479
5480
5481
5482
5485
5487
5490
5491
5492
5493
5494
5497
5500
5501
5502
5505
5506
5508
5509
5512
5513
5519
5520
5522
5523
5526
5527
5528
5530
5532
5534
5535
5536
5537
5539
5540
5542
5543
5544
5546
5547
5549
5550
5551
5554
5561
5562
5564
5567
5568
5569
5572
5573
5577
5578
5582
5583
5586
5588
5590
5591
5595
5600
5603
5604
5606
5607
5610
5613
5616
5617
5618
5620
5621
5622
5623
5624
5625
5626
5629
5630
5631
5632
5638
5640
5641
5643
5644
5645
5646
5649
5650
5651
5653
5655
5656
5658
5659
5661
5665
5666
5669
5672
5673
5676
5677
5678
5680
5681
5682
5684
5685
5688
5689
5690
5692
5693
5694
5695
5699
5700
5701
5702
5703
5705
5708
5710
5712
5715
5716
5717
5718
5720
5724
5726
5727
5728
5730
5735
5736
5737
5738
5739
5740
5746
5748
5749
5750
5754
5756
5757
5758
5761
5762
5764
5765
5772
5776
5777
5780
5781
5784
5786
5787
5788
5791
5793
5794
5796
5797
5799
5800
5802
5803
5808
5811
5813
5814
5815
5817
5818
5819
5820
5821
5824
5826
5827
5828
5829
5832
5833
5834
5835
5838
5841
5842
5845
5846
5848
5849
5850
5851
5852
5858
5860
5861
5863
5865
5868
5870
5872
5875
5876
5879
5880
5883
5886
5888
5894
5895
5899
5900
5901
5902
5904
5906
5907
5912
5913
5915
5920
5921
5922
5925
5933
5934
5936
5938
5941
5942
5943
5944
5946
5948
5951
5954
5956
5957
5960
5961
5970
5971
5978
5980
5990
5991
5993
5995
5996
5997
5999
6000
6003
6004
6010
6011
6012
6016
6021
6022
6024
6025
6026
6031
6037
6041
6043
6044
6052
6053
6057
6058
6061
6063
6065
6067
6068
6069
6074
6076
6077
6078
6083
6084
6086
6087
6100
6108
6109
6110
6111
6118
6119
6122
6130
6132
6135
6137
6138
6141
6145
6151
6153
6155
6166
6170
6172
6177
6184
6186
6193
6202
6205
6215
6221
6225
6230
6234
6235
6236
6239
6246
6249
6259
6267
6288
6290
6302
6306
6309
6310
6322
6323
6325
6341
6344
6351
6359
6371
6379
6385
6389
6391
6392
6393
6394
6396
6398
6400
6403
6404
6405
6406
6409
6413
6416
6417
6420
6421
6422
6425
6426
6427
6428
6429
6430
6431
6432
6435
6438
6445
6446
6448
6450
6452
6453
6454
6456
6457
6458
6460
6462
6465
6467
6468
6470
6471
6472
6473
6474
6475
6480
6488
6490
6498
6499
6500
6504
6505
6506
6509
6515
6516
6517
6521
6522
6523
6524
6528
6530
6531
6535
6537
6543
6544
6545
6547
6548
6550
6551
6552
6554
6555
6556
6557
6560
6562
6564
6565
6566
6567
6568
6569
6570
6571
6572
6573
6574
6575
6576
6577
6578
6579
6580
6581
6583
6584
6585
6586
6587
6588
6589
6593
6594
6600
6602
6603
6605
6607
6609
6610
6612
6617
6619
6620
6622
6623
6626
6628
6629
6630
6632
6633
6635
6636
6639
6640
6641
6643
6644
6645
6646
6647
6648
6649
6650
6651
6652
6654
6659
6660
6661
6664
6665
6666
6667
6668
6669
6670
6671
6672
6673
6674
6678
6680
6682
6683
6687
6689
6690
6693
6696
6700
6701
6704
6708
6709
6710
6712
6713
6715
6716
6717
6721
6722
6730
6732
6734
6737
6740
6746
6750
6751
6752
6754
6755
6757
6758
6759
6761
6763
6764
6768
6769
6770
6771
6774
6775
6776
6778
6779
6780
6783
6786
6787
6788
6790
6791
6793
6794
6796
6797
6798
6799
6802
6804
6805
6809
6811
6812
6814
6815
6816
6819
6820
6822
6823
6824
6826
6829
6830
6831
6832
6835
6838
6840
6841
6842
6847
6848
6850
6851
6853
6854
6855
6856
6859
6861
6865
6867
6868
6870
6878
6879
6881
6888
6889
6891
6892
6893
6894
6898
6899
6900
6901
6902
6906
6907
6908
6911
6916
6917
6919
6921
6922
6923
6924
6925
6926
6927
6928
6930
6933
6934
6936
6937
6938
6940
6945
6946
6947
6948
6953
6954
6955
6957
6958
6960
6961
6962
6964
6968
6969
6971
6973
6974
6975
6977
6979
6980
6984
6985
6986
6987
6988
6989
6993
6995
6996
6997
6998
7001
7004
7005
7006
7009
7011
7015
7016
7018
7020
7021
7022
7023
7024
7029
7030
7031
7033
7034
7035
7038
7039
7047
7048
7050
7053
7054
7055
7056
7057
7058
7062
7065
7068
7070
7072
7073
7074
7075
7076
7079
7080
7082
7083
7085
7086
7089
7090
7096
7101
7102
7105
7107
7113
7115
7116
7123
7126
7127
7128
7130
7138
7140
7141
7142
7143
7148
7150
7152
7153
7155
7157
7159
7162
7163
7164
7165
7166
7167
7168
7174
7176
7178
7179
7180
7184
7192
7194
7201
7202
7203
7204
7205
7212
7214
7216
7217
7218
7219
7220
7223
7224
7225
7232
7236
7237
7239
7240
7241
7255
7260
7261
7263
7264
7266
7268
7269
7270
7283
7285
7291
7292
7293
7294
7298
7299
7301
7315
7318
7323
7330
7333
7335
7336
7341
7343
7344
7345
7346
7350
7361
7363
7376
7382
7383
7385
7392
7397
7398
7410
7411
7414
7420
7422
7427
7428
7429
7432
7437
7438
7440
7441
7453
7454
7455
7457
7458
7465
7466
7467
7469
7470
7471
7477
7478
7483
7484
7491
7492
7493
7499
7503
7504
7515
7516
7519
7520
7527
7528
7529
7531
7535
7541
7545
7602
7603
7609
7616
7642
7654
7678
7695
7715
7716
7720
7725
7728
7733
7736
7741
7745
7747
7750
7751
7752
7753
7754
7755
7756
7757
7758
7760
7762
7763
7764
7765
7766
7767
7768
7771
7772
7773
7774
7775
7776
7777
7778
7780
7784
7786
7787
7788
7789
7791
7792
7793
7798
7799
7802
7803
7806
7808
7809
7811
7814
7815
7816
7823
7827
7828
7836
7837
7839
7841
7842
7844
7845
7846
7849
7859
7860
7863
7866
7869
7870
7874
7875
7876
7877
7878
7879
7880
7881
7882
7884
7885
7887
7888
7891
7893
7894
7897
7899
7900
7902
7903
7905
7906
7909
7912
7914
7917
7918
7920
7923
7925
7926
7931
7932
7933
7935
7937
7938
7939
7941
7945
7946
7949
7951
7953
7955
7956
7959
7963
7964
7965
7966
7967
7968
7969
7970
7971
7972
7975
7976
7977
7978
7979
7980
7982
7983
7984
7985
7989
7990
7991
7992
7993
7995
7996
7997
7999
8004
8008
8009
8010
8011
8014
8018
8019
8020
8024
8027
8028
8029
8032
8033
8034
8035
8038
8041
8042
8043
8046
8048
8049
8050
8051
8052
8056
8057
8058
8059
8060
8061
8063
8064
8066
8067
8069
8072
8075
8076
8077
8078
8082
8085
8089
8090
8091
8093
8094
8095
8096
8097
8100
8101
8103
8104
8106
8107
8110
8113
8119
8122
8123
8124
8125
8128
8129
8130
8131
8132
8133
8136
8137
8139
8141
8143
8144
8146
8147
8148
8149
8151
8152
8153
8154
8156
8158
8159
8160
8162
8164
8165
8166
8167
8168
8169
8171
8173
8174
8175
8176
8177
8179
8180
8181
8183
8184
8187
8190
8192
8193
8194
8195
8197
8201
8202
8205
8206
8211
8213
8217
8220
8223
8226
8228
8230
8233
8234
8237
8238
8240
8241
8242
8243
8247
8250
8251
8258
8263
8269
8270
8271
8272
8273
8275
8276
8278
8279
8280
8281
8282
8284
8285
8287
8288
8290
8297
8300
8306
8310
8313
8314
8318
8319
8320
8324
8329
8330
8334
8336
8339
8341
8345
8348
8352
8353
8354
8356
8367
8371
8375
8382
8383
8385
8387
8388
8389
8392
8394
8397
8398
8403
8405
8406
8407
8408
8409
8411
8416
8417
8418
8419
8421
8422
8423
8424
8425
8428
8430
8432
8433
8435
8437
8439
8440
8441
8442
8443
8445
8448
8451
8455
8461
8474
8475
8476
8477
8480
8485
8488
8491
8492
8495
8499
8501
8505
8507
8508
8509
8510
8511
8512
8516
8517
8522
8526
8527
8531
8532
8533
8535
8538
8543
8545
8546
8549
8551
8554
8555
8559
8560
8564
8573
8580
8589
8596
8597
8603
8607
8614
8616
8619
8625
8629
8630
8638
8650
8651
8655
8657
8658
8659
8661
8666
8668
8673
8676
8677
8680
8681
8683
8687
8696
8697
8698
8700
8709
8711
8713
8717
8752
8754
8755
8760
8761
8767
8768
8775
8778
8798
8802
8804
8805
8809
8815
8817
8818
8819
8832
8857
8858
8861
8864
8866
8901
8902
8920
8923
8941
8953
8966
8968
8979
8992
8993
8994
8995
8996
8997
8998
8999
9000
9001
9006
9011
9012
9013
9014
9016
9017
9018
9020
9021
9022
9028
9033
9036
9050
9051
9061
9067
9068
9069
9075
9076
9077
9081
9084
9090
9100
9101
9104
9108
9109
9114
9115
9116
9131
9133
9135
9143
9144
9151
9153
9158
9161
9168
9173
9175
9176
9177
9194
9199
9200
9205
9209
9210
9222
9225
9247
9279
9287
9289
9291
9292
9296
9300
9302
9317
9324
9325
9327
9334
9337
9338
9339
9343
9345
9348
9351
9352
9353
9354
9355
9356
9358
9362
9364
9366
9368
9370
9371
9372
9374
9376
9377
9388
9391
9394
9407
9408
9411
9420
9421
9422
9430
9433
9434
9438
9443
9445
9448
9450
9453
9459
9461
9463
9466
9467
9472
9475
9476
9480
9483
9486
9499
9501
9505
9506
9512
9514
9521
9522
9523
9525
9528
9529
9535
9537
9541
9543
9544
9546
9549
9550
9551
9557
9575
9578
9581
9586
9595
9599
9610
9626
9636
9649
9650
9653
9663
9669
9673
9674
9676
9679
9681
9684
9685
9693
9695
9696
9697
9703
9707
9709
9712
9714
9716
9720
9721
9722
9724
9729
9731
9732
9733
9734
9735
9737
9738
9739
9742
9743
9746
9747
9751
9752
9761
9763
9764
9780
9781
9782
9783
9785
9814
9869
10181
10211
10313
10358
10392
10401
10543
10554
10634
10787
11049
11142
11168
11341
11458
11737
11885
11947
12026
12072
12107
12258
12273
12276
12373
12390
12551
12711
12719
12722
12723
12738
12741
12742
12747
12758
12813
12820
12866
12870
12871
12873
12878
12881
13089
13125
13126
13127
13128
13131
13132
13133
13134
13135
13137
13138
13143
13146
13149
13153
13155
13156
13161
13164
13166
13168
13171
13172
13176
13177
13178
13180
13182
13183
13188
13190
13192
13193
13194
13195
13196
13199
13200
13202
13203
13211
13212
13215
13216
13217
13218
13219
13221
13222
13223
13224
13225
13228
13230
13235
13237
13238
13240
13241
13244
13246
13247
13250
13252
13254
13255
13257
13260
13264
13265
13266
13268
13269
13270
13271
13274
13276
13277
13278
13281
13283
13284
13286
13289
13291
13293
13294
13296
13297
13298
13299
13301
13302
13303
13304
13311
13313
13314
13315
13316
13318
13319
13321
13322
13323
13327
13328
13329
13330
13331
13334
13341
13347
13348
13349
13351
13352
13353
13354
13356
13360
13361
13368
13369
13370
13375
13376
13377
13378
13379
13380
13384
13385
13389
13390
13391
13392
13393
13394
13395
13397
13400
13403
13406
13407
13408
13409
13411
13413
13415
13416
13417
13419
13420
13422
13423
13424
13425
13427
13428
13429
13430
13431
13435
13436
13437
13438
13439
13440
13441
13442
13443
13445
13446
13447
13449
13452
13456
13457
13458
13459
13461
13462
13465
13468
13469
13472
13473
13474
13475
13476
13478
13481
13483
13484
13486
13488
13489
13490
13495
13497
13500
13501
13508
13510
13513
13514
13515
13516
13517
13518
13519
13520
13521
13524
13525
13526
13533
13534
13535
13536
13539
13542
13543
13544
13546
13547
13550
13551
13555
13556
13557
13558
13560
13561
13562
13564
13566
13567
13568
13571
13575
13580
13581
13584
13585
13586
13587
13588
13592
13594
13600
13601
13602
13605
13616
13617
13618
13619
13620
13621
13624
13628
13631
13632
13633
13636
13639
13649
13652
13654
13656
13657
13659
13662
13665
13673
13682
13685
13686
13688
13690
13693
13694
13695
13698
13699
13701
13706
13707
13708
13710
13712
13713
13715
13717
13720
13725
13727
13728
13729
13736
13744
13749
13751
13756
13758
13759
13761
13764
13765
13766
13771
13776
13782
13786
13791
13798
13799
13800
13801
13803
13804
13809
13822
13823
13827
13830
13835
13842
13844
13849
13853
13855
13857
13862
13863
13890
13893
13896
13900
13901
13907
13923
13926
13936
13939
13941
13942
13944
13960
13964
13970
13975
13982
13986
13988
13989
13995
14002
14004
14005
14006
14010
14011
14012
14015
14018
14019
14020
14023
14026
14028
14032
14033
14035
14036
14037
14040
14041
14044
14046
14047
14048
14049
14050
14051
14052
14055
14056
14059
14060
14061
14063
14065
14067
14069
14071
14072
14075
14082
14083
14084
14085
14086
14087
14089
14090
14093
14094
14095
14096
14097
14099
14100
14101
14102
14103
14104
14106
14107
14108
14112
14113
14114
14116
14117
14119
14120
14123
14127
14128
14129
14130
14131
14134
14135
14140
14142
14143
14144
14145
14148
14150
14151
14153
14158
14159
14160
14161
14163
14164
14172
14176
14177
14180
14181
14182
14183
14188
14190
14191
14193
14197
14198
14199
14202
14204
14206
14207
14212
14214
14215
14216
14219
14220
14221
14222
14225
14226
14227
14228
14230
14231
14235
14236
14238
14239
14240
14241
14242
14244
14246
14251
14253
14256
14257
14259
14268
14275
14280
14281
14282
14284
14285
14287
14289
14292
14297
14298
14299
14301
14303
14306
14307
14310
14311
14314
14339
14340
14341
14343
14344
14348
14349
14350
14352
14353
14355
14359
14362
14364
14365
14366
14367
14368
14369
14371
14373
14374
14375
14376
14377
14378
14379
14380
14381
14382
14383
14384
14386
14387
14388
14391
14392
14393
14397
14398
14400
14402
14405
14406
14408
14409
14410
14412
14413
14415
14417
14419
14420
14423
14424
14426
14427
14428
14429
14431
14432
14433
14435
14436
14439
14440
14441
14442
14443
14444
14445
14447
14450
14451
14452
14454
14456
14459
14460
14461
14464
14465
14468
14469
14471
14472
14473
14476
14477
14478
14479
14481
14482
14484
14489
14490
14492
14493
14494
14495
14496
14498
14501
14502
14506
14507
14508
14511
14512
14514
14515
14516
14518
14519
14522
14527
14529
14530
14531
14533
14535
14540
14541
14542
14548
14549
14551
14558
14559
14560
14561
14564
14565
14566
14567
14569
14570
14572
14573
14575
14577
14579
14582
14583
14587
14588
14589
14591
14592
14593
14594
14595
14598
14599
14600
14607
14608
14609
14610
14615
14616
14617
14618
14621
14622
14623
14625
14627
14628
14631
14632
14633
14639
14640
14642
14643
14645
14646
14647
14648
14649
14650
14653
14661
14662
14663
14665
14669
14670
14672
14673
14674
14675
14676
14677
14679
14688
14695
14696
14715
14716
14718
14721
14722
14725
14734
14735
14737
14742
14747
14749
14750
14755
14762
14794
14811
14812
14815
14822
14823
14824
14825
14826
14828
14834
14835
14844
14845
14849
14851
14852
14858
14859
14861
14869
14886
14896
14899
14902
14903
14908
14911
14917
14920
14929
14934
14940
14943
14947
14953
14954
14955
14961
14962
14964
14970
14976
14988
14993
14998
15005
15012
15015
15023
15034
15049
15050
15056
15068
15069
15072
15073
15082
15083
15085
15086
15089
15092
15093
15094
15095
15096
15097
15098
15099
15101
15102
15103
15104
15107
15108
15111
15123
15130
15133
15136
15138
15141
15143
15145
15147
15149
15154
15157
15158
15159
15163
15164
15166
15174
15175
15177
15178
15179
15182
15184
15187
15191
15192
15194
15195
15197
15198
15201
15202
15207
15211
15212
15213
15216
15221
15222
15224
15225
15227
15228
15229
15230
15231
15233
15234
15235
15236
15238
15240
15244
15248
15249
15254
15256
15259
15266
15267
15270
15272
15276
15277
15278
15285
15286
15287
15288
15291
15292
15295
15298
15299
15301
15304
15305
15307
15308
15309
15313
15314
15315
15319
15320
15324
15325
15326
15327
15329
15332
15334
15336
15339
15340
15343
15347
15348
15350
15353
15354
15357
15360
15361
15362
15363
15364
15365
15373
15375
15377
15378
15380
15381
15383
15389
15392
15399
15402
15403
15404
15405
15408
15409
15412
15416
15418
15419
15422
15423
15425
15426
15428
15429
15432
15433
15434
15435
15441
15442
15445
15446
15447
15449
15451
15453
15454
15455
15457
15458
15462
15463
15464
15465
15467
15469
15471
15472
15474
15483
15484
15487
15488
15489
15491
15492
15495
15497
15498
15501
15503
15505
15506
15508
15510
15514
15515
15518
15520
15522
15523
15524
15526
15527
15535
15536
15540
15542
15543
15545
15546
15547
15548
15551
15552
15553
15554
15555
15557
15558
15561
15563
15564
15565
15566
15569
15570
15572
15574
15575
15577
15580
15581
15582
15583
15599
15600
15603
15604
15605
15606
15607
15608
15609
15610
15614
15615
15616
15617
15618
15619
15624
15625
15628
15630
15631
15633
15636
15640
15641
15642
15643
15644
15646
15648
15649
15650
15651
15652
15653
15658
15659
15660
15661
15662
15668
15669
15670
15671
15673
15677
15679
15681
15684
15685
15686
15687
15688
15689
15690
15693
15694
15695
15699
15703
15705
15706
15716
15722
15725
15727
15728
15730
15731
15732
15734
15736
15737
15739
15741
15742
15744
15748
15749
15751
15758
15759
15762
15763
15764
15765
15766
15767
15771
15775
15777
15778
15787
15788
15790
15794
15795
15797
15801
15802
15808
15822
15824
15829
15833
15835
15840
15841
15844
15851
15852
15861
15868
15871
15877
15879
15882
15887
15891
15908
15926
15947
15952
15953
15954
15957
15959
15962
15975
15979
15983
15985
15986
15998
15999
16005
16009
16010
16033
16045
16046
16072
16073
16078
16094
16097
16098
16101
16102
16105
16112
16116
16117
16118
16121
16122
16123
16124
16130
16132
16133
16135
16136
16138
16145
16146
16148
16159
16160
16161
16162
16168
16169
16170
16171
16177
16178
16181
16185
16186
16187
16191
16193
16196
16197
16203
16205
16210
16212
16213
16217
16218
16220
16221
16222
16223
16225
16226
16230
16234
16237
16238
16239
16240
16242
16243
16245
16248
16249
16255
16258
16263
16266
16278
16280
16281
16282
16284
16287
16288
16289
16292
16293
16296
16301
16302
16303
16304
16305
16310
16315
16316
16317
16318
16319
16325
16327
16330
16331
16332
16333
16335
16336
16337
16344
16346
16350
16352
16353
16354
16356
16357
16358
16363
16364
16365
16369
16373
16376
16377
16381
16388
16396
16401
16403
16404
16405
16406
16407
16408
16409
16412
16413
16415
16416
16420
16421
16423
16425
16426
16431
16433
16434
16443
16444
16449
16450
16453
16454
16458
16461
16463
16464
16465
16466
16474
16476
16477
16478
16479
16480
16481
16482
16483
16484
16486
16488
16489
16491
16492
16494
16495
16497
16498
16499
16500
16501
16502
16504
16505
16506
16509
16510
16511
16513
16514
16515
16516
16517
16519
16520
16521
16522
16523
16526
16528
16532
16533
16536
16537
16540
16546
16547
16549
16550
16553
16554
16556
16557
16558
16560
16561
16563
16564
16566
16567
16571
16574
16575
16576
16577
16581
16589
16591
16593
16595
16596
16599
16600
16604
16605
16607
16609
16610
16612
16614
16615
16618
16619
16621
16622
16625
16627
16629
16632
16633
16634
16635
16636
16647
16648
16653
16654
16655
16656
16658
16659
16662
16663
16664
16669
16670
16671
16672
16674
16675
16676
16679
16681
16682
16683
16688
16691
16692
16698
16701
16704
16707
16711
16712
16748
16750
16753
16754
16755
16762
16767
16769
16770
16780
16785
16798
16832
16842
16848
16854
16861
16864
16865
16868
16869
16876
16885
16886
16889
16891
16901
16909
16910
16922
16930
16941
16944
16945
16950
16958
16960
16961
16964
16975
16979
16980
16990
17011
17016
17017
17018
17031
17035
17036
17040
17041
17045
17053
17063
17066
17068
17071
17073
17074
17077
17079
17109
17110
17111
17112
17116
17120
17127
17132
17134
17135
17138
17146
17147
17149
17154
17156
17158
17161
17167
17168
17170
17171
17184
17202
17205
17206
17207
17209
17212
17213
17214
17215
17218
17231
17236
17240
17243
17244
17245
17251
17257
17268
17269
17273
17275
17280
17286
17288
17292
17297
17299
17300
17304
17305
17307
17310
17313
17318
17322
17332
17341
17343
17347
17349
17351
17352
17358
17359
17384
17405
17416
17417
17418
17419
17420
17421
17422
17423
17424
17425
17426
17427
17447
17456
17483
17484
17491
17492
17493
17529
17530
17545
17546
17558
17560
17564
17568
17569
17570
17578
17596
17602
17603
17616
17621
17623
17624
17625
17627
17631
17633
17637
17639
17640
17641
17650
17657
17658
17669
17673
17674
17687
17702
17714
17718
17756
17772
17789
17792
17796
17798
17805
17806
17808
17814
17820
17832
17833
17834
17835
17843
17845
17847
17851
17852
17862
17870
17872
17873
17877
17879
17885
17888
17889
17892
17898
17899
17901
17908
17915
17917
17922
17925
17927
17930
17937
17952
17977
17979
17981
17995
17996
18006
18007
18008
18013
18019
18020
18023
18024
18025
18029
18030
18057
18083
18085
18086
18088
18089
18092
18093
18097
18098
18101
18103
18105
18107
18109
18111
18114
18119
18120
18124
18126
18128
18131
18132
18133
18134
18135
18136
18137
18140
18141
18146
18151
18153
18155
18157
18159
18160
18162
18163
18164
18167
18168
18170
18175
18180
18181
18182
18183
18186
18187
18189
18193
18194
18195
18196
18197
18198
18199
18200
18201
18202
18203
18204
18205
18206
18207
18208
18209
18210
18211
18212
18213
18214
18215
18216
18217
18218
18219
18220
18221
18222
18223
18224
18225
18226
18227
18228
18229
18230
18231
18232
18233
18234
18235
18236
18237
18238
18239
18240
18241
18242
18243
18244
18245
18246
18247
18248
18249
18250
18251
18252
18253
18254
18255
18256
18257
18258
18259
18260
18261
18262
18263
18264
18265
18266
18267
18268
18269
18270
18271
18272
18273
18274
18275
18276
18277
18278
18279
18280
18281
18282
18283
18284
18285
18286
18287
18288
18289
18290
18291
18293
18294
18296
18297
18298
18299
18300
18301
18302
18303
18304
18305
18306
18307
18308
18309
18310
18311
18312
18313
18314
18315
18316
18317
18318
18319
18320
18321
18322
18324
18325
18326
18327
18328
18329
18330
18331
18332
18335
18339
18340
18341
18342
18345
18348
18349
18350
18351
18352
18353
18354
18355
18356
18357
18358
18359
18360
18361
18362
18363
18364
18365
18366
18367
18368
18369
18370
18371
18372
18373
18374
18375
18376
18377
18378
18379
18380
18381
18382
18383
18384
18385
18386
18387
18388
18389
18390
18391
18392
18393
18394
18395
18396
18398
18399
18400
18401
18403
18404
18405
18406
18407
18408
18409
18411
18413
18414
18415
18416
18417
18418
18420
18424
18425
18426
18427
18428
18429
18431
18432
18433
18435
18437
18439
18440
18444
18445
18446
18447
18451
18452
18458
18459
18460
18466
18467
18468
18472
18474
18475
18476
18477
18478
18479
18480
18482
18484
18485
18486
18488
18489
18492
18493
18494
18496
18497
18499
18502
18503
18505
18506
18507
18510
18511
18513
18514
18519
18520
18521
18523
18527
18528
18529
18536
18538
18541
18544
18548
18552
18553
18554
18555
18560
18564
18565
18566
18567
18568
18569
18570
18572
18575
18576
18578
18579
18580
18581
18582
18585
18586
18587
18595
18596
18597
18598
18599
18601
18603
18607
18608
18609
18613
18614
18615
18616
18620
18621
18622
18624
18625
18626
18627
18628
18632
18633
18635
18636
18638
18641
18642
18644
18645
18649
18651
18652
18653
18656
18657
18660
18661
18662
18663
18666
18667
18668
18669
18670
18673
18674
18676
18680
18683
18684
18687
18688
18689
18690
18691
18692
18693
18697
18700
18706
18709
18712
18713
18717
18719
18721
18722
18726
18727
18728
18731
18732
18734
18735
18737
18741
18742
18743
18750
18751
18752
18754
18755
18756
18757
18760
18761
18764
18765
18767
18777
18778
18779
18781
18782
18787
18788
18790
18792
18797
18798
18799
18802
18803
18805
18810
18811
18813
18814
18817
18818
18822
18826
18827
18829
18830
18832
18833
18839
18846
18850
18851
18854
18855
18856
18858
18860
18863
18872
18873
18875
18876
18878
18880
18882
18885
18889
18890
18898
18902
18903
18909
18914
18915
18919
18920
18921
18925
18926
18928
18929
18936
18937
18943
18948
18951
18954
18955
18957
18959
18960
18964
18965
18979
18988
18989
18991
18992
19000
19003
19004
19005
19007
19020
19021
19024
19025
19026
19047
19048
19049
19050
19052
19056
19060
19061
19062
19067
19070
19085
19096
19097
19105
19111
19112
19114
19117
19118
19121
19122
19125
19127
19134
19137
19139
19163
19177
19178
19186
19197
19200
19206
19211
19223
19233
19245
19247
19269
19271
19273
19274
19276
19280
19281
19282
19283
19285
19294
19296
19297
19298
19299
19302
19304
19305
19309
19313
19316
19329
19330
19331
19332
19333
19334
19335
19338
19340
19342
19344
19346
19347
19353
19354
19358
19361
19362
19379
19380
19382
19383
19387
19391
19398
19399
19401
19404
19405
19406
19408
19410
19413
19414
19415
19416
19417
19418
19421
19422
19425
19426
19428
19429
19430
19434
19435
19436
19437
19438
19439
19440
19442
19444
19445
19447
19448
19449
19450
19452
19453
19454
19458
19459
19460
19461
19462
19463
19464
19466
19469
19470
19479
19481
19482
19485
19488
19489
19495
19496
19497
19499
19500
19501
19503
19504
19505
19506
19507
19512
19514
19518
19520
19523
19524
19529
19530
19532
19533
19534
19537
19538
19539
19540
19541
19544
19545
19547
19548
19549
19550
19553
19554
19555
19556
19557
19558
19561
19563
19564
19566
19567
19570
19572
19573
19574
19579
19580
19581
19582
19583
19584
19585
19587
19588
19589
19590
19592
19593
19594
19597
19604
19612
19613
19617
19619
19622
19623
19624
19626
19629
19630
19632
19634
19638
19646
19655
19657
19658
19659
19660
19663
19667
19668
19670
19671
19676
19677
19679
19681
19682
19683
19685
19686
19688
19689
19690
19691
19692
19693
19694
19695
19696
19703
19711
19716
19718
19723
19724
19725
19732
19735
19737
19740
19746
19749
19750
19759
19764
19765
19771
19772
19777
19778
19779
19780
19781
19784
19786
19787
19788
19792
19793
19794
19799
19800
19801
19804
19805
19806
19807
19808
19809
19810
19812
19813
19818
19819
19820
19824
19825
19826
19829
19830
19837
19839
19840
19842
19845
19849
19850
19852
19854
19858
19861
19863
19865
19869
19870
19872
19876
19879
19881
19883
19884
19888
19889
19891
19892
19894
19896
19898
19899
19902
19903
19908
19911
19914
19925
19929
19931
19934
19936
19938
19939
19941
19942
19943
19944
19945
19946
19947
19948
19949
19955
19961
19963
19975
19988
19989
19991
19993
20002
20007
20012
20015
20020
20022
20025
20026
20027
20030
20033
20041
20050
20064
20066
20067
20070
20071
20074
20082
20083
20089
20095
20097
20102
20105
20106
20133
20147
20154
20155
20159
20163
20168
20185
20194
20195
20196
20209
20217
20222
20223
20224
20227
20229
20256
20260
20263
20264
20267
20274
20277
20278
20279
20280
20282
20283
20284
20287
20288
20289
20290
20292
20296
20298
20301
20303
20304
20305
20308
20310
20315
20318
20319
20320
20321
20322
20323
20330
20332
20334
20336
20337
20339
20341
20343
20344
20345
20346
20348
20350
20351
20352
20353
20355
20358
20362
20364
20366
20370
20372
20377
20381
20384
20385
20386
20388
20390
20391
20392
20394
20395
20397
20398
20402
20404
20411
20412
20413
20414
20420
20421
20422
20423
20425
20426
20427
20428
20433
20434
20478
20479
20480
20481
20482
20483
20488
20489
20490
20491
20493
20494
20497
20498
20499
20500
20501
20504
20505
20510
20511
20512
20514
20515
20516
20520
20521
20524
20529
20530
20534
20535
20536
20539
20542
20545
20547
20548
20550
20551
20552
20554
20555
20556
20558
20561
20565
20568
20570
20571
20572
20578
20580
20582
20583
20585
20586
20587
20588
20591
20592
20593
20595
20596
20598
20599
20600
20602
20603
20604
20606
20607
20608
20610
20613
20614
20619
20621
20623
20628
20630
20631
20633
20637
20640
20643
20646
20647
20650
20652
20656
20657
20658
20659
20663
20667
20668
20671
20672
20675
20681
20689
20690
20699
20703
20704
20707
20708
20709
20712
20717
20718
20719
20723
20724
20726
20731
20732
20733
20736
20737
20742
20744
20745
20751
20752
20755
20758
20762
20764
20767
20768
20769
20772
20774
20775
20776
20781
20782
20783
20786
20787
20790
20793
20794
20798
20805
20806
20811
20817
20818
20819
20823
20828
20831
20835
20837
20838
20839
20842
20847
20849
20852
20853
20857
20859
20860
20864
20865
20868
20869
20870
20871
20875
20881
20885
20888
20891
20894
20895
20902
20905
20911
20918
20921
20926
20929
20931
20936
20941
20950
20954
20964
20976
20979
20980
20983
20988
20998
21001
21003
21009
21018
21031
21036
21045
21053
21054
21055
21065
21075
21086
21089
21095
21105
21106
21115
21117
21121
21127
21133
21146
21152
21153
21158
21161
21163
21165
21167
21168
21175
21176
21177
21178
21181
21182
21187
21188
21194
21196
21199
21200
21201
21204
21205
21206
21211
21213
21216
21218
21220
21221
21223
21224
21225
21227
21233
21234
21236
21238
21239
21242
21243
21247
21248
21249
21251
21254
21257
21258
21261
21262
21263
21270
21271
21272
21274
21275
21277
21280
21283
21284
21285
21286
21290
21293
21310
21315
21316
21317
21318
21322
21323
21324
21325
21326
21328
21337
21340
21343
21344
21345
21350
21355
21356
21360
21366
21367
21374
21375
21376
21378
21379
21381
21383
21384
21387
21388
21389
21390
21392
21395
21398
21399
21403
21404
21405
21406
21407
21408
21410
21413
21414
21416
21417
21421
21423
21429
21430
21431
21432
21436
21439
21442
21443
21445
21446
21447
21452
21453
21456
21462
21463
21465
21467
21482
21485
21487
21488
21489
21494
21495
21497
21501
21504
21510
21511
21513
21514
21516
21519
21522
21527
21534
21535
21539
21541
21542
21545
21546
21553
21555
21557
21559
21561
21562
21563
21566
21572
21574
21577
21578
21584
21585
21586
21587
21590
21597
21599
21601
21602
21606
21608
21611
21613
21614
21617
21620
21621
21624
21627
21628
21629
21630
21633
21639
21642
21644
21645
21647
21657
21659
21662
21663
21669
21671
21672
21681
21682
21687
21692
21695
21696
21700
21705
21706
21710
21715
21720
21721
21724
21726
21727
21730
21731
21733
21736
21740
21745
21747
21759
21763
21773
21776
21777
21793
21803
21816
21819
21822
21831
21835
21841
21847
21849
21859
21860
21861
21882
21883
21894
21898
21899
21902
21908
21914
21925
21926
21931
21937
21957
21963
21974
21975
21982
21987
21990
21991
21993
21998
21999
22005
22006
22008
22013
22016
22017
22020
22022
22025
22038
22039
22040
22042
22045
22046
22050
22051
22055
22056
22058
22059
22065
22070
22071
22074
22075
22076
22081
22083
22085
22086
22088
22091
22092
22095
22096
22098
22101
22109
22112
22118
22119
22120
22121
22123
22128
22130
22131
22137
22138
22140
22141
22142
22143
22145
22150
22151
22152
22155
22156
22161
22162
22165
22166
22167
22170
22173
22174
22175
22177
22181
22182
22190
22192
22194
22195
22197
22198
22199
22203
22207
22211
22214
22215
22221
22224
22225
22226
22230
22234
22236
22238
22239
22245
22246
22247
22248
22252
22254
22255
22260
22261
22264
22265
22266
22267
22270
22271
22272
22273
22274
22280
22281
22283
22284
22286
22289
22292
22294
22297
22301
22305
22306
22307
22310
22311
22312
22317
22320
22321
22324
22325
22326
22328
22330
22331
22332
22333
22334
22340
22342
22344
22345
22346
22347
22350
22351
22352
22353
22356
22358
22360
22362
22365
22369
22370
22371
22372
22373
22375
22377
22378
22382
22384
22385
22388
22390
22392
22394
22395
22398
22400
22401
22407
22408
22410
22413
22415
22416
22417
22418
22421
22422
22423
22424
22426
22427
22428
22430
22431
22433
22434
22437
22443
22444
22447
22448
22454
22460
22463
22464
22469
22483
22486
22487
22492
22493
22494
22498
22499
22501
22502
22504
22506
22516
22517
22521
22524
22528
22530
22536
22537
22544
22545
22546
22548
22551
22552
22555
22561
22569
22597
22609
22635
22636
22639
22646
22647
22654
22657
22669
22670
22677
22679
22692
22704
22705
22758
22769
22774
22781
22783
22790
22792
22799
22801
22806
22809
22827
22828
22830
22831
22835
22836
22843
22852
22858
22866
22872
22878
22885
22894
22895
22899
22920
22931
22932
22946
22990
22992
23000
23001
23019
23021
23023
23025
23030
23031
23037
23042
23044
23045
23048
23049
23057
23061
23063
23069
23070
23071
23076
23077
23079
23080
23081
23090
23091
23094
23095
23096
23103
23107
23114
23117
23118
23124
23130
23131
23139
23149
23150
23154
23161
23163
23194
23198
23204
23209
23223
23228
23241
23261
23262
23275
23279
23280
23286
23287
23288
23292
23293
23294
23298
23299
23303
23306
23308
23314
23320
23321
23326
23328
23329
23330
23332
23333
23335
23341
23343
23344
23345
23346
23349
23355
23356
23357
23361
23362
23364
23374
23376
23382
23384
23389
23390
23393
23394
23399
23400
23409
23412
23413
23415
23416
23417
23423
23429
23431
23434
23435
23436
23438
23439
23442
23444
23445
23448
23453
23457
23459
23460
23463
23466
23467
23468
23470
23472
23473
23474
23477
23479
23483
23486
23488
23493
23494
23497
23499
23500
23501
23506
23509
23510
23512
23514
23518
23519
23531
23533
23534
23536
23539
23542
23545
23547
23548
23552
23553
23554
23555
23557
23559
23561
23563
23564
23565
23566
23568
23572
23582
23586
23587
23589
23595
23596
23601
23603
23607
23608
23610
23611
23614
23615
23617
23618
23622
23625
23626
23628
23635
23638
23641
23642
23646
23647
23651
23654
23656
23657
23661
23663
23666
23669
23670
23675
23685
23687
23689
23690
23691
23692
23694
23696
23702
23705
23710
23716
23717
23719
23720
23722
23723
23726
23727
23729
23731
23732
23733
23735
23736
23745
23746
23747
23761
23763
23764
23765
23766
23769
23770
23771
23773
23774
23775
23776
23779
23781
23782
23783
23785
23790
23791
23792
23795
23800
23801
23802
23805
23808
23809
23811
23812
23827
23831
23832
23836
23837
23840
23842
23843
23846
23847
23849
23850
23851
23852
23853
23855
23858
23860
23863
23866
23869
23870
23871
23872
23873
23874
23875
23876
23877
23878
23879
23880
23881
23882
23883
23884
23885
23886
23887
23888
23889
23890
23892
23893
23894
23895
23896
23897
23898
23899
23900
23901
23904
23905
23906
23908
23909
23910
23911
23912
23913
23914
23915
23916
23917
23918
23919
23920
23921
23922
23923
23924
23925
23926
23927
23928
23929
23930
23931
23932
23933
23934
23935
23937
23938
23939
23940
23941
23942
23943
23944
23945
23946
23947
23948
23949
23950
23951
23952
23953
23954
23956
23957
23958
23959
23960
23961
23962
23963
23965
23966
23967
23968
23969
23970
23971
23972
23973
23974
23975
23976
23977
23978
23979
23980
23981
23982
23983
23984
23985
23986
23987
23988
23989
23990
23991
23992
23993
23994
23995
23996
23997
23998
23999
24000
24001
24002
24003
24004
24005
24006
24007
24008
24009
24010
24011
24012
24013
24014
24015
24016
24017
24018
24019
24020
24021
24022
24023
24024
24025
24026
24027
24029
24030
24031
24032
24033
24034
24035
24036
24037
24038
24039
24040
24041
24042
24043
24044
24045
24046
24047
24048
24049
24050
24051
24052
24053
24054
24055
24056
24057
24058
24059
24060
24061
24062
24063
24064
24065
24066
24067
24068
24069
24070
24071
24072
24073
24074
24075
24076
24077
24078
24079
24080
24081
24082
24083
24084
24085
24086
24087
24088
24089
24090
24091
24092
24093
24094
24095
24096
24097
24098
24099
24100
24101
24104
24105
24106
24107
24108
24109
24110
24111
24112
24113
24114
24115
24116
24117
24118
24119
24121
24122
24123
24124
24125
24126
24127
24129
24130
24131
24132
24133
24134
24135
24136
24137
24138
24139
24140
24141
24142
24143
24144
24145
24146
24147
24149
24150
24151
24152
24153
24154
24155
24156
24157
24158
24159
24160
24161
24162
24163
24164
24165
24166
24167
24168
24169
24170
24171
24173
24174
24175
24176
24177
24178
24179
24180
24181
24182
24183
24184
24185
24186
24187
24188
24189
24190
24191
24192
24193
24194
24195
24196
24197
24198
24199
24200
24201
24202
24203
24204
24205
24206
24207
24208
24210
24211
24212
24213
24214
24215
24216
24217
24218
24219
24220
24221
24222
24223
24224
24225
24227
24229
24230
24234
24235
24243
24254
24257
24266
24278
24279
24280
24298
24299
24301
24318
24320
24330
24331
24332
24333
24340
24350
24352
24357
24364
24367
24381
24424
24456
24457
24458
24470
24483
24492
24499
24502
24503
24505
24513
24520
24523
24525
24530
24532
24536
24538
24543
24550
24553
24554
24557
24558
24564
24566
24567
24571
24572
24575
24577
24582
24584
24587
24592
24595
24597
24599
24604
24605
24606
24607
24608
24610
24611
24612
24614
24615
24618
24619
24620
24621
24624
24626
24627
24628
24633
24634
24636
24638
24640
24641
24645
24648
24651
24654
24656
24657
24658
24660
24661
24664
24667
24668
24670
24672
24674
24676
24678
24679
24681
24682
24683
24687
24688
24689
24690
24693
24695
24696
24699
24706
24711
24715
24717
24720
24721
24724
24725
24726
24728
24730
24731
24732
24733
24735
24736
24738
24739
24740
24741
24745
24749
24750
24751
24752
24753
24755
24758
24762
24763
24764
24765
24766
24767
24768
24770
24771
24773
24775
24778
24779
24781
24782
24783
24786
24793
24794
24795
24797
24800
24803
24806
24807
24814
24816
24817
24818
24824
24826
24827
24828
24829
24830
24831
24832
24833
24834
24835
24839
24842
24843
24846
24847
24867
24870
24877
24878
24879
24881
24887
24888
24892
24898
24908
24909
24910
24914
24916
24925
24926
24929
24946
24954
24955
24957
24959
24963
24964
24981
24982
24988
24991
24997
24999
25001
25006
25007
25014
25021
25025
25028
25029
25030
25033
25035
25038
25039
25040
25042
25047
25054
25059
25060
25061
25062
25065
25066
25068
25100
25112
25113
25117
25123
25130
25142
25157
25160
25161
25163
25171
25221
25225
25235
25241
25247
25251
25263
25264
25265
25266
25267
25270
25271
25274
25278
25285
25294
25297
25298
25299
25301
25320
25324
25329
25330
25331
25334
25337
25338
25339
25340
25342
25348
25352
25362
25365
25366
25370
25373
25374
25376
25377
25378
25379
25380
25385
25386
25387
25389
25390
25391
25394
25396
25399
25405
25408
25409
25414
25417
25418
25419
25422
25423
25424
25431
25438
25439
25440
25444
25447
25450
25459
25461
25463
25468
25469
25471
25472
25474
25476
25479
25481
25483
25487
25488
25489
25491
25492
25493
25494
25498
25500
25501
25503
25505
25511
25512
25513
25515
25518
25519
25520
25521
25523
25524
25526
25528
25529
25530
25532
25540
25541
25542
25543
25545
25547
25552
25553
25555
25557
25561
25562
25563
25564
25566
25567
25569
25572
25577
25583
25585
25588
25589
25590
25591
25592
25595
25598
25607
25614
25617
25618
25619
25623
25626
25628
25632
25638
25639
25641
25642
25644
25646
25649
25650
25654
25655
25656
25658
25660
25662
25663
25665
25677
25678
25679
25686
25689
25699
25702
25720
25723
25726
25732
25740
25743
25749
25751
25754
25756
25757
25758
25779
25788
25792
25794
25795
25799
25800
25805
25806
25809
25813
25816
25818
25830
25831
25839
25844
25849
25855
25861
25862
25870
25872
25873
25900
25939
25943
25980
25987
25997
26002
26009
26014
26018
26019
26022
26023
26024
26025
26028
26029
26032
26033
26036
26042
26044
26045
26046
26047
26048
26049
26051
26052
26054
26060
26061
26062
26063
26065
26069
26071
26072
26074
26075
26076
26078
26081
26083
26084
26085
26087
26088
26090
26091
26093
26094
26095
26100
26101
26107
26112
26113
26116
26117
26118
26120
26121
26123
26126
26129
26130
26134
26135
26138
26139
26142
26143
26146
26151
26152
26153
26154
26156
26160
26162
26169
26171
26172
26176
26180
26183
26184
26185
26186
26187
26188
26191
26192
26206
26209
26210
26211
26217
26218
26219
26222
26223
26224
26229
26231
26232
26234
26237
26239
26240
26241
26242
26243
26244
26246
26247
26249
26250
26251
26252
26253
26256
26257
26258
26259
26261
26262
26268
26272
26273
26276
26277
26278
26283
26286
26291
26292
26293
26294
26298
26299
26300
26302
26308
26311
26312
26316
26317
26321
26328
26330
26331
26335
26337
26344
26348
26352
26356
26359
26361
26363
26364
26371
26373
26375
26378
26383
26385
26386
26387
26392
26394
26395
26396
26399
26400
26402
26404
26405
26410
26411
26414
26415
26417
26419
26421
26422
26423
26424
26425
26426
26427
26431
26440
26442
26443
26449
26450
26455
26459
26465
26467
26469
26470
26471
26474
26476
26478
26479
26486
26488
26491
26503
26504
26506
26536
26542
26560
26580
26592
26598
26607
26622
26634
26642
26650
26657
26663
26672
26678
26679
26686
26693
26706
26717
26719
26720
26726
26727
26732
26734
26738
26741
26744
26752
26753
26757
26758
26760
26763
26764
26768
26769
26771
26775
26776
26777
26779
26785
26791
26792
26794
26796
26801
26802
26803
26804
26805
26806
26819
26820
26821
26823
26826
26827
26828
26829
26830
26831
26832
26835
26838
26839
26840
26845
26846
26847
26849
26850
26851
26854
26855
26857
26859
26863
26866
26869
26870
26871
26877
26878
26879
26882
26886
26891
26893
26894
26895
26896
26898
26905
26909
26913
26914
26916
26918
26919
26925
26926
26927
26928
26929
26933
26936
26938
26940
26945
26946
26948
26955
26956
26957
26959
26962
26963
26964
26965
26966
26970
26972
26976
26978
26982
26983
26990
26992
26993
26995
26996
26998
27000
27002
27003
27004
27020
27021
27023
27025
27029
27030
27031
27032
27033
27037
27038
27040
27042
27043
27044
27046
27050
27052
27053
27054
27055
27056
27057
27059
27062
27070
27074
27076
27078
27083
27085
27087
27088
27090
27093
27094
27098
27099
27100
27105
27106
27108
27109
27110
27116
27122
27135
27138
27139
27141
27142
27156
27157
27165
27174
27195
27207
27211
27212
27227
27232
27235
27272
27297
27300
27311
27316
27356
27357
27386
27422
27423
27425
27438
27446
27448
27452
27457
27464
27471
27472
27479
27485
27487
27489
27490
27501
27503
27506
27507
27509
27540
27562
27563
27568
27629
27640
27646
27649
27651
27664
27670
27685
27693
27695
27705
27761
27762
27786
27787
27797
27798
27801
27804
27817
27818
27822
27824
27825
27838
27839
27845
27851
27852
27868
27870
27871
27876
27877
27878
27880
27882
27889
27891
27893
27902
27903
27905
27909
27929
27930
27937
27938
27939
27944
27945
27955
27970
27975
27976
27982
27987
27992
27998
28000
28001
28027
28030
28031
28032
28039
28070
28082
28083
28096
28098
28100
28101
28102
28103
28104
28105
28115
28117
28118
28119
28120
28121
28122
28125
28128
28129
28130
28131
28133
28134
28136
28137
28141
28147
28151
28154
28155
28157
28158
28159
28160
28161
28171
28180
28181
28182
28183
28184
28185
28187
28188
28190
28192
28194
28196
28200
28201
28202
28207
28209
28210
28211
28212
28213
28218
28221
28222
28224
28227
28230
28233
28239
28243
28244
28245
28248
28252
28255
28256
28257
28258
28261
28271
28273
28274
28276
28278
28280
28283
28284
28288
28294
28295
28299
28300
28301
28302
28303
28304
28306
28308
28311
28312
28313
28316
28317
28320
28323
28327
28328
28329
28332
28335
28337
28338
28339
28342
28343
28347
28349
28350
28351
28353
28356
28360
28362
28363
28364
28366
28370
28372
28373
28376
28377
28379
28382
28385
28386
28389
28390
28392
28393
28394
28395
28396
28397
28398
28404
28413
28414
28417
28421
28431
28439
28440
28444
28451
28453
28463
28467
28468
28473
28475
28476
28478
28486
28487
28490
28492
28498
28500
28501
28503
28504
28505
28511
28517
28518
28521
28522
28525
28528
28534
28542
28551
28555
28560
28562
28568
28577
28589
28594
28613
28619
28625
28626
28639
28640
28642
28648
28656
28660
28661
28668
28674
28679
28680
28691
28694
28695
28705
28713
28735
28736
28747
28762
28763
28771
28774
28775
28776
28777
28778
28783
28784
28786
28788
28789
28791
28792
28800
28801
28802
28803
28804
28805
28806
28807
28810
28813
28814
28819
28820
28821
28822
28825
28827
28833
28836
28839
28840
28841
28843
28846
28848
28849
28856
28858
28861
28866
28873
28874
28875
28877
28880
28881
28884
28885
28887
28890
28891
28896
28899
28900
28903
28905
28909
28911
28913
28916
28917
28918
28919
28921
28922
28924
28928
28929
28935
28936
28940
28942
28943
28944
28945
28946
28949
28951
28952
28955
28956
28957
28958
28959
28962
28963
28966
28970
28971
28972
28973
28974
28978
28983
28984
28985
28986
28987
28988
28990
28991
28995
28996
28997
28998
29001
29004
29007
29009
29010
29015
29016
29020
29023
29026
29027
29029
29030
29031
29033
29036
29043
29044
29045
29046
29047
29049
29050
29053
29054
29058
29060
29061
29065
29067
29068
29070
29072
29078
29080
29081
29082
29084
29087
29088
29089
29091
29092
29094
29098
29099
29103
29104
29105
29109
29116
29118
29120
29121
29122
29123
29125
29132
29133
29143
29154
29155
29156
29164
29166
29168
29169
29174
29175
29184
29235
29238
29239
29241
29248
29249
29252
29277
29278
29282
29290
29298
29299
29301
29304
29310
29317
29323
29346
29353
29363
29364
29367
29375
29376
29389
29392
29393
29396
29410
29412
29415
29422
29447
29450
29487
29492
29513
29520
29521
29523
29532
29535
29545
29546
29549
29550
29551
29552
29553
29554
29555
29558
29561
29564
29567
29568
29569
29572
29574
29577
29582
29584
29595
29597
29598
29600
29606
29608
29611
29613
29615
29622
29623
29624
29627
29630
29634
29636
29637
29638
29642
29645
29648
29649
29650
29651
29653
29655
29660
29662
29666
29668
29669
29670
29673
29674
29675
29677
29680
29681
29692
29693
29702
29703
29709
29710
29711
29716
29718
29722
29725
29728
29729
29730
29731
29732
29736
29742
29746
29747
29748
29749
29750
29751
29753
29754
29756
29760
29762
29766
29769
29770
29775
29776
29779
29782
29783
29784
29788
29792
29800
29803
29806
29812
29817
29819
29820
29826
29830
29831
29834
29836
29837
29838
29840
29842
29843
29845
29846
29848
29855
29856
29857
29859
29860
29861
29864
29870
29873
29874
29875
29876
29877
29878
29879
29883
29884
29887
29889
29891
29894
29896
29898
29901
29906
29910
29911
29912
29913
29915
29916
29917
29919
29926
29927
29929
29930
29932
29933
29935
29936
29943
29945
29948
29949
29952
29954
29962
29964
29968
29971
29974
29991
29997
30020
30024
30031
30032
30038
30040
30052
30057
30068
30069
30078
30082
30100
30104
30110
30113
30133
30153
30168
30180
30186
30187
30190
30198
30199
30218
30221
30222
30242
30254
30256
30257
30260
30277
30278
30281
30283
30285
30288
30293
30296
30297
30304
30306
30307
30308
30311
30312
30313
30314
30317
30319
30320
30321
30322
30323
30330
30331
30333
30339
30341
30342
30345
30346
30349
30351
30354
30355
30356
30362
30363
30365
30366
30367
30368
30371
30373
30375
30378
30379
30381
30385
30387
30388
30391
30394
30399
30413
30414
30416
30418
30420
30426
30429
30431
30432
30434
30437
30438
30439
30441
30442
30444
30447
30448
30449
30456
30457
30458
30460
30465
30467
30470
30473
30474
30479
30480
30482
30483
30486
30487
30488
30491
30494
30495
30496
30497
30503
30504
30506
30507
30510
30512
30513
30516
30518
30522
30523
30529
30530
30531
30533
30534
30536
30537
30538
30540
30543
30545
30546
30547
30548
30553
30555
30556
30557
30559
30563
30566
30572
30573
30580
30584
30585
30587
30588
30590
30602
30604
30605
30606
30611
30612
30658
30662
30663
30667
30668
30669
30671
30672
30673
30680
30681
30688
30690
30692
30693
30694
30695
30697
30699
30701
30704
30705
30709
30716
30721
30722
30723
30724
30733
30734
30739
30743
30748
30749
30751
30758
30763
30786
30788
30794
30804
30827
30828
30829
30831
30859
30860
30861
30871
30875
30887
30889
30891
30893
30906
30910
30927
30930
30931
30934
30978
30984
30985
30986
30987
30989
30991
30993
30998
31001
31006
31007
31009
31018
31021
31023
31024
31027
31034
31039
31043
31054
31055
31056
31062
31068
31071
31072
31073
31075
31079
31081
31082
31083
31091
31093
31094
31097
31098
31099
31105
31110
31114
31124
31125
31128
31132
31136
31140
31144
31147
31148
31150
31151
31152
31158
31159
31160
31161
31163
31164
31165
31168
31171
31174
31181
31183
31185
31186
31187
31190
31191
31193
31194
31195
31196
31198
31200
31203
31204
31205
31206
31209
31210
31212
31216
31217
31218
31219
31224
31226
31231
31232
31234
31236
31237
31238
31239
31242
31243
31246
31255
31256
31258
31260
31266
31268
31270
31271
31272
31278
31282
31287
31288
31289
31290
31294
31296
31298
31299
31300
31302
31306
31310
31321
31322
31323
31328
31331
31336
31337
31340
31342
31344
31346
31348
31351
31353
31356
31362
31364
31366
31367
31370
31371
31376
31384
31385
31390
31391
31401
31402
31407
31409
31410
31414
31416
31419
31420
31421
31422
31423
31424
31441
31442
31448
31450
31458
31462
31481
31486
31512
31516
31518
31519
31521
31561
31564
31570
31573
31579
31581
31583
31650
31663
31665
31672
31692
31694
31696
31708
31714
31715
31716
31717
31718
31719
31720
31721
31722
31723
31724
31725
31726
31727
31728
31729
31730
31731
31732
31733
31734
31735
31736
31737
31738
31739
31740
31741
31742
31744
31745
31747
31748
31749
31750
31751
31752
31753
31754
31755
31756
31757
31758
31759
31760
31761
31762
31763
31764
31765
31766
31767
31768
31769
31770
31771
31772
31773
31774
31775
31776
31777
31778
31779
31780
31781
31782
31783
31784
31785
31786
31787
31788
31789
31790
31794
31795
31796
31797
31798
31799
31800
31801
31802
31803
31804
31805
31806
31807
31808
31809
31810
31811
31812
31813
31814
31815
31816
31817
31818
31819
31821
31822
31823
31824
31825
31826
31827
31828
31829
31830
31831
31832
31833
31834
31835
31836
31837
31838
31839
31840
31841
31842
31843
31844
31845
31846
31848
31862
31869
31877
31881
31882
31884
31888
31891
31893
31896
31898
31899
31901
31904
31906
31921
31930
31934
31943
31951
31952
31953
31954
31959
31965
31968
31977
31981
31983
31995
31999
32001
32038
32045
32046
32054
32055
32154
32156
32160
32161
32162
32181
32191
32193
32206
32210
32213
32214
32215
32226
32232
32237
32242
32252
32256
32257
32259
32264
32266
32267
32268
32276
32281
32297
32301
32310
32317
32323
32327
32328
32332
32333
32335
32336
32346
32347
32353
32354
32355
32383
32390
32430
32432
32433
32435
32437
32438
32445
32446
32447
32450
32451
32452
32456
32462
32463
32466
32467
32469
32474
32477
32480
32484
32485
32486
32487
32489
32490
32492
32498
32499
32502
32503
32504
32510
32511
32514
32515
32516
32517
32520
32521
32523
32550
32551
32554
32555
32557
32559
32564
32565
32566
32568
32570
32571
32572
32573
32576
32577
32579
32584
32585
32589
32591
32592
32593
32599
32601
32604
32605
32608
32613
32614
32617
32618
32619
32621
32622
32624
32629
32630
32631
32632
32633
32635
32638
32639
32642
32643
32644
32646
32647
32649
32650
32651
32654
32655
32665
32668
32670
32676
32677
32679
32680
32681
32682
32685
32687
32688
32691
32692
32694
32695
32709
32710
32711
32713
32716
32717
32719
32722
32728
32729
32730
32732
32733
32735
32737
32738
32739
32740
32741
32742
32743
32745
32752
32756
32758
32761
32762
32765
32766
32767
32768
32769
32770
32772
32774
32775
32776
32777
32779
32780
32781
32782
32783
32787
32788
32789
32792
32797
32798
32802
32803
32804
32805
32807
32808
32810
32812
32824
32826
32827
32833
32834
32836
32840
32846
32851
32855
32858
32860
32864
32872
32873
32881
32882
32885
32886
32887
32888
32891
32893
32894
32899
32903
32909
32912
32917
32920
32926
32927
32928
32932
32937
32938
32946
32950
32955
32956
32958
32961
32963
32964
32966
32969
32970
32971
32979
32980
32982
32991
32994
33004
33017
33018
33024
33027
33030
33037
33043
33071
33073
33075
33090
33093
33095
33105
33106
33116
33123
33126
33135
33139
33143
33146
33147
33148
33152
33160
33183
33225
33232
33233
33248
33255
33261
33266
33269
33270
33274
33275
33279
33282
33283
33284
33289
33292
33298
33312
33313
33315
33317
33318
33319
33320
33322
33323
33325
33326
33338
33341
33361
33362
33363
33369
33370
33371
33372
33378
33379
33384
33389
33393
33395
33397
33398
33399
33400
33401
33405
33409
33411
33412
33414
33418
33419
33420
33422
33424
33428
33429
33431
33434
33438
33440
33446
33453
33461
33462
33466
33470
33473
33474
33478
33483
33490
33492
33493
33495
33499
33502
33504
33506
33509
33510
33511
33514
33516
33519
33521
33524
33526
33532
33537
33538
33539
33540
33544
33545
33546
33554
33556
33559
33571
33572
33573
33574
33577
33578
33580
33582
33583
33589
33591
33594
33595
33596
33605
33607
33608
33609
33614
33617
33620
33623
33624
33635
33637
33647
33652
33653
33659
33660
33661
33668
33682
33684
33686
33689
33690
33693
33694
33697
33704
33708
33713
33714
33715
33717
33719
33721
33722
33737
33739
33740
33742
33744
33751
33779
33786
33789
33796
33803
33807
33808
33817
33820
33827
33841
33872
33882
33888
33925
33926
33952
33955
33959
33963
33964
33968
33970
33972
33973
33974
33975
33976
33978
33982
33988
33990
33993
33997
34000
34001
34002
34004
34005
34007
34013
34017
34019
34026
34030
34035
34040
34042
34046
34047
34049
34051
34052
34059
34060
34061
34063
34064
34065
34071
34072
34074
34075
34076
34077
34079
34080
34081
34083
34084
34086
34087
34090
34098
34099
34103
34104
34105
34106
34109
34111
34113
34114
34115
34116
34117
34122
34123
34124
34126
34127
34128
34136
34137
34140
34146
34147
34149
34150
34153
34161
34162
34165
34167
34168
34170
34172
34175
34176
34180
34182
34190
34192
34195
34196
34199
34208
34214
34216
34217
34218
34219
34221
34224
34228
34229
34233
34234
34238
34239
34240
34245
34246
34250
34252
34254
34255
34257
34258
34268
34269
34270
34272
34273
34274
34275
34277
34279
34280
34281
34282
34283
34284
34285
34288
34290
34291
34292
34293
34294
34296
34298
34299
34300
34301
34302
34306
34307
34308
34311
34313
34315
34317
34320
34322
34327
34328
34329
34331
34332
34333
34334
34335
34336
34338
34339
34340
34342
34345
34346
34347
34349
34350
34354
34357
34358
34361
34364
34367
34368
34371
34373
34377
34380
34383
34388
34390
34391
34394
34401
34402
34403
34404
34405
34406
34410
34413
34427
34428
34432
34491
34496
34499
34502
34509
34511
34518
34525
34526
34528
34530
34540
34548
34564
34568
34588
34590
34596
34605
34612
34616
34624
34642
34656
34660
34680
34682
34691
34693
34695
34696
34698
34700
34702
34705
34706
34707
34710
34711
34712
34713
34714
34717
34718
34725
34726
34728
34732
34733
34737
34738
34742
34743
34747
34753
34755
34756
34759
34760
34761
34762
34763
34764
34766
34778
34783
34784
34785
34791
34792
34794
34797
34801
34802
34803
34806
34809
34814
34815
34816
34818
34832
34835
34837
34846
34849
34850
34851
34853
34856
34860
34862
34865
34866
34867
34869
34871
34875
34879
34883
34884
34885
34886
34890
34891
34892
34894
34895
34896
34903
34904
34905
34906
34907
34914
34916
34919
34921
34924
34929
34935
34937
34946
34948
34949
34951
34952
34955
34957
34960
34961
34964
34968
34974
34978
34979
34980
34982
34986
34990
34992
35001
35007
35018
35022
35026
35029
35031
35032
35033
35035
35041
35049
35051
35056
35065
35067
35068
35070
35077
35078
35079
35080
35081
35117
35125
35128
35129
35161
35162
35167
35188
35190
35197
35217
35219
35250
35251
35264
35270
35277
35289
35294
35300
35301
35303
35312
35314
35316
35320
35321
35322
35323
35327
35328
35330
35333
35335
35337
35338
35341
35342
35343
35344
35345
35346
35353
35356
35363
35366
35367
35370
35373
35379
35382
35383
35385
35386
35387
35397
35398
35400
35401
35413
35414
35419
35420
35424
35425
35430
35432
35438
35439
35441
35443
35445
35447
35448
35449
35453
35455
35458
35460
35461
35462
35465
35468
35471
35472
35477
35478
35480
35482
35483
35485
35486
35488
35490
35491
35495
35499
35502
35503
35506
35509
35512
35513
35515
35516
35521
35522
35523
35524
35526
35527
35528
35530
35531
35534
35536
35542
35546
35547
35552
35554
35556
35557
35560
35561
35562
35566
35573
35574
35576
35578
35581
35583
35585
35592
35597
35599
35601
35604
35606
35608
35609
35610
35612
35617
35621
35633
35639
35640
35643
35646
35653
35657
35664
35665
35669
35670
35673
35674
35679
35680
35688
35689
35691
35694
35695
35705
35715
35716
35717
35721
35722
35730
35787
35815
35816
35821
35829
35839
35840
35861
35876
35880
35884
35898
35918
35930
35933
35941
35944
35946
35948
35963
35985
35988
35993
35999
36000
36018
36022
36023
36027
36039
36041
36067
36085
36089
36109
36117
36153
36156
36181
36203
36204
36222
36226
36230
36233
36235
36237
36241
36242
36243
36254
36257
36260
36263
36264
36265
36281
36282
36285
36288
36291
36293
36316
36317
36318
36323
36335
36342
36343
36355
36381
36382
36386
36392
36393
36394
36395
36396
36397
36398
36399
36400
36401
36402
36403
36404
36405
36406
36407
36408
36409
36410
36411
36412
36413
36414
36415
36416
36417
36418
36419
36420
36422
36423
36425
36427
36428
36429
36430
36431
36432
36433
36434
36435
36436
36437
36438
36439
36440
36441
36442
36443
36444
36445
36446
36447
36448
36450
36451
36452
36453
36454
36455
36456
36457
36458
36459
36460
36461
36462
36464
36465
36466
36467
36468
36469
36470
36471
36472
36473
36474
36475
36476
36477
36478
36479
36480
36481
36482
36483
36484
36485
36486
36487
36488
36490
36491
36492
36493
36494
36496
36497
36499
36500
36501
36502
36503
36504
36505
36506
36507
36508
36510
36511
36512
36513
36514
36515
36516
36517
36518
36519
36520
36521
36522
36523
36524
36526
36527
36528
36529
36530
36531
36532
36533
36534
36535
36536
36537
36538
36539
36540
36541
36542
36543
36544
36545
36546
36547
36548
36549
36550
36562
36570
36573
36574
36575
36578
36581
36583
36584
36585
36586
36591
36595
36597
36600
36601
36602
36607
36610
36611
36614
36616
36617
36618
36619
36620
36621
36627
36630
36631
36636
36637
36640
36646
36649
36650
36651
36654
36655
36658
36660
36661
36662
36663
36664
36665
36666
36667
36668
36669
36670
36671
36676
36678
36680
36682
36683
36685
36689
36692
36695
36696
36697
36699
36703
36704
36705
36711
36713
36715
36717
36718
36720
36725
36727
36729
36738
36739
36743
36744
36745
36757
36762
36764
36767
36768
36770
36772
36773
36779
36780
36782
36785
36786
36787
36789
36791
36793
36797
36799
36803
36804
36805
36806
36807
36813
36815
36818
36821
36824
36825
36827
36833
36834
36837
36839
36841
36843
36844
36894
36896
36897
36899
36902
36904
36908
36909
36915
36923
36925
36935
36936
36938
36939
36941
36945
36951
36952
36953
36955
36956
36957
36959
36962
36964
36965
36966
36969
36971
36972
36973
36976
36979
36981
36983
36984
36986
37000
37006
37016
37017
37018
37026
37032
37034
37039
37043
37044
37045
37047
37049
37052
37054
37057
37063
37064
37070
37072
37079
37082
37084
37087
37094
37097
37107
37108
37124
37128
37131
37133
37134
37141
37155
37175
37186
37187
37188
37195
37202
37203
37206
37208
37217
37238
37243
37245
37247
37259
37288
37299
37303
37305
37312
37313
37316
37324
37327
37332
37338
37339
37343
37346
37350
37352
37353
37354
37355
37358
37359
37360
37363
37364
37365
37366
37367
37368
37369
37371
37379
37381
37382
37386
37391
37392
37396
37397
37398
37402
37403
37406
37407
37408
37410
37413
37414
37418
37419
37422
37424
37425
37426
37428
37429
37437
37454
37455
37456
37458
37459
37460
37463
37464
37465
37466
37467
37468
37469
37470
37472
37476
37479
37481
37482
37483
37486
37487
37493
37494
37495
37496
37499
37501
37503
37505
37506
37507
37510
37511
37513
37514
37518
37529
37531
37540
37541
37542
37546
37547
37552
37553
37554
37555
37556
37557
37558
37559
37564
37565
37566
37567
37568
37569
37570
37572
37573
37575
37576
37577
37578
37579
37580
37583
37584
37586
37588
37590
37591
37592
37593
37594
37595
37596
37597
37601
37603
37604
37605
37606
37607
37608
37609
37610
37611
37612
37613
37614
37615
37616
37617
37618
37619
37620
37621
37622
37625
37626
37628
37629
37630
37635
37641
37652
37653
37654
37656
37658
37662
37663
37668
37671
37672
37675
37677
37678
37680
37681
37685
37689
37690
37691
37692
37693
37698
37700
37703
37707
37709
37710
37713
37716
37718
37719
37720
37721
37724
37726
37728
37729
37731
37732
37733
37735
37736
37737
37740
37744
37745
37746
37747
37752
37754
37755
37757
37760
37770
37778
37791
37792
37799
37806
37809
37811
37812
37827
37834
37835
37840
37853
37862
37863
37865
37878
37880
37883
37887
37891
37895
37898
37917
37935
37936
37944
37946
37961
37966
37969
37974
37984
37993
38013
38043
38062
38065
38087
38088
38090
38094
38100
38104
38105
38111
38114
38115
38118
38122
38123
38124
38125
38127
38136
38137
38139
38140
38141
38142
38143
38150
38151
38159
38160
38161
38164
38166
38169
38177
38178
38184
38185
38186
38188
38192
38195
38200
38201
38204
38205
38215
38221
38227
38228
38230
38231
38234
38236
38241
38242
38244
38248
38252
38253
38254
38255
38257
38258
38261
38262
38263
38266
38275
38276
38278
38279
38281
38282
38283
38284
38286
38290
38294
38296
38298
38299
38300
38301
38304
38307
38308
38311
38317
38319
38320
38324
38329
38330
38331
38334
38335
38337
38338
38339
38341
38342
38343
38344
38355
38361
38362
38365
38368
38373
38374
38375
38376
38377
38389
38392
38394
38401
38402
38408
38410
38411
38412
38414
38415
38416
38419
38421
38428
38435
38440
38445
38448
38450
38456
38457
38468
38471
38473
38478
38479
38499
38506
38507
38513
38524
38525
38526
38547
38587
38594
38621
38632
38663
38670
38686
38693
38704
38706
38707
38715
38719
38725
38735
38736
38737
38751
38752
38758
38759
38761
38765
38769
38773
38774
38776
38777
38778
38780
38781
38792
38795
38796
38797
38798
38804
38805
38816
38818
38819
38824
38826
38827
38829
38835
38838
38839
38841
38842
38843
38844
38845
38851
38852
38853
38854
38856
38857
38859
38860
38863
38864
38865
38866
38868
38870
38875
38878
38881
38885
38887
38888
38889
38890
38891
38892
38903
38904
38905
38908
38914
38915
38916
38917
38918
38919
38920
38921
38924
38929
38930
38931
38932
38933
38936
38938
38939
38941
38942
38948
38953
38954
38955
38956
38957
38958
38959
38966
38967
38968
38971
38972
38976
38978
38980
38981
38987
38991
38992
38993
38994
38995
38996
39014
39016
39017
39019
39021
39024
39027
39028
39029
39030
39034
39035
39037
39040
39041
39045
39047
39049
39060
39062
39065
39067
39070
39073
39077
39080
39083
39087
39091
39092
39093
39094
39100
39104
39105
39111
39120
39121
39122
39123
39124
39126
39130
39131
39133
39139
39145
39155
39160
39174
39188
39214
39217
39225
39226
39238
39239
39245
39261
39266
39271
39272
39281
39283
39287
39335
39346
39348
39358
39360
39366
39370
39382
39383
39384
39388
39390
39392
39409
39417
39418
39419
39424
39425
39426
39433
39434
39435
39440
39441
39442
39444
39447
39453
39455
39458
39460
39461
39462
39465
39466
39467
39472
39476
39480
39486
39489
39491
39497
39498
39499
39500
39501
39503
39505
39506
39507
39508
39510
39512
39514
39515
39516
39517
39518
39519
39523
39525
39527
39529
39532
39534
39538
39539
39540
39541
39542
39544
39546
39548
39550
39552
39558
39559
39563
39568
39569
39571
39575
39577
39579
39587
39598
39601
39604
39606
39609
39613
39619
39623
39625
39626
39629
39630
39632
39634
39639
39640
39641
39643
39645
39646
39647
39649
39651
39653
39657
39662
39663
39664
39667
39670
39671
39672
39673
39675
39676
39677
39678
39680
39683
39684
39686
39688
39698
39702
39703
39705
39707
39710
39712
39716
39717
39724
39726
39736
39739
39745
39747
39750
39772
39790
39791
39821
39823
39910
39931
39933
39938
39959
39962
39963
39964
39967
39968
39969
39974
39980
39983
39997
40001
40002
40005
40008
40010
40015
40019
40025
40031
40033
40045
40051
40052
40057
40079
40096
40102
40116
40128
40132
40149
40179
40192
40200
40201
40208
40215
40216
40218
40220
40232
40236
40239
40247
40258
40259
40261
40262
40263
40268
40272
40293
40310
40312
40313
40317
40324
40326
40335
40338
40347
40350
40372
40373
40410
40412
40420
40421
40422
40427
40430
40431
40433
40435
40436
40437
40438
40441
40449
40451
40454
40456
40457
40460
40466
40471
40476
40478
40480
40481
40486
40491
40493
40494
40498
40501
40504
40511
40512
40520
40521
40522
40526
40527
40530
40531
40532
40533
40538
40540
40546
40548
40549
40550
40551
40555
40560
40568
40569
40570
40571
40584
40586
40590
40592
40593
40594
40617
40621
40624
40626
40635
40637
40638
40644
40646
40647
40649
40651
40655
40658
40662
40666
40670
40671
40672
40674
40677
40678
40679
40688
40689
40693
40694
40698
40700
40703
40709
40712
40713
40714
40717
40722
40731
40734
40737
40738
40743
40754
40756
40757
40758
40762
40763
40765
40770
40772
40773
40774
40775
40777
40778
40783
40786
40787
40789
40791
40793
40800
40801
40804
40808
40809
40819
40820
40821
40822
40830
40847
40850
40854
40856
40859
40868
40869
40883
40889
40890
40894
40902
40904
40912
40913
40916
40917
40922
40927
40943
40944
40947
40951
40962
40967
40968
40973
40976
40984
40992
40999
41003
41004
41005
41007
41019
41020
41021
41030
41031
41033
41035
41037
41058
41063
41064
41066
41067
41068
41076
41083
41084
41086
41087
41088
41104
41109
41114
41116
41119
41124
41126
41127
41128
41133
41134
41135
41137
41138
41140
41143
41146
41147
41148
41149
41150
41153
41154
41155
41158
41159
41160
41171
41177
41178
41180
41185
41186
41187
41188
41190
41191
41198
41201
41203
41204
41206
41210
41212
41213
41214
41216
41220
41221
41222
41223
41224
41227
41232
41233
41238
41242
41246
41247
41248
41252
41253
41261
41262
41264
41268
41279
41280
41281
41284
41285
41286
41288
41289
41290
41294
41295
41296
41297
41298
41299
41310
41312
41313
41314
41317
41318
41321
41322
41324
41325
41328
41329
41332
41333
41337
41339
41345
41346
41347
41354
41357
41358
41361
41362
41363
41365
41366
41368
41369
41371
41373
41374
41375
41376
41379
41382
41385
41388
41389
41409
41415
41417
41421
41423
41425
41427
41429
41430
41432
41443
41447
41450
41452
41455
41458
41459
41460
41470
41473
41474
41477
41479
41481
41484
41487
41488
41495
41500
41501
41503
41506
41507
41508
41512
41513
41515
41518
41521
41526
41528
41529
41535
41541
41544
41547
41558
41568
41574
41582
41583
41595
41601
41612
41614
41633
41651
41662
41703
41716
41727
41740
41747
41750
41752
41753
41754
41758
41761
41771
41776
41778
41779
41784
41785
41801
41807
41809
41815
41817
41820
41822
41823
41824
41829
41833
41836
41839
41841
41844
41845
41846
41850
41856
41857
41859
41864
41865
41866
41868
41869
41871
41872
41874
41876
41877
41879
41880
41883
41884
41886
41891
41894
41895
41905
41906
41907
41909
41915
41917
41918
41921
41926
41930
41933
41942
41945
41946
41947
41948
41949
41951
41953
41959
41960
41965
41966
41970
41974
41975
41977
41985
41988
41990
41991
42007
42008
42010
42011
42012
42014
42016
42039
42043
42044
42049
42050
42058
42059
42061
42071
42073
42088
42090
42091
42092
42093
42094
42100
42102
42109
42110
42111
42113
42117
42119
42122
42123
42129
42136
42137
42145
42165
42173
42185
42233
42255
42269
42277
42281
42299
42302
42303
42306
42307
42312
42313
42314
42336
42369
42403
42407
42411
42412
42413
42422
42426
42430
42432
42433
42441
42443
42445
42449
42452
42455
42457
42458
42462
42466
42467
42470
42471
42472
42485
42487
42488
42497
42500
42503
42504
42507
42508
42512
42520
42522
42523
42524
42528
42533
42534
42538
42543
42548
42551
42554
42557
42559
42560
42561
42564
42566
42567
42569
42571
42574
42577
42578
42580
42581
42585
42590
42593
42594
42595
42653
42656
42658
42661
42662
42663
42664
42667
42668
42670
42671
42673
42684
42704
42706
42707
42710
42714
42716
42718
42721
42722
42728
42731
42732
42740
42741
42745
42746
42752
42755
42757
42758
42759
42763
42764
42765
42766
42768
42771
42773
42774
42779
42782
42783
42786
42789
42792
42793
42794
42798
42807
42810
42811
42813
42816
42818
42820
42827
42833
42840
42844
42847
42849
42850
42856
42861
42874
42879
42882
42897
42907
42914
42930
42931
42939
42941
42942
42952
42953
42956
42959
42968
42969
42984
42986
43044
43064
43069
43074
43084
43086
43090
43094
43098
43099
43110
43113
43114
43115
43116
43120
43121
43122
43129
43130
43134
43136
43143
43145
43146
43149
43150
43151
43152
43154
43157
43159
43161
43162
43171
43172
43173
43174
43175
43176
43177
43180
43181
43183
43186
43187
43192
43193
43194
43195
43196
43198
43199
43200
43202
43204
43209
43210
43212
43214
43215
43216
43217
43218
43222
43223
43226
43227
43234
43235
43236
43237
43238
43239
43240
43241
43242
43243
43247
43251
43252
43255
43256
43257
43258
43260
43266
43267
43268
43269
43272
43273
43276
43278
43279
43282
43283
43284
43287
43291
43294
43295
43296
43297
43299
43304
43305
43306
43307
43308
43309
43310
43311
43313
43316
43318
43320
43321
43322
43325
43326
43327
43328
43329
43330
43331
43333
43334
43337
43343
43344
43345
43351
43355
43357
43361
43362
43369
43370
43373
43374
43381
43383
43386
43387
43401
43408
43412
43415
43417
43418
43421
43422
43428
43489
43496
43513
43527
43538
43552
43584
43585
43586
43587
43588
43590
43592
43609
43622
43623
43626
43628
43639
43645
43646
43649
43652
43654
43655
43657
43664
43665
43667
43670
43672
43675
43678
43693
43695
43706
43710
43714
43719
43723
43728
43729
43730
43731
43732
43741
43755
43757
43766
43774
43805
43809
43814
43818
43825
43826
43831
43832
43833
43834
43835
43838
43848
43854
43856
43857
43858
43862
43863
43864
43868
43870
43872
43875
43876
43882
43887
43889
43890
43897
43905
43907
43910
43934
43935
43951
43962
43969
43971
44022
44027
44035
44037
44043
44047
44048
44049
44051
44052
44056
44059
44061
44063
44074
44081
44082
44084
44089
44091
44093
44094
44095
44096
44097
44101
44102
44106
44109
44114
44115
44124
44126
44128
44130
44134
44135
44136
44137
44141
44142
44143
44144
44145
44151
44155
44161
44162
44164
44167
44170
44171
44174
44175
44181
44184
44186
44187
44188
44194
44195
44200
44201
44204
44206
44207
44211
44214
44215
44216
44217
44221
44222
44223
44226
44227
44228
44229
44235
44239
44241
44243
44245
44246
44247
44248
44249
44250
44251
44252
44266
44271
44272
44274
44275
44277
44279
44280
44281
44283
44290
44292
44293
44308
44309
44313
44319
44320
44323
44324
44326
44327
44328
44329
44330
44331
44332
44348
44349
44350
44356
44358
44359
44361
44364
44369
44370
44372
44374
44375
44376
44377
44380
44382
44383
44385
44386
44387
44388
44390
44391
44395
44401
44415
44416
44418
44420
44421
44423
44427
44431
44436
44437
44438
44444
44459
44461
44463
44464
44468
44470
44471
44479
44483
44485
44489
44490
44492
44497
44501
44546
44553
44561
44565
44588
44599
44603
44633
44650
44659
44678
44685
44692
44693
44694
44695
44696
44702
44704
44706
44707
44711
44713
44717
44719
44729
44733
44736
44755
44756
44757
44759
44764
44765
44766
44770
44771
44776
44777
44784
44785
44787
44788
44803
44804
44805
44807
44809
44811
44812
44814
44816
44817
44818
44822
44825
44826
44832
44838
44841
44842
44848
44849
44851
44852
44855
44856
44857
44861
44865
44873
44874
44875
44876
44879
44883
44886
44892
44894
44896
44898
44901
44905
44906
44911
44912
44914
44916
44919
44920
44926
44928
44930
44940
44941
44942
44949
44950
44951
44952
44960
44961
44968
44969
44981
44983
44989
44992
44997
45004
45005
45007
45008
45011
45017
45026
45029
45031
45037
45038
45040
45043
45044
45045
45046
45047
45048
45049
45050
45052
45053
45055
45057
45058
45059
45060
45061
45062
45063
45068
45069
45070
45071
45075
45077
45080
45081
45088
45093
45101
45102
45104
45105
45106
45107
45108
45119
45123
45128
45154
45163
45167
45174
45176
45192
45203
45208
45210
45211
45235
45237
45238
45240
45246
45257
45275
45278
45295
45300
45344
45352
45360
45361
45366
45369
45377
45378
45380
45383
45386
45388
45391
45395
45398
45401
45402
45404
45405
45406
45408
45415
45427
45432
45439
45440
45441
45457
45459
45460
45464
45468
45471
45474
45477
45480
45481
45486
45488
45489
45490
45491
45495
45499
45502
45503
45504
45506
45510
45511
45514
45517
45520
45522
45523
45525
45529
45539
45548
45553
45556
45563
45564
45569
45580
45581
45589
45597
45602
45605
45613
45618
45626
45627
45628
45630
45635
45637
45642
45643
45645
45646
45648
45658
45663
45672
45674
45677
45679
45680
45681
45684
45689
45691
45693
45694
45695
45698
45700
45702
45703
45709
45710
45716
45719
45723
45727
45728
45730
45732
45737
45738
45739
45740
45742
45750
45754
45764
45770
45782
45787
45796
45797
45802
45803
45804
45806
45810
45817
45825
45827
45832
45835
45836
45838
45842
45844
45845
45857
45860
45862
45865
45869
45870
45871
45893
45908
45947
45959
45961
45962
45963
45964
45965
45969
45971
45972
45975
45978
46007
46011
46025
46031
46032
46035
46042
46043
46049
46054
46058
46061
46066
46070
46072
46107
46108
46111
46113
46114
46116
46123
46126
46127
46128
46130
46131
46133
46137
46144
46145
46146
46148
46150
46151
46155
46160
46161
46162
46164
46178
46179
46181
46188
46189
46196
46206
46213
46214
46215
46216
46217
46220
46222
46224
46229
46234
46235
46237
46240
46244
46245
46247
46249
46250
46255
46261
46263
46264
46265
46270
46272
46280
46281
46282
46288
46295
46300
46302
46303
46304
46305
46306
46308
46313
46315
46316
46318
46319
46322
46327
46329
46333
46338
46339
46343
46347
46354
46358
46366
46370
46371
46377
46388
46395
46399
46402
46404
46410
46420
46423
46432
46433
46452
46454
46457
46462
46463
46465
46478
46494
46529
46531
46543
46546
46553
46559
46561
46563
46581
46588
46593
46616
46617
46619
46623
46627
46646
46647
46662
46666
46667
46669
46670
46671
46672
46674
46676
46677
46678
46680
46682
46683
46685
46687
46696
46697
46701
46705
46706
46715
46720
46721
46727
46728
46729
46734
46740
46745
46754
46755
46762
46768
46769
46771
46775
46778
46779
46782
46783
46784
46785
46786
46791
46799
46800
46803
46804
46809
46813
46816
46817
46818
46819
46820
46821
46822
46823
46825
46827
46828
46829
46830
46831
46836
46837
46838
46841
46842
46847
46849
46850
46852
46853
46858
46859
46860
46862
46865
46869
46870
46873
46894
46896
46897
46901
46906
46908
46915
46917
46923
46926
46929
46932
46934
46935
46936
46944
46945
46947
46948
46958
46968
46969
46971
46974
46975
46976
46985
46986
46987
46988
46989
46990
46992
46993
47000
47001
47002
47004
47007
47012
47013
47017
47018
47020
47024
47027
47028
47029
47030
47036
47050
47052
47053
47056
47069
47074
47079
47082
47085
47092
47093
47097
47100
47103
47104
47107
47110
47116
47130
47131
47136
47151
47164
47171
47214
47217
47225
47233
47246
47250
47256
47287
47296
47343
47347
47349
47365
47367
47378
47379
47380
47390
47397
47401
47411
47416
47423
47427
47431
47438
47441
47448
47461
47477
47479
47482
47494
47496
47499
47502
47517
47526
47527
47529
47532
47620
47621
47625
47626
47627
47635
47638
47641
47646
47649
47661
47674
47677
47683
47684
47685
47686
47687
47692
47697
47705
47712
47716
47725
47726
47727
47728
47730
47733
47734
47735
47736
47737
47738
47739
47740
47741
47742
47743
47744
47745
47747
47749
47753
47762
47763
47764
47768
47769
47770
47780
47782
47785
47787
47796
47798
47803
47804
47809
47812
47813
47825
47838
47858
47911
47912
47914
47924
47930
47931
47932
47933
47936
47938
47942
47945
47946
47947
47949
47950
47953
47954
47955
47960
47962
47965
47967
47970
47971
47972
47973
47974
47975
47976
47977
47979
47983
47988
47994
47999
48000
48001
48003
48007
48008
48009
48010
48011
48012
48017
48019
48020
48023
48024
48026
48028
48029
48030
48033
48034
48041
48049
48050
48055
48059
48062
48064
48066
48071
48076
48078
48080
48086
48088
48089
48091
48096
48098
48100
48101
48105
48107
48108
48112
48115
48116
48121
48123
48126
48132
48138
48139
48142
48145
48146
48147
48150
48152
48154
48155
48159
48160
48161
48162
48163
48164
48165
48166
48167
48169
48170
48174
48178
48179
48183
48184
48185
48186
48187
48188
48189
48190
48191
48192
48193
48194
48195
48196
48197
48198
48199
48200
48201
48202
48203
48204
48206
48207
48208
48212
48213
48214
48215
48217
48220
48222
48223
48224
48228
48230
48231
48233
48235
48236
48237
48239
48240
48241
48246
48249
48250
48251
48253
48254
48255
48257
48259
48260
48261
48262
48267
48268
48269
48271
48274
48275
48276
48277
48278
48280
48281
48282
48284
48286
48287
48291
48292
48294
48297
48299
48301
48305
48307
48308
48311
48315
48316
48319
48320
48321
48322
48323
48324
48326
48327
48328
48329
48330
48333
48336
48337
48338
48339
48340
48341
48346
48347
48348
48349
48351
48356
48357
48360
48363
48364
48367
48370
48371
48373
48374
48375
48379
48380
48381
48386
48389
48390
48394
48395
48396
48397
48398
48399
48401
48402
48403
48404
48407
48408
48411
48414
48415
48418
48421
48427
48428
48429
48430
48432
48433
48438
48439
48442
48443
48445
48448
48451
48452
48455
48463
48464
48466
48467
48473
48474
48475
48479
48480
48482
48483
48485
48487
48488
48492
48493
48495
48501
48504
48506
48508
48509
48515
48517
48518
48519
48520
48521
48522
48526
48527
48530
48541
48549
48551
48554
48555
48566
48575
48576
48578
48579
48580
48583
48584
48586
48588
48589
48596
48597
48598
48606
48610
48616
48617
48619
48620
48625
48626
48633
48636
48637
48639
48649
48650
48681
48682
48686
48688
48692
48693
48694
48695
48696
48698
48704
48705
48706
48715
48716
48718
48729
48737
48738
48741
48747
48748
48749
48757
48758
48759
48760
48768
48769
48771
48776
48782
48804
48809
48816
48819
48821
48822
48832
48841
48842
48844
48846
48847
48848
48851
48852
48853
48854
48860
48863
48865
48866
48868
48869
48872
48874
48875
48877
48879
48885
48886
48888
48889
48897
48898
48905
48910
48920
48921
48928
48932
48933
48936
48937
48938
48940
48941
48942
48949
48951
48952
48954
48955
48957
48959
48960
48961
48976
48977
48978
48980
48981
48982
48986
48987
48988
48989
48994
48996
48997
48999
49000
49001
49003
49004
49005
49007
49008
49012
49014
49018
49020
49025
49026
49029
49038
49039
49040
49045
49047
49050
49051
49055
49064
49068
49071
49073
49077
49078
49080
49081
49084
49089
49090
49092
49095
49097
49100
49101
49103
49104
49106
49111
49115
49116
49117
49126
49127
49129
49130
49137
49145
49146
49148
49149
49150
49152
49153
49154
49155
49158
49159
49164
49170
49171
49173
49174
49178
49186
49194
49197
49198
49200
49212
49215
49223
49225
49228
49230
49233
49238
49239
49241
49242
49246
49247
49255
49256
49258
49259
49262
49271
49273
49274
49277
49283
49285
49293
49296
49297
49302
49312
49313
49315
49317
49318
49319
49322
49323
49326
49328
49329
49331
49332
49338
49339
49345
49348
49349
49352
49353
49355
49357
49360
49361
49363
49364
49365
49374
49376
49382
49383
49385
49386
49388
49394
49395
49396
49397
49399
49401
49403
49414
49415
49416
49417
49420
49421
49422
49424
49428
49432
49433
49445
49446
49448
49454
49455
49459
49467
49470
49474
49480
49483
49488
49490
49502
49506
49507
49511
49512
49523
49524
49525
49527
49528
49529
49530
49533
49536
49537
49539
49540
49542
49543
49544
49546
49548
49549
49550
49551
49552
49553
49554
49555
49556
49557
49558
49561
49562
49563
49565
49567
49568
49570
49572
49579
49586
49591
49593
49600
49602
49603
49607
49608
49610
49618
49622
49623
49626
49627
49629
49631
49633
49639
49647
49649
49660
49661
49662
49666
49667
49668
49671
49675
49676
49684
49687
49691
49701
49709
49711
49714
49717
49720
49721
49722
49728
49729
49750
49760
49766
49767
49771
49774
49778
49785
49786
49787
49790
49791
49804
49814
49815
49829
49833
49842
49844
49845
49854
49855
49869
49872
49880
49881
49893
49897
49900
49907
49909
49915
49924
49934
49936
49937
49938
49939
49948
49953
49954
49957
49961
49967
49969
49974
49976
49981
49990
49992
49994
49996
49999
50010
50013
50017
50022
50032
50035
50037
50038
50040
50044
50045
50049
50052
50053
50054
50055
50057
50059
50065
50066
50069
50070
50072
50074
50077
50080
50081
50083
50089
50092
50099
50100
50103
50104
50105
50107
50108
50118
50119
50120
50122
50123
50125
50126
50128
50129
50130
50131
50133
50135
50136
50137
50140
50141
50142
50143
50145
50146
50147
50149
50150
50151
50153
50156
50164
50165
50166
50167
50168
50170
50173
50175
50177
50179
50180
50182
50183
50185
50186
50187
50188
50189
50193
50194
50196
50197
50201
50202
50203
50204
50205
50207
50209
50210
50217
50221
50222
50224
50226
50230
50235
50245
50247
50248
50252
50254
50255
50256
50257
50259
50261
50263
50264
50265
50281
50284
50289
50292
50294
50296
50299
50301
50303
50307
50308
50309
50311
50314
50315
50318
50322
50323
50324
50329
50330
50332
50333
50334
50335
50339
50343
50351
50352
50360
50362
50364
50369
50370
50372
50373
50374
50375
50376
50377
50378
50380
50382
50394
50395
50396
50398
50399
50405
50406
50407
50408
50410
50416
50417
50418
50420
50423
50425
50426
50430
50431
50436
50443
50445
50446
50450
50451
50452
50454
50455
50456
50458
50460
50461
50462
50463
50464
50465
50466
50469
50470
50476
50477
50479
50483
50490
50493
50494
50498
50501
50505
50509
50510
50512
50513
50516
50517
50518
50519
50522
50524
50527
50528
50529
50532
50535
50537
50540
50541
50543
50544
50545
50547
50549
50552
50561
50562
50564
50565
50566
50569
50571
50578
50579
50582
50583
50584
50585
50592
50597
50599
50602
50606
50609
50610
50611
50617
50642
50651
50654
50655
50658
50659
50666
50670
50671
50684
50687
50688
50690
50699
50713
50715
50721
50792
50800
50804
50816
50818
50822
50827
50831
50832
50833
50837
50841
50850
50851
50855
50862
50866
50879
50886
50905
50910
50919
50932
50943
50956
50963
50967
50976
50995
51063
51085
51102
51119
51122
51145
51146
51147
51161
51182
51187
51193
51198
51211
51227
51232
51235
51249
51264
51322
51323
51334
51336
51365
51380
51383
51388
51392
51399
51406
51408
51424
51436
51437
51439
51445
51448
51457
51471
51477
51479
51483
51494
51517
51531
51534
51545
51555
51592
51626
51637
51639
51640
51641
51644
51645
51658
51693
51701
51705
51712
51765
51768
51769
51770
51773
51777
51847
51854
51857
51858
51859
51863
51870
51878
51879
51891
51892
51893
51895
51896
51898
51902
51906
51907
51922
51928
51929
51935
51937
51941
51945
51946
51947
51948
51951
51953
51954
51967
51968
51974
51990
51995
52007
52022
52026
52028
52030
52035
52039
52041
52051
52056
52057
52058
52073
52074
52075
52076
52077
52081
52082
52083
52084
52086
52087
52088
52089
52090
52094
52095
52096
52097
52098
52100
52101
52102
52103
52105
52114
52124
52127
52128
52131
52137
52138
52161
52163
52166
52167
52170
52175
52176
52177
52179
52180
52181
52184
52228
52240
52256
52263
52266
52270
52272
52277
52280
52281
52282
52283
52285
52286
52288
52291
52293
52294
52299
52313
52316
52321
52325
52330
52331
52332
52335
52352
52355
52357
52363
52366
52371
52374
52375
52377
52379
52382
52384
52385
52387
52388
52406
52407
52411
52415
52417
52427
52428
52433
52455
52462
52463
52473
52485
52493
52494
52497
52498
52502
52506
52510
52513
52517
52521
52524
52525
52526
52529
52532
52534
52546
52559
52575
52578
52597
52620
52646
52650
52723
52725
52726
52727
52743
52746
52747
52753
52766
52769
52772
52783
52785
52789
52793
52798
52809
52825
52829
52836
52862
52876
52882
52886
52896
52899
52901
52906
52910
52916
52919
52920
52929
52932
52934
52938
52949
52950
52958
52961
52970
52978
52984
53006
53011
53034
53065
53108
53115
53131
53132
53141
53161
53166
53177
53197
53198
53207
53210
53215
53221
53224
53260
53268
53280
53281
53284
53307
53309
53321
53372
53374
53378
53394
53395
53446
53451
53452
53456
53469
53471
53484
53486
53499
53504
53545
53572
53578
53597
53624
53691
53694
53700
53707
53711
53724
53734
53755
53763
53802
53832
53833
53836
53851
53858
53859
53860
53892
53896
53900
53902
53907
53949
53955
53957
53965
53976
53999
54007
54012
54027
54032
54038
54046
54049
54053
54054
54055
54056
54057
54058
54075
54083
54093
54103
54104
54129
54158
54168
54173
54179
54205
54213
54221
54228
54229
54233
54235
54242
54250
54256
54258
54259
54262
54263
54266
54268
54276
54277
54278
54280
54284
54286
54291
54297
54298
54299
54305
54312
54317
54318
54319
54323
54326
54332
54334
54335
54336
54337
54340
54342
54344
54347
54354
54358
54361
54362
54366
54369
54370
54373
54374
54375
54379
54381
54391
54392
54396
54397
54402
54405
54406
54409
54410
54416
54418
54419
54423
54427
54429
54433
54435
54441
54445
54448
54449
54452
54455
54456
54458
54460
54464
54466
54467
54475
54476
54478
54479
54481
54482
54483
54485
54486
54491
54498
54499
54501
54511
54514
54521
54522
54523
54528
54530
54531
54533
54535
54536
54537
54538
54541
54542
54543
54546
54549
54552
54553
54555
54558
54570
54573
54577
54579
54581
54583
54585
54586
54588
54590
54591
54595
54600
54601
54602
54605
54606
54607
54612
54615
54616
54619
54622
54623
54636
54639
54646
54654
54655
54658
54663
54670
54671
54677
54679
54682
54684
54693
54698
54707
54711
54712
54714
54721
54735
54745
54751
54753
54760
54766
54767
54769
54776
54777
54791
54792
54802
54839
54840
54845
54873
54879
54880
54889
54892
54896
54899
54902
54905
54909
54913
54916
54917
54920
54922
54923
54925
54926
54927
54928
54931
54934
54940
54947
54948
54950
54951
54956
54964
54974
54975
54980
54981
54982
54987
54988
54990
54991
54996
54997
54999
55002
55003
55004
55006
55007
55008
55009
55014
55015
55016
55017
55022
55023
55028
55029
55032
55033
55043
55048
55058
55060
55061
55062
55065
55067
55069
55072
55073
55075
55091
55092
55096
55106
55111
55112
55114
55116
55117
55119
55120
55122
55124
55127
55128
55131
55135
55136
55137
55142
55144
55145
55148
55150
55151
55153
55163
55166
55169
55170
55171
55173
55174
55178
55180
55183
55187
55190
55192
55193
55199
55201
55205
55212
55216
55220
55222
55229
55233
55241
55247
55255
55257
55262
55266
55268
55272
55273
55284
55294
55295
55296
55297
55298
55300
55308
55316
55318
55319
55325
55331
55339
55340
55348
55351
55380
55384
55395
55405
55408
55415
55424
55438
55506
55520
55529
55532
55533
55534
55535
55536
55548
55550
55553
55554
55562
55563
55565
55566
55570
55571
55572
55576
55580
55583
55586
55591
55607
55624
55625
55626
55627
55631
55633
55634
55636
55640
55642
55645
55646
55649
55651
55654
55657
55658
55660
55663
55671
55675
55680
55681
55683
55684
55694
55697
55703
55709
55711
55714
55715
55719
55728
55731
55732
55743
55744
55747
55748
55757
55760
55769
55774
55775
55776
55781
55782
55784
55788
55794
55795
55796
55800
55817
55827
55836
55839
55841
55845
55846
55847
55856
55866
55872
55873
55879
55885
55886
55891
55892
55895
55897
55901
55907
55908
55913
55915
55916
55919
55925
55926
55932
55936
55942
55945
55951
55952
55957
55974
55975
55976
55991
56008
56039
56048
56051
56057
56066
56078
56080
56087
56108
56118
56174
56175
56177
56182
56183
56193
56210
56214
56215
56224
56227
56229
56230
56231
56232
56233
56235
56238
56241
56242
56244
56247
56249
56250
56251
56252
56256
56262
56266
56278
56284
56286
56287
56288
56289
56290
56291
56292
56294
56302
56306
56314
56316
56318
56319
56321
56325
56326
56330
56333
56338
56339
56342
56343
56345
56346
56351
56353
56354
56355
56363
56364
56365
56368
56374
56376
56377
56378
56380
56381
56383
56387
56390
56391
56395
56398
56403
56406
56410
56413
56415
56417
56419
56422
56423
56424
56425
56429
56431
56433
56437
56438
56440
56441
56442
56446
56448
56452
56453
56456
56464
56470
56473
56477
56486
56487
56488
56493
56495
56497
56501
56505
56507
56508
56509
56510
56512
56522
56523
56525
56526
56535
56538
56544
56551
56552
56554
56555
56557
56568
56577
56580
56583
56584
56587
56590
56597
56601
56604
56605
56612
56616
56618
56619
56627
56635
56636
56638
56640
56647
56653
56677
56678
56683
56690
56704
56710
56714
56743
56750
56754
56759
56769
56775
56779
56852
56857
56863
56870
56873
56874
56876
56877
56878
56888
56890
56897
56898
56901
56903
56905
56911
56913
56914
56915
56916
56920
56925
56930
56933
56935
56938
56939
56940
56945
56946
56949
56951
56953
56957
56959
56965
56967
56968
56969
56973
56974
56976
56979
56981
56991
56992
56997
57002
57003
57004
57007
57008
57009
57010
57014
57015
57018
57019
57021
57025
57026
57032
57033
57038
57039
57040
57042
57047
57049
57050
57051
57052
57053
57055
57056
57058
57060
57064
57065
57066
57067
57068
57069
57070
57071
57072
57073
57074
57075
57076
57077
57078
57079
57080
57081
57082
57088
57090
57091
57092
57094
57099
57100
57103
57106
57110
57111
57115
57116
57117
57125
57126
57128
57131
57133
57134
57136
57140
57141
57147
57149
57150
57154
57155
57159
57160
57164
57166
57172
57173
57174
57175
57176
57178
57183
57189
57193
57195
57202
57210
57216
57233
57243
57259
57260
57291
57297
57318
57321
57339
57369
57378
57379
57382
57384
57386
57418
57454
57465
57542
57546
57550
57571
57573
57577
57591
57600
57601
57604
57605
57613
57615
57621
57672
57676
57677
57680
57688
57690
57703
57719
57754
57766
57767
57768
57777
57786
57787
57791
57792
57804
57805
57810
57816
57817
57822
57827
57838
57839
57841
57860
57861
57862
57863
57873
57876
57878
57895
57905
57910
57944
57985
57992
58013
58018
58039
58058
58066
58075
58080
58081
58086
58096
58100
58104
58110
58112
58126
58134
58138
58140
58148
58153
58168
58171
58172
58173
58177
58179
58183
58186
58187
58188
58189
58190
58203
58204
58205
58210
58212
58226
58230
58232
58233
58234
58235
58240
58241
58243
58245
58246
58247
58248
58249
58252
58254
58255
58256
58257
58260
58262
58266
58296
58299
58300
58303
58308
58324
58326
58335
58337
58339
58341
58342
58343
58346
58347
58351
58360
58365
58366
58367
58368
58370
58374
58377
58378
58379
58385
58387
58389
58390
58393
58396
58397
58408
58409
58411
58414
58415
58418
58420
58425
58432
58434
58437
58439
58440
58441
58448
58449
58451
58453
58454
58455
58468
58470
58472
58480
58492
58494
58497
58498
58512
58515
58517
58522
58525
58528
58529
58534
58545
58552
58555
58559
58577
58579
58582
58584
58605
58618
58631
58654
58662
58680
58690
58727
58735
58751
58757
58768
58772
58781
58784
58786
58793
58800
58810
58813
58817
58820
58824
58835
58840
58847
58853
58856
58857
58858
58862
58868
58874
58875
58878
58880
58882
58884
58885
58886
58889
58896
58899
58904
58907
58909
58911
58917
58918
58924
58927
58928
58939
58943
58946
58948
58949
58954
58955
58965
58970
58976
58977
58978
58984
58985
59007
59009
59011
59018
59022
59023
59025
59026
59030
59031
59036
59041
59043
59044
59047
59048
59052
59054
59057
59061
59062
59064
59065
59072
59073
59076
59077
59079
59085
59086
59087
59091
59097
59103
59107
59108
59111
59112
59115
59118
59120
59121
59126
59131
59132
59138
59141
59144
59145
59147
59148
59151
59157
59160
59166
59167
59168
59169
59170
59171
59172
59173
59174
59175
59176
59178
59185
59187
59189
59194
59195
59196
59199
59202
59204
59208
59211
59223
59227
59232
59236
59238
59239
59240
59260
59288
59291
59294
59298
59304
59307
59317
59318
59323
59324
59331
59354
59355
59359
59361
59364
59379
59386
59387
59388
59393
59396
59415
59416
59426
59471
59478
59485
59506
59518
59543
59558
59559
59570
59578
59581
59592
59594
59598
59606
59608
59611
59615
59617
59619
59620
59625
59626
59628
59637
59639
59642
59647
59651
59652
59653
59655
59657
59660
59662
59664
59667
59668
59671
59673
59676
59685
59688
59689
59691
59694
59702
59703
59704
59705
59706
59708
59709
59710
59711
59715
59716
59717
59725
59731
59733
59736
59742
59747
59748
59749
59750
59752
59753
59754
59755
59756
59757
59758
59761
59767
59768
59769
59771
59772
59774
59776
59777
59780
59781
59782
59784
59790
59792
59793
59794
59795
59796
59806
59813
59814
59817
59823
59825
59826
59828
59834
59835
59839
59842
59843
59845
59848
59849
59851
59856
59858
59859
59860
59861
59870
59876
59880
59882
59890
59893
59894
59896
59897
59899
59906
59912
59913
59915
59917
59918
59920
59922
59927
59929
59931
59933
59936
59939
59952
59959
59960
59966
59976
59978
60006
60007
60008
60012
60020
60021
60022
60034
60041
60043
60046
60049
60050
60056
60057
60077
60078
60114
60122
60123
60129
60134
60135
60161
60169
60185
60266
60270
60283
60287
60305
60314
60318
60319
60337
60341
60343
60347
60349
60357
60358
60362
60368
60372
60373
60375
60377
60380
60383
60394
60397
60398
60399
60401
60404
60406
60407
60408
60411
60412
60413
60414
60415
60416
60417
60418
60419
60420
60421
60424
60425
60426
60429
60434
60436
60439
60441
60442
60449
60453
60458
60462
60467
60468
60479
60482
60485
60487
60488
60490
60501
60503
60504
60509
60510
60511
60513
60519
60520
60521
60522
60526
60527
60530
60536
60537
60538
60547
60548
60552
60560
60563
60565
60567
60571
60572
60574
60575
60581
60587
60589
60598
60600
60608
60609
60610
60611
60612
60613
60621
60623
60624
60627
60629
60634
60645
60647
60652
60660
60661
60663
60666
60672
60674
60676
60686
60695
60696
60697
60704
60708
60714
60721
60739
60742
60744
60746
60756
60757
60766
60776
60798
60809
60811
60817
60823
60824
60838
60846
60847
60848
60858
60859
60862
60864
60868
60870
60874
60889
60948
60956
60966
60969
60971
60975
60981
60983
60985
60993
60996
61004
61005
61011
61015
61017
61026
61028
61031
61033
61045
61046
61047
61048
61051
61052
61055
61056
61058
61063
61067
61070
61072
61074
61078
61083
61095
61097
61099
61101
61106
61109
61110
61121
61123
61124
61129
61133
61138
61139
61155
61156
61157
61158
61159
61162
61163
61167
61171
61173
61174
61175
61182
61186
61191
61193
61199
61205
61213
61217
61221
61223
61232
61234
61242
61247
61269
61271
61280
61282
61286
61288
61293
61297
61304
61308
61312
61313
61316
61317
61318
61320
61327
61329
61332
61333
61338
61346
61354
61357
61366
61373
61376
61387
61429
61468
61470
61473
61508
61510
61517
61528
61539
61587
61588
61591
61607
61632
61639
61644
61645
61646
61654
61656
61658
61676
61681
61706
61708
61715
61723
61733
61736
61742
61746
61768
61784
61858
61864
61874
61875
61876
61877
61885
61905
61911
61923
61927
61936
61944
61945
61946
61947
61953
61954
61955
61958
61963
61968
61973
61981
61985
61986
62040
62048
62049
62050
62057
62097
62113
62115
62118
62122
62124
62127
62132
62134
62154
62157
62160
62166
62167
62168
62170
62172
62173
62177
62183
62188
62201
62203
62207
62210
62218
62223
62224
62226
62227
62229
62232
62235
62242
62248
62251
62252
62253
62256
62259
62260
62262
62265
62266
62267
62275
62278
62280
62281
62284
62285
62288
62289
62291
62293
62295
62296
62297
62299
62300
62303
62304
62305
62308
62309
62311
62312
62313
62315
62318
62323
62333
62334
62335
62339
62340
62345
62348
62355
62356
62364
62366
62367
62370
62376
62378
62379
62380
62381
62382
62383
62384
62385
62390
62393
62401
62411
62415
62419
62421
62423
62429
62431
62433
62439
62441
62442
62443
62444
62445
62447
62449
62458
62461
62463
62465
62466
62468
62469
62471
62473
62478
62480
62484
62488
62492
62501
62504
62518
62524
62525
62529
62538
62550
62551
62553
62558
62559
62562
62568
62571
62572
62574
62578
62585
62586
62588
62594
62595
62606
62634
62637
62638
62647
62666
62683
62700
62709
62714
62719
62720
62739
62741
62745
62748
62758
62759
62762
62763
62766
62767
62768
62770
62775
62777
62783
62784
62785
62790
62793
62798
62804
62805
62811
62812
62813
62815
62816
62819
62820
62823
62828
62831
62832
62835
62847
62851
62855
62856
62857
62863
62864
62865
62873
62877
62882
62888
62893
62898
62899
62903
62904
62905
62911
62912
62916
62919
62920
62924
62925
62930
62931
62938
62943
62944
62945
62946
62947
62949
62950
62951
62955
62957
62966
62967
62972
62973
62977
62979
62989
62993
62995
62996
62997
62999
63007
63008
63010
63015
63024
63026
63027
63029
63030
63031
63036
63037
63038
63039
63040
63042
63044
63049
63051
63055
63056
63058
63063
63065
63068
63082
63087
63091
63093
63098
63099
63106
63120
63127
63128
63136
63140
63145
63148
63154
63161
63162
63164
63205
63216
63235
63240
63280
63302
63308
63309
63310
63311
63314
63316
63322
63323
63324
63332
63333
63336
63347
63348
63352
63353
63365
63368
63369
63370
63371
63372
63373
63375
63382
63383
63384
63385
63386
63389
63395
63396
63405
63411
63412
63416
63419
63423
63426
63433
63434
63437
63442
63444
63451
63452
63455
63456
63458
63460
63464
63465
63468
63469
63470
63471
63479
63480
63482
63483
63488
63493
63499
63512
63526
63527
63529
63530
63541
63542
63543
63544
63546
63550
63552
63553
63562
63564
63565
63576
63579
63585
63587
63589
63590
63595
63596
63597
63600
63611
63617
63623
63637
63639
63644
63660
63665
63675
63689
63690
63695
63696
63702
63704
63705
63710
63716
63754
63763
63786
63827
63841
63851
63861
63862
63867
63870
63877
63878
63882
63887
63894
63900
63903
63904
63906
63910
63917
63922
63923
63926
63927
63933
63935
63937
63940
63945
63946
63949
63951
63953
63959
63962
63964
63976
63979
63982
63986
63987
63988
63989
63992
63993
63994
63997
64001
64010
64016
64022
64025
64027
64028
64030
64031
64032
64033
64036
64039
64040
64046
64047
64057
64063
64069
64075
64087
64091
64097
64106
64107
64108
64111
64113
64114
64115
64116
64117
64118
64122
64129
64134
64135
64143
64158
64161
64162
64165
64166
64169
64173
64174
64181
64182
64184
64187
64196
64200
64207
64208
64215
64218
64219
64230
64245
64249
64255
64256
64271
64275
64276
64278
64302
64314
64357
64366
64408
64418
64430
64436
64438
64439
64440
64448
64453
64455
64465
64467
64469
64474
64475
64476
64486
64487
64502
64503
64504
64505
64516
64524
64528
64529
64530
64531
64532
64533
64534
64536
64538
64541
64543
64544
64545
64548
64550
64553
64554
64555
64556
64559
64563
64564
64571
64572
64581
64583
64584
64586
64587
64591
64592
64593
64595
64597
64598
64601
64609
64611
64614
64617
64627
64628
64630
64635
64637
64642
64643
64645
64646
64648
64650
64661
64665
64669
64674
64675
64676
64681
64683
64697
64700
64703
64704
64706
64707
64712
64713
64722
64725
64726
64728
64729
64731
64769
64771
64776
64784
64789
64801
64804
64806
64808
64811
64812
64815
64816
64817
64818
64819
64820
64826
64830
64843
64848
64856
64896
64927
64945
64957
65014
65018
65039
65042
65049
65061
65062
65067
65095
65103
65113
65158
65159
65170
65272
65287
65330
65331
65340
65352
65354
65356
65357
65380
65381
65382
65387
65391
65410
65433
65445
65453
65454
65471
65483
65486
65499
65519
65523
65554
65576
65578
65582
65587
65588
65590
65596
65601
65605
65608
65611
65612
65613
65624
65626
65642
65644
65646
65650
65656
65659
65661
65666
65667
65668
65670
65672
65684
65685
65686
65694
65699
65703
65705
65707
65708
65709
65710
65714
65718
65720
65721
65725
65728
65730
65731
65732
65746
65755
65756
65757
65758
65760
65765
65767
65775
65781
65785
65788
65789
65793
65794
65796
65802
65803
65804
65805
65810
65814
65815
65817
65821
65822
65823
65824
65825
65831
65837
65838
65841
65842
65847
65853
65857
65858
65862
65866
65868
65870
65872
65874
65875
65877
65886
65889
65890
65891
65892
65899
65901
65912
65914
65918
65919
65926
65927
65932
65933
65936
65945
65956
65958
65961
65963
65966
65969
65972
65974
65984
65986
65994
66002
66008
66009
66019
66020
66022
66023
66032
66034
66036
66039
66058
66063
66067
66084
66116
66118
66137
66158
66164
66167
66196
66200
66201
66204
66207
66211
66214
66219
66234
66237
66251
66253
66257
66258
66260
66262
66282
66284
66288
66294
66295
66296
66298
66304
66305
66306
66309
66310
66311
66312
66313
66314
66317
66321
66325
66328
66329
66333
66339
66342
66344
66348
66350
66355
66362
66365
66372
66373
66377
66379
66382
66385
66386
66388
66389
66390
66401
66411
66413
66416
66429
66432
66433
66440
66447
66461
66462
66463
66468
66469
66472
66473
66474
66476
66480
66481
66488
66490
66491
66494
66495
66498
66500
66502
66503
66504
66506
66509
66510
66511
66513
66515
66520
66524
66526
66529
66533
66539
66545
66548
66551
66554
66555
66558
66560
66563
66564
66578
66579
66590
66591
66598
66600
66602
66605
66610
66616
66621
66622
66625
66632
66633
66639
66644
66648
66650
66657
66663
66664
66671
66675
66677
66682
66685
66692
66697
66704
66710
66715
66721
66723
66726
66727
66728
66735
66744
66745
66755
66756
66757
66765
66766
66767
66779
66792
66793
66799
66808
66810
66829
66831
66837
66846
66855
66870
66871
66879
66884
66915
66917
66927
66977
66978
67008
67013
67016
67021
67028
67035
67038
67039
67041
67043
67048
67049
67051
67054
67058
67060
67062
67066
67069
67071
67072
67077
67084
67087
67088
67089
67093
67102
67103
67107
67108
67109
67111
67112
67113
67114
67115
67119
67122
67125
67127
67129
67133
67140
67146
67166
67168
67169
67170
67171
67174
67178
67181
67184
67188
67190
67192
67204
67207
67211
67212
67215
67217
67224
67225
67227
67228
67232
67241
67243
67245
67250
67251
67252
67263
67264
67265
67270
67272
67277
67280
67285
67288
67289
67300
67302
67311
67315
67321
67324
67328
67329
67332
67334
67341
67342
67343
67350
67352
67353
67356
67358
67360
67361
67379
67383
67386
67390
67403
67406
67423
67440
67446
67448
67453
67454
67462
67468
67480
67493
67494
67495
67497
67498
67499
67515
67516
67518
67525
67529
67535
67549
67550
67552
67566
67591
67628
67629
67647
67654
67666
67678
67701
67711
67730
67750
67773
67779
67784
67805
67809
67813
67822
67826
67827
67828
67829
67838
67846
67847
67851
67852
67857
67859
67860
67867
67869
67874
67879
67883
67888
67892
67897
67901
67907
67909
67911
67912
67913
67916
67923
67925
67933
67939
67945
67947
67949
67956
67960
67961
67962
67963
67967
67973
67975
67981
67983
67985
67987
67988
67995
67996
67997
68001
68007
68014
68018
68019
68021
68022
68024
68025
68029
68030
68031
68036
68043
68047
68049
68050
68057
68058
68064
68070
68074
68078
68081
68082
68084
68087
68090
68092
68096
68098
68101
68102
68103
68105
68110
68111
68113
68116
68118
68125
68134
68136
68138
68139
68144
68145
68147
68148
68151
68156
68159
68161
68166
68167
68168
68169
68172
68173
68178
68180
68181
68182
68185
68188
68190
68191
68194
68196
68198
68202
68206
68209
68210
68229
68232
68233
68256
68263
68271
68274
68278
68284
68288
68290
68293
68294
68298
68306
68307
68308
68330
68331
68333
68334
68344
68354
68374
68379
68392
68401
68420
68425
68441
68442
68453
68471
68486
68543
68557
68564
68568
68572
68574
68586
68588
68590
68593
68597
68606
68607
68609
68612
68615
68617
68621
68625
68630
68631
68635
68637
68638
68642
68644
68652
68656
68657
68658
68661
68665
68669
68672
68677
68683
68688
68691
68693
68694
68697
68702
68703
68707
68716
68730
68731
68732
68733
68735
68740
68742
68748
68757
68758
68772
68773
68777
68778
68780
68783
68793
68794
68799
68800
68801
68802
68817
68826
68828
68833
68834
68839
68848
68849
68852
68854
68863
68867
68869
68871
68874
68875
68878
68881
68885
68887
68889
68893
68895
68907
68908
68916
68924
68926
68928
68931
68936
68957
68974
68975
68976
68980
68983
68994
69031
69036
69037
69038
69045
69049
69050
69051
69057
69058
69060
69065
69066
69073
69079
69080
69082
69083
69094
69095
69096
69097
69105
69122
69123
69126
69129
69130
69143
69144
69145
69147
69148
69150
69152
69168
69170
69171
69179
69180
69186
69187
69192
69194
69195
69196
69211
69215
69216
69217
69219
69231
69241
69243
69246
69254
69258
69259
69260
69263
69265
69274
69275
69276
69283
69285
69290
69299
69300
69302
69318
69319
69320
69324
69356
69357
69380
69384
69392
69401
69405
69422
69432
69468
69470
69480
69488
69493
69517
69546
69560
69561
69574
69585
69597
69608
69614
69626
69629
69633
69640
69641
69657
69661
69665
69671
69674
69683
69684
69694
69723
69730
69737
69739
69748
69751
69759
69771
69783
69815
69828
69832
69843
69844
69845
69867
69868
69871
69877
69884
69893
69896
69902
69907
69908
69915
69919
69928
69939
69942
69947
69948
69949
69951
69955
69957
69958
69966
69967
69975
69977
69978
69979
69982
69987
69988
69989
69990
69993
70003
70005
70009
70012
70023
70026
70028
70029
70030
70032
70033
70036
70042
70043
70053
70067
70071
70072
70075
70082
70086
70087
70088
70092
70093
70094
70097
70099
70104
70105
70107
70108
70112
70115
70126
70127
70130
70135
70156
70161
70162
70166
70167
70173
70181
70182
70187
70189
70190
70191
70193
70196
70197
70198
70208
70210
70213
70219
70224
70238
70241
70246
70249
70253
70256
70266
70270
70273
70275
70279
70281
70283
70284
70285
70293
70295
70298
70307
70309
70311
70313
70317
70322
70328
70337
70356
70359
70364
70365
70377
70387
70393
70396
70404
70419
70420
70421
70436
70438
70445
70446
70448
70451
70454
70466
70478
70538
70564
70576
70597
70621
70625
70627
70649
70658
70662
70663
70671
70683
70685
70693
70697
70698
70701
70702
70703
70708
70716
70724
70744
70752
70771
70778
70779
70784
70788
70792
70793
70799
70802
70803
70805
70807
70808
70810
70812
70813
70818
70819
70830
70831
70833
70837
70839
70842
70846
70848
70856
70860
70861
70868
70873
70879
70880
70886
70887
70890
70891
70899
70900
70901
70905
70907
70908
70921
70925
70926
70928
70929
70930
70931
70939
70941
70947
70949
70952
70954
70955
70957
70958
70968
70978
70982
70985
70986
70987
70988
70989
70991
70992
70993
70995
70999
71006
71008
71016
71020
71024
71028
71038
71039
71040
71041
71043
71053
71057
71058
71068
71070
71079
71083
71093
71102
71119
71120
71121
71123
71125
71126
71137
71141
71144
71146
71160
71164
71185
71189
71225
71226
71251
71253
71256
71262
71264
71275
71277
71324
71343
71395
71526
71540
71542
71548
71568
71578
71580
71601
71605
71607
71608
71615
71619
71620
71622
71626
71629
71636
71646
71648
71654
71655
71662
71666
71669
71683
71694
71695
71703
71704
71705
71706
71715
71719
71728
71732
71735
71751
71759
71760
71761
71767
71777
71779
71781
71782
71783
71788
71792
71793
71794
71795
71801
71803
71809
71814
71820
71822
71826
71827
71829
71830
71831
71837
71838
71842
71848
71851
71858
71859
71867
71872
71874
71875
71879
71892
71893
71894
71902
71904
71908
71926
71927
71934
71936
71939
71943
71944
71945
71946
71949
71950
71951
71956
71957
71959
71969
71975
71979
71997
72001
72006
72025
72026
72028
72029
72035
72038
72042
72044
72051
72058
72074
72095
72168
72353
72360
72367
72383
72386
72392
72394
72397
72398
72424
72425
72431
72437
72443
72446
72447
72453
72462
72463
72470
72487
72488
72506
72513
72516
72521
72522
72528
72533
72537
72540
72544
72550
72552
72554
72556
72561
72572
72576
72580
72583
72584
72585
72590
72596
72597
72602
72604
72606
72615
72621
72622
72631
72635
72636
72639
72642
72649
72655
72659
72667
72671
72678
72679
72682
72684
72691
72694
72696
72700
72701
72702
72706
72707
72708
72709
72713
72721
72722
72723
72733
72734
72736
72742
72746
72754
72758
72767
72774
72776
72777
72778
72779
72782
72783
72792
72795
72798
72813
72822
72832
72834
72845
72846
72847
72850
72860
72863
72865
72873
72874
72876
72880
72886
72907
72908
72913
72914
72927
72953
72966
73013
73072
73073
73075
73119
73120
73143
73144
73145
73152
73155
73159
73161
73166
73172
73173
73177
73179
73180
73188
73189
73194
73205
73213
73217
73221
73222
73225
73236
73237
73238
73239
73244
73245
73247
73249
73250
73254
73259
73264
73267
73269
73270
73277
73279
73280
73284
73289
73290
73291
73293
73294
73299
73305
73307
73312
73317
73318
73321
73325
73335
73337
73341
73343
73344
73345
73348
73349
73356
73357
73361
73365
73366
73371
73378
73379
73381
73397
73398
73399
73402
73404
73408
73410
73430
73432
73437
73438
73442
73444
73449
73453
73465
73467
73474
73480
73504
73510
73514
73518
73525
73526
73527
73535
73539
73578
73595
73602
73606
73617
73637
73650
73657
73659
73675
73698
73702
73750
73772
73784
73790
73793
73824
73829
73865
73882
73912
73915
73917
73923
73929
73936
73948
74022
74028
74034
74035
74039
74041
74060
74067
74079
74101
74105
74108
74109
74110
74115
74122
74136
74167
74168
74177
74188
74191
74245
74272
74278
74284
74295
74312
74318
74325
74333
74344
74347
74352
74354
74355
74361
74367
74372
74373
74374
74376
74379
74380
74392
74393
74402
74403
74404
74406
74411
74412
74413
74416
74418
74421
74434
74437
74438
74442
74445
74454
74456
74461
74467
74470
74471
74476
74479
74482
74486
74488
74489
74491
74496
74497
74498
74503
74509
74511
74513
74520
74529
74530
74532
74533
74534
74539
74540
74542
74555
74556
74559
74560
74564
74575
74581
74582
74587
74588
74590
74591
74595
74602
74603
74604
74606
74612
74614
74628
74635
74641
74642
74643
74647
74652
74653
74654
74656
74658
74667
74672
74673
74674
74675
74676
74682
74692
74701
74704
74711
74715
74716
74719
74722
74726
74733
74746
74762
74771
74774
74778
74806
74898
74909
74925
74952
74975
74996
75001
75006
75013
75022
75043
75044
75047
75050
75051
75052
75054
75058
75059
75070
75074
75076
75077
75082
75086
75092
75095
75096
75100
75109
75111
75119
75126
75136
75139
75140
75143
75146
75147
75148
75149
75151
75152
75153
75154
75155
75162
75163
75164
75165
75167
75172
75179
75182
75186
75187
75188
75189
75191
75192
75195
75196
75198
75205
75208
75212
75213
75220
75227
75228
75233
75235
75237
75243
75248
75250
75251
75252
75253
75255
75256
75258
75259
75262
75265
75270
75271
75272
75274
75275
75279
75283
75296
75297
75299
75303
75305
75310
75311
75319
75328
75332
75338
75339
75342
75346
75350
75356
75363
75373
75374
75382
75422
75423
75436
75451
75463
75495
75506
75513
75663
75708
75709
75730
75737
75739
75740
75741
75748
75749
75752
75753
75755
75756
75760
75770
75771
75773
75783
75795
75798
75802
75815
75816
75821
75830
75837
75839
75852
75859
75866
75885
75889
75890
75891
75902
75905
75908
75911
75913
75914
75916
75918
75920
75921
75923
75925
75926
75929
75931
75933
75936
75946
75962
75968
75976
75991
75992
75998
76002
76004
76005
76007
76011
76012
76014
76031
76033
76035
76036
76039
76040
76041
76045
76049
76050
76055
76060
76079
76083
76088
76091
76096
76097
76104
76118
76128
76134
76135
76137
76140
76144
76146
76153
76160
76162
76163
76172
76173
76182
76188
76189
76191
76209
76213
76214
76215
76216
76217
76219
76220
76221
76222
76223
76224
76225
76226
76227
76228
76229
76230
76232
76233
76234
76235
76251
76259
76266
76267
76274
76279
76283
76430
76552
76578
76586
76590
76596
76611
76614
76633
76639
76658
76669
76672
76676
76686
76687
76702
76703
76709
76717
76718
76730
76739
76749
76753
76756
76757
76764
76767
76769
76773
76774
76789
76790
76798
76801
76808
76811
76814
76817
76821
76823
76824
76826
76837
76847
76849
76850
76854
76859
76868
76869
76875
76876
76892
76893
76897
76898
76900
76907
76912
76914
76919
76922
76923
76925
76927
76929
76932
76933
76934
76942
76943
76944
76945
76946
76947
76950
76951
76953
76954
76956
76959
76960
76968
76974
76980
76988
76989
76992
76995
77002
77003
77004
77010
77052
77055
77058
77059
77061
77062
77063
77065
77067
77076
77081
77096
77103
77111
77117
77126
77130
77135
77152
77172
77200
77213
77217
77227
77243
77264
77269
77332
77378
77427
77440
77442
77449
77456
77463
77465
77467
77473
77477
77479
77481
77483
77485
77487
77488
77492
77501
77504
77505
77508
77509
77513
77516
77517
77520
77521
77522
77523
77525
77526
77529
77542
77554
77581
77587
77591
77596
77597
77599
77600
77601
77602
77604
77606
77610
77613
77614
77617
77618
77625
77626
77629
77631
77632
77646
77647
77648
77650
77655
77661
77662
77664
77669
77670
77673
77674
77681
77688
77696
77711
77712
77716
77722
77723
77726
77734
77739
77742
77746
77758
77761
77762
77765
77766
77767
77769
77770
77771
77772
77774
77783
77784
77787
77788
77789
77796
77802
77809
77810
77820
77825
77826
77830
77841
77845
77858
77861
77869
77874
77909
77920
77945
77959
77975
77981
78011
78042
78081
78105
78116
78124
78150
78202
78208
78210
78226
78292
78301
78333
78353
78356
78369
78379
78404
78409
78411
78414
78421
78437
78512
78567
78572
78574
78582
78586
78595
78601
78604
78612
78614
78618
78619
78622
78623
78629
78630
78633
78634
78635
78639
78647
78659
78668
78679
78680
78690
78691
78696
78697
78700
78701
78713
78715
78723
78738
78741
78743
78749
78752
78755
78756
78763
78764
78765
78774
78776
78780
78785
78786
78794
78812
78818
78819
78823
78824
78826
78827
78828
78830
78832
78833
78834
78838
78842
78843
78845
78848
78849
78853
78855
78856
78857
78858
78860
78861
78862
78863
78868
78870
78873
78874
78883
78884
78885
78891
78892
78900
78902
78910
78916
78918
78923
78924
78926
78931
78932
78936
78938
78941
78942
78954
78955
78961
78964
78969
78971
78976
78981
78983
78991
79006
79030
79037
79068
79137
79144
79186
79189
79191
79193
79194
79220
79234
79237
79240
79244
79251
79253
79257
79258
79264
79265
79271
79275
79278
79280
79281
79284
79285
79286
79287
79290
79291
79293
79297
79300
79305
79307
79308
79310
79318
79319
79320
79324
79325
79330
79331
79334
79338
79342
79343
79344
79345
79346
79347
79348
79349
79355
79361
79363
79366
79368
79375
79378
79380
79381
79382
79383
79416
79417
79424
79425
79435
79436
79437
79453
79454
79458
79465
79466
79467
79468
79469
79472
79473
79475
79479
79483
79484
79486
79492
79495
79506
79507
79510
79511
79512
79514
79517
79523
79528
79530
79531
79533
79539
79540
79541
79542
79549
79552
79558
79560
79564
79565
79567
79569
79570
79571
79576
79577
79581
79582
79588
79589
79590
79591
79593
79601
79605
79606
79611
79616
79617
79620
79624
79631
79641
79646
79652
79665
79666
79672
79673
79674
79685
79693
79700
79703
79719
79726
79737
79743
79765
79769
79781
79784
79786
79787
79790
79791
79795
79800
79808
79809
79811
79812
79820
79821
79823
79825
79826
79827
79830
79831
79832
79833
79834
79838
79852
79861
79870
79871
79873
79878
79879
79881
79886
79887
79890
79891
79893
79894
79896
79905
79907
79912
79917
79918
79919
79920
79922
79924
79926
79927
79931
79933
79938
79939
79942
79943
79954
79955
79958
79959
79960
79964
79966
79967
79969
79971
79973
79974
79976
79983
79993
79994
79996
79998
79999
80000
80006
80008
80009
80010
80011
80013
80014
80016
80019
80025
80031
80035
80039
80050
80052
80054
80055
80059
80062
80064
80067
80071
80076
80077
80082
80085
80088
80089
80096
80098
80100
80101
80102
80104
80107
80117
80118
80119
80120
80123
80124
80134
80137
80139
80141
80142
80145
80152
80153
80157
80176
80177
80180
80191
80196
80216
80217
80219
80223
80228
80230
80232
80246
80248
80249
80258
80261
80262
80286
80291
80297
80305
80311
80319
80329
80330
80334
80338
80345
80347
80348
80353
80354
80356
80376
80378
80381
80382
80383
80391
80393
80400
80405
80406
80410
80411
80415
80421
80424
80425
80428
80429
80431
80433
80434
80437
80439
80440
80441
80445
80451
80452
80454
80456
80460
80466
80470
80479
80480
80487
80488
80493
80499
80506
80510
80513
80516
80518
80519
80528
80550
80554
80555
80561
80562
80563
80566
80568
80570
80572
80581
80582
80601
80602
80606
80607
80609
80610
80612
80613
80617
80618
80619
80621
80623
80628
80631
80633
80648
80652
80655
80660
80662
80668
80672
80673
80676
80681
80682
80688
80689
80692
80697
80702
80706
80711
80712
80722
80728
80733
80748
80753
80783
80787
80814
80850
80864
80865
80881
80883
80886
80895
80897
80899
80900
80901
80902
80905
80907
80908
80909
80917
80920
80921
80924
80925
80926
80931
80932
80933
80935
80936
80939
80944
80945
80947
80953
80955
80957
80962
80963
80968
80969
80970
80974
80975
80990
80993
80994
81003
81007
81011
81012
81013
81016
81018
81019
81021
81022
81027
81028
81029
81042
81045
81053
81068
81069
81072
81074
81078
81082
81083
81084
81086
81091
81093
81097
81099
81100
81102
81104
81110
81111
81123
81128
81135
81136
81144
81145
81151
81152
81158
81169
81171
81181
81184
81187
81190
81213
81217
81224
81229
81231
81235
81244
81245
81266
81300
81304
81353
81386
81402
81403
81406
81407
81408
81430
81433
81441
81445
81452
81458
81461
81465
81496
81504
81505
81513
81524
81527
81552
81574
81575
81626
81631
81643
81653
81660
81708
81716
81724
81732
81734
81735
81736
81745
81752
81781
81783
81784
81789
81791
81882
81886
81893
81896
81898
81905
81906
81915
81920
81935
81940
81942
81944
81946
81947
81948
81953
81955
81963
81965
81969
81970
81972
81975
81976
81978
81980
81985
81986
81988
81992
82000
82004
82005
82007
82014
82026
82027
82038
82041
82044
82047
82048
82050
82051
82052
82053
82057
82058
82062
82063
82065
82068
82071
82074
82076
82077
82079
82089
82096
82097
82099
82100
82111
82112
82113
82114
82118
82124
82125
82131
82146
82155
82156
82157
82166
82168
82173
82181
82182
82183
82186
82191
82193
82194
82201
82202
82204
82206
82208
82217
82233
82234
82242
82243
82244
82248
82249
82251
82255
82256
82260
82262
82263
82269
82276
82298
82299
82300
82301
82303
82320
82324
82346
82353
82360
82371
82376
82404
82411
82413
82415
82472
82474
82480
82488
82505
82511
82513
82516
82517
82519
82528
82531
82536
82537
82541
82542
82547
82557
82567
82573
82576
82577
82582
82591
82593
82596
82601
82608
82612
82616
82618
82620
82622
82634
82636
82637
82650
82651
82654
82659
82660
82663
82666
82669
82679
82680
82681
82683
82687
82689
82692
82693
82694
82695
82705
82706
82710
82711
82716
82727
82730
82731
82735
82740
82742
82749
82766
82767
82772
82775
82782
82786
82789
82791
82799
82800
82816
82817
82818
82819
82820
82821
82823
82830
82831
82834
82835
82840
82842
82843
82844
82847
82848
82849
82855
82857
82859
82860
82864
82866
82869
82870
82877
82883
82909
82921
82927
82950
82961
82967
82976
82981
82982
83082
83098
83105
83106
83107
83108
83109
83111
83114
83121
83124
83137
83144
83146
83152
83164
83165
83167
83169
83171
83172
83177
83180
83187
83196
83201
83202
83203
83209
83215
83225
83234
83238
83239
83241
83248
83253
83261
83264
83267
83268
83272
83274
83278
83283
83285
83287
83290
83292
83309
83315
83316
83318
83320
83326
83327
83330
83331
83339
83340
83348
83353
83363
83373
83374
83379
83381
83385
83388
83389
83390
83393
83395
83396
83397
83398
83402
83405
83408
83414
83420
83429
83430
83435
83440
83443
83445
83448
83459
83462
83470
83489
83491
83492
83493
83497
83500
83514
83518
83526
83530
83535
83545
83554
83566
83568
83577
83584
83597
83609
83637
83639
83641
83683
83691
83707
83711
83712
83736
83737
83739
83741
83742
83752
83756
83757
83758
83762
83763
83776
83785
83787
83791
83803
83804
83811
83818
83820
83821
83828
83836
83838
83839
83840
83842
83845
83849
83851
83862
83866
83867
83873
83883
83884
83886
83893
83901
83905
83911
83916
83917
83925
83927
83933
83934
83936
83938
83939
83947
83951
83963
83965
83967
83968
83985
83988
83992
83993
83994
83995
83998
84005
84009
84015
84017
84024
84028
84061
84062
84072
84073
84079
84089
84090
84095
84102
84106
84109
84118
84121
84122
84126
84127
84128
84132
84139
84150
84187
84210
84234
84278
84318
84322
84326
84327
84328
84330
84335
84347
84349
84356
84374
84397
84403
84404
84410
84411
84419
84421
84422
84425
84432
84433
84438
84439
84440
84443
84444
84445
84446
84450
84451
84463
84464
84472
84473
84476
84480
84486
84487
84490
84496
84497
84498
84504
84508
84510
84511
84512
84513
84522
84533
84535
84538
84545
84550
84551
84554
84556
84557
84570
84571
84574
84575
84576
84577
84579
84580
84584
84585
84589
84597
84600
84602
84603
84604
84605
84608
84612
84622
84627
84630
84631
84634
84638
84639
84640
84646
84647
84656
84659
84664
84672
84679
84683
84684
84693
84694
84695
84696
84698
84701
84725
84744
84763
84773
84800
84805
84848
84849
84860
84879
84946
84973
84985
85006
85041
85099
85100
85108
85117
85145
85154
85161
85177
85361
85366
85373
85375
85391
85401
85402
85403
85405
85415
85422
85426
85428
85443
85457
85467
85473
85486
85508
85571
85581
85604
85627
85638
85643
85644
85647
85652
85658
85659
85661
85665
85666
85668
85669
85672
85673
85674
85675
85684
85686
85687
85692
85693
85694
85700
85709
85713
85714
85715
85716
85719
85720
85721
85722
85725
85726
85728
85733
85734
85737
85738
85742
85744
85746
85749
85755
85756
85759
85761
85763
85764
85765
85768
85771
85772
85784
85790
85793
85794
85801
85809
85810
85811
85813
85814
85815
85817
85820
85824
85830
85837
85851
85855
85858
85861
85869
85871
85872
85873
85878
85883
85888
85893
85897
85898
85900
85903
85907
85908
85909
85910
85912
85914
85921
85925
85927
85936
85940
85944
85946
85947
85954
85959
85981
85984
85992
85997
86002
86004
86005
86006
86023
86025
86028
86029
86032
86036
86038
86043
86044
86051
86053
86056
86058
86060
86072
86086
86094
86104
86107
86116
86122
86133
86140
86147
86149
86164
86176
86196
86197
86198
86230
86244
86264
86270
86278
86282
86284
86301
86302
86310
86316
86321
86330
86331
86339
86340
86341
86343
86361
86362
86366
86370
86371
86374
86376
86378
86379
86380
86381
86382
86386
86388
86391
86392
86395
86403
86411
86412
86415
86418
86419
86423
86424
86429
86432
86434
86435
86446
86453
86456
86459
86461
86471
86473
86474
86481
86485
86492
86496
86499
86500
86501
86502
86503
86507
86511
86512
86515
86523
86529
86532
86533
86540
86542
86549
86553
86560
86567
86572
86582
86592
86600
86608
86612
86614
86615
86618
86620
86626
86627
86637
86638
86653
86664
86665
86670
86673
86675
86687
86690
86696
86699
86700
86705
86707
86709
86718
86719
86720
86722
86730
86731
86755
86767
86772
86774
86776
86780
86792
86806
86869
86878
86942
86945
86949
86965
86976
86986
87003
87006
87007
87017
87039
87040
87041
87042
87045
87052
87055
87061
87071
87073
87076
87081
87083
87098
87104
87111
87131
87132
87133
87149
87150
87156
87163
87164
87174
87178
87180
87183
87184
87185
87186
87202
87211
87213
87214
87215
87217
87222
87225
87227
87228
87232
87244
87245
87246
87247
87248
87249
87250
87253
87260
87261
87264
87267
87268
87271
87272
87273
87280
87287
87290
87295
87307
87310
87311
87312
87317
87320
87323
87324
87327
87328
87329
87333
87339
87366
87373
87388
87391
87392
87409
87419
87443
87446
87473
87479
87505
87509
87527
87622
87627
87628
87635
87641
87643
87644
87645
87648
87651
87661
87665
87671
87672
87679
87680
87682
87685
87689
87690
87695
87697
87698
87699
87700
87703
87705
87706
87710
87711
87725
87735
87736
87739
87748
87749
87753
87759
87760
87761
87766
87768
87771
87775
87776
87777
87779
87780
87782
87788
87792
87802
87804
87805
87806
87807
87814
87819
87822
87823
87824
87825
87827
87828
87830
87834
87842
87844
87846
87853
87854
87859
87860
87865
87879
87883
87888
87897
87898
87905
87910
87911
87912
87913
87914
87916
87917
87919
87922
87924
87929
87930
87932
87933
87934
87937
87938
87941
87946
87947
87948
87949
87952
87953
87954
87979
87985
87989
87998
88010
88011
88018
88019
88030
88035
88038
88044
88050
88056
88061
88063
88068
88069
88082
88089
88104
88108
88109
88135
88152
88200
88217
88233
88240
88242
88255
88259
88262
88269
88275
88279
88281
88282
88288
88289
88290
88301
88304
88305
88323
88324
88332
88334
88344
88349
88351
88352
88354
88357
88361
88363
88364
88371
88378
88382
88383
88384
88387
88390
88401
88403
88407
88409
88432
88439
88440
88448
88449
88451
88456
88475
88477
88494
88502
88504
88505
88508
88510
88511
88515
88517
88523
88526
88527
88529
88532
88533
88537
88538
88539
88544
88548
88552
88555
88563
88569
88574
88578
88583
88586
88587
88594
88599
88600
88623
88625
88635
88638
88639
88644
88659
88660
88671
88677
88693
88727
88731
88738
88750
88753
88755
88759
88800
88851
88861
88869
88872
88900
88909
88913
88916
88954
88965
88968
88972
88973
88988
88989
89028
89066
89079
89081
89127
89185
89189
89206
89239
89246
89263
89264
89273
89294
89298
89310
89324
89332
89338
89361
89366
89374
89380
89381
89397
89401
89429
89454
89463
89468
89482
89487
89488
89489
89492
89496
89505
89507
89509
89515
89516
89530
89531
89535
89538
89542
89544
89547
89548
89560
89561
89568
89569
89588
89590
89592
89593
89597
89604
89605
89607
89613
89618
89621
89622
89629
89634
89639
89641
89642
89646
89651
89653
89655
89659
89661
89662
89664
89667
89672
89677
89678
89680
89682
89683
89684
89685
89691
89693
89694
89695
89696
89708
89713
89718
89724
89731
89732
89737
89745
89749
89755
89756
89760
89762
89764
89766
89769
89772
89776
89778
89780
89797
89798
89810
89827
89828
89835
89837
89838
89843
89852
89857
89865
89872
89873
89874
89880
89887
89889
89893
89895
89932
89943
89957
89961
89964
89975
90003
90006
90008
90009
90015
90019
90038
90045
90047
90054
90057
90059
90066
90067
90070
90071
90074
90075
90076
90084
90087
90088
90090
90104
90105
90107
90109
90113
90117
90118
90124
90134
90136
90137
90139
90142
90146
90152
90163
90164
90172
90173
90177
90179
90180
90183
90184
90187
90197
90200
90215
90219
90220
90221
90222
90223
90224
90225
90226
90231
90233
90235
90237
90250
90251
90252
90255
90258
90259
90260
90261
90262
90272
90273
90277
90285
90286
90290
90300
90302
90304
90305
90306
90308
90313
90314
90325
90326
90328
90337
90339
90342
90343
90357
90378
90380
90382
90390
90392
90394
90396
90406
90411
90459
90462
90470
90480
90543
90544
90552
90559
90569
90573
90577
90580
90581
90586
90590
90591
90592
90599
90604
90605
90607
90616
90628
90629
90630
90635
90637
90639
90641
90645
90646
90656
90659
90663
90678
90679
90680
90684
90685
90686
90695
90701
90704
90712
90715
90717
90718
90723
90724
90731
90733
90734
90746
90751
90753
90755
90761
90769
90771
90778
90795
90796
90797
90805
90808
90809
90810
90817
90827
90828
90829
90830
90836
90845
90846
90849
90857
90859
90860
90861
90862
90865
90866
90868
90879
90882
90892
90895
90899
90902
90905
90906
90907
90915
90916
90924
90931
90934
90937
90939
90942
90949
90955
90966
90967
90968
90969
90971
90974
90978
90998
91002
91032
91035
91049
91069
91081
91093
91100
91105
91113
91115
91120
91129
91130
91142
91143
91154
91155
91157
91169
91170
91180
91181
91182
91183
91194
91197
91202
91207
91208
91212
91216
91219
91223
91230
91232
91234
91235
91245
91256
91261
91262
91263
91264
91268
91270
91277
91281
91285
91289
91307
91308
91311
91316
91318
91319
91320
91321
91328
91338
91339
91346
91348
91349
91351
91352
91355
91357
91364
91366
91372
91375
91382
91390
91409
91410
91417
91427
91433
91435
91440
91441
91444
91445
91450
91462
91463
91473
91477
91499
91507
91509
91511
91521
91535
91542
91544
91563
91577
91600
91654
91671
91679
91687
91689
91690
91700
91701
91704
91712
91713
91714
91715
91734
91736
91737
91738
91742
91749
91750
91755
91758
91759
91761
91764
91768
91772
91773
91774
91775
91776
91782
91783
91784
91787
91802
91808
91812
91814
91817
91819
91820
91821
91822
91828
91829
91839
91844
91845
91855
91863
91864
91866
91867
91868
91869
91874
91882
91889
91896
91898
91902
91907
91910
91915
91920
91921
91922
91925
91939
91942
91958
91961
91968
91969
91970
91977
91979
92005
92011
92013
92021
92061
92062
92063
92069
92075
92158
92163
92178
92191
92194
92195
92210
92232
92263
92264
92275
92277
92282
92292
92299
92301
92307
92332
92343
92365
92397
92440
92451
92456
92483
92543
92555
92562
92566
92577
92588
92632
92653
92657
92669
92682
92705
92707
92708
92709
92710
92711
92712
92713
92724
92756
92758
92764
92766
92769
92779
92783
92786
92790
92793
92795
92800
92802
92811
92817
92828
92830
92838
92841
92845
92846
92847
92853
92854
92857
92863
92864
92867
92870
92878
92883
92886
92888
92889
92890
92894
92902
92903
92907
92910
92912
92918
92923
92925
92942
92943
92944
92945
92947
92948
92949
92950
92952
92955
92956
92958
92959
92960
92961
92962
92964
92970
92971
92975
92979
92981
92983
92985
92988
92991
92992
92998
92999
93000
93001
93009
93010
93012
93013
93014
93017
93022
93027
93028
93031
93035
93042
93043
93044
93050
93052
93053
93054
93056
93060
93064
93066
93067
93070
93075
93076
93082
93083
93086
93089
93091
93092
93095
93096
93099
93102
93106
93117
93124
93144
93166
93167
93170
93176
93186
93189
93197
93205
93208
93218
93224
93228
93229
93231
93238
93245
93248
93249
93256
93305
93317
93318
93346
93383
93405
93412
93415
93416
93426
93432
93434
93436
93438
93443
93445
93449
93452
93453
93457
93458
93472
93474
93478
93479
93481
93482
93485
93489
93492
93493
93504
93506
93509
93513
93515
93518
93520
93521
93522
93523
93525
93529
93534
93537
93540
93544
93552
93565
93566
93567
93568
93569
93575
93578
93583
93587
93589
93595
93605
93607
93609
93610
93618
93619
93620
93622
93623
93627
93630
93631
93632
93633
93635
93636
93637
93644
93645
93646
93652
93656
93657
93668
93670
93674
93676
93679
93680
93681
93682
93683
93685
93686
93687
93690
93693
93694
93696
93697
93698
93708
93714
93729
93737
93738
93743
93745
93746
93751
93752
93753
93755
93761
93766
93768
93769
93776
93780
93792
93799
93805
93835
93858
93874
93876
93883
93889
93901
93914
93948
93952
93961
93968
93978
93979
93984
93989
93992
94006
94007
94010
94036
94038
94039
94041
94042
94043
94044
94045
94046
94049
94062
94066
94067
94071
94072
94074
94076
94082
94084
94089
94090
94097
94098
94099
94105
94109
94110
94117
94118
94124
94129
94136
94143
94144
94145
94147
94152
94153
94157
94158
94161
94162
94164
94166
94167
94169
94170
94171
94191
94194
94196
94199
94202
94204
94207
94209
94213
94214
94215
94216
94219
94223
94224
94227
94230
94232
94233
94243
94245
94246
94247
94249
94251
94253
94255
94257
94266
94268
94270
94272
94274
94280
94281
94282
94293
94297
94323
94324
94353
94366
94371
94383
94493
94512
94542
94618
94620
94621
94637
94641
94645
94656
94659
94660
94668
94686
94687
94691
94693
94694
94699
94716
94729
94732
94737
94739
94740
94744
94745
94757
94758
94759
94760
94767
94769
94771
94774
94781
94785
94786
94787
94788
94789
94790
94791
94792
94796
94797
94801
94805
94806
94811
94812
94813
94815
94816
94817
94821
94825
94826
94827
94846
94848
94850
94853
94854
94855
94857
94860
94861
94865
94868
94870
94873
94876
94878
94880
94881
94883
94890
94893
94894
94897
94901
94905
94908
94910
94918
94920
94921
94922
94923
94924
94927
94928
94929
94935
94940
94945
94954
94957
94963
94965
94969
94975
94981
94988
94994
95013
95022
95028
95032
95033
95050
95051
95056
95064
95067
95069
95074
95081
95086
95087
95140
95215
95216
95219
95222
95228
95231
95241
95244
95248
95253
95255
95260
95269
95273
95274
95275
95279
95285
95289
95293
95294
95296
95299
95300
95301
95305
95306
95314
95323
95325
95327
95332
95333
95336
95338
95352
95360
95368
95369
95375
95378
95382
95389
95390
95393
95403
95409
95410
95412
95417
95421
95422
95424
95425
95426
95429
95430
95431
95432
95433
95434
95439
95443
95450
95452
95453
95467
95472
95476
95477
95480
95483
95484
95489
95493
95497
95498
95499
95500
95501
95502
95505
95510
95511
95517
95518
95519
95521
95522
95525
95529
95536
95538
95541
95542
95550
95552
95556
95558
95566
95568
95587
95589
95604
95607
95616
95617
95627
95634
95636
95660
95661
95669
95671
95672
95680
95690
95693
95696
95698
95705
95734
95735
95853
95861
95862
95867
95881
95888
95893
95905
95906
95912
95928
95956
95967
95998
96000
96006
96017
96021
96032
96033
96055
96115
96121
96137
96147
96149
96156
96163
96175
96176
96189
96197
96200
96209
96214
96224
96229
96231
96232
96234
96243
96244
96251
96253
96262
96265
96283
96292
96363
96373
96378
96379
96384
96385
96386
96389
96390
96392
96405
96408
96417
96419
96420
96421
96427
96428
96444
96445
96447
96448
96450
96453
96462
96464
96468
96481
96485
96495
96496
96499
96506
96512
96514
96515
96520
96521
96522
96527
96528
96529
96536
96537
96539
96541
96543
96545
96546
96554
96555
96559
96560
96563
96564
96566
96569
96570
96571
96572
96576
96581
96586
96591
96592
96593
96596
96599
96600
96604
96606
96609
96610
96617
96618
96620
96622
96623
96624
96625
96626
96627
96629
96630
96639
96654
96658
96667
96668
96669
96671
96679
96680
96683
96685
96688
96694
96695
96699
96700
96722
96733
96736
96737
96741
96742
96754
96761
96768
96777
96794
96802
96819
96820
96821
96840
96929
96981
96984
96987
96988
96991
96992
96994
97006
97009
97010
97017
97018
97053
97058
97077
97089
97091
97092
97096
97099
97101
97102
97105
97112
97126
97144
97146
97153
97154
97156
97162
97170
97179
97185
97192
97195
97196
97198
97206
97210
97215
97224
97228
97230
97231
97232
97236
97242
97243
97244
97257
97258
97265
97266
97270
97271
97273
97274
97278
97279
97280
97281
97289
97290
97291
97294
97296
97297
97298
97299
97300
97301
97303
97306
97310
97312
97313
97314
97319
97323
97324
97325
97327
97329
97332
97333
97334
97335
97336
97338
97340
97341
97342
97344
97345
97346
97347
97350
97356
97365
97366
97367
97386
97396
97400
97411
97414
97416
97419
97420
97422
97431
97435
97441
97442
97443
97445
97448
97450
97451
97454
97467
97472
97473
97474
97500
97502
97504
97512
97518
97521
97522
97523
97534
97540
97542
97543
97548
97550
97551
97553
97554
97555
97569
97571
97576
97603
97618
97642
97670
97676
97729
97750
97754
97771
97784
97793
97797
97798
97801
97807
97808
97812
97814
97816
97819
97824
97832
97838
97885
97891
97892
97916
97936
97943
97944
97948
97952
97961
97976
97980
97984
97987
97996
97998
98000
98003
98012
98015
98017
98020
98039
98041
98042
98045
98046
98048
98051
98056
98068
98082
98084
98085
98086
98087
98092
98093
98098
98099
98105
98110
98112
98119
98122
98123
98130
98131
98140
98143
98144
98155
98156
98163
98165
98166
98167
98175
98179
98183
98188
98195
98206
98219
98225
98231
98233
98237
98239
98241
98243
98244
98245
98260
98262
98271
98276
98277
98281
98282
98283
98285
98288
98307
98308
98313
98326
98328
98330
98331
98333
98349
98355
98357
98373
98395
98396
98411
98416
98417
98507
98512
98515
98519
98550
98567
98676
98684
98689
98692
98696
98702
98706
98709
98715
98717
98721
98722
98723
98724
98729
98736
98737
98756
98758
98775
98776
98777
98778
98784
98788
98793
98794
98796
98799
98800
98803
98806
98808
98812
98815
98819
98821
98826
98827
98829
98830
98832
98835
98836
98837
98844
98851
98863
98865
98869
98871
98903
98906
98908
98915
98916
98920
98929
98930
98946
98956
98957
98958
98959
98960
98962
98963
98964
98965
98979
98988
98999
99000
99004
99006
99010
99011
99013
99014
99023
99025
99027
99030
99035
99038
99039
99040
99048
99049
99051
99053
99055
99058
99062
99067
99069
99082
99097
99099
99101
99102
99109
99111
99117
99121
99125
99158
99198
99208
99230
99234
99257
99285
99289
99303
99310
99313
99340
99382
99392
99402
99405
99406
99420
99427
99432
99434
99440
99444
99446
99450
99459
99473
99475
99495
99499
99504
99508
99509
99513
99528
99535
99544
99545
99546
99548
99556
99557
99558
99563
99567
99574
99576
99580
99583
99587
99591
99593
99596
99598
99605
99609
99620
99622
99623
99625
99626
99627
99630
99631
99634
99638
99645
99646
99652
99656
99658
99661
99662
99665
99668
99672
99677
99679
99680
99682
99683
99689
99690
99691
99692
99693
99696
99698
99704
99709
99710
99711
99712
99713
99721
99725
99726
99727
99728
99734
99736
99739
99750
99751
99753
99754
99759
99768
99775
99780
99783
99787
99791
99802
99809
99818
99822
99835
99839
99851
99892
99894
99914
99915
99924
99925
99926
99927
99928
99929
99930
99931
99936
99962
99981
99995
100027
100041
100081
100082
100083
100084
100085
100111
100120
100121
100134
100135
100139
100141
100177
100178
100207
100209
100211
100215
100228
100241
100253
100262
100276
100278
100311
100369
100473
100637
100684
100714
100728
100774
100788
100842
100843
100872
100883
100884
100907
100944
100955
100984
101015
101029
101044
101077
101125
101339
101364
101371
101372
101373
101383
101391
101413
101425
101443
101444
101448
101463
101469
101470
101475
101477
101484
101485
101509
101515
101518
101526
101531
101532
101536
101543
101546
101549
101550
101562
101563
101564
101566
101568
101575
101578
101580
101581
101583
101591
101595
101601
101613
101620
101627
101628
101632
101635
101638
101643
101654
101667
101673
101693
101695
101702
101703
101707
101715
101716
101718
101723
101725
101726
101730
101735
101739
101746
101748
101756
101759
101760
101771
101784
101785
101786
101787
101793
101795
101798
101799
101803
101804
101815
101831
101832
101836
101847
101850
101851
101852
101855
101861
101864
101878
101882
101892
101894
101898
101903
101905
101911
101918
101937
101958
101961
101990
101993
101999
102003
102013
102031
102049
102050
102063
102066
102082
102088
102090
102105
102106
102123
102128
102144
102146
102169
102242
102256
102267
102272
102284
102292
102296
102304
102308
102318
102325
102326
102348
102360
102367
102368
102369
102370
102371
102372
102373
102374
102375
102376
102380
102382
102388
102389
102390
102397
102398
102399
102400
102401
102402
102403
102407
102410
102411
102412
102415
102425
102430
102431
102444
102451
102454
102455
102459
102463
102464
102466
102467
102469
102470
102471
102472
102473
102474
102475
102476
102477
102478
102479
102480
102481
102482
102483
102489
102490
102491
102492
102493
102494
102496
102498
102500
102501
102504
102505
102506
102507
102509
102511
102512
102515
102525
102529
102540
102541
102542
102550
102553
102558
102562
102565
102566
102567
102570
102572
102573
102574
102575
102576
102578
102581
102588
102589
102590
102592
102594
102596
102598
102599
102600
102606
102607
102609
102611
102620
102621
102623
102624
102626
102627
102632
102635
102636
102637
102638
102641
102642
102643
102644
102646
102648
102649
102650
102653
102654
102660
102667
102671
102672
102680
102683
102686
102690
102691
102692
102697
102705
102708
102715
102716
102721
102736
102748
102756
102760
102775
102785
102787
102816
102835
102848
102849
102925
102926
102929
102939
102946
102952
102955
102961
102966
102975
102979
102980
102984
102986
102987
102999
103001
103004
103016
103017
103019
103034
103048
103050
103051
103054
103064
103065
103066
103069
103070
103071
103072
103083
103086
103087
103088
103089
103092
103095
103096
103101
103102
103110
103112
103113
103115
103117
103121
103126
103130
103132
103133
103134
103145
103148
103150
103163
103164
103166
103168
103169
103171
103172
103173
103175
103176
103181
103185
103203
103213
103216
103220
103229
103231
103242
103249
103250
103251
103255
103260
103265
103273
103282
103289
103296
103297
103303
103305
103307
103308
103326
103327
103341
103343
103350
103352
103360
103390
103406
103417
103418
103420
103423
103426
103427
103428
103431
103437
103440
103445
103450
103457
103459
103461
103468
103523
103527
103565
103568
103569
103580
103582
103585
103607
103608
103609
103611
103613
103615
103616
103618
103619
103623
103628
103629
103631
103632
103640
103641
103642
103643
103648
103653
103655
103658
103660
103662
103663
103664
103665
103668
103671
103677
103679
103686
103693
103694
103698
103706
103707
103712
103713
103715
103721
103724
103726
103731
103737
103738
103745
103746
103749
103751
103753
103761
103770
103771
103774
103784
103785
103788
103789
103790
103794
103803
103806
103809
103811
103813
103814
103815
103818
103820
103827
103829
103840
103843
103852
103855
103856
103858
103874
103892
103903
103905
103922
103931
103943
103966
103994
104004
104015
104021
104044
104053
104067
104119
104120
104121
104138
104141
104145
104156
104158
104160
104167
104169
104180
104190
104191
104197
104204
104209
104210
104213
104217
104219
104229
104230
104231
104233
104238
104239
104246
104256
104258
104270
104277
104281
104282
104283
104286
104293
104295
104298
104299
104300
104301
104309
104310
104317
104319
104339
104345
104346
104348
104349
104357
104364
104383
104399
104403
104404
104406
104414
104428
104429
104431
104433
104434
104441
104447
104448
104456
104457
104459
104461
104464
104465
104466
104475
104477
104482
104484
104490
104496
104497
104500
104508
104513
104519
104521
104522
104523
104529
104539
104540
104549
104551
104574
104583
104590
104611
104612
104618
104637
104639
104640
104651
104717
104737
104768
104789
104805
104810
104818
104843
104853
104863
104871
104872
104873
104894
104898
104913
104933
105011
105044
105048
105054
105064
105065
105089
105095
105098
105107
105112
105144
105147
105148
105150
105154
105202
105208
105210
105218
105283
105292
105307
105320
105370
105380
105384
105385
105386
105387
105389
105391
105395
105406
105407
105409
105410
105411
105416
105417
105423
105426
105442
105443
105447
105451
105455
105456
105457
105461
105468
105469
105471
105474
105476
105481
105483
105488
105502
105504
105505
105507
105510
105518
105530
105531
105533
105540
105541
105546
105547
105548
105552
105553
105554
105559
105562
105565
105576
105577
105579
105582
105585
105594
105608
105609
105611
105612
105617
105618
105620
105621
105623
105629
105630
105631
105634
105636
105637
105638
105640
105641
105649
105655
105660
105665
105670
105674
105681
105693
105698
105700
105701
105703
105714
105719
105742
105743
105757
105802
105813
105820
105822
105830
105838
105870
105958
105972
105975
105976
105978
105981
105993
105995
106001
106003
106006
106010
106018
106019
106020
106024
106025
106029
106031
106032
106041
106042
106046
106053
106060
106064
106065
106066
106072
106073
106076
106079
106084
106085
106086
106087
106094
106097
106100
106102
106103
106107
106111
106113
106118
106123
106126
106128
106133
106134
106135
106136
106139
106141
106142
106143
106144
106148
106150
106156
106163
106165
106181
106187
106188
106189
106190
106194
106195
106197
106198
106200
106206
106214
106219
106220
106224
106225
106228
106229
106235
106236
106237
106240
106241
106244
106249
106251
106253
106254
106255
106262
106265
106269
106270
106273
106275
106280
106284
106290
106291
106292
106296
106319
106324
106326
106327
106332
106333
106336
106337
106380
106381
106382
106390
106392
106393
106402
106403
106408
106418
106443
106490
106499
106503
106521
106522
106523
106534
106537
106539
106551
106607
106609
106610
106612
106645
106650
106651
106653
106661
106672
106673
106675
106682
106696
106698
106699
106701
106706
106711
106712
106713
106714
106717
106718
106737
106745
106754
106758
106760
106773
106776
106778
106785
106792
106793
106801
106803
106804
106810
106815
106816
106824
106825
106831
106832
106836
106842
106846
106847
106857
106862
106867
106868
106870
106872
106873
106876
106877
106887
106890
106895
106900
106901
106903
106905
106906
106907
106910
106912
106913
106915
106918
106926
106928
106929
106930
106935
106937
106939
106946
106947
106948
106952
106953
106959
106960
106963
106966
106967
106969
106973
106979
106982
106983
106986
106988
106990
106995
106999
107009
107019
107026
107041
107043
107047
107052
107053
107054
107057
107066
107072
107079
107084
107088
107090
107093
107095
107097
107100
107119
107123
107144
107169
107176
107178
107184
107213
107214
107215
107226
107227
107228
107233
107241
107243
107251
107254
107255
107261
107262
107264
107271
107279
107290
107291
107293
107299
107301
107302
107305
107306
107308
107309
107311
107313
107315
107331
107337
107340
107343
107347
107349
107350
107351
107354
107367
107377
107380
107381
107387
107388
107389
107403
107406
107410
107413
107418
107424
107437
107446
107447
107449
107453
107459
107461
107467
107477
107478
107479
107483
107485
107486
107488
107494
107495
107499
107501
107520
107524
107525
107526
107527
107530
107531
107533
107536
107557
107573
107575
107578
107579
107585
107586
107589
107596
107604
107614
107620
107638
107641
107642
107643
107645
107646
107649
107654
107664
107678
107685
107702
107769
107773
107785
107790
107791
107792
107795
107798
107801
107803
107810
107825
107830
107837
107840
107842
107845
107849
107852
107856
107857
107858
107860
107864
107866
107867
107870
107871
107875
107881
107882
107883
107885
107893
107901
107903
107905
107912
107915
107918
107924
107925
107930
107931
107939
107941
107945
107946
107949
107950
107954
107958
107966
107967
107968
107970
107971
107976
107979
107982
107984
107985
107986
107988
107995
107997
108000
108005
108010
108011
108017
108018
108021
108024
108029
108031
108032
108039
108042
108043
108049
108056
108078
108089
108091
108097
108114
108133
108153
108156
108157
108165
108174
108282
108303
108309
108316
108323
108335
108360
108368
108374
108382
108399
108426
108438
108442
108448
108451
108481
108490
108501
108525
108527
108587
108610
108612
108636
108649
108668
108703
108717
108727
108850
108852
108871
108873
108878
108888
108908
108909
108910
108915
108916
108939
108950
108957
108977
108978
108985
109011
109034
109040
109080
109091
109107
109128
109137
109138
109145
109146
109147
109148
109151
109153
109157
109158
109160
109161
109162
109164
109165
109166
109167
109168
109169
109177
109180
109181
109182
109183
109191
109193
109194
109197
109198
109201
109218
109222
109229
109231
109232
109234
109237
109239
109246
109248
109257
109263
109264
109265
109270
109280
109281
109282
109288
109289
109290
109291
109293
109298
109300
109305
109306
109309
109313
109319
109320
109323
109330
109331
109334
109347
109355
109358
109368
109372
109377
109378
109379
109382
109384
109386
109387
109391
109397
109402
109407
109412
109416
109417
109418
109425
109432
109434
109437
109439
109440
109441
109443
109447
109451
109462
109465
109466
109467
109469
109471
109481
109503
109506
109509
109510
109519
109522
109523
109534
109535
109547
109550
109560
109564
109565
109567
109569
109572
109573
109585
109591
109681
109687
109688
109694
109698
109699
109710
109713
109714
109715
109717
109719
109721
109730
109742
109744
109749
109756
109764
109767
109772
109773
109775
109777
109778
109779
109780
109787
109799
109801
109802
109805
109810
109811
109812
109813
109815
109816
109819
109823
109824
109826
109827
109830
109832
109834
109839
109846
109874
109875
109876
109878
109887
109890
109895
109908
109911
109912
109913
109916
109922
109923
109928
109929
109930
109942
109949
109954
109955
109967
109971
109972
109977
109979
109981
109984
109989
109993
109994
109997
110005
110007
110012
110015
110023
110029
110030
110033
110034
110036
110039
110045
110049
110060
110065
110068
110074
110079
110084
110093
110096
110098
110107
110108
110133
110135
110142
110174
110199
110201
110215
110217
110220
110237
110249
110256
110257
110260
110265
110266
110278
110299
110333
110358
110362
110363
110364
110365
110371
110375
110383
110384
110385
110388
110389
110391
110396
110401
110402
110404
110406
110407
110412
110420
110425
110429
110434
110436
110444
110449
110454
110463
110472
110475
110478
110479
110483
110485
110487
110489
110495
110497
110499
110500
110503
110504
110513
110523
110524
110526
110528
110535
110540
110543
110548
110550
110551
110552
110553
110554
110555
110556
110557
110560
110561
110562
110566
110567
110569
110570
110572
110575
110578
110583
110587
110592
110596
110597
110598
110604
110607
110610
110614
110620
110621
110629
110630
110636
110639
110640
110641
110642
110644
110647
110648
110653
110656
110677
110686
110691
110692
110718
110761
110762
110763
110784
110785
110795
110800
110811
110813
110814
110820
110861
110874
110911
110912
110916
110921
110922
110923
110924
110925
110926
110927
110928
110929
110930
110938
110941
110944
110952
110953
110961
110962
110967
110968
110974
110977
110979
110981
110985
111005
111010
111016
111017
111018
111019
111020
111021
111026
111030
111041
111043
111044
111046
111049
111050
111063
111068
111071
111073
111074
111078
111080
111081
111082
111086
111096
111101
111104
111105
111118
111120
111129
111130
111131
111134
111137
111138
111145
111146
111148
111154
111158
111159
111167
111168
111171
111175
111176
111177
111178
111184
111185
111186
111190
111191
111195
111196
111198
111200
111203
111209
111219
111227
111245
111246
111249
111261
111276
111284
111285
111290
111299
111301
111302
111303
111305
111308
111309
111310
111321
111338
111340
111369
111424
111429
111432
111512
111566
111581
111586
111591
111594
111601
111607
111643
111654
111660
111671
111672
111747
111771
111780
111782
111791
111800
111804
111832
111851
111856
111859
111894
111895
111902
111904
111910
111911
111928
111930
111931
111932
111933
111934
111935
111936
111939
111944
111956
111959
111961
111972
111977
111981
111995
112046
112051
112080
112090
112092
112095
112100
112104
112105
112110
112111
112112
112116
112117
112120
112121
112124
112125
112131
112137
112142
112144
112163
112165
112178
112179
112193
112195
112198
112199
112206
112208
112213
112216
112224
112235
112239
112240
112242
112244
112253
112256
112258
112270
112271
112276
112277
112288
112310
112311
112314
112316
112317
112319
112320
112337
112338
112344
112346
112347
112353
112357
112367
112375
112378
112379
112381
112382
112383
112386
112388
112391
112402
112404
112405
112406
112408
112411
112415
112416
112417
112418
112419
112420
112424
112426
112433
112437
112438
112444
112445
112448
112458
112469
112470
112495
112497
112511
112515
112521
112544
112557
112559
112561
112564
112577
112584
112589
112600
112605
112607
112613
112645
112664
112667
112668
112676
112683
112684
112685
112689
112690
112692
112697
112710
112715
112717
112718
112719
112720
112722
112731
112741
112745
112751
112760
112772
112773
112774
112779
112780
112781
112782
112783
112785
112786
112787
112789
112793
112796
112798
112799
112800
112805
112807
112808
112812
112813
112814
112815
112825
112827
112831
112835
112841
112842
112849
112851
112852
112857
112862
112871
112872
112873
112879
112880
112886
112889
112890
112895
112897
112898
112912
112937
112938
112942
112943
112944
112945
112954
112960
112964
112969
112970
112971
112972
112974
112977
112980
112982
112987
113000
113001
113007
113008
113014
113017
113024
113029
113033
113037
113043
113054
113062
113067
113084
113086
113115
113117
113124
113152
113180
113201
113202
113203
113205
113211
113215
113227
113228
113229
113230
113231
113232
113236
113245
113249
113254
113258
113266
113276
113282
113285
113286
113288
113291
113295
113304
113307
113311
113318
113319
113320
113324
113325
113328
113335
113340
113342
113343
113351
113359
113370
113373
113374
113379
113380
113387
113391
113404
113406
113407
113408
113409
113410
113412
113415
113423
113430
113432
113433
113436
113446
113447
113449
113450
113453
113458
113468
113469
113471
113479
113489
113491
113494
113495
113496
113498
113507
113509
113512
113516
113544
113553
113571
113581
113595
113596
113607
113610
113617
113631
113632
113654
113703
113707
113714
113719
113726
113729
113734
113738
113749
113750
113757
113769
113772
113775
113779
113782
113785
113801
113802
113803
113809
113810
113811
113814
113816
113820
113825
113827
113828
113830
113837
113839
113840
113842
113843
113852
113853
113857
113858
113860
113862
113871
113875
113879
113887
113888
113890
113912
113913
113926
113929
113931
113932
113935
113936
113939
113943
113951
113956
113959
113961
113962
113963
113964
113967
113970
113976
113977
113990
113996
113998
114006
114021
114029
114030
114036
114037
114048
114049
114053
114055
114056
114059
114064
114074
114082
114090
114091
114100
114103
114110
114111
114122
114129
114130
114131
114139
114141
114146
114152
114162
114184
114223
114228
114231
114234
114257
114267
114284
114285
114292
114298
114301
114315
114316
114318
114320
114323
114324
114326
114329
114330
114331
114332
114333
114334
114338
114354
114367
114371
114378
114379
114388
114393
114401
114405
114409
114410
114412
114417
114421
114423
114429
114430
114433
114440
114445
114450
114451
114453
114457
114459
114467
114470
114471
114473
114476
114477
114478
114483
114486
114490
114491
114494
114495
114498
114504
114505
114508
114511
114513
114525
114527
114530
114534
114536
114539
114545
114546
114548
114551
114554
114577
114578
114579
114580
114607
114617
114618
114620
114635
114655
114670
114677
114678
114685
114690
114695
114696
114699
114700
114702
114703
114705
114708
114711
114716
114720
114730
114749
114769
114776
114790
114796
114821
114822
114837
114864
114865
114880
114892
114903
114907
114913
114933
114934
114962
114965
114966
114968
114992
114993
115004
115020
115022
115033
115048
115053
115061
115077
115087
115093
115104
115110
115114
115116
115118
115136
115148
115149
115157
115158
115159
115161
115162
115163
115164
115177
115182
115183
115189
115191
115197
115198
115202
115206
115216
115221
115225
115246
115251
115253
115258
115261
115265
115295
115304
115312
115319
115330
115335
115338
115343
115351
115357
115365
115366
115367
115434
115447
115448
115472
115500
115508
115512
115523
115531
115534
115536
115538
115539
115543
115544
115545
115552
115562
115563
115569
115571
115577
115585
115594
115604
115607
115613
115639
115646
115652
115668
115669
115670
115676
115678
115698
115713
115718
115732
115765
115772
115776
115777
115792
115794
115795
115801
115811
115813
115819
115824
115825
115829
115831
115832
115833
115834
115835
115837
115843
115854
115856
115860
115861
115878
115879
115881
115885
115887
115894
115897
115901
115904
115905
115906
115907
115908
115911
115919
115920
115924
115932
115938
115941
115947
115951
115952
115955
115957
115958
115959
115966
115967
115968
115977
115980
115981
115982
115992
115995
115999
116007
116010
116022
116029
116041
116042
116049
116050
116053
116055
116057
116060
116061
116062
116065
116066
116067
116069
116074
116124
116126
116129
116130
116134
116135
116139
116142
116150
116172
116232
116235
116239
116262
116263
116264
116266
116273
116276
116306
116319
116334
116342
116343
116358
116360
116362
116365
116366
116367
116369
116370
116371
116373
116376
116380
116385
116389
116394
116397
116398
116399
116401
116402
116403
116404
116405
116406
116407
116410
116412
116417
116418
116419
116423
116430
116432
116433
116435
116451
116452
116453
116458
116459
116461
116462
116463
116466
116469
116474
116476
116477
116481
116485
116492
116500
116504
116505
116507
116512
116514
116515
116517
116518
116524
116525
116532
116550
116552
116555
116557
116558
116560
116572
116574
116575
116581
116602
116604
116607
116610
116612
116613
116616
116622
116636
116642
116643
116653
116654
116672
116676
116688
116692
116698
116708
116712
116720
116737
116738
116740
116741
116742
116744
116758
116761
116765
116766
116771
116776
116783
116792
116798
116801
116812
116817
116819
116823
116835
116845
116848
116858
116860
116861
116866
116876
116878
116882
116888
116893
116894
116897
116905
116920
116921
116922
116923
116935
116936
116938
116939
116944
116946
116953
116962
116966
116970
116975
116976
116978
116980
116981
116986
116995
116997
116998
116999
117004
117005
117007
117011
117014
117020
117031
117040
117046
117051
117076
117094
117126
117132
117141
117144
117153
117156
117171
117172
117176
117178
117181
117190
117209
117211
117217
117226
117232
117239
117278
117292
117295
117342
117367
117385
117392
117403
117414
117419
117420
117433
117434
117435
117441
117443
117445
117448
117451
117471
117477
117524
117540
117542
117547
117554
117557
117558
117560
117564
117569
117573
117574
117576
117578
117582
117585
117588
117596
117597
117600
117603
117604
117608
117611
117623
117625
117626
117631
117632
117633
117637
117642
117643
117649
117650
117656
117657
117659
117660
117661
117667
117669
117670
117672
117673
117678
117679
117680
117697
117703
117712
117713
117722
117726
117743
117744
117749
117750
117751
117754
117758
117759
117777
117779
117781
117784
117786
117788
117790
117799
117801
117802
117808
117818
117821
117823
117825
117827
117828
117831
117836
117839
117842
117845
117855
117856
117858
117859
117869
117872
117880
117882
117883
117884
117887
117890
117895
117896
117898
117900
117904
117906
117911
117912
117919
117925
117930
117941
117947
117948
117951
117952
117954
117963
117973
117978
117981
117984
117986
118003
118005
118006
118016
118018
118026
118030
118062
118063
118081
118083
118086
118091
118105
118108
118110
118114
118116
118122
118123
118125
118126
118134
118143
118157
118169
118170
118173
118174
118177
118179
118180
118186
118188
118189
118193
118198
118200
118202
118206
118212
118213
118215
118219
118221
118222
118224
118225
118229
118234
118236
118239
118240
118245
118254
118256
118263
118264
118266
118267
118268
118269
118270
118271
118281
118287
118293
118297
118298
118300
118309
118311
118313
118316
118321
118323
118327
118346
118347
118352
118353
118354
118359
118365
118372
118376
118377
118380
118381
118383
118385
118392
118393
118397
118400
118404
118405
118406
118410
118413
118414
118415
118421
118422
118423
118426
118428
118435
118438
118439
118442
118443
118454
118470
118484
118496
118500
118508
118513
118531
118533
118536
118540
118552
118554
118572
118587
118635
118642
118646
118647
118648
118649
118650
118654
118663
118666
118668
118671
118674
118677
118679
118681
118682
118684
118693
118697
118701
118704
118705
118707
118709
118710
118711
118723
118734
118746
118750
118751
118752
118753
118754
118755
118756
118757
118759
118760
118763
118766
118773
118775
118776
118777
118779
118780
118785
118787
118789
118792
118801
118804
118808
118810
118812
118813
118815
118816
118817
118818
118820
118822
118830
118832
118833
118837
118838
118840
118852
118854
118862
118865
118867
118868
118870
118873
118875
118876
118878
118880
118882
118896
118905
118911
118915
118919
118920
118926
118927
118928
118930
118940
118941
118942
118946
118947
118948
118949
118951
118952
118953
118960
118964
118967
118979
118982
118986
118996
119015
119016
119018
119020
119026
119027
119032
119041
119065
119084
119095
119103
119107
119110
119113
119114
119116
119117
119126
119127
119131
119134
119136
119147
119151
119156
119162
119166
119167
119169
119174
119177
119181
119186
119188
119195
119200
119201
119202
119206
119210
119213
119214
119220
119228
119229
119242
119248
119249
119252
119254
119255
119260
119263
119267
119272
119273
119276
119277
119279
119289
119292
119298
119299
119304
119305
119306
119315
119316
119317
119320
119324
119328
119329
119331
119333
119337
119338
119340
119341
119343
119344
119351
119354
119357
119361
119363
119371
119372
119373
119375
119383
119388
119397
119400
119408
119413
119418
119421
119422
119427
119438
119442
119445
119447
119450
119453
119464
119468
119471
119479
119485
119486
119488
119490
119495
119498
119504
119505
119506
119510
119512
119514
119515
119522
119524
119525
119526
119527
119528
119553
119554
119555
119558
119559
119562
119568
119569
119570
119572
119579
119592
119604
119610
119620
119650
119651
119664
119666
119669
119700
119701
119703
119706
119713
119714
119715
119718
119721
119724
119725
119726
119731
119732
119738
119751
119755
119757
119767
119772
119780
119782
119784
119788
119790
119800
119802
119804
119810
119816
119818
119819
119823
119831
119836
119838
119839
119848
119851
119854
119855
119860
119862
119863
119867
119871
119882
119887
119890
119895
119904
119905
119906
119911
119913
119921
119922
119929
119936
119937
119943
119944
119949
119950
119953
119954
119955
119957
119963
119967
119968
119969
119974
119975
119976
119980
119990
119993
119994
119996
119997
120006
120010
120013
120016
120017
120018
120019
120020
120035
120043
120047
120053
120054
120060
120066
120100
120108
120116
120119
120134
120246
120267
120273
120310
120311
120312
120323
120326
120329
120330
120356
120361
120369
120371
120372
120387
120389
120417
120463
120464
120473
120495
120497
120498
120499
120512
120519
120520
120524
120533
120534
120538
120541
120544
120552
120555
120556
120580
120586
120587
120590
120596
120616
120619
120674
120686
120690
120693
120695
120699
120700
120713
120715
120719
120735
120737
120739
120752
120756
120762
120763
120765
120767
120768
120775
120776
120780
120782
120783
120784
120785
120786
120787
120791
120792
120809
120816
120817
120818
120819
120820
120821
120822
120827
120838
120842
120847
120849
120850
120854
120855
120858
120860
120861
120862
120867
120873
120887
120888
120893
120895
120897
120900
120920
120927
120935
120936
120940
120946
120950
120953
120955
120965
120967
120968
120969
120970
120976
120977
120979
120985
120991
120992
120998
121001
121008
121009
121016
121019
121020
121021
121022
121023
121039
121040
121047
121057
121058
121059
121061
121065
121069
121071
121073
121086
121098
121099
121113
121134
121149
121156
121157
121162
121163
121166
121167
121181
121185
121187
121197
121209
121215
121221
121226
121230
121231
121233
121238
121239
121240
121241
121244
121245
121246
121255
121256
121276
121277
121282
121284
121285
121293
121296
121300
121301
121303
121304
121305
121306
121309
121311
121313
121315
121329
121331
121332
121333
121336
121341
121342
121353
121362
121365
121376
121377
121389
121391
121396
121401
121414
121416
121422
121429
121433
121434
121435
121437
121438
121447
121454
121458
121459
121466
121469
121470
121471
121474
121475
121478
121479
121482
121483
121491
121494
121500
121512
121516
121521
121523
121537
121551
121554
121558
121579
121582
121583
121589
121608
121609
121610
121611
121613
121628
121634
121635
121653
121668
121684
121696
121711
121722
121737
121741
121751
121752
121754
121756
121758
121759
121762
121769
121775
121778
121779
121780
121787
121789
121799
121809
121810
121813
121815
121818
121819
121828
121829
121835
121836
121837
121844
121847
121852
121861
121865
121866
121868
121872
121873
121874
121875
121889
121890
121893
121895
121900
121901
121908
121909
121912
121913
121917
121920
121921
121935
121943
121944
121945
121948
121950
121951
121959
121962
121964
121965
121968
121974
121975
121977
121978
121980
121981
121982
121985
121988
121990
121992
121994
121995
121998
122007
122012
122015
122017
122018
122021
122023
122024
122029
122030
122031
122032
122035
122036
122050
122052
122053
122054
122056
122061
122064
122065
122068
122070
122073
122075
122083
122088
122091
122112
122123
122124
122133
122176
122182
122196
122211
122229
122233
122234
122248
122249
122250
122251
122252
122253
122254
122255
122256
122261
122262
122265
122266
122267
122269
122270
122271
122272
122273
122274
122275
122277
122280
122282
122283
122285
122287
122288
122295
122296
122297
122298
122299
122306
122309
122310
122312
122315
122342
122344
122346
122347
122351
122352
122353
122361
122364
122368
122369
122373
122377
122384
122388
122390
122396
122403
122411
122415
122416
122420
122421
122424
122429
122430
122432
122433
122438
122445
122449
122458
122460
122462
122464
122465
122466
122467
122474
122478
122480
122481
122494
122495
122515
122518
122519
122523
122525
122529
122533
122536
122537
122548
122550
122557
122560
122573
122579
122593
122604
122607
122616
122626
122628
122647
122653
122654
122655
122664
122665
122666
122724
122728
122738
122739
122748
122749
122763
122769
122771
122772
122774
122792
122793
122794
122795
122797
122798
122799
122800
122802
122810
122811
122813
122814
122826
122832
122833
122834
122838
122840
122842
122849
122850
122851
122861
122862
122865
122879
122880
122882
122883
122884
122885
122893
122899
122902
122905
122907
122908
122915
122925
122932
122935
122942
122943
122946
122960
122961
122962
122963
122968
122969
122970
122974
122976
122979
122986
122988
122989
122991
122995
122996
122999
123005
123006
123021
123026
123027
123031
123033
123034
123043
123045
123046
123047
123049
123050
123051
123058
123059
123061
123063
123105
123107
123117
123145
123213
123217
123234
123238
123247
123252
123253
123254
123256
123258
123264
123277
123279
123296
123338
123350
123362
123364
123373
123374
123399
123404
123425
123444
123451
123465
123482
123486
123494
123500
123503
123519
123523
123524
123544
123559
123564
123580
123633
123634
123637
123640
123641
123647
123651
123652
123655
123660
123663
123666
123667
123668
123676
123678
123679
123680
123685
123688
123689
123693
123695
123701
123702
123704
123706
123707
123709
123712
123715
123745
123746
123747
123749
123754
123767
123769
123771
123781
123786
123790
123791
123792
123796
123804
123805
123807
123814
123815
123817
123820
123824
123825
123833
123840
123844
123854
123862
123865
123869
123871
123872
123883
123897
123900
123907
123916
123917
123921
123925
123926
123927
123928
123930
123935
123939
123949
123954
123958
123966
123968
123988
123992
124009
124015
124018
124020
124037
124038
124039
124061
124116
124119
124165
124166
124170
124180
124184
124190
124193
124198
124204
124205
124210
124212
124213
124219
124225
124226
124229
124237
124241
124255
124260
124267
124268
124272
124275
124277
124284
124286
124291
124293
124294
124295
124299
124301
124309
124310
124311
124313
124319
124320
124323
124324
124326
124329
124330
124337
124339
124342
124343
124346
124348
124354
124359
124363
124365
124368
124370
124372
124375
124376
124378
124390
124396
124398
124400
124401
124402
124422
124423
124425
124427
124434
124435
124438
124444
124447
124455
124458
124459
124461
124465
124472
124490
124495
124501
124502
124509
124519
124524
124529
124533
124538
124540
124555
124560
124561
124596
124607
124623
124642
124667
124669
124673
124698
124701
124706
124707
124708
124715
124718
124719
124720
124723
124724
124725
124727
124728
124732
124733
124734
124738
124740
124746
124747
124750
124755
124756
124758
124762
124777
124779
124783
124790
124791
124793
124795
124796
124803
124804
124806
124808
124809
124816
124818
124821
124823
124827
124831
124833
124836
124840
124841
124844
124845
124849
124850
124855
124856
124858
124861
124864
124868
124870
124873
124877
124884
124885
124891
124892
124896
124899
124903
124904
124906
124911
124929
124932
124936
124943
124946
124949
124951
124952
124958
124961
124963
124965
124968
124983
124986
124988
124990
125000
125011
125012
125022
125023
125037
125043
125044
125051
125067
125070
125078
125080
125087
125091
125094
125102
125114
125123
125139
125148
125180
125189
125202
125206
125215
125218
125219
125220
125221
125222
125228
125229
125239
125247
125248
125249
125253
125254
125257
125259
125260
125283
125284
125285
125288
125291
125309
125310
125314
125320
125321
125324
125329
125330
125332
125335
125336
125346
125347
125348
125350
125353
125354
125357
125358
125361
125365
125366
125373
125387
125395
125396
125402
125409
125411
125412
125420
125427
125431
125436
125437
125440
125452
125454
125470
125473
125486
125491
125497
125498
125505
125506
125520
125525
125548
125558
125560
125566
125597
125601
125602
125603
125614
125622
125667
125676
125687
125688
125691
125695
125701
125702
125703
125711
125713
125714
125716
125722
125724
125726
125731
125732
125734
125746
125747
125753
125754
125757
125759
125767
125768
125780
125794
125795
125796
125799
125800
125809
125810
125814
125815
125818
125819
125827
125828
125829
125833
125837
125840
125852
125855
125856
125858
125860
125873
125875
125876
125877
125878
125879
125881
125883
125884
125887
125890
125895
125896
125897
125900
125902
125903
125906
125907
125908
125914
125926
125932
125937
125941
125942
125943
125944
125950
125954
125957
125970
125972
125990
125991
125994
126004
126006
126008
126009
126015
126036
126037
126048
126061
126072
126125
126129
126138
126139
126145
126156
126211
126215
126221
126224
126227
126235
126237
126240
126254
126322
126323
126325
126352
126365
126378
126382
126400
126407
126408
126409
126410
126413
126415
126416
126417
126425
126434
126435
126437
126438
126439
126443
126445
126449
126452
126463
126464
126465
126487
126488
126493
126506
126509
126517
126518
126519
126520
126521
126523
126525
126526
126527
126529
126538
126540
126541
126542
126550
126559
126561
126564
126565
126571
126575
126579
126580
126596
126601
126604
126606
126608
126611
126613
126616
126617
126625
126631
126638
126646
126648
126652
126655
126657
126658
126659
126661
126662
126664
126675
126682
126684
126685
126693
126694
126695
126696
126698
126699
126700
126703
126706
126707
126710
126712
126713
126714
126715
126717
126719
126720
126721
126725
126726
126742
126743
126744
126745
126752
126758
126760
126762
126764
126769
126770
126773
126774
126783
126785
126786
126796
126797
126798
126800
126808
126813
126815
126819
126820
126826
126827
126831
126832
126833
126834
126835
126839
126842
126845
126855
126856
126858
126865
126869
126870
126873
126897
126914
126915
126916
126926
126934
126944
126946
126947
126948
126976
126980
126981
126984
126987
126988
126991
126992
126998
126999
127001
127002
127008
127013
127014
127015
127016
127017
127019
127023
127025
127031
127035
127036
127047
127048
127050
127051
127054
127059
127060
127061
127062
127064
127067
127068
127071
127080
127081
127099
127108
127110
127111
127116
127122
127124
127127
127130
127134
127137
127142
127143
127151
127158
127159
127161
127162
127167
127168
127170
127171
127174
127176
127177
127182
127185
127186
127216
127222
127230
127237
127247
127248
127258
127262
127263
127264
127265
127266
127268
127271
127272
127273
127275
127277
127283
127285
127313
127314
127315
127321
127322
127328
127335
127348
127349
127358
127364
127380
127382
127384
127399
127432
127446
127451
127453
127477
127480
127481
127482
127483
127487
127489
127490
127491
127492
127494
127497
127498
127500
127509
127511
127512
127514
127533
127547
127548
127549
127550
127556
127558
127559
127562
127563
127564
127566
127569
127570
127573
127575
127576
127577
127580
127581
127582
127584
127585
127586
127587
127592
127593
127594
127597
127598
127600
127601
127602
127603
127604
127612
127615
127618
127620
127623
127625
127627
127629
127631
127632
127633
127636
127638
127640
127641
127642
127643
127644
127645
127648
127651
127652
127662
127669
127670
127671
127672
127673
127678
127681
127685
127687
127690
127691
127696
127698
127699
127702
127705
127708
127710
127715
127716
127719
127726
127729
127730
127738
127741
127743
127744
127748
127749
127750
127752
127753
127757
127762
127763
127767
127768
127774
127775
127778
127781
127789
127802
127821
127825
127830
127834
127846
127847
127848
127880
127885
127886
127889
127897
127898
127900
127906
127914
127921
127955
127957
127959
127961
127963
127964
127965
127966
127970
127972
127973
127975
127976
127986
127987
127988
127990
127993
127999
128000
128002
128003
128004
128005
128006
128009
128013
128014
128017
128028
128049
128058
128059
128064
128065
128066
128071
128072
128077
128082
128085
128086
128087
128088
128090
128093
128095
128096
128097
128105
128112
128113
128116
128125
128126
128130
128132
128136
128137
128138
128140
128142
128160
128161
128162
128163
128167
128168
128178
128180
128181
128185
128187
128188
128204
128212
128215
128220
128221
128225
128231
128234
128239
128240
128250
128254
128262
128263
128268
128281
128291
128292
128295
128296
128297
128298
128299
128303
128313
128314
128328
128331
128345
128358
128363
128367
128414
128428
128431
128433
128472
128476
128477
128479
128482
128483
128496
128504
128508
128509
128513
128521
128532
128533
128545
128546
128550
128553
128560
128570
128571
128575
128576
128580
128583
128584
128590
128594
128595
128603
128604
128607
128611
128612
128619
128625
128627
128628
128629
128637
128639
128643
128645
128649
128652
128655
128657
128664
128665
128667
128673
128677
128688
128698
128707
128708
128711
128712
128714
128716
128720
128722
128726
128730
128731
128739
128746
128759
128760
128762
128764
128771
128776
128777
128778
128779
128785
128787
128788
128790
128792
128793
128798
128807
128808
128812
128814
128817
128818
128820
128828
128866
128872
128882
128913
128927
128928
128933
128939
128941
128943
128946
129017
129027
129054
129055
129056
129057
129058
129075
129078
129088
129089
129100
129111
129158
129177
129187
129213
129318
129321
129331
129353
129357
129358
129375
129376
129380
129387
129399
129404
129420
129428
129430
129449
129455
129456
129491
129501
129511
129536
129537
129549
129555
129556
129557
129558
129560
129561
129563
129564
129569
129576
129578
129581
129586
129587
129588
129597
129602
129603
129611
129615
129616
129617
129618
129621
129623
129625
129626
129628
129631
129636
129637
129638
129641
129646
129654
129661
129664
129666
129673
129674
129676
129677
129680
129683
129684
129685
129692
129693
129694
129696
129697
129706
129709
129710
129715
129721
129722
129727
129729
129732
129737
129738
129744
129749
129751
129757
129758
129760
129763
129764
129765
129767
129768
129769
129770
129774
129783
129791
129792
129795
129796
129798
129805
129816
129822
129823
129829
129834
129867
129868
129887
129890
129894
129899
129908
129939
129947
129959
129975
129976
129983
129984
129989
130005
130008
130010
130019
130020
130022
130024
130025
130033
130037
130046
130051
130068
130069
130071
130078
130079
130080
130081
130083
130086
130087
130088
130090
130094
130100
130104
130107
130108
130109
130110
130111
130113
130115
130118
130119
130128
130136
130137
130142
130154
130160
130161
130170
130171
130175
130176
130177
130180
130181
130182
130192
130196
130197
130202
130203
130216
130219
130244
130255
130263
130264
130271
130272
130278
130282
130284
130286
130291
130292
130294
130295
130303
130305
130306
130307
130331
130337
130338
130340
130341
130345
130347
130353
130359
130360
130361
130362
130369
130371
130372
130375
130386
130387
130391
130393
130404
130407
130439
130478
130484
130521
130524
130540
130547
130559
130571
130572
130573
130578
130579
130592
130593
130595
130596
130601
130602
130603
130604
130605
130606
130607
130608
130611
130618
130619
130621
130623
130625
130629
130634
130635
130638
130642
130647
130654
130655
130657
130659
130660
130663
130668
130676
130680
130683
130694
130697
130698
130699
130701
130702
130704
130706
130716
130717
130721
130728
130729
130730
130734
130736
130737
130741
130742
130743
130744
130747
130751
130753
130761
130763
130766
130774
130775
130776
130777
130780
130781
130782
130787
130790
130796
130797
130804
130805
130808
130810
130812
130815
130822
130823
130829
130832
130842
130843
130853
130858
130865
130869
130870
130872
130873
130877
130882
130884
130889
130897
130919
130922
130941
130972
131017
131027
131031
131035
131042
131045
131048
131050
131053
131055
131056
131057
131058
131059
131063
131065
131067
131077
131085
131087
131089
131091
131092
131106
131111
131113
131116
131118
131123
131124
131125
131128
131133
131134
131135
131136
131141
131147
131152
131154
131157
131158
131162
131164
131168
131169
131174
131175
131178
131184
131187
131192
131193
131194
131195
131198
131199
131201
131208
131210
131213
131214
131220
131223
131225
131227
131228
131229
131238
131247
131257
131258
131259
131263
131268
131269
131291
131326
131336
131343
131356
131360
131370
131371
131396
131432
131477
131480
131482
131483
131484
131489
131491
131501
131508
131512
131513
131514
131552
131557
131561
131568
131583
131587
131591
131592
131593
131594
131595
131600
131604
131617
131621
131622
131623
131624
131630
131631
131637
131638
131639
131640
131641
131642
131643
131644
131645
131647
131648
131649
131651
131652
131655
131657
131660
131661
131662
131666
131667
131674
131685
131692
131694
131698
131699
131700
131705
131713
131714
131718
131720
131721
131727
131728
131729
131730
131731
131740
131743
131745
131746
131748
131756
131757
131764
131765
131766
131767
131772
131774
131777
131782
131783
131790
131801
131802
131803
131806
131807
131810
131831
131838
131843
131845
131846
131850
131853
131867
131878
131900
131906
131923
131952
132014
132015
132024
132054
132070
132076
132078
132079
132082
132105
132137
132145
132176
132217
132241
132247
132249
132260
132273
132293
132314
132315
132345
132346
132349
132372
132373
132378
132382
132396
132401
132421
132424
132430
132441
132446
132449
132457
132476
132497
132507
132529
132535
132603
132604
132622
132624
132636
132649
132656
132657
132658
132659
132671
132682
132690
132693
132696
132699
132700
132704
132706
132712
132714
132715
132717
132718
132720
132725
132727
132728
132731
132735
132736
132739
132740
132745
132753
132754
132757
132758
132763
132764
132765
132766
132767
132771
132774
132776
132786
132787
132789
132798
132801
132803
132809
132828
132839
132840
132848
132852
132853
132856
132857
132860
132867
132870
132880
132881
132882
132903
132911
132913
132914
132921
132922
132924
132935
132936
132937
132939
132941
132947
132948
132949
132954
132958
132971
132977
132979
132997
133003
133007
133009
133010
133024
133027
133030
133039
133057
133074
133105
133116
133123
133127
133129
133132
133141
133144
133151
133162
133188
133191
133193
133199
133200
133201
133203
133211
133214
133219
133221
133222
133223
133224
133229
133234
133237
133243
133253
133261
133269
133275
133278
133286
133287
133292
133293
133295
133296
133297
133298
133299
133301
133306
133311
133313
133319
133320
133323
133328
133333
133346
133362
133367
133371
133372
133373
133374
133378
133380
133381
133384
133388
133389
133391
133392
133393
133396
133401
133410
133411
133415
133416
133417
133419
133420
133421
133422
133424
133428
133429
133434
133437
133441
133454
133458
133459
133462
133464
133478
133479
133483
133487
133507
133509
133535
133541
133542
133547
133549
133563
133564
133569
133580
133582
133599
133609
133613
133619
133620
133642
133647
133663
133665
133666
133668
133669
133723
133727
133755
133757
133775
133781
133790
133791
133794
133796
133798
133805
133808
133809
133810
133811
133814
133815
133816
133817
133818
133822
133824
133826
133840
133843
133855
133857
133861
133864
133867
133869
133870
133873
133876
133881
133882
133888
133890
133892
133901
133902
133913
133915
133919
133923
133924
133926
133929
133931
133932
133934
133935
133939
133943
133945
133949
133952
133974
133976
133979
133982
133988
133998
134002
134008
134011
134013
134018
134019
134027
134028
134033
134039
134040
134046
134060
134063
134070
134072
134074
134083
134086
134101
134104
134106
134110
134115
134118
134120
134124
134131
134132
134143
134147
134155
134158
134163
134180
134194
134197
134228
134232
134254
134259
134262
134307
134315
134321
134324
134326
134327
134329
134331
134338
134340
134341
134351
134353
134357
134359
134362
134364
134371
134372
134373
134377
134378
134382
134387
134393
134394
134401
134410
134413
134414
134415
134418
134422
134425
134431
134433
134434
134436
134453
134454
134455
134459
134462
134463
134465
134467
134468
134469
134470
134471
134473
134474
134475
134477
134478
134480
134481
134483
134484
134490
134494
134495
134496
134502
134504
134506
134507
134508
134515
134518
134519
134525
134526
134527
134529
134530
134532
134534
134538
134540
134550
134554
134558
134563
134566
134570
134579
134581
134583
134584
134587
134588
134592
134594
134598
134603
134604
134606
134607
134608
134611
134613
134622
134631
134632
134636
134642
134651
134656
134678
134679
134680
134690
134698
134699
134703
134705
134707
134714
134722
134725
134738
134740
134741
134743
134748
134763
134782
134792
134799
134801
134802
134817
134818
134873
134874
134877
134879
134893
134894
134895
134896
134897
134902
134906
134908
134909
134910
134911
134912
134915
134916
134917
134919
134920
134921
134928
134929
134930
134932
134933
134934
134938
134939
134941
134942
134945
134952
134958
134960
134963
134964
134965
134966
134967
134971
134972
134975
134979
134980
134986
134991
134992
135000
135001
135002
135003
135004
135005
135006
135007
135014
135016
135017
135018
135019
135020
135028
135030
135036
135037
135038
135039
135040
135041
135042
135043
135044
135045
135046
135047
135048
135049
135050
135054
135055
135056
135062
135067
135069
135070
135071
135079
135080
135087
135089
135091
135092
135100
135101
135102
135104
135106
135107
135108
135110
135112
135113
135117
135119
135120
135121
135122
135123
135124
135130
135135
135136
135137
135138
135139
135140
135141
135142
135143
135144
135146
135151
135152
135153
135154
135155
135156
135167
135168
135169
135175
135180
135191
135195
135201
135203
135204
135212
135222
135225
135243
135258
135260
135275
135284
135334
135336
135357
135367
135368
135369
135370
135371
135372
135373
135374
135375
135376
135377
135378
135379
135380
135381
135382
135383
135384
135385
135386
135387
135388
135389
135390
135391
135392
135393
135394
135395
135408
135418
135436
135446
135453
135455
135458
135461
135468
135478
135488
135519
135531
135533
135555
135568
135569
135571
135575
135578
135594
135598
135602
135603
135604
135606
135607
135608
135609
135610
135611
135612
135625
135630
135633
135645
135654
135695
135696
135715
135725
135737
135738
135741
135742
135743
135751
135752
135753
135754
135759
135761
135768
135771
135777
135779
135780
135781
135782
135783
135787
135788
135790
135791
135795
135800
135803
135804
135810
135811
135813
135814
135816
135817
135820
135823
135824
135825
135826
135827
135828
135829
135830
135831
135833
135838
135839
135840
135841
135842
135843
135845
135847
135848
135855
135860
135862
135863
135867
135868
135870
135875
135876
135885
135887
135896
135898
135905
135906
135910
135916
135917
135918
135919
135920
135926
135928
135930
135938
135939
135940
135942
135948
135949
135952
135958
135960
135966
135968
135970
135972
135979
135982
135983
135986
135992
135994
135995
135996
135998
135999
136000
136007
136010
136015
136016
136017
136018
136019
136020
136022
136023
136024
136025
136027
136034
136044
136050
136057
136059
136060
136061
136065
136066
136067
136068
136092
136093
136098
136104
136105
136108
136111
136112
136121
136122
136123
136130
136134
136136
136139
136146
136160
136177
136182
136186
136190
136196
136201
136210
136230
136247
136248
136256
136257
136258
136266
136269
136270
136278
136280
136286
136291
136295
136296
136297
136300
136310
136311
136315
136316
136317
136318
136319
136320
136321
136322
136323
136324
136325
136326
136327
136328
136329
136330
136331
136332
136333
136334
136335
136336
136337
136338
136339
136340
136341
136342
136343
136346
136348
136351
136353
136354
136358
136359
136362
136363
136369
136378
136379
136383
136384
136393
136399
136401
136402
136403
136404
136407
136408
136409
136413
136414
136418
136420
136423
136426
136427
136433
136436
136440
136443
136448
136450
136451
136455
136456
136459
136463
136464
136468
136470
136471
136473
136477
136480
136482
136484
136485
136486
136487
136488
136492
136494
136498
136499
136500
136503
136507
136508
136509
136512
136518
136519
136521
136525
136528
136532
136533
136534
136540
136546
136547
136548
136549
136550
136555
136556
136557
136565
136566
136570
136590
136592
136594
136596
136614
136617
136620
136626
136634
136641
136648
136649
136674
136693
136709
136735
136756
136783
136797
136802
136812
136814
136819
136823
136824
136826
136834
136835
136841
136842
136844
136846
136847
136848
136849
136850
136851
136852
136853
136855
136863
136864
136866
136875
136878
136879
136887
136891
136892
136897
136899
136902
136906
136922
136929
136932
136934
136937
136940
136941
136942
136946
136952
136957
136959
136963
136964
136965
136966
136967
136968
136975
136976
136978
136982
136983
136993
137000
137003
137014
137015
137016
137028
137030
137031
137034
137037
137038
137042
137050
137056
137071
137072
137078
137081
137086
137087
137088
137091
137093
137094
137098
137099
137100
137101
137102
137103
137104
137107
137108
137113
137114
137115
137116
137117
137118
137119
137120
137121
137122
137123
137124
137125
137126
137127
137128
137129
137130
137131
137132
137133
137134
137135
137136
137137
137138
137139
137140
137141
137142
137143
137144
137145
137146
137147
137148
137149
137150
137151
137152
137153
137154
137155
137156
137157
137158
137159
137160
137161
137162
137163
137164
137165
137166
137167
137168
137169
137170
137171
137172
137173
137174
137175
137176
137177
137178
137179
137180
137181
137182
137183
137184
137185
137186
137187
137188
137189
137190
137191
137192
137193
137194
137195
137196
137197
137198
137199
137200
137201
137202
137203
137204
137205
137206
137207
137208
137209
137210
137211
137212
137213
137214
137215
137216
137217
137218
137219
137220
137221
137222
137223
137224
137225
137226
137227
137228
137229
137230
137231
137232
137233
137234
137235
137236
137237
137238
137239
137240
137241
137242
137244
137245
137246
137247
137248
137249
137250
137251
137252
137253
137254
137255
137256
137257
137258
137259
137260
137261
137262
137263
137264
137265
137266
137267
137268
137269
137270
137271
137272
137273
137274
137275
137276
137277
137278
137279
137280
137281
137282
137283
137284
137285
137286
137287
137288
137289
137290
137291
137292
137293
137294
137295
137296
137297
137298
137299
137300
137301
137302
137303
137304
137305
137306
137307
137308
137309
137310
137311
137312
137313
137314
137315
137316
137317
137318
137319
137320
137321
137322
137323
137324
137325
137326
137327
137328
137329
137330
137331
137333
137334
137335
137336
137337
137338
137339
137340
137341
137342
137343
137344
137345
137346
137347
137348
137349
137350
137351
137352
137353
137354
137355
137356
137357
137358
137359
137360
137361
137362
137363
137364
137365
137366
137367
137368
137369
137370
137371
137372
137374
137375
137376
137377
137378
137379
137380
137381
137382
137383
137384
137385
137386
137387
137388
137389
137390
137391
137392
137393
137394
137395
137396
137397
137398
137399
137400
137401
137402
137403
137404
137405
137406
137407
137408
137409
137410
137411
137412
137413
137414
137415
137416
137417
137418
137419
137420
137421
137423
137424
137425
137426
137427
137428
137429
137430
137431
137432
137433
137434
137435
137436
137437
137438
137439
137440
137441
137442
137443
137444
137445
137446
137447
137448
137449
137450
137451
137452
137453
137454
137455
137456
137457
137458
137459
137460
137461
137462
137463
137464
137465
137466
137467
137468
137469
137470
137471
137472
137473
137474
137475
137476
137477
137478
137479
137480
137481
137482
137483
137484
137485
137486
137487
137488
137489
137490
137491
137492
137493
137494
137495
137496
137497
137498
137499
137500
137501
137502
137503
137504
137505
137506
137507
137508
137509
137510
137511
137512
137513
137514
137515
137516
137517
137518
137519
137520
137521
137522
137523
137524
137525
137526
137527
137528
137529
137530
137531
137532
137533
137534
137535
137536
137537
137538
137539
137540
137541
137542
137543
137544
137545
137546
137547
137548
137549
137550
137551
137552
137553
137554
137555
137556
137557
137558
137559
137560
137561
137562
137563
137564
137565
137567
137568
137576
137581
137585
137586
137592
137593
137598
137600
137601
137615
137616
137619
137623
137624
137625
137627
137629
137631
137633
137638
137644
137651
137652
137653
137662
137674
137697
137701
137702
137707
137709
137713
137718
137732
137758
137759
137761
137772
137788
137805
137811
137812
137814
137822
137823
137838
137839
137840
137842
137847
137848
137850
137851
137852
137853
137854
137855
137856
137857
137858
137859
137861
137862
137864
137865
137866
137867
137868
137869
137870
137871
137872
137873
137874
137875
137876
137877
137878
137879
137880
137883
137884
137886
137888
137889
137891
137893
137895
137898
137905
137907
137915
137924
137925
137928
137929
137930
137933
137936
137939
137942
137943
137945
137947
137949
137951
137956
137958
137967
137970
137973
137974
137980
137983
137984
137986
137989
137990
137991
137992
137993
137994
137995
137996
137998
138000
138005
138006
138009
138014
138016
138025
138032
138036
138040
138041
138044
138045
138046
138047
138048
138049
138050
138051
138052
138053
138054
138055
138056
138057
138058
138059
138062
138063
138065
138069
138070
138074
138075
138076
138077
138080
138084
138093
138102
138109
138111
138114
138119
138126
138127
138128
138129
138130
138134
138139
138140
138141
138142
138145
138149
138155
138161
138162
138166
138175
138178
138180
138184
138203
138239
138251
138302
138303
138316
138320
138322
138384
138385
138395
138408
138416
138417
138462
138478
138485
138494
138496
138506
138507
138510
138511
138512
138513
138515
138516
138517
138520
138529
138531
138532
138535
138539
138544
138549
138550
138551
138558
138562
138567
138568
138569
138574
138586
138588
138590
138591
138592
138593
138594
138595
138596
138606
138613
138625
138626
138646
138647
138650
138653
138654
138655
138656
138658
138659
138661
138662
138664
138676
138690
138691
138694
138695
138698
138705
138707
138708
138710
138712
138715
138721
138729
138732
138735
138739
138743
138745
138746
138748
138784
138785
138788
138798
138799
138831
138832
138833
138835
138837
138847
138851
138856
138859
138864
138892
138931
138942
138951
138968
138983
139002
139004
139032
139076
139081
139104
139120
139150
139152
139160
139201
139206
139208
139216
139219
139220
139230
139232
139254
139270
139275
139282
139284
139295
139296
139304
139305
139319
139320
139326
139328
139329
139333
139334
139335
139343
139346
139347
139350
139351
139352
139353
139356
139357
139358
139360
139362
139363
139368
139373
139374
139375
139376
139381
139383
139384
139385
139390
139391
139393
139395
139400
139404
139408
139414
139415
139418
139420
139424
139429
139431
139443
139444
139451
139455
139464
139466
139469
139472
139477
139478
139479
139480
139483
139489
139490
139491
139516
139518
139521
139522
139526
139527
139529
139530
139531
139533
139541
139564
139579
139581
139585
139586
139591
139595
139596
139599
139613
139618
139624
139632
139643
139666
139679
139681
139685
139690
139741
139745
139749
139750
139759
139760
139767
139768
139769
139770
139773
139774
139777
139778
139781
139782
139783
139786
139787
139789
139794
139796
139798
139808
139812
139815
139818
139823
139824
139825
139836
139837
139839
139841
139842
139848
139850
139852
139858
139861
139862
139873
139875
139883
139885
139886
139887
139888
139889
139895
139899
139903
139904
139910
139911
139912
139913
139914
139915
139916
139922
139924
139926
139929
139931
139933
139946
139947
139948
139949
139951
139953
139955
139958
139963
139964
139965
139970
139971
139973
139974
139981
139990
139994
140006
140007
140008
140010
140011
140024
140026
140039
140053
140055
140056
140060
140078
140105
140107
140120
140123
140124
140125
140137
140138
140139
140144
140146
140147
140148
140151
140157
140159
140160
140162
140166
140168
140172
140173
140184
140185
140186
140188
140189
140196
140201
140208
140210
140215
140220
140221
140222
140224
140226
140240
140246
140247
140251
140257
140258
140263
140264
140271
140272
140279
140280
140283
140285
140287
140289
140291
140295
140296
140301
140305
140306
140313
140314
140318
140322
140328
140332
140334
140341
140342
140343
140347
140349
140350
140352
140354
140357
140358
140362
140367
140371
140372
140378
140387
140399
140400
140410
140416
140425
140462
140465
140477
140481
140484
140485
140487
140488
140494
140496
140497
140510
140516
140518
140519
140521
140524
140525
140526
140528
140531
140532
140533
140534
140535
140536
140537
140538
140539
140540
140542
140546
140559
140560
140561
140564
140567
140574
140576
140578
140581
140586
140587
140588
140589
140590
140591
140598
140602
140604
140607
140608
140609
140616
140617
140619
140622
140625
140629
140636
140640
140642
140645
140646
140648
140649
140657
140658
140659
140660
140662
140663
140666
140669
140673
140675
140682
140686
140709
140710
140729
140733
140735
140742
140748
140750
140759
140772
140789
140807
140808
140833
140848
140851
140855
140879
140881
140889
140892
140902
140904
140906
140948
140951
140956
140959
140964
140968
140971
140972
140979
140982
140986
140991
140999
141006
141008
141010
141034
141060
141078
141118
141145
141150
141151
141152
141155
141159
141162
141165
141166
141170
141171
141172
141175
141176
141178
141185
141187
141206
141207
141227
141282
141309
141360
141363
141376
141378
141379
141380
141386
141387
141388
141391
141393
141395
141397
141400
141408
141409
141420
141421
141427
141431
141437
141443
141448
141452
141455
141465
141486
141546
141552
141554
141559
141575
141589
141593
141594
141603
141605
141610
141614
141619
141620
141622
141637
141639
141643
141644
141647
141649
141651
141653
141658
141663
141664
141666
141670
141674
141676
141678
141680
141681
141683
141685
141688
141691
141696
141697
141698
141703
141708
141709
141713
141720
141722
141724
141733
141742
141743
141744
141749
141754
141756
141764
141775
141779
141783
141790
141791
141792
141794
141795
141799
141801
141803
141804
141811
141812
141815
141827
141835
141844
141846
141849
141851
141855
141859
141866
141870
141872
141874
141878
141880
141882
141885
141896
141897
141900
141903
141906
141912
141917
141922
141923
141924
141938
141944
141952
141955
141980
141992
141998
142014
142056
142057
142058
142071
142074
142079
142085
142087
142088
142089
142097
142103
142104
142106
142110
142111
142116
142120
142124
142125
142141
142146
142162
142164
142168
142169
142171
142172
142173
142184
142190
142191
142196
142198
142207
142214
142217
142222
142224
142232
142234
142239
142240
142246
142251
142253
142256
142257
142259
142260
142268
142275
142279
142282
142285
142289
142292
142301
142302
142304
142305
142307
142308
142310
142316
142322
142325
142326
142330
142334
142335
142337
142342
142344
142345
142348
142351
142353
142359
142361
142369
142370
142375
142380
142381
142382
142387
142393
142397
142398
142402
142403
142409
142420
142423
142435
142438
142446
142449
142452
142455
142463
142466
142474
142475
142517
142518
142534
142546
142552
142558
142570
142571
142578
142579
142586
142587
142588
142590
142591
142599
142600
142601
142603
142604
142605
142609
142614
142615
142616
142617
142627
142631
142634
142635
142636
142637
142638
142639
142641
142643
142645
142662
142665
142666
142679
142682
142683
142684
142688
142692
142695
142697
142710
142711
142712
142716
142718
142721
142724
142725
142730
142731
142743
142744
142745
142748
142758
142759
142764
142765
142768
142781
142785
142787
142791
142797
142799
142800
142806
142814
142817
142819
142826
142852
142859
142862
142865
142866
142871
142873
142875
142881
142883
142893
142897
142900
142909
142911
142923
142930
142934
142936
142946
142965
142968
142981
142982
142986
143021
143022
143067
143070
143073
143075
143076
143089
143091
143098
143099
143100
143101
143103
143111
143114
143116
143123
143135
143142
143143
143145
143148
143159
143161
143162
143166
143167
143169
143170
143173
143174
143175
143177
143180
143187
143197
143199
143200
143201
143203
143205
143206
143210
143212
143215
143216
143222
143224
143228
143230
143231
143235
143239
143240
143242
143243
143244
143246
143253
143256
143263
143265
143268
143275
143278
143285
143292
143295
143297
143302
143308
143310
143316
143322
143324
143329
143333
143340
143342
143355
143357
143361
143369
143389
143396
143397
143404
143414
143415
143436
143438
143439
143446
143460
143463
143466
143473
143475
143485
143526
143552
143553
143554
143562
143567
143568
143569
143575
143581
143756
143757
143758
143759
143760
143761
143762
143763
143764
143765
143766
143767
143768
143769
143770
143771
143773
143781
143782
143783
143784
143785
143786
143787
143788
143790
143793
143797
143800
143803
143805
143811
143812
143813
143822
143828
143830
143831
143832
143833
143838
143839
143840
143858
143859
143862
143863
143864
143869
143872
143874
143880
143888
143899
143900
143901
143908
143909
143916
143920
143921
143927
143934
143939
143942
143950
143955
143958
143959
143960
143962
143965
143968
143971
143972
143977
143981
143984
143985
143988
143989
143993
143995
144004
144007
144008
144038
144056
144060
144074
144097
144152
144161
144167
144171
144173
144204
144258
144262
144266
144273
144302
144331
144344
144353
144462
144463
144465
144466
144470
144471
144474
144475
144476
144481
144482
144486
144499
144500
144510
144514
144515
144520
144521
144524
144542
144548
144555
144558
144559
144561
144577
144590
144591
144600
144603
144626
144635
144653
144656
144661
144666
144678
144691
144704
144707
144711
144716
144721
144724
144729
144731
144733
144735
144736
144745
144746
144749
144750
144754
144760
144761
144769
144780
144787
144798
144807
144809
144817
144825
144826
144827
144828
144832
144836
144837
144846
144851
144853
144855
144858
144859
144864
144868
144871
144872
144876
144878
144879
144880
144885
144886
144895
144898
144901
144907
144910
144911
144912
144914
144915
144917
144921
144922
144924
144925
144933
144935
144936
144955
144956
144957
144958
144959
144963
144966
144968
144978
144982
144983
144987
144994
145000
145015
145016
145022
145029
145036
145039
145050
145051
145064
145073
145129
145138
145139
145140
145144
145148
145155
145161
145167
145168
145169
145194
145195
145196
145197
145202
145210
145211
145214
145215
145216
145217
145218
145219
145223
145224
145226
145227
145228
145231
145233
145235
145247
145248
145249
145257
145275
145279
145280
145284
145286
145289
145290
145291
145292
145293
145297
145299
145300
145303
145314
145315
145319
145330
145338
145339
145340
145341
145342
145343
145345
145348
145354
145356
145357
145361
145362
145364
145365
145367
145368
145369
145370
145371
145372
145373
145374
145375
145380
145388
145389
145390
145391
145394
145396
145397
145399
145400
145401
145404
145405
145408
145412
145417
145418
145426
145431
145432
145433
145435
145436
145439
145449
145450
145451
145452
145453
145454
145455
145458
145459
145463
145464
145466
145467
145468
145470
145472
145473
145474
145476
145477
145478
145479
145481
145486
145487
145522
145523
145528
145535
145548
145556
145593
145641
145647
145648
145650
145652
145655
145660
145664
145667
145676
145677
145678
145679
145689
145691
145692
145693
145694
145695
145698
145700
145702
145706
145707
145711
145714
145724
145728
145740
145742
145743
145744
145747
145749
145753
145757
145760
145761
145768
145779
145782
145786
145790
145791
145795
145796
145804
145805
145806
145811
145812
145813
145818
145819
145821
145822
145823
145828
145832
145839
145844
145850
145851
145854
145856
145857
145858
145866
145874
145885
145889
145891
145894
145899
145900
145901
145907
145908
145911
145914
145918
145920
145921
145925
145926
145927
145930
145931
145933
145937
145941
145942
145961
145964
145965
145977
145997
146001
146007
146008
146017
146018
146045
146076
146080
146083
146086
146099
146105
146107
146108
146109
146112
146121
146126
146127
146129
146130
146131
146132
146133
146138
146139
146164
146173
146176
146177
146180
146185
146191
146194
146195
146215
146220
146221
146222
146223
146228
146237
146239
146240
146254
146256
146258
146265
146272
146273
146275
146277
146280
146285
146290
146291
146294
146295
146299
146303
146309
146311
146314
146326
146328
146329
146332
146340
146347
146351
146364
146371
146372
146390
146396
146399
146429
146437
146453
146463
146466
146468
146472
146473
146474
146479
146487
146488
146492
146498
146501
146502
146515
146517
146523
146532
146533
146535
146539
146560
146570
146572
146573
146574
146575
146576
146578
146583
146584
146586
146590
146591
146599
146600
146605
146619
146620
146621
146625
146627
146628
146634
146636
146640
146641
146643
146652
146663
146664
146665
146669
146671
146673
146692
146696
146711
146715
146719
146742
146743
146750
146805
146833
146847
146859
146868
146871
146872
146873
146889
146896
146903
146904
146907
146911
146920
146921
146922
146928
146943
146956
146957
146994
146997
147004
147008
147027
147051
147069
147074
147075
147095
147134
147135
147136
147141
147149
147152
147154
147162
147164
147166
147172
147176
147177
147178
147180
147182
147185
147187
147190
147191
147192
147199
147200
147205
147212
147215
147216
147217
147219
147225
147231
147233
147235
147236
147238
147240
147241
147244
147245
147246
147250
147253
147254
147255
147256
147258
147259
147260
147261
147263
147264
147265
147266
147268
147269
147270
147271
147272
147273
147274
147275
147277
147279
147280
147281
147282
147283
147284
147285
147288
147289
147291
147292
147294
147298
147299
147301
147305
147306
147308
147309
147310
147311
147312
147313
147314
147317
147319
147321
147322
147325
147327
147328
147329
147332
147335
147336
147338
147340
147341
147343
147348
147349
147350
147351
147355
147358
147359
147361
147362
147365
147366
147367
147369
147371
147373
147377
147379
147384
147387
147391
147393
147406
147408
147419
147427
147428
147433
147439
147441
147449
147458
147466
147470
147471
147501
147515
147522
147523
147543
147551
147583
147586
147592
147593
147597
147598
147635
147636
147637
147639
147640
147641
147644
147649
147672
147673
147674
147684
147685
147696
147697
147698
147699
147706
147708
147712
147713
147716
147726
147740
147747
147748
147749
147750
147760
147764
147772
147776
147777
147779
147780
147781
147782
147785
147786
147791
147798
147799
147804
147805
147806
147808
147819
147822
147830
147831
147832
147833
147834
147836
147842
147843
147851
147857
147858
147859
147865
147868
147870
147871
147876
147879
147880
147881
147882
147884
147885
147887
147889
147890
147891
147893
147894
147895
147896
147900
147901
147914
147915
147917
147918
147922
147925
147928
147935
147936
147939
147940
147951
147952
147954
147955
147967
147987
147988
148006
148017
148023
148041
148050
148054
148064
148071
148072
148076
148077
148079
148080
148089
148093
148097
148098
148099
148101
148102
148104
148106
148107
148108
148111
148121
148128
148129
148131
148133
148135
148137
148143
148144
148149
148150
148151
148157
148159
148161
148163
148170
148176
148177
148179
148182
148186
148193
148194
148196
148202
148211
148214
148215
148224
148229
148237
148238
148249
148250
148251
148261
148262
148263
148267
148269
148273
148274
148279
148280
148282
148285
148286
148288
148289
148291
148297
148303
148309
148312
148313
148323
148324
148328
148331
148332
148333
148334
148337
148339
148340
148342
148343
148344
148360
148370
148401
148424
148428
148429
148430
148447
148454
148459
148481
148486
148492
148501
148510
148519
148520
148522
148523
148536
148537
148542
148543
148544
148548
148558
148561
148564
148565
148567
148570
148578
148581
148585
148586
148588
148594
148596
148612
148614
148617
148618
148619
148625
148626
148630
148631
148632
148633
148636
148638
148640
148641
148645
148647
148648
148649
148653
148658
148660
148662
148663
148666
148667
148668
148671
148672
148676
148682
148688
148690
148698
148699
148713
148716
148718
148721
148722
148723
148724
148725
148728
148729
148730
148731
148739
148740
148747
148750
148752
148765
148767
148782
148786
148790
148793
148799
148803
148810
148818
148836
148840
148843
148845
148851
148854
148874
148877
148887
148902
148938
148960
148964
148965
148967
148972
148974
148975
148976
148990
148991
148992
148996
149011
149015
149018
149022
149044
149046
149049
149050
149051
149056
149057
149058
149060
149062
149064
149067
149069
149070
149073
149074
149075
149078
149080
149081
149087
149089
149090
149091
149094
149098
149100
149102
149107
149111
149116
149127
149135
149137
149138
149139
149140
149141
149142
149143
149146
149147
149149
149150
149166
149180
149184
149185
149196
149202
149205
149217
149220
149273
149276
149280
149283
149285
149286
149290
149294
149296
149315
149357
149388
149395
149455
149484
149498
149501
149506
149517
149518
149530
149574
149577
149612
149624
149625
149626
149628
149630
149631
149632
149633
149634
149635
149642
149643
149644
149645
149647
149649
149650
149653
149654
149655
149656
149657
149658
149659
149660
149661
149666
149668
149685
149694
149704
149731
149732
149818
149820
149823
149831
149833
149835
149837
149838
149844
149849
149859
149860
149865
149868
149873
149874
149876
149880
149881
149886
149889
149895
149901
149902
149903
149904
149905
149906
149908
149912
149918
149919
149927
149928
149933
149934
149935
149936
149938
149942
149945
149947
149950
149951
149958
149971
149973
149975
149979
149982
149985
149987
149992
149994
149995
149999
150003
150008
150021
150032
150033
150034
150048
150081
150095
150116
150134
150140
150144
150159
150172
150179
150180
150193
150194
150201
150223
150225
150227
150233
150244
150252
150256
150261
150267
150268
150270
150271
150274
150277
150278
150280
150291
150292
150293
150294
150299
150311
150314
150332
150341
150344
150349
150351
150352
150354
150355
150361
150372
150377
150399
150402
150406
150407
150415
150420
150426
150430
150446
150447
150461
150473
150488
150497
150522
150530
150532
150540
150541
150545
150553
150554
150557
150558
150561
150562
150563
150568
150569
150570
150576
150578
150582
150584
150586
150590
150592
150597
150598
150605
150606
150608
150609
150610
150616
150619
150627
150631
150633
150635
150637
150641
150650
150654
150662
150663
150665
150672
150675
150678
150680
150681
150683
150684
150687
150689
150696
150732
150751
150753
150810
150817
150834
150835
150850
150852
150857
150861
150862
150867
150871
150873
150881
150882
150883
150885
150889
150895
150897
150898
150903
150908
150909
150913
150915
150925
150926
150927
150930
150945
150948
150953
150954
150955
150958
150959
150964
150972
150977
150978
150979
150980
150990
150993
151047
151053
151145
151156
151157
151168
151169
151180
151195
151212
151220
151224
151226
151230
151231
151236
151242
151245
151246
151250
151252
151255
151260
151267
151276
151279
151284
151285
151286
151287
151292
151297
151302
151304
151306
151307
151309
151311
151315
151317
151320
151322
151336
151337
151338
151341
151342
151344
151346
151351
151353
151355
151362
151374
151376
151412
151413
151414
151415
151416
151417
151425
151488
151498
151518
151520
151540
151541
151546
151548
151577
151582
151595
151598
151630
151671
151682
151683
151689
151713
151738
151740
151755
151774
151784
151808
151811
151812
151813
151817
151818
151819
151828
151829
151840
151844
151849
151850
151861
151862
151863
151864
151870
151886
151895
151913
151922
151939
151940
151941
151947
151949
151950
151951
151955
151958
151960
151961
151962
151963
151974
151987
151988
151997
152001
152003
152004
152006
152007
152017
152026
152033
152034
152046
152048
152062
152077
152094
152120
152121
152131
152132
152133
152154
152213
152225
152227
152229
152233
152235
152241
152242
152256
152258
152259
152269
152270
152273
152282
152290
152291
152296
152307
152324
152325
152326
152331
152333
152334
152335
152337
152339
152353
152354
152355
152362
152369
152373
152374
152375
152385
152387
152388
152390
152393
152394
152402
152405
152408
152411
152412
152414
152418
152419
152420
152422
152423
152426
152427
152428
152437
152445
152453
152461
152507
152509
152512
152513
152516
152517
152519
152525
152534
152536
152538
152539
152546
152573
152588
152589
152597
152604
152609
152610
152611
152617
152620
152640
152641
152648
152649
152650
152651
152658
152664
152665
152677
152680
152681
152686
152687
152697
152710
152714
152715
152716
152726
152727
152735
152736
152737
152738
152743
152750
152753
152755
152757
152761
152780
152781
152782
152797
152800
152803
152804
152805
152806
152822
152825
152829
152888
152889
152893
152935
152939
152949
152950
152951
152954
152986
152997
152998
152999
153001
153002
153006
153011
153013
153016
153017
153018
153020
153023
153033
153040
153042
153047
153048
153051
153053
153054
153055
153058
153064
153071
153074
153076
153077
153078
153083
153084
153085
153094
153095
153105
153121
153127
153131
153140
153156
153157
153169
153171
153177
153193
153194
153195
153206
153231
153267
153270
153278
153319
153338
153358
153384
153385
153394
153397
153398
153422
153438
153440
153442
153451
153453
153455
153469
153471
153479
153481
153492
153505
153510
153511
153531
153539
153551
153560
153562
153567
153570
153577
153586
153587
153589
153591
153595
153596
153597
153598
153608
153635
153645
153680
153681
153696
153698
153704
153708
153713
153727
153733
153751
153752
153825
153840
153851
153862
153869
153911
153915
153923
153927
153974
153988
153999
154000
154003
154004
154012
154013
154018
154069
154102
154104
154110
154121
154139
154144
154145
154147
154149
154150
154151
154152
154155
154156
154160
154174
154181
154187
154188
154191
154195
154196
154199
154202
154205
154208
154210
154211
154212
154214
154215
154216
154220
154224
154225
154226
154231
154233
154243
154251
154252
154254
154256
154262
154270
154284
154299
154300
154301
154304
154306
154310
154311
154313
154315
154328
154333
154339
154341
154347
154351
154367
154387
154391
154392
154393
154416
154417
154466
154472
154474
154475
154477
154490
154491
154502
154506
154508
154510
154511
154513
154530
154531
154532
154533
154541
154546
154553
154556
154557
154564
154566
154570
154576
154585
154588
154589
154592
154602
154605
154606
154612
154615
154636
154638
154639
154640
154646
154670
154675
154682
154684
154698
154707
154710
154711
154712
154716
154719
154725
154747
154792
154796
154806
154807
154810
154813
154819
154823
154829
154831
154839
154840
154841
154845
154847
154848
154849
154850
154852
154854
154855
154874
154876
154878
154884
154889
154893
154895
154899
154900
154902
154905
154912
154914
154916
154924
154925
154928
154936
154937
154955
154956
154965
154968
154972
154977
154978
154982
154985
155001
155003
155008
155015
155021
155031
155044
155046
155049
155060
155086
155129
155134
155153
155154
155156
155169
155173
155177
155181
155185
155189
155200
155201
155206
155210
155213
155216
155217
155218
155221
155223
155224
155225
155226
155227
155243
155244
155245
155249
155251
155252
155254
155257
155259
155261
155265
155270
155273
155274
155279
155280
155281
155283
155287
155289
155291
155293
155299
155300
155302
155308
155310
155312
155313
155317
155329
155333
155338
155340
155342
155350
155357
155364
155367
155396
155403
155441
155443
155445
155452
155456
155472
155474
155476
155478
155479
155482
155487
155500
155502
155506
155509
155511
155513
155522
155525
155526
155527
155528
155529
155530
155531
155532
155539
155542
155544
155546
155560
155570
155571
155583
155587
155603
155606
155626
155638
155647
155707
155719
155725
155735
155797
155817
155819
155830
155836
155841
155842
155863
155938
155947
155948
155952
155963
155981
155984
156002
156005
156006
156021
156031
156043
156044
156045
156056
156062
156065
156076
156077
156079
156083
156084
156085
156089
156091
156100
156111
156112
156113
156114
156115
156117
156119
156121
156122
156123
156127
156128
156129
156132
156137
156139
156144
156152
156157
156158
156159
156164
156168
156170
156171
156175
156188
156189
156191
156198
156199
156211
156223
156231
156243
156251
156254
156255
156262
156266
156268
156275
156290
156294
156301
156307
156309
156345
156359
156365
156390
156393
156394
156401
156408
156409
156410
156412
156420
156421
156422
156423
156424
156425
156426
156427
156428
156429
156430
156431
156432
156438
156440
156443
156448
156454
156456
156459
156468
156471
156474
156491
156498
156501
156510
156512
156518
156519
156521
156524
156530
156537
156538
156546
156548
156567
156572
156579
156587
156590
156593
156597
156609
156615
156634
156639
156644
156663
156717
156721
156723
156726
156730
156733
156734
156735
156738
156739
156750
156754
156755
156758
156764
156768
156770
156776
156777
156780
156786
156787
156789
156791
156805
156810
156811
156813
156818
156821
156822
156826
156827
156843
156846
156848
156849
156852
156853
156854
156862
156864
156869
156871
156880
156890
156896
156901
156910
156914
156927
156929
156932
156933
156947
157005
157013
157015
157025
157028
157032
157035
157036
157037
157040
157065
157079
157082
157108
157110
157116
157117
157122
157127
157134
157138
157140
157143
157144
157146
157150
157151
157152
157155
157157
157163
157164
157172
157180
157182
157186
157193
157194
157195
157197
157201
157202
157204
157205
157212
157219
157220
157228
157229
157232
157234
157236
157238
157257
157262
157263
157273
157275
157286
157287
157306
157307
157320
157321
157327
157350
157371
157380
157382
157385
157389
157403
157404
157412
157417
157418
157420
157421
157436
157450
157451
157473
157476
157485
157490
157499
157500
157502
157505
157508
157509
157510
157522
157523
157524
157525
157527
157532
157539
157540
157546
157548
157567
157568
157579
157602
157622
157642
157658
157677
157718
157719
157723
157726
157739
157741
157759
157774
157776
157793
157819
157820
157851
157868
157869
157874
157879
157884
157897
157901
157903
157917
157940
157955
157964
157967
157972
157984
157992
157995
158001
158016
158018
158031
158038
158055
158061
158064
158065
158066
158067
158068
158072
158073
158076
158080
158081
158082
158086
158087
158088
158089
158092
158093
158095
158099
158100
158102
158104
158105
158107
158108
158110
158111
158116
158118
158119
158121
158128
158137
158142
158143
158145
158146
158153
158154
158155
158156
158157
158161
158168
158169
158171
158173
158175
158179
158184
158198
158201
158211
158215
158216
158217
158220
158231
158249
158272
158276
158284
158292
158293
158294
158347
158358
158375
158377
158381
158384
158390
158391
158395
158397
158398
158399
158400
158401
158404
158405
158406
158408
158409
158411
158413
158416
158423
158424
158433
158435
158438
158446
158449
158450
158452
158456
158457
158459
158461
158473
158475
158479
158487
158488
158501
158503
158512
158518
158519
158522
158524
158525
158526
158537
158548
158569
158570
158581
158585
158591
158592
158602
158603
158604
158606
158618
158619
158621
158626
158634
158635
158642
158663
158665
158672
158677
158680
158681
158688
158689
158690
158733
158738
158742
158746
158747
158757
158762
158765
158766
158767
158768
158773
158774
158775
158777
158779
158788
158794
158796
158797
158798
158799
158800
158807
158808
158815
158817
158823
158831
158833
158834
158835
158842
158846
158847
158851
158852
158854
158855
158863
158866
158867
158872
158877
158882
158885
158887
158889
158890
158893
158896
158903
158904
158907
158910
158918
158921
158928
158930
158933
158934
158935
158943
158945
158946
158947
158951
158958
158965
158972
158978
158981
158989
158995
158996
158997
159030
159037
159052
159063
159068
159075
159076
159077
159080
159089
159095
159096
159136
159152
159155
159157
159159
159164
159165
159170
159171
159177
159184
159190
159201
159202
159204
159205
159208
159209
159210
159216
159218
159219
159221
159224
159227
159228
159235
159239
159240
159242
159243
159244
159246
159248
159249
159250
159254
159257
159269
159270
159272
159275
159277
159278
159279
159291
159294
159301
159306
159309
159310
159313
159315
159323
159327
159328
159348
159386
159402
159434
159439
159443
159469
159477
159490
159491
159494
159495
159500
159502
159507
159508
159510
159512
159514
159520
159521
159522
159524
159527
159530
159535
159538
159540
159541
159542
159545
159546
159548
159551
159560
159562
159564
159565
159569
159571
159572
159573
159574
159575
159577
159580
159587
159595
159596
159601
159602
159610
159618
159619
159620
159621
159625
159630
159632
159633
159638
159642
159643
159647
159651
159656
159667
159673
159675
159679
159690
159691
159692
159703
159706
159726
159756
159757
159758
159759
159760
159761
159762
159773
159776
159785
159787
159788
159790
159797
159799
159801
159802
159807
159811
159824
159857
159858
159883
159887
159888
159894
159901
159919
159923
159935
159973
160028
160044
160053
160055
160059
160062
160065
160068
160089
160093
160094
160127
160130
160137
160138
160139
160140
160143
160148
160154
160157
160158
160159
160161
160162
160163
160168
160171
160175
160188
160189
160191
160194
160195
160196
160198
160205
160208
160212
160215
160216
160217
160218
160220
160225
160226
160227
160228
160241
160246
160251
160252
160254
160255
160259
160262
160268
160269
160276
160292
160296
160297
160300
160302
160305
160308
160312
160314
160318
160319
160323
160329
160330
160332
160333
160335
160339
160345
160348
160355
160362
160363
160366
160390
160395
160480
160486
160507
160516
160518
160522
160540
160542
160545
160546
160557
160563
160564
160591
160602
160604
160605
160607
160618
160627
160628
160632
160633
160637
160638
160652
160654
160658
160662
160663
160664
160666
160667
160672
160673
160676
160677
160678
160679
160682
160685
160687
160688
160695
160696
160698
160701
160702
160703
160705
160706
160710
160712
160713
160715
160725
160728
160730
160740
160741
160742
160746
160755
160757
160759
160761
160762
160763
160777
160779
160781
160789
160793
160814
160817
160820
160827
160835
160840
160843
160856
160865
160872
160898
160903
160911
160912
160918
160923
160924
160925
160926
160929
160934
160943
160963
160968
160970
160971
160973
160974
160977
160978
160984
160988
160990
161002
161008
161009
161011
161012
161014
161015
161021
161028
161035
161039
161054
161057
161060
161063
161072
161073
161078
161082
161086
161088
161102
161107
161115
161117
161133
161135
161136
161137
161138
161139
161140
161144
161145
161147
161149
161150
161152
161153
161155
161157
161160
161162
161163
161164
161166
161172
161180
161189
161192
161201
161203
161209
161210
161220
161227
161241
161252
161263
161279
161291
161294
161297
161300
161302
161305
161306
161310
161319
161323
161327
161328
161330
161331
161332
161336
161337
161339
161341
161342
161350
161352
161359
161365
161366
161368
161373
161378
161383
161389
161396
161399
161402
161403
161404
161406
161407
161408
161414
161415
161429
161434
161435
161436
161440
161442
161444
161445
161446
161448
161449
161451
161454
161455
161460
161466
161476
161479
161480
161482
161483
161485
161491
161493
161495
161503
161530
161536
161538
161541
161549
161551
161564
161571
161577
161600
161646
161659
161661
161662
161671
161674
161676
161677
161679
161680
161690
161692
161695
161698
161710
161720
161724
161732
161733
161742
161746
161748
161749
161755
161756
161758
161760
161763
161765
161766
161767
161773
161776
161777
161779
161781
161786
161791
161795
161804
161805
161808
161812
161815
161817
161819
161826
161828
161829
161834
161835
161836
161839
161843
161844
161859
161867
161924
161935
161939
161946
161958
161962
161963
161985
161986
161987
161989
161992
161993
162001
162070
162093
162094
162095
162140
162141
162149
162155
162179
162190
162220
162223
162227
162232
162246
162250
162253
162266
162274
162296
162299
162303
162319
162321
162325
162332
162333
162339
162349
162350
162353
162355
162357
162363
162364
162366
162367
162371
162377
162380
162381
162383
162384
162385
162386
162387
162391
162392
162395
162396
162398
162399
162400
162405
162409
162411
162416
162417
162418
162421
162422
162423
162424
162426
162427
162429
162430
162431
162432
162437
162438
162444
162451
162455
162457
162458
162463
162472
162477
162479
162481
162484
162490
162493
162494
162495
162497
162498
162500
162503
162506
162510
162511
162513
162514
162516
162518
162520
162521
162522
162526
162535
162557
162559
162567
162568
162573
162580
162583
162585
162590
162592
162594
162598
162636
162655
162657
162662
162676
162679
162687
162696
162699
162700
162702
162706
162708
162711
162712
162720
162721
162736
162737
162743
162748
162759
162762
162766
162768
162770
162771
162772
162775
162776
162790
162793
162794
162795
162799
162802
162803
162808
162810
162812
162815
162818
162819
162821
162822
162823
162825
162827
162828
162829
162831
162832
162833
162834
162835
162837
162855
162856
162863
162870
162871
162875
162886
162889
162897
162900
162907
162921
162923
162938
162945
162946
162947
162949
162968
162972
162977
162978
162985
163001
163012
163057
163073
163081
163088
163090
163092
163093
163097
163105
163106
163109
163121
163122
163134
163138
163139
163144
163146
163148
163150
163153
163156
163167
163169
163173
163177
163178
163181
163184
163188
163195
163196
163200
163202
163206
163208
163210
163212
163216
163217
163218
163219
163222
163223
163233
163234
163237
163240
163243
163244
163247
163248
163251
163262
163263
163267
163268
163269
163272
163273
163278
163284
163289
163292
163295
163298
163301
163319
163322
163333
163337
163340
163352
163358
163359
163361
163373
163395
163406
163416
163427
163428
163435
163450
163460
163463
163469
163479
163521
163536
163537
163546
163547
163548
163550
163551
163553
163555
163557
163559
163560
163562
163565
163570
163574
163584
163587
163598
163600
163601
163602
163603
163604
163610
163611
163616
163620
163622
163623
163624
163626
163629
163640
163641
163643
163647
163648
163658
163661
163662
163665
163666
163669
163670
163674
163681
163685
163687
163690
163691
163692
163693
163698
163699
163701
163702
163705
163706
163708
163709
163712
163716
163721
163724
163734
163735
163736
163737
163739
163742
163743
163746
163747
163749
163751
163752
163760
163761
163763
163773
163774
163779
163782
163783
163785
163796
163797
163810
163811
163819
163821
163822
163824
163825
163829
163831
163835
163870
163875
163882
163886
163903
163906
163915
163918
163920
163924
163926
163927
163937
163939
163959
163973
163981
163984
163999
164004
164005
164009
164018
164029
164030
164031
164036
164038
164040
164042
164043
164044
164050
164053
164055
164056
164064
164069
164077
164080
164084
164085
164089
164094
164098
164100
164101
164104
164105
164107
164110
164116
164118
164119
164122
164124
164125
164126
164130
164134
164141
164146
164154
164162
164171
164172
164175
164176
164180
164181
164183
164185
164186
164188
164189
164191
164192
164193
164194
164196
164198
164203
164204
164205
164207
164210
164214
164215
164217
164219
164221
164231
164235
164241
164242
164244
164245
164250
164252
164257
164266
164267
164287
164288
164295
164308
164314
164320
164329
164330
164338
164339
164341
164348
164354
164366
164378
164389
164390
164391
164404
164429
164444
164450
164451
164452
164453
164456
164483
164514
164516
164524
164529
164545
164553
164578
164587
164588
164599
164621
164629
164640
164643
164644
164650
164652
164654
164662
164664
164665
164678
164679
164680
164695
164697
164701
164703
164706
164707
164709
164722
164723
164724
164725
164733
164735
164736
164737
164743
164744
164747
164749
164752
164758
164763
164764
164765
164768
164769
164775
164778
164781
164782
164783
164784
164787
164788
164792
164795
164796
164798
164799
164801
164812
164814
164816
164817
164818
164823
164825
164830
164833
164834
164835
164838
164839
164840
164841
164843
164847
164848
164857
164858
164859
164860
164864
164865
164866
164880
164882
164884
164889
164892
164893
164895
164901
164903
164904
164905
164915
164923
164929
164939
164946
164953
164959
164975
164982
164988
165015
165023
165025
165029
165032
165034
165036
165039
165047
165048
165049
165051
165064
165065
165068
165069
165071
165079
165080
165100
165101
165104
165111
165114
165116
165120
165121
165129
165136
165137
165138
165142
165145
165146
165149
165152
165157
165158
165159
165160
165162
165163
165164
165168
165172
165176
165179
165181
165183
165185
165187
165188
165189
165191
165192
165193
165194
165198
165205
165206
165207
165208
165217
165225
165239
165243
165246
165248
165249
165250
165252
165253
165258
165260
165262
165269
165271
165274
165275
165280
165288
165291
165294
165295
165308
165309
165314
165324
165327
165330
165348
165354
165360
165376
165381
165388
165404
165413
165417
165425
165443
165449
165458
165461
165462
165464
165465
165469
165471
165472
165474
165485
165487
165492
165493
165494
165501
165505
165506
165507
165516
165519
165522
165535
165536
165543
165545
165546
165547
165548
165549
165550
165551
165553
165555
165557
165559
165560
165566
165568
165570
165571
165573
165574
165578
165580
165583
165584
165585
165588
165589
165593
165594
165596
165602
165605
165614
165621
165623
165625
165631
165632
165637
165641
165647
165655
165664
165666
165669
165682
165683
165685
165690
165694
165697
165698
165699
165701
165706
165711
165712
165721
165722
165723
165726
165728
165729
165731
165733
165737
165744
165746
165747
165752
165754
165756
165759
165762
165763
165764
165767
165768
165770
165779
165780
165797
165805
165806
165807
165808
165811
165812
165837
165839
165843
165877
165887
165896
165898
165900
165912
166082
166090
166093
166094
166095
166103
166105
166106
166108
166112
166131
166139
166146
166147
166149
166153
166155
166156
166157
166166
166167
166170
166181
166183
166185
166187
166188
166189
166191
166193
166195
166196
166198
166199
166201
166202
166203
166204
166205
166206
166207
166212
166213
166214
166219
166220
166223
166225
166227
166228
166233
166236
166238
166242
166245
166246
166247
166250
166253
166255
166257
166258
166260
166261
166265
166267
166270
166273
166274
166277
166279
166280
166282
166283
166287
166288
166294
166295
166296
166299
166300
166302
166303
166304
166305
166306
166307
166308
166310
166315
166317
166319
166320
166322
166324
166326
166327
166333
166335
166336
166341
166346
166347
166350
166352
166357
166359
166364
166367
166370
166371
166373
166376
166378
166379
166380
166384
166386
166387
166388
166390
166391
166392
166394
166395
166396
166397
166398
166399
166400
166401
166402
166403
166404
166405
166406
166407
166408
166409
166410
166411
166412
166413
166414
166415
166419
166426
166427
166430
166432
166436
166437
166438
166440
166441
166444
166445
166446
166447
166449
166456
166457
166464
166470
166476
166481
166482
166483
166485
166488
166491
166492
166498
166500
166503
166508
166509
166511
166512
166513
166515
166518
166522
166525
166531
166540
166551
166560
166565
166566
166589
166625
166635
166638
166650
166652
166674
166711
166748
166750
166751
166766
166767
166771
166787
166793
166799
166801
166803
166806
166808
166809
166810
166811
166817
166818
166819
166825
166830
166836
166839
166844
166845
166847
166849
166850
166851
166853
166861
166867
166869
166870
166872
166875
166876
166878
166879
166881
166883
166889
166890
166892
166896
166901
166907
166910
166914
166916
166934
166936
166940
166941
166942
166945
166947
166948
166950
166956
166959
166965
166967
166968
166971
166978
166982
166984
166985
166986
166991
166994
167005
167011
167014
167019
167056
167057
167065
167084
167100
167104
167121
167128
167129
167130
167141
167157
167159
167161
167165
167166
167167
167170
167171
167174
167212
167220
167231
167243
167246
167255
167256
167257
167271
167294
167296
167314
167316
167326
167327
167329
167330
167331
167332
167338
167341
167342
167343
167354
167357
167358
167359
167360
167375
167382
167384
167386
167393
167396
167397
167398
167405
167406
167407
167408
167409
167418
167422
167429
167436
167437
167439
167440
167443
167446
167450
167458
167461
167465
167484
167485
167486
167487
167488
167489
167490
167493
167501
167505
167508
167510
167513
167515
167517
167526
167527
167528
167529
167531
167533
167540
167546
167547
167548
167549
167554
167556
167563
167566
167567
167569
167570
167573
167574
167575
167576
167577
167579
167584
167586
167587
167592
167604
167607
167611
167615
167616
167618
167624
167625
167633
167635
167636
167637
167649
167651
167659
167663
167664
167679
167698
167700
167707
167713
167724
167776
167794
167918
167919
167982
167984
167992
168062
168067
168069
168073
168075
168078
168079
168080
168081
168085
168088
168097
168099
168100
168113
168117
168118
168121
168126
168127
168128
168132
168142
168143
168144
168146
168147
168148
168153
168156
168166
168171
168174
168176
168177
168178
168179
168180
168182
168183
168187
168191
168192
168194
168197
168200
168201
168202
168203
168205
168206
168207
168208
168210
168211
168214
168219
168221
168226
168228
168237
168240
168242
168247
168250
168252
168253
168258
168259
168262
168263
168264
168271
168273
168278
168279
168280
168281
168282
168283
168284
168287
168294
168296
168297
168302
168313
168314
168316
168317
168321
168323
168325
168327
168339
168341
168342
168343
168347
168349
168350
168351
168354
168357
168359
168360
168362
168363
168364
168383
168390
168391
168393
168397
168403
168404
168411
168412
168414
168419
168439
168441
168446
168461
168474
168518
168520
168526
168528
168573
168583
168587
168595
168601
168602
168609
168610
168614
168616
168621
168626
168630
168640
168647
168649
168652
168654
168658
168659
168660
168661
168664
168667
168671
168684
168691
168692
168694
168699
168700
168702
168703
168706
168707
168709
168713
168726
168730
168734
168738
168741
168745
168749
168750
168751
168752
168753
168759
168772
168773
168778
168779
168782
168784
168786
168788
168790
168793
168796
168799
168807
168808
168809
168810
168811
168818
168819
168820
168828
168829
168831
168832
168833
168834
168835
168840
168841
168844
168846
168847
168857
168858
168860
168861
168865
168866
168867
168870
168875
168876
168878
168879
168882
168883
168884
168887
168888
168893
168896
168902
168904
168915
168920
168924
168925
168930
168941
168952
168965
168972
168974
168977
168978
168979
168981
168996
168997
168999
169027
169028
169029
169035
169038
169039
169042
169046
169048
169059
169092
169093
169094
169128
169129
169131
169134
169135
169137
169142
169143
169144
169147
169151
169152
169154
169155
169156
169158
169167
169175
169183
169184
169185
169188
169189
169190
169194
169195
169197
169198
169202
169203
169204
169208
169209
169212
169213
169217
169218
169220
169222
169224
169232
169234
169237
169238
169239
169243
169248
169257
169258
169260
169261
169271
169273
169277
169283
169285
169287
169295
169297
169298
169299
169305
169316
169322
169323
169324
169331
169341
169344
169345
169349
169355
169357
169358
169360
169366
169371
169372
169375
169377
169378
169379
169380
169381
169382
169384
169391
169399
169401
169402
169412
169414
169415
169416
169419
169426
169437
169441
169444
169448
169463
169465
169466
169477
169482
169501
169503
169531
169533
169540
169554
169559
169578
169589
169618
169622
169627
169631
169633
169634
169636
169639
169644
169645
169652
169659
169660
169662
169677
169678
169680
169681
169688
169689
169694
169695
169698
169702
169703
169712
169714
169715
169716
169719
169723
169724
169725
169726
169733
169735
169741
169743
169747
169750
169751
169755
169758
169760
169762
169763
169764
169768
169771
169772
169773
169776
169778
169782
169786
169788
169793
169795
169797
169798
169805
169806
169809
169810
169814
169816
169817
169820
169821
169826
169828
169834
169842
169843
169848
169853
169856
169859
169867
169869
169871
169877
169886
169893
169902
169907
169914
169954
169965
169978
169983
169993
169997
170000
170005
170020
170044
170045
170049
170053
170055
170061
170096
170105
170120
170142
170165
170183
170184
170193
170198
170204
170205
170208
170211
170212
170230
170237
170260
170264
170267
170287
170294
170299
170300
170310
170319
170325
170342
170345
170347
170352
170353
170356
170358
170359
170363
170367
170370
170375
170377
170378
170406
170410
170411
170412
170420
170424
170425
170426
170428
170431
170432
170436
170438
170439
170442
170444
170445
170448
170453
170454
170457
170459
170460
170463
170464
170465
170466
170467
170468
170469
170471
170472
170476
170479
170481
170484
170485
170487
170492
170494
170495
170499
170500
170501
170503
170505
170507
170509
170510
170515
170516
170517
170518
170519
170522
170530
170535
170538
170539
170541
170542
170543
170544
170545
170548
170550
170552
170556
170558
170566
170567
170574
170575
170580
170581
170583
170584
170587
170590
170595
170598
170599
170600
170601
170603
170605
170611
170614
170618
170619
170620
170627
170628
170629
170630
170634
170643
170648
170649
170655
170656
170661
170663
170664
170669
170672
170673
170688
170689
170698
170705
170711
170712
170717
170719
170721
170722
170727
170729
170743
170762
170767
170784
170797
170799
170823
170827
170829
170830
170831
170832
170833
170835
170838
170839
170842
170844
170845
170846
170849
170850
170851
170857
170860
170867
170868
170871
170874
170879
170890
170891
170905
170919
170920
170922
170924
170926
170929
170931
170935
170937
170941
170944
170946
170948
170952
170956
170958
170959
170960
170963
170964
170967
170968
170979
170984
170986
170990
170991
170993
170996
170998
171005
171008
171009
171014
171017
171018
171019
171020
171021
171028
171031
171035
171038
171046
171047
171055
171064
171067
171070
171073
171074
171076
171077
171083
171086
171092
171106
171107
171108
171109
171110
171112
171113
171115
171119
171123
171133
171137
171145
171147
171148
171150
171153
171156
171161
171164
171169
171171
171182
171183
171186
171190
171192
171201
171203
171224
171235
171260
171264
171282
171298
171312
171323
171339
171346
171359
171366
171367
171370
171372
171373
171376
171381
171382
171385
171386
171387
171388
171389
171392
171393
171395
171396
171398
171399
171400
171402
171404
171407
171408
171414
171416
171422
171423
171428
171435
171436
171439
171440
171441
171442
171444
171446
171455
171456
171457
171458
171459
171462
171463
171466
171467
171474
171478
171492
171499
171500
171508
171509
171510
171512
171513
171514
171516
171518
171524
171525
171527
171530
171537
171541
171542
171549
171551
171552
171558
171561
171563
171568
171572
171575
171576
171579
171581
171582
171587
171590
171593
171595
171599
171600
171601
171602
171604
171606
171609
171610
171611
171613
171614
171616
171619
171620
171625
171628
171629
171631
171636
171653
171685
171687
171699
171701
171708
171742
171748
171752
171753
171773
171784
171823
171827
171832
171844
171848
171851
171852
171866
171867
171873
171876
171877
171886
171897
171898
171902
171907
171909
171915
171916
171917
171921
171922
171926
171927
171930
171946
171953
171956
171966
171975
171980
171983
171986
171989
171993
171996
171999
172000
172007
172009
172015
172024
172033
172035
172038
172039
172042
172043
172044
172046
172047
172049
172055
172057
172058
172063
172066
172068
172069
172071
172080
172087
172093
172099
172111
172123
172124
172170
172171
172177
172179
172182
172191
172196
172197
172198
172199
172227
172265
172286
172287
172301
172308
172309
172312
172317
172322
172325
172326
172327
172328
172329
172336
172337
172339
172340
172343
172344
172346
172349
172357
172364
172366
172367
172370
172371
172374
172375
172379
172387
172393
172397
172399
172401
172405
172407
172411
172413
172416
172417
172421
172422
172424
172427
172429
172430
172431
172433
172438
172439
172443
172444
172445
172455
172456
172461
172466
172469
172472
172475
172477
172480
172483
172484
172491
172493
172499
172502
172513
172516
172518
172519
172521
172528
172530
172533
172535
172538
172539
172542
172546
172561
172578
172581
172595
172599
172602
172607
172625
172632
172636
172709
172722
172723
172758
172777
172789
172791
172795
172798
172800
172801
172802
172803
172812
172848
172868
172878
172883
172890
172955
172960
172961
172963
172971
172979
172982
173003
173004
173017
173022
173029
173039
173041
173044
173045
173047
173053
173057
173067
173071
173073
173075
173076
173079
173080
173083
173086
173087
173093
173094
173097
173099
173100
173103
173108
173110
173111
173112
173114
173124
173129
173131
173134
173138
173143
173145
173147
173148
173150
173159
173162
173166
173167
173174
173175
173176
173178
173183
173184
173188
173202
173203
173204
173205
173211
173212
173213
173222
173227
173235
173238
173242
173250
173255
173258
173274
173278
173292
173297
173310
173311
173323
173334
173359
173360
173362
173371
173376
173381
173389
173393
173405
173438
173447
173472
173476
173481
173482
173485
173487
173488
173491
173492
173497
173498
173499
173505
173511
173513
173514
173516
173519
173521
173522
173524
173526
173529
173533
173546
173554
173555
173556
173557
173563
173574
173575
173578
173582
173587
173589
173590
173592
173596
173599
173601
173602
173604
173610
173612
173620
173621
173624
173625
173627
173630
173631
173635
173638
173640
173641
173642
173647
173649
173652
173654
173667
173672
173673
173674
173676
173679
173685
173686
173689
173691
173694
173698
173707
173708
173711
173716
173718
173720
173723
173726
173731
173734
173735
173740
173750
173762
173767
173769
173770
173780
173819
173829
173835
173845
173887
173906
173923
173928
173935
173936
173937
173941
173955
174000
174001
174022
174028
174057
174086
174087
174090
174092
174095
174117
174119
174125
174126
174128
174131
174135
174136
174138
174140
174142
174143
174145
174154
174158
174168
174170
174172
174173
174177
174179
174180
174182
174183
174184
174185
174190
174195
174196
174198
174199
174201
174202
174204
174205
174206
174210
174211
174213
174214
174216
174221
174224
174225
174233
174234
174237
174241
174244
174251
174261
174262
174263
174264
174266
174270
174274
174277
174280
174281
174282
174283
174284
174287
174292
174301
174303
174304
174307
174311
174313
174317
174321
174323
174324
174327
174331
174332
174339
174345
174347
174354
174356
174361
174364
174365
174370
174371
174395
174397
174398
174401
174404
174409
174417
174421
174422
174423
174424
174425
174434
174442
174445
174458
174465
174468
174473
174477
174482
174484
174494
174519
174530
174540
174546
174550
174551
174559
174564
174566
174567
174581
174585
174588
174589
174591
174592
174593
174595
174598
174599
174602
174609
174611
174612
174617
174623
174627
174629
174635
174636
174642
174644
174646
174647
174650
174651
174653
174654
174655
174656
174661
174662
174667
174669
174672
174680
174689
174693
174694
174702
174707
174708
174719
174720
174722
174723
174732
174735
174748
174752
174754
174755
174756
174764
174767
174771
174774
174775
174776
174783
174793
174794
174799
174802
174804
174807
174808
174811
174812
174832
174833
174835
174839
174841
174844
174845
174847
174848
174855
174866
174868
174879
174880
174894
174897
174905
174950
174956
174957
174968
174971
174974
174996
175003
175008
175019
175026
175031
175033
175034
175047
175057
175058
175065
175071
175080
175084
175086
175089
175093
175094
175095
175096
175098
175101
175106
175107
175110
175112
175113
175116
175117
175118
175120
175121
175122
175123
175124
175125
175127
175133
175134
175136
175137
175138
175143
175144
175145
175147
175153
175155
175156
175157
175160
175166
175168
175174
175175
175177
175179
175188
175191
175192
175196
175197
175202
175203
175211
175215
175217
175221
175222
175224
175228
175229
175237
175238
175243
175244
175245
175251
175259
175270
175271
175275
175276
175277
175288
175295
175298
175300
175304
175323
175325
175327
175341
175354
175392
175411
175417
175420
175421
175423
175431
175435
175439
175451
175455
175461
175523
175534
175538
175550
175568
175583
175585
175591
175592
175594
175604
175615
175641
175659
175662
175670
175692
175695
175702
175704
175710
175711
175713
175714
175715
175717
175719
175722
175724
175726
175727
175729
175731
175737
175740
175745
175746
175750
175751
175752
175754
175756
175757
175758
175760
175761
175766
175767
175769
175770
175773
175774
175776
175779
175780
175782
175783
175785
175787
175791
175794
175796
175797
175798
175799
175801
175804
175805
175808
175809
175810
175811
175812
175813
175819
175823
175824
175830
175831
175832
175836
175839
175840
175842
175844
175850
175852
175853
175854
175865
175867
175868
175869
175871
175873
175879
175884
175886
175894
175896
175898
175901
175902
175906
175907
175908
175927
175930
175931
175936
175943
175946
175952
175953
175957
175967
175969
175997
176001
176002
176019
176030
176031
176045
176073
176099
176102
176126
176129
176130
176134
176135
176136
176137
176139
176140
176141
176143
176145
176147
176148
176152
176157
176159
176163
176169
176172
176174
176176
176180
176182
176185
176187
176191
176194
176195
176198
176201
176208
176211
176212
176214
176216
176218
176219
176220
176222
176227
176230
176233
176234
176239
176240
176241
176242
176244
176246
176254
176255
176256
176259
176260
176261
176262
176263
176264
176265
176266
176267
176268
176269
176270
176272
176276
176277
176280
176281
176283
176285
176286
176287
176290
176294
176296
176297
176298
176304
176310
176311
176316
176322
176323
176330
176332
176336
176338
176343
176344
176353
176354
176355
176357
176362
176363
176367
176370
176371
176377
176378
176379
176389
176395
176400
176402
176411
176421
176439
176440
176455
176456
176457
176460
176465
176482
176504
176514
176517
176537
176558
176560
176563
176569
176570
176571
176573
176577
176580
176582
176584
176585
176586
176588
176591
176592
176594
176598
176603
176604
176606
176607
176614
176615
176626
176627
176628
176631
176632
176634
176635
176638
176642
176645
176647
176648
176650
176651
176654
176656
176657
176662
176667
176668
176678
176679
176680
176682
176683
176688
176689
176690
176695
176706
176707
176717
176719
176720
176723
176725
176727
176728
176732
176738
176741
176743
176744
176745
176751
176752
176754
176756
176761
176762
176768
176769
176772
176773
176776
176779
176782
176783
176786
176788
176792
176794
176805
176806
176814
176826
176827
176833
176835
176836
176837
176838
176840
176841
176842
176844
176846
176850
176852
176856
176857
176865
176866
176869
176871
176878
176879
176881
176886
176923
176924
176927
176946
176951
176965
177000
177037
177039
177049
177053
177058
177066
177068
177069
177070
177095
177098
177105
177106
177119
177120
177121
177124
177127
177133
177136
177140
177141
177148
177149
177155
177157
177165
177166
177167
177168
177174
177175
177178
177179
177180
177183
177185
177191
177192
177193
177194
177200
177201
177203
177206
177209
177212
177235
177240
177241
177242
177243
177245
177246
177247
177248
177249
177250
177252
177256
177267
177275
177282
177287
177295
177298
177299
177303
177312
177323
177324
177326
177328
177329
177353
177366
177367
177370
177373
177380
177383
177387
177393
177394
177400
177402
177435
177437
177452
177465
177466
177471
177476
177493
177494
177495
177520
177524
177525
177526
177530
177532
177539
177540
177541
177557
177561
177562
177564
177569
177584
177585
177588
177601
177605
177611
177614
177617
177619
177624
177629
177630
177631
177632
177636
177637
177639
177640
177645
177647
177648
177651
177653
177654
177656
177670
177675
177691
177692
177695
177697
177698
177699
177709
177710
177712
177715
177716
177717
177718
177720
177721
177725
177729
177731
177732
177733
177735
177738
177739
177742
177746
177749
177752
177755
177757
177758
177764
177772
177776
177783
177787
177788
177793
177798
177799
177801
177807
177814
177817
177824
177838
177872
177877
177878
177879
177889
177897
177909
177948
177949
177953
177958
177959
177960
177962
177964
177975
177994
178020
178034
178041
178043
178053
178064
178065
178066
178078
178082
178137
178166
178185
178191
178203
178209
178234
178236
178253
178258
178268
178285
178290
178297
178316
178326
178353
178355
178357
178358
178363
178365
178366
178367
178369
178371
178374
178375
178378
178380
178384
178385
178388
178396
178408
178409
178412
178414
178417
178421
178422
178423
178429
178430
178432
178433
178434
178435
178437
178438
178443
178451
178462
178463
178464
178465
178467
178468
178470
178481
178484
178486
178488
178498
178506
178512
178513
178514
178517
178526
178529
178530
178533
178540
178544
178545
178547
178550
178554
178558
178573
178584
178590
178598
178608
178616
178618
178619
178621
178622
178625
178630
178631
178636
178638
178639
178657
178665
178667
178668
178682
178686
178687
178691
178693
178698
178705
178708
178710
178712
178720
178721
178722
178723
178742
178754
178755
178774
178780
178782
178791
178813
178816
178818
178835
178841
178844
178848
178850
178852
178854
178857
178859
178860
178865
178868
178871
178872
178876
178882
178883
178892
178907
178910
178914
178922
178930
178933
178940
178943
178946
178948
178952
178953
178954
178957
178958
178959
178960
178961
178962
178965
178966
178967
178968
178969
178972
178973
178975
178978
178980
178984
178985
178987
178993
178994
179002
179005
179006
179007
179012
179013
179015
179016
179017
179019
179021
179022
179024
179025
179028
179029
179031
179032
179033
179034
179047
179048
179049
179050
179058
179061
179063
179069
179078
179079
179081
179083
179084
179089
179097
179098
179126
179129
179131
179132
179134
179147
179149
179154
179155
179162
179164
179173
179176
179178
179182
179183
179184
179186
179189
179198
179202
179203
179205
179206
179215
179216
179217
179220
179236
179276
179278
179326
179327
179335
179354
179376
179386
179405
179426
179434
179438
179439
179440
179446
179447
179455
179463
179465
179482
179489
179504
179515
179519
179527
179528
179531
179532
179533
179537
179538
179540
179541
179550
179551
179554
179555
179557
179561
179562
179563
179575
179585
179586
179588
179589
179591
179592
179594
179597
179600
179604
179605
179607
179608
179615
179634
179640
179642
179645
179649
179650
179653
179661
179662
179663
179671
179674
179676
179677
179683
179688
179692
179711
179712
179716
179722
179729
179738
179739
179741
179746
179747
179750
179751
179754
179759
179807
179816
179820
179827
179837
179841
179843
179844
179847
179849
179865
179896
179902
179904
179906
179915
179926
179938
179945
179961
179962
179967
179970
179998
180003
180029
180032
180034
180035
180037
180038
180044
180050
180051
180055
180062
180071
180072
180073
180076
180081
180083
180087
180088
180092
180097
180111
180115
180116
180120
180130
180132
180138
180141
180147
180150
180151
180152
180154
180155
180157
180158
180159
180169
180170
180173
180178
180186
180187
180189
180197
180200
180201
180202
180203
180208
180216
180273
180275
180276
180279
180285
180288
180298
180310
180313
180317
180320
180339
180362
180368
180373
180394
180413
180418
180420
180427
180428
180444
180468
180472
180473
180521
180557
180648
180659
180664
180665
180667
180710
180711
180719
180726
180727
180747
180749
180750
180755
180762
180765
180767
180768
180772
180773
180774
180776
180780
180781
180783
180787
180788
180789
180793
180797
180798
180799
180801
180802
180803
180811
180823
180830
180832
180837
180839
180850
180851
180852
180865
180867
180870
180874
180875
180884
180888
180890
180901
180906
180907
180917
180921
180926
180941
180956
180974
180994
180998
181004
181016
181021
181032
181042
181059
181061
181062
181063
181071
181086
181090
181101
181102
181103
181104
181174
181200
181205
181206
181242
181246
181250
181251
181262
181266
181269
181276
181297
181309
181310
181341
181363
181370
181371
181373
181375
181376
181380
181392
181396
181401
181402
181414
181415
181417
181423
181436
181437
181442
181443
181444
181445
181448
181454
181486
181487
181502
181512
181520
181539
181540
181541
181542
181543
181545
181563
181568
181570
181574
181575
181576
181577
181582
181586
181587
181589
181598
181599
181601
181611
181612
181613
181617
181626
181628
181631
181638
181643
181646
181647
181649
181651
181652
181656
181659
181662
181663
181664
181667
181669
181671
181681
181686
181692
181694
181695
181702
181706
181707
181710
181711
181712
181714
181715
181716
181717
181719
181720
181721
181722
181724
181733
181743
181746
181753
181756
181759
181760
181761
181762
181763
181767
181773
181788
181791
181793
181800
181801
181813
181815
181820
181826
181833
181834
181838
181839
181846
181847
181848
181855
181863
181864
181881
181888
181895
181897
181902
181903
181911
181920
181935
181956
181957
181962
181969
181973
181977
181991
182004
182010
182021
182024
182028
182038
182051
182052
182073
182105
182114
182118
182119
182131
182136
182137
182138
182141
182143
182145
182150
182152
182155
182156
182186
182189
182190
182193
182198
182201
182202
182204
182205
182214
182216
182218
182223
182224
182225
182233
182235
182241
182242
182243
182244
182254
182257
182260
182275
182276
182278
182285
182287
182288
182289
182290
182292
182293
182296
182299
182300
182302
182309
182317
182318
182319
182326
182329
182331
182332
182334
182335
182337
182341
182346
182349
182351
182357
182361
182363
182365
182369
182400
182414
182417
182427
182431
182439
182442
182456
182458
182460
182467
182468
182469
182477
182478
182504
182509
182510
182529
182545
182547
182554
182556
182570
182572
182573
182578
182590
182591
182592
182594
182597
182599
182601
182606
182609
182610
182613
182614
182617
182619
182620
182621
182627
182628
182630
182645
182647
182650
182652
182654
182655
182658
182663
182666
182667
182668
182669
182670
182671
182672
182681
182689
182691
182694
182701
182706
182707
182713
182714
182716
182717
182718
182719
182720
182722
182723
182724
182726
182728
182735
182737
182738
182739
182744
182751
182759
182760
182769
182778
182801
182819
182823
182832
182837
182842
182867
182870
182883
182886
182900
182904
182909
182913
182929
182955
182967
182983
182987
182990
183004
183014
183020
183073
183074
183078
183079
183083
183085
183094
183101
183110
183111
183116
183121
183123
183127
183130
183132
183136
183137
183142
183144
183146
183150
183154
183158
183161
183163
183164
183167
183172
183173
183175
183177
183183
183187
183192
183193
183197
183199
183201
183202
183203
183205
183211
183215
183217
183220
183221
183222
183224
183246
183247
183254
183258
183259
183263
183266
183268
183272
183276
183278
183280
183284
183290
183291
183304
183308
183311
183336
183338
183342
183350
183355
183360
183365
183378
183383
183385
183387
183394
183413
183420
183425
183463
183468
183470
183480
183497
183513
183530
183532
183536
183543
183544
183547
183550
183552
183553
183557
183558
183568
183570
183573
183574
183575
183578
183582
183589
183601
183612
183615
183616
183620
183622
183623
183624
183625
183632
183633
183635
183642
183643
183645
183649
183653
183654
183656
183657
183658
183660
183662
183663
183665
183666
183669
183670
183671
183672
183681
183682
183683
183688
183689
183690
183695
183697
183700
183701
183712
183715
183719
183720
183727
183730
183734
183737
183740
183741
183743
183747
183748
183750
183765
183768
183772
183773
183789
183796
183800
183810
183817
183824
183830
183832
183851
183853
183894
183959
184041
184067
184068
184077
184080
184113
184127
184147
184156
184164
184179
184181
184200
184243
184298
184304
184308
184346
184349
184364
184371
184389
184410
184414
184419
184449
184515
184517
184524
184531
184534
184538
184544
184547
184548
184550
184562
184563
184565
184567
184569
184577
184580
184585
184588
184589
184592
184593
184596
184598
184599
184603
184604
184622
184640
184645
184652
184653
184655
184657
184668
184674
184690
184701
184707
184716
184721
184722
184723
184729
184734
184747
184756
184759
184761
184766
184785
184786
184797
184800
184810
184828
184831
184839
184841
184849
184853
184856
184865
184875
184892
184895
184907
184910
184928
184929
184933
184941
184956
184957
184959
184994
185047
185057
185074
185076
185078
185079
185083
185086
185089
185090
185091
185095
185097
185098
185100
185107
185108
185109
185113
185114
185117
185120
185121
185122
185128
185149
185157
185159
185160
185162
185163
185166
185174
185175
185176
185177
185182
185186
185187
185195
185201
185206
185207
185209
185211
185212
185214
185217
185218
185219
185220
185221
185222
185226
185228
185230
185238
185239
185244
185247
185261
185262
185267
185268
185269
185271
185273
185275
185280
185284
185290
185295
185299
185307
185325
185331
185332
185345
185347
185351
185353
185358
185372
185376
185387
185404
185406
185420
185423
185435
185453
185461
185474
185485
185489
185495
185499
185509
185515
185519
185525
185536
185550
185553
185641
185645
185646
185654
185659
185664
185667
185668
185672
185674
185675
185679
185682
185685
185686
185688
185691
185692
185702
185703
185707
185710
185712
185713
185718
185719
185720
185726
185727
185728
185735
185741
185742
185745
185748
185751
185752
185767
185770
185782
185785
185788
185791
185795
185797
185799
185828
185831
185837
185838
185847
185848
185850
185860
185864
185866
185873
185881
185882
185884
185886
185888
185889
185893
185900
185913
185915
185921
185926
185935
185937
185955
185959
185972
185974
185976
185982
185992
185996
185999
186001
186002
186037
186047
186051
186055
186056
186058
186062
186071
186072
186109
186113
186127
186129
186136
186176
186206
186243
186260
186264
186279
186286
186288
186290
186302
186305
186314
186316
186317
186319
186321
186324
186326
186330
186332
186333
186340
186341
186347
186359
186360
186363
186373
186375
186378
186384
186385
186386
186397
186409
186411
186416
186417
186420
186422
186425
186428
186429
186430
186433
186435
186439
186440
186442
186447
186451
186452
186453
186455
186456
186459
186460
186463
186464
186465
186475
186477
186480
186483
186487
186489
186490
186491
186492
186495
186498
186501
186502
186514
186517
186543
186545
186554
186564
186572
186574
186579
186580
186584
186585
186593
186594
186595
186596
186598
186637
186638
186639
186652
186660
186668
186674
186683
186686
186689
186708
186709
186710
186712
186744
186797
186798
186802
186816
186817
186837
186843
186848
186853
186872
186873
186881
186885
186900
186907
186914
186926
186935
186947
186956
186984
186990
186998
187001
187003
187014
187022
187029
187079
187088
187091
187092
187093
187101
187105
187107
187108
187111
187120
187126
187129
187130
187132
187133
187138
187139
187142
187143
187148
187186
187194
187199
187208
187218
187223
187224
187228
187230
187233
187238
187239
187246
187250
187255
187264
187272
187275
187285
187287
187288
187290
187291
187295
187327
187331
187335
187336
187342
187393
187413
187418
187419
187490
187507
187576
187586
187600
187601
187610
187613
187634
187637
187638
187659
187670
187686
187697
187699
187717
187718
187720
187723
187758
187763
187781
187783
187784
187785
187789
187793
187794
187858
187860
187862
187867
187875
187877
187889
187895
187931
187959
188009
188019
188023
188033
188034
188038
188040
188042
188052
188053
188059
188064
188068
188069
188086
188090
188103
188109
188110
188118
188130
188131
188133
188137
188182
188189
188198
188205
188214
188218
188262
188283
188287
188289
188311
188316
188317
188329
188331
188332
188335
188337
188338
188344
188349
188350
188356
188361
188363
188366
188368
188372
188374
188383
188394
188395
188399
188401
188402
188404
188414
188418
188443
188453
188466
188469
188470
188472
188473
188474
188475
188476
188477
188478
188482
188484
188493
188497
188502
188508
188514
188517
188519
188523
188525
188527
188528
188533
188534
188535
188537
188538
188540
188541
188547
188555
188557
188561
188562
188564
188566
188575
188578
188587
188589
188590
188595
188599
188607
188609
188614
188622
188623
188625
188626
188627
188632
188638
188643
188644
188645
188646
188651
188655
188674
188675
188681
188682
188691
188695
188696
188698
188699
188704
188711
188719
188733
188734
188759
188807
188863
188907
188911
188917
188929
188932
188936
188938
188941
188945
188946
188948
188949
188954
188955
188957
188960
188961
188967
188968
188977
188978
188979
188982
188984
188987
188993
188998
189000
189004
189009
189012
189015
189016
189019
189020
189027
189031
189036
189044
189047
189050
189054
189055
189059
189069
189072
189074
189078
189079
189083
189085
189087
189089
189090
189094
189099
189103
189105
189111
189120
189121
189135
189136
189137
189138
189139
189143
189144
189148
189152
189154
189157
189158
189159
189162
189165
189166
189169
189171
189180
189186
189191
189207
189214
189216
189223
189234
189236
189243
189251
189270
189273
189285
189286
189352
189356
189368
189377
189381
189382
189384
189385
189395
189398
189419
189420
189426
189458
189459
189480
189503
189504
189505
189507
189517
189518
189519
189520
189522
189524
189532
189533
189537
189549
189550
189562
189563
189565
189570
189585
189594
189595
189596
189598
189601
189602
189603
189606
189610
189613
189614
189620
189621
189622
189623
189625
189627
189628
189633
189635
189641
189642
189645
189647
189649
189650
189651
189652
189656
189658
189662
189663
189664
189667
189670
189677
189684
189687
189689
189694
189697
189705
189706
189707
189708
189709
189710
189711
189713
189714
189717
189719
189722
189723
189729
189734
189735
189737
189738
189739
189740
189750
189753
189754
189755
189758
189768
189780
189788
189790
189796
189811
189848
189851
189871
189887
189898
189916
189942
189945
189947
189962
189970
189990
189995
190025
190039
190047
190049
190050
190052
190053
190058
190060
190062
190063
190067
190070
190078
190079
190080
190081
190084
190085
190094
190105
190109
190114
190117
190120
190122
190123
190135
190149
190150
190151
190152
190153
190154
190162
190166
190167
190169
190170
190176
190177
190180
190181
190182
190197
190202
190208
190210
190216
190220
190221
190231
190234
190235
190236
190237
190242
190243
190250
190252
190257
190259
190260
190264
190265
190274
190276
190277
190279
190281
190299
190300
190301
190304
190309
190312
190326
190327
190328
190329
190331
190333
190334
190335
190337
190341
190344
190349
190365
190369
190374
190384
190403
190477
190514
190528
190541
190545
190547
190564
190575
190584
190585
190607
190612
190662
190706
190736
190740
190747
190765
190776
190784
190785
190809
190819
190854
190855
190874
190880
190881
190913
190921
190927
190932
190938
190943
190944
190946
190947
190948
190949
190951
190953
190956
190972
190973
190976
190982
190983
190996
190998
191006
191009
191015
191018
191019
191024
191027
191035
191037
191044
191049
191052
191054
191057
191074
191075
191076
191077
191079
191082
191088
191099
191102
191108
191110
191111
191112
191121
191130
191131
191137
191138
191139
191140
191141
191145
191146
191147
191155
191156
191159
191160
191163
191166
191168
191173
191177
191184
191186
191187
191188
191189
191193
191197
191203
191204
191206
191209
191211
191213
191216
191222
191228
191231
191237
191241
191250
191261
191264
191266
191267
191271
191273
191275
191276
191284
191285
191289
191291
191294
191311
191317
191325
191328
191338
191339
191349
191355
191380
191404
191436
191443
191474
191479
191508
191545
191575
191586
191588
191591
191592
191593
191596
191605
191614
191630
191633
191637
191639
191642
191654
191666
191668
191672
191683
191684
191686
191687
191688
191689
191691
191700
191701
191702
191703
191706
191707
191709
191710
191711
191718
191719
191721
191725
191742
191744
191745
191747
191751
191758
191760
191762
191763
191764
191769
191771
191774
191775
191777
191781
191783
191792
191794
191795
191798
191802
191812
191813
191815
191821
191826
191827
191831
191832
191833
191835
191836
191837
191840
191841
191844
191848
191849
191854
191862
191865
191870
191872
191881
191884
191885
191890
191893
191897
191901
191915
191922
191924
191925
191927
191929
191937
191955
191958
191962
191970
191999
192022
192049
192056
192065
192086
192098
192112
192128
192130
192141
192150
192151
192175
192176
192178
192179
192192
192196
192208
192213
192214
192218
192219
192227
192232
192233
192236
192238
192241
192254
192257
192259
192260
192264
192267
192269
192273
192276
192282
192288
192291
192299
192300
192301
192312
192314
192316
192318
192320
192323
192330
192332
192341
192356
192366
192367
192371
192378
192395
192400
192407
192408
192411
192415
192418
192422
192424
192425
192426
192428
192432
192435
192437
192443
192448
192451
192460
192470
192471
192474
192475
192476
192483
192486
192492
192502
192532
192537
192555
192571
192575
192577
192586
192587
192588
192601
192615
192669
192680
192681
192683
192687
192688
192691
192692
192698
192700
192702
192703
192707
192708
192709
192711
192714
192718
192719
192723
192727
192732
192733
192734
192744
192745
192751
192753
192754
192755
192759
192760
192761
192762
192765
192784
192785
192786
192787
192790
192791
192794
192797
192799
192801
192806
192807
192809
192812
192816
192817
192820
192826
192830
192832
192840
192842
192847
192850
192852
192854
192860
192861
192862
192874
192876
192884
192886
192887
192891
192900
192901
192904
192908
192909
192915
192916
192920
192926
192937
192942
192946
192962
192963
192964
192978
192983
192988
193003
193006
193012
193063
193071
193078
193084
193085
193087
193100
193119
193122
193155
193181
193192
193208
193216
193221
193226
193230
193233
193235
193239
193242
193254
193260
193270
193279
193281
193293
193298
193299
193300
193304
193309
193328
193329
193341
193342
193343
193344
193345
193366
193367
193372
193379
193386
193401
193404
193406
193407
193410
193412
193414
193418
193421
193423
193425
193426
193433
193435
193440
193442
193443
193444
193445
193449
193450
193454
193457
193462
193467
193471
193472
193480
193483
193485
193487
193488
193497
193506
193516
193523
193547
193553
193554
193571
193572
193573
193574
193575
193576
193577
193591
193648
193664
193668
193679
193743
193747
193749
193783
193784
193785
193787
193788
193789
193790
193792
193795
193798
193799
193800
193801
193802
193814
193820
193832
193834
193839
193870
193874
193880
193881
193886
193899
193909
193938
193945
193948
193954
193956
193957
193958
193959
193960
193961
193962
193964
193965
193966
193967
193973
193976
193979
193981
193985
193986
193996
194001
194005
194007
194008
194009
194011
194020
194028
194050
194052
194053
194054
194064
194100
194105
194106
194107
194110
194111
194119
194122
194123
194127
194132
194134
194135
194137
194138
194139
194140
194144
194145
194148
194161
194165
194167
194168
194175
194176
194178
194179
194180
194181
194182
194193
194195
194205
194207
194210
194214
194215
194221
194223
194224
194227
194231
194233
194234
194239
194240
194248
194249
194250
194252
194256
194260
194261
194262
194264
194266
194272
194274
194275
194277
194283
194284
194286
194287
194288
194290
194291
194295
194298
194301
194308
194309
194312
194315
194320
194323
194324
194328
194329
194334
194335
194336
194339
194340
194342
194344
194345
194346
194347
194349
194350
194353
194354
194355
194367
194373
194377
194379
194380
194384
194385
194390
194392
194393
194395
194397
194402
194407
194408
194409
194410
194412
194413
194416
194418
194423
194429
194442
194446
194447
194452
194466
194471
194473
194483
194496
194497
194518
194538
194556
194564
194566
194575
194591
194629
194639
194678
194690
194703
194710
194711
194712
194716
194717
194719
194724
194727
194729
194730
194732
194733
194735
194736
194737
194740
194743
194745
194746
194757
194758
194769
194770
194771
194773
194774
194775
194776
194778
194791
194792
194793
194795
194796
194799
194803
194814
194816
194820
194822
194825
194826
194827
194830
194831
194832
194835
194839
194854
194855
194856
194857
194859
194860
194861
194863
194868
194874
194876
194877
194878
194882
194883
194888
194893
194894
194897
194905
194909
194914
194921
194922
194923
194924
194926
194929
194932
194935
194938
194939
194947
194952
194954
194956
194959
194961
194963
194965
194969
194972
194975
194976
194978
194979
194980
194981
194987
194995
195004
195015
195018
195025
195029
195032
195035
195072
195078
195092
195093
195094
195105
195205
195220
195223
195245
195261
195274
195275
195289
195292
195295
195312
195313
195314
195315
195319
195320
195330
195331
195335
195340
195342
195346
195350
195352
195354
195356
195357
195361
195362
195366
195370
195371
195379
195382
195383
195385
195388
195389
195390
195425
195436
195447
195448
195452
195455
195456
195457
195467
195471
195486
195487
195490
195494
195497
195504
195518
195523
195534
195536
195542
195544
195554
195559
195562
195565
195569
195570
195641
195642
195705
195712
195751
195779
195791
195805
195815
195824
195836
195838
195845
195846
195858
195863
195874
195878
195914
195916
195923
195935
195940
195944
195953
195954
195957
195959
195974
195985
195990
196004
196049
196162
196168
196169
196174
196175
196184
196186
196188
196189
196202
196265
196364
196365
196434
196457
196464
196491
196500
196505
196518
196519
196539
196540
196546
196548
196559
196578
196587
196589
196602
196608
196617
196643
196655
196883
196972
197012
197084
197178
197279
197280
197281
197282
197290
197302
197314
197341
197362
197378
197383
197390
197391
197410
197416
197421
197426
197440
197456
197460
197478
197485
197487
197510
197515
197533
197537
197549
197552
197569
197585
197586
197589
197590
197594
197598
197608
197612
197614
197619
197626
197644
197655
197660
197663
197665
197667
197670
197680
197709
197723
197737
197742
197779
197832
197900
197908
197914
197927
197960
197961
197969
197977
197981
197983
198001
198012
198024
198042
198045
198051
198053
198055
198060
198061
198070
198075
198091
198110
198145
198167
198171
198188
198194
198240
198242
198249
198282
198283
198284
198285
198289
198297
198300
198322
198354
198423
198434
198447
198474
198483
198486
198494
198501
198505
198506
198509
198515
198517
198529
198558
198565
198570
198576
198577
198580
198581
198582
198586
198608
198609
198611
198622
198633
198635
198658
198666
198668
198678
198692
198745
198756
198777
198814
198838
198861
198884
198887
198949
198962
198967
199024
199027
199037
199059
199079
199083
199086
199091
199092
199093
199107
199110
199132
199148
199171
199184
199185
199187
199196
199197
199207
199225
199230
199272
199278
199300
199317
199335
199340
199374
199375
199443
199451
199453
199462
199474
199491
199540
199542
199544
199558
199569
199572
199591
199605
199611
199642
199651
199653
199658
199691
199693
199724
199759
199778
199832
199836
199949
200078
200082
200085
200149
200150
200159
200187
200214
200230
200260
200287
200288
200298
200303
200312
200338
200345
200360
200367
200387
200390
200391
200400
200401
200409
200411
200412
200415
200417
200436
200442
200450
200451
200461
200463
200466
200471
200485
200486
200497
200500
200531
200547
200576
200588
200599
200600
200638
200659
200661
200684
200718
200726
200727
200822
200831
200834
200861
200863
200892
200905
200908
200915
200924
200948
200949
200958
200970
200973
200985
200988
200994
201028
201051
201071
201083
201091
201104
201105
201108
201110
201124
201170
201172
201183
201212
201290
201320
201338
201357
201460
201496
201504
201510
201516
201524
201529
201539
201549
201556
201560
201563
201564
201573
201592
201605
201611
201631
201645
201652
201660
201663
201672
201678
201683
201686
201690
201699
201703
201716
201728
201744
201752
201753
201766
201783
201805
201827
201837
201842
201850
201857
201866
201892
201898
201944
201946
201953
201988
202007
202021
202050
202100
202124
202154
202185
202186
202214
202221
202268
202288
202302
202303
202320
202325
202374
202380
202403
202408
202422
202427
202441
202467
202470
202515
202538
202567
202570
202573
202576
202594
202643
202749
202755
202759
202766
202802
202804
202816
202818
202821
202827
202835
202840
202861
202882
202894
202900
202907
202914
202920
202925
202943
202945
202948
202951
202959
202974
202975
202980
202995
202999
203002
203004
203005
203006
203008
203020
203036
203048
203055
203060
203081
203082
203088
203168
203212
203253
203287
203308
203320
203388
203391
203460
203468
203545
203549
203557
203570
203571
203599
203610
203616
203622
203635
203667
203684
203689
203696
203697
203700
203706
203712
203717
203745
203754
203759
203777
203784
203785
203788
203789
203790
203791
203792
203809
203813
203820
203821
203825
203828
203838
203847
203854
203856
203865
203869
203871
203877
203882
203885
203898
203899
203904
203909
203928
203930
203939
203954
203965
203966
203976
203977
203981
203982
203994
204007
204015
204021
204033
204041
204062
204065
204086
204120
204168
204221
204229
204270
204272
204281
204282
204283
204316
204330
204335
204343
204348
204373
204379
204387
204392
204403
204408
204419
204446
204448
204451
204479
204483
204493
204498
204504
204510
204520
204527
204540
204560
204569
204570
204571
204581
204586
204587
204593
204597
204599
204607
204646
204652
204664
204714
204779
204784
204817
204821
204824
204837
204846
204853
204869
204878
204881
204885
204887
204889
204897
204910
204920
204928
204944
204958
204962
204963
204968
204979
204994
205017
205028
205032
205036
205055
205065
205068
205076
205079
205087
205113
205142
205165
205188
205210
205228
205248
205250
205263
205294
205394
205395
205405
205433
205436
205443
205444
205445
205477
205479
205481
205484
205497
205516
205536
205539
205540
205543
205551
205553
205555
205573
205575
205600
205622
205629
205631
205634
205637
205640
205660
205683
205687
205694
205695
205709
205723
205746
205828
205890
205891
205898
205902
205904
205966
205973
205980
205995
206007
206019
206036
206042
206047
206052
206069
206078
206082
206103
206115
206134
206144
206148
206156
206157
206161
206165
206174
206183
206193
206195
206211
206259
206263
206343
206358
206454
206505
206546
206563
206564
206568
206626
206630
206641
206648
206664
206686
206724
206761
206793
206795
206806
206812
206821
206837
206841
206844
206851
206854
206855
206857
206861
206870
206882
206885
206889
206890
206893
206895
206907
206921
206922
206932
206936
206941
206946
206947
206948
206981
206988
206990
206991
207000
207007
207031
207046
207054
207059
207070
207218
207240
207244
207245
207246
207249
207260
207262
207289
207290
207301
207319
207322
207328
207334
207341
207342
207343
207355
207366
207371
207375
207376
207378
207386
207389
207406
207415
207416
207428
207429
207445
207465
207472
207477
207485
207491
207496
207497
207499
207563
207572
207575
207642
207643
207691
207711
207735
207736
207821
207823
207835
207836
207842
207846
207847
207976
208430
210573
211267
211312
211513
211517
211551
211552
211602
211619
211622
211623
211631
211632
211635
211643
211653
211656
211661
211662
211677
211678
211680
211688
211689
211695
211702
211705
211710
211717
211721
211724
211728
211729
211733
211740
211742
211750
211751
211752
211756
211761
211773
211777
211783
211786
211795
211807
211816
211821
211827
211828
211830
211836
211854
211857
211858
211862
211876
211882
211883
211889
211892
211898
211905
211913
211924
211960
211979
211980
211983
211984
211985
211996
212006
212011
212031
212086
212094
212095
212096
212097
212106
212108
212110
212113
212118
212119
212121
212127
212130
212133
212135
212139
212140
212157
212159
212160
212163
212166
212173
212174
212176
212186
212187
212194
212212
212213
212217
212229
212232
212235
212236
212238
212243
212244
212245
212254
212257
212261
212262
212264
212267
212268
212271
212280
212281
212293
212294
212300
212301
212304
212308
212309
212311
212312
212313
212321
212324
212327
212334
212339
212343
212346
212347
212348
212362
212368
212371
212372
212373
212375
212379
212381
212394
212396
212406
212408
212409
212412
212426
212432
212450
212456
212462
212471
212493
212498
212500
212504
212517
212528
212534
212540
212558
212568
212587
212652
212659
212695
212700
212702
212703
212704
212705
212708
212711
212712
212714
212715
212716
212717
212718
212719
212720
212722
212723
212726
212727
212737
212750
212760
212761
212764
212765
212768
212773
212774
212775
212777
212780
212781
212782
212789
212793
212797
212801
212803
212812
212815
212816
212830
212835
212836
212851
212855
212856
212857
212859
212863
212865
212875
212886
212889
212890
212892
212894
212895
212958
212960
212962
212976
212977
212978
212979
212981
212983
212988
212991
212993
213004
213012
213021
213027
213028
213043
213044
213055
213056
213060
213072
213073
213079
213100
213102
213123
213125
213128
213169
213171
213194
213205
213213
213247
213248
213249
213250
213251
213258
213259
213261
213278
213282
213283
213308
213318
213327
213347
213413
213474
213485
213486
213487
213489
213504
213509
213512
213516
213522
213524
213525
213527
213529
213530
213533
213535
213540
213541
213542
213546
213547
213551
213552
213553
213554
213555
213557
213560
213561
213566
213571
213574
213584
213586
213587
213590
213601
213605
213610
213619
213620
213633
213646
213658
213665
213691
213695
213702
213718
213720
213736
213742
213744
213746
213747
213755
213758
213759
213760
213761
213765
213770
213771
213773
213774
213779
213781
213782
213783
213784
213790
213794
213795
213800
213804
213807
213809
213810
213811
213815
213818
213823
213827
213835
213836
213840
213847
213848
213857
213861
213877
213878
213880
213881
213886
213890
213895
213896
213897
213898
213900
213907
213909
213911
213917
213918
213924
213926
213930
213935
213938
213939
213942
213946
213955
213956
213958
213964
213965
213968
213974
213978
213979
213983
213984
213990
213994
213999
214001
214004
214014
214026
214037
214039
214044
214050
214054
214066
214071
214073
214085
214091
214102
214106
214111
214114
214121
214124
214135
214140
214142
214146
214178
214195
214219
214231
214235
214265
214266
214304
214346
214352
214354
214355
214356
214362
214368
214369
214376
214377
214380
214382
214400
214423
214425
214429
214434
214435
214438
214440
214445
214446
214447
214452
214454
214456
214457
214459
214461
214464
214467
214468
214470
214477
214484
214491
214502
214507
214508
214512
214522
214537
214538
214539
214540
214556
214580
214584
214606
214611
214612
214614
214618
214621
214622
214626
214633
214635
214636
214640
214653
214656
214664
214666
214667
214668
214669
214676
214680
214681
214682
214690
214696
214699
214700
214701
214704
214710
214714
214716
214719
214722
214727
214729
214738
214741
214744
214753
214762
214774
214775
214781
214783
214785
214787
214801
214805
214809
214814
214862
214863
214864
214866
214896
214914
214960
214961
214962
214984
214990
214991
214992
215006
215014
215017
215023
215026
215028
215029
215030
215035
215040
215042
215045
215047
215055
215066
215067
215068
215070
215073
215074
215080
215081
215090
215091
215093
215114
215117
215122
215126
215132
215140
215143
215147
215149
215152
215156
215162
215165
215176
215186
215187
215188
215190
215195
215200
215206
215207
215212
215216
215217
215218
215220
215224
215225
215233
215236
215237
215240
215253
215254
215255
215266
215268
215289
215294
215305
215313
215315
215322
215326
215331
215332
215336
215344
215390
215395
215400
215407
215437
215451
215481
215489
215517
215526
215545
215553
215559
215566
215593
215598
215604
215605
215606
215607
215608
215611
215613
215618
215619
215625
215628
215629
215635
215644
215646
215650
215652
215665
215666
215675
215678
215681
215682
215683
215685
215702
215704
215709
215716
215718
215719
215721
215727
215732
215733
215737
215741
215743
215744
215759
215765
215769
215775
215784
215785
215786
215789
215791
215806
215820
215831
215833
215836
215839
215848
215849
215854
215856
215859
215872
215885
215888
215889
215899
215904
215907
215910
215917
215922
215927
215930
215934
215941
215942
215943
215952
215958
215959
215962
215967
215970
215972
215973
215975
215978
215983
215984
215988
215994
215998
216003
216007
216008
216010
216012
216018
216019
216037
216038
216039
216040
216051
216062
216063
216076
216077
216078
216090
216094
216100
216103
216136
216137
216143
216145
216147
216168
216169
216173
216178
216179
216186
216191
216193
216195
216202
216206
216210
216222
216230
216232
216238
216242
216243
216248
216249
216260
216263
216266
216281
216310
216315
216318
216321
216322
216325
216328
216329
216335
216336
216341
216343
216348
216349
216351
216354
216356
216357
216359
216361
216362
216363
216365
216371
216372
216375
216376
216383
216384
216385
216387
216388
216389
216392
216393
216397
216400
216405
216407
216418
216419
216424
216425
216429
216430
216433
216434
216436
216437
216439
216441
216442
216443
216444
216445
216446
216447
216448
216454
216459
216460
216462
216463
216466
216469
216471
216472
216477
216479
216481
216483
216486
216491
216495
216502
216505
216506
216507
216508
216509
216511
216514
216516
216517
216519
216522
216523
216525
216526
216527
216528
216532
216538
216540
216542
216543
216546
216547
216548
216552
216557
216558
216560
216561
216566
216573
216576
216578
216580
216581
216584
216585
216586
216592
216599
216602
216608
216614
216615
216616
216617
216637
216649
216650
216655
216656
216657
216663
216675
216698
216714
216722
216768
216770
216800
216858
216860
216861
216865
216872
216886
216887
216888
216889
216890
216974
217013
217019
217047
217049
217065
217068
217070
217071
217072
217073
217074
217076
217092
217114
217119
217121
217122
217133
217138
217143
217148
217152
217159
217161
217177
217186
217193
217223
217224
217225
217232
217237
217245
217246
217250
217253
217258
217262
217263
217264
217268
217272
217281
217283
217288
217294
217305
217306
217310
217312
217314
217320
217322
217324
217325
217326
217327
217329
217330
217333
217334
217335
217336
217337
217339
217340
217342
217344
217351
217353
217354
217355
217358
217360
217362
217375
217380
217382
217384
217386
217390
217394
217395
217401
217406
217419
217420
217421
217424
217426
217427
217428
217429
217431
217432
217434
217435
217440
217441
217443
217444
217445
217446
217447
217448
217449
217451
217452
217453
217458
217459
217460
217461
217462
217483
217485
217492
217494
217496
217497
217504
217505
217506
217518
217541
217563
217613
217639
217649
217650
217651
217656
217671
217673
217676
217680
217683
217685
217687
217688
217689
217690
217691
217692
217693
217694
217696
217697
217698
217700
217701
217702
217703
217707
217708
217713
217717
217721
217737
217744
217748
217751
217754
217756
217760
217765
217771
217777
217782
217783
217785
217787
217789
217790
217795
217799
217801
217803
217806
217809
217811
217812
217816
217818
217819
217842
217850
217852
217853
217856
217857
217859
217867
217874
217875
217877
217884
217888
217889
217891
217893
217895
217896
217897
217898
217900
217902
217903
217909
217913
217914
217915
217925
217927
217930
217939
217967
217973
217996
217998
218023
218051
218099
218111
218128
218140
218141
218143
218151
218155
218156
218157
218158
218159
218160
218161
218162
218164
218165
218166
218167
218168
218169
218170
218172
218173
218175
218180
218193
218194
218198
218209
218216
218217
218224
218232
218239
218240
218241
218247
218258
218259
218264
218271
218272
218278
218284
218287
218298
218300
218309
218311
218312
218315
218321
218327
218337
218348
218352
218369
218379
218387
218429
218435
218456
218462
218478
218490
218514
218543
218550
218557
218560
218562
218565
218566
218570
218574
218575
218578
218581
218587
218588
218593
218594
218599
218609
218610
218630
218631
218633
218634
218635
218636
218638
218639
218640
218641
218648
218653
218657
218658
218661
218663
218665
218669
218670
218672
218673
218676
218677
218678
218680
218686
218687
218690
218707
218708
218709
218726
218728
218761
218806
218807
218812
218818
218830
218857
218869
218871
218890
218916
218917
218942
218944
218954
218963
218965
218967
218972
218975
218988
219009
219010
219021
219023
219025
219028
219032
219046
219069
219084
219085
219091
219094
219097
219154
219175
219176
219190
219200
219261
219264
219269
219270
219271
219272
219299
219303
219314
219315
219326
219327
219344
219356
219362
219419
219427
219429
219437
219444
219473
219474
219478
219524
219527
219533
219546
219555
219567
219570
219573
219576
219577
219591
219596
219597
219598
219599
219602
219606
219610
219611
219613
219614
219615
219618
219622
219628
219629
219637
219640
219641
219646
219649
219650
219652
219654
219657
219658
219659
219661
219664
219671
219673
219677
219687
219688
219690
219692
219694
219697
219700
219706
219707
219708
219709
219711
219713
219714
219717
219719
219720
219723
219739
219743
219753
219759
219762
219763
219770
219771
219772
219773
219776
219777
219779
219780
219784
219787
219788
219791
219794
219797
219798
219799
219810
219813
219822
219825
219832
219833
219845
219848
219849
219850
219860
219877
219879
219886
219896
219897
219947
219979
219983
219990
220004
220042
220068
220071
220075
220084
220087
220088
220089
220091
220092
220093
220095
220096
220099
220105
220118
220120
220129
220139
220140
220144
220146
220150
220153
220159
220162
220165
220167
220170
220172
220177
220179
220182
220186
220187
220192
220199
220203
220206
220210
220217
220218
220220
220222
220223
220225
220227
220233
220244
220245
220248
220249
220252
220255
220258
220263
220273
220276
220278
220281
220289
220295
220303
220305
220311
220322
220324
220340
220344
220354
220373
220374
220378
220386
220400
220410
220418
220420
220431
220432
220444
220449
220451
220456
220458
220516
220518
220522
220531
220532
220535
220536
220566
220569
220595
220614
220617
220654
220691
220692
220694
220699
220702
220705
220708
220713
220716
220718
220721
220722
220726
220730
220731
220734
220736
220737
220738
220739
220740
220742
220743
220749
220750
220757
220764
220768
220770
220771
220773
220776
220780
220782
220793
220797
220798
220807
220814
220827
220832
220834
220838
220840
220846
220858
220859
220861
220863
220864
220865
220866
220868
220870
220871
220881
220882
220890
220892
220893
220897
220902
220904
220908
220916
220920
220921
220933
220946
220947
220966
220967
220968
220971
220979
220981
220982
220995
221005
221019
221032
221033
221034
221037
221043
221045
221048
221050
221053
221055
221061
221062
221064
221067
221073
221076
221081
221083
221089
221095
221096
221101
221102
221103
221104
221106
221107
221109
221113
221116
221118
221125
221127
221129
221130
221132
221134
221136
221137
221139
221140
221141
221143
221145
221149
221161
221168
221175
221189
221194
221205
221206
221210
221212
221220
221223
221243
221249
221268
221273
221278
221290
221293
221350
221440
221446
221457
221458
221463
221464
221465
221466
221467
221469
221474
221475
221476
221478
221482
221485
221490
221491
221496
221498
221499
221503
221504
221505
221511
221512
221513
221515
221519
221524
221527
221533
221537
221538
221541
221546
221547
221550
221556
221558
221562
221593
221602
221612
221613
221615
221618
221619
221620
221627
221628
221631
221634
221637
221643
221646
221650
221652
221658
221660
221662
221663
221667
221699
221702
221703
221704
221705
221707
221708
221709
221713
221723
221724
221733
221735
221737
221739
221744
221749
221750
221754
221776
221787
221813
221822
221839
221848
221850
221858
221864
221867
221898
221902
221903
221908
221924
221930
221933
221939
221948
221995
221999
222026
222042
222054
222084
222093
222110
222137
222143
222151
222157
222158
222159
222160
222165
222167
222169
222170
222172
222177
222182
222184
222185
222187
222190
222191
222192
222193
222194
222195
222197
222200
222203
222205
222207
222218
222220
222224
222230
222231
222232
222235
222236
222240
222243
222244
222249
222262
222263
222266
222267
222271
222283
222285
222286
222298
222304
222310
222311
222313
222324
222326
222327
222328
222329
222330
222336
222342
222346
222347
222348
222352
222354
222355
222361
222363
222365
222366
222368
222370
222371
222373
222376
222378
222379
222381
222385
222386
222391
222395
222402
222405
222406
222411
222416
222420
222424
222428
222430
222432
222435
222455
222458
222475
222482
222491
222520
222524
222526
222527
222576
222611
222637
222645
222670
222686
222753
222804
222826
222831
222840
222856
222876
222892
222898
222902
222915
222927
222934
222935
222995
223000
223053
223139
223142
223158
223166
223168
223175
223176
223194
223213
223241
223249
223262
223276
223282
223290
223292
223403
223438
223456
223459
223462
223471
223477
223480
223485
223487
223489
223492
223493
223496
223497
223510
223511
223517
223522
223525
223528
223529
223530
223534
223538
223540
223541
223543
223544
223561
223563
223573
223582
223583
223584
223587
223589
223594
223597
223600
223601
223602
223610
223621
223624
223625
223627
223630
223631
223642
223645
223646
223647
223648
223651
223657
223658
223662
223663
223678
223679
223681
223692
223693
223695
223719
223724
223725
223726
223734
223736
223741
223743
223745
223748
223750
223753
223758
223759
223761
223763
223765
223768
223772
223773
223775
223786
223790
223794
223797
223801
223802
223810
223813
223819
223823
223824
223832
223833
223834
223843
223844
223845
223866
223871
223872
223873
223877
223884
223886
223891
223893
223897
223898
223899
223900
223901
223903
223905
223911
223914
223916
223962
223971
223986
223998
224003
224006
224008
224017
224020
224045
224066
224084
224102
224103
224107
224125
224130
224159
224171
224174
224175
224205
224210
224233
224234
224245
224251
224254
224260
224261
224262
224263
224264
224265
224268
224272
224275
224292
224293
224295
224298
224299
224300
224302
224303
224304
224305
224311
224315
224317
224318
224320
224322
224325
224334
224336
224337
224350
224364
224369
224370
224371
224372
224374
224379
224380
224386
224391
224400
224409
224410
224413
224414
224422
224427
224428
224434
224435
224446
224453
224456
224462
224463
224466
224468
224470
224473
224486
224487
224496
224497
224498
224500
224503
224504
224505
224506
224507
224511
224513
224514
224516
224519
224524
224525
224526
224528
224530
224531
224532
224535
224536
224537
224538
224541
224542
224543
224544
224555
224556
224557
224558
224560
224561
224566
224567
224568
224570
224577
224578
224580
224581
224582
224586
224591
224593
224595
224599
224610
224618
224625
224628
224630
224640
224645
224648
224649
224651
224652
224654
224660
224661
224666
224674
224677
224680
224690
224698
224710
224721
224726
224735
224739
224742
224769
224780
224853
224871
224883
224892
224906
225006
225083
225093
225095
225096
225097
225098
225101
225104
225105
225111
225118
225120
225121
225125
225130
225131
225136
225138
225141
225142
225146
225167
225169
225173
225187
225191
225195
225197
225199
225204
225205
225206
225210
225214
225217
225220
225221
225222
225223
225224
225227
225233
225239
225240
225249
225251
225260
225262
225265
225269
225272
225282
225284
225292
225300
225309
225320
225329
225330
225343
225344
225345
225347
225351
225365
225367
225368
225372
225374
225375
225380
225382
225386
225392
225393
225394
225399
225401
225402
225418
225428
225443
225456
225457
225458
225459
225461
225477
225480
225483
225492
225496
225504
225510
225521
225536
225540
225543
225549
225554
225564
225576
225577
225584
225595
225596
225597
225601
225602
225613
225647
225648
225649
225654
225655
225667
225668
225682
225691
225704
225707
225723
225726
225736
225744
225751
225769
225776
225871
225916
225954
225967
225978
225981
225982
225985
225986
225995
225997
226009
226020
226023
226030
226033
226044
226045
226048
226054
226055
226056
226068
226072
226074
226077
226078
226088
226090
226094
226099
226112
226126
226145
226164
226172
226183
226191
226192
226195
226199
226200
226203
226213
226218
226223
226231
226234
226242
226246
226247
226248
226249
226252
226256
226258
226262
226264
226265
226266
226272
226273
226276
226280
226283
226285
226287
226292
226298
226300
226301
226304
226306
226312
226314
226315
226316
226317
226318
226321
226322
226330
226360
226361
226366
226382
226393
226406
226416
226457
226477
226486
226505
226540
226615
226637
226687
226696
226707
226732
226738
226775
226776
226779
226787
226788
226804
226807
226808
226815
226829
226831
226832
226833
226843
226863
226869
226872
226873
226876
226888
226901
226903
226947
226951
226966
226969
226974
226977
226989
226990
227001
227002
227006
227009
227011
227012
227026
227029
227031
227032
227035
227036
227045
227051
227066
227085
227088
227096
227117
227119
227128
227129
227132
227135
227139
227143
227150
227151
227161
227163
227164
227167
227169
227173
227174
227175
227178
227179
227186
227187
227194
227195
227202
227225
227243
227260
227261
227268
227290
227292
227298
227303
227308
227309
227323
227367
227368
227374
227390
227401
227403
227446
227458
227471
227473
227474
227477
227500
227501
227502
227511
227530
227546
227548
227550
227559
227593
227600
227610
227612
227617
227683
227688
227689
227692
227706
227739
227740
227754
227756
227757
227770
227771
227777
227797
227811
227845
227847
227854
227881
227883
227923
227925
227929
227936
227938
227942
227949
227951
227954
227958
227959
227960
227961
227965
227970
227972
227973
227974
227975
227976
227977
227978
227980
227981
227982
227983
227984
227987
227988
227989
227990
227991
227992
227994
227996
227997
227998
227999
228001
228002
228003
228004
228005
228006
228007
228008
228009
228010
228012
228013
228014
228016
228019
228022
228023
228024
228025
228026
228027
228031
228033
228039
228040
228059
228060
228061
228062
228063
228064
228065
228066
228067
228068
228071
228075
228076
228077
228078
228079
228080
228084
228090
228095
228097
228098
228099
228102
228105
228107
228112
228113
228118
228119
228120
228121
228123
228124
228128
228129
228134
228136
228138
228140
228145
228147
228148
228150
228152
228153
228155
228156
228157
228160
228162
228165
228171
228173
228178
228179
228185
228187
228189
228199
228200
228201
228202
228203
228212
228214
228215
228216
228217
228223
228224
228225
228226
228227
228229
228230
228231
228232
228234
228236
228237
228241
228242
228245
228250
228251
228252
228254
228255
228256
228258
228259
228260
228263
228264
228265
228266
228267
228274
228277
228280
228281
228283
228289
228294
228295
228299
228315
228318
228320
228321
228323
228326
228343
228344
228359
228362
228380
228385
228387
228388
228391
228394
228399
228406
228415
228416
228422
228428
228431
228440
228449
228450
228454
228463
228475
228490
228501
228505
228511
228520
228522
228541
228543
228565
228567
228589
228596
228624
228632
228633
228636
228640
228642
228643
228646
228650
228654
228660
228663
228669
228670
228671
228673
228674
228676
228677
228678
228679
228680
228682
228685
228686
228689
228690
228691
228694
228696
228699
228701
228704
228710
228718
228721
228723
228730
228733
228736
228737
228740
228745
228750
228751
228752
228757
228759
228762
228781
228783
228784
228785
228796
228798
228804
228806
228807
228808
228828
228842
228844
228849
228861
228865
228870
228872
228873
228879
228883
228884
228888
228894
228895
228898
228901
228902
228903
228907
228909
228911
228930
228932
228936
228941
228951
228961
228967
228969
228971
228979
228981
228984
228987
228996
228997
229005
229010
229012
229014
229017
229022
229025
229027
229030
229031
229032
229036
229039
229054
229073
229077
229080
229082
229083
229091
229094
229112
229131
229135
229147
229164
229166
229168
229210
229217
229234
229268
229282
229361
229369
229382
229385
229387
229391
229394
229395
229398
229401
229422
229423
229427
229432
229434
229436
229441
229446
229455
229459
229460
229461
229462
229469
229477
229478
229481
229482
229492
229497
229508
229511
229513
229514
229516
229527
229547
229548
229550
229556
229573
229574
229575
229584
229585
229586
229594
229597
229599
229600
229601
229605
229609
229611
229614
229615
229617
229620
229623
229625
229626
229635
229638
229641
229642
229658
229663
229664
229670
229671
229674
229695
229699
229700
229707
229715
229729
229736
229748
229752
229755
229756
229758
229760
229766
229788
229789
229796
229797
229810
229823
229824
229877
229904
230029
230030
230031
230035
230043
230056
230068
230070
230073
230081
230085
230089
230091
230097
230106
230107
230108
230109
230112
230124
230130
230131
230135
230136
230146
230149
230151
230153
230162
230168
230169
230181
230182
230184
230186
230189
230191
230196
230198
230205
230213
230214
230218
230219
230221
230223
230224
230227
230228
230229
230237
230238
230243
230244
230251
230257
230258
230259
230260
230262
230264
230273
230279
230282
230286
230289
230290
230297
230298
230312
230314
230315
230316
230317
230318
230320
230321
230323
230330
230331
230339
230343
230349
230354
230357
230369
230371
230374
230377
230387
230389
230392
230394
230401
230412
230425
230431
230432
230439
230443
230481
230483
230485
230486
230488
230492
230498
230532
230538
230539
230592
230700
230704
230705
230710
230713
230714
230716
230718
230721
230727
230731
230736
230739
230742
230750
230752
230768
230770
230780
230786
230793
230800
230803
230807
230808
230810
230813
230816
230817
230821
230826
230831
230832
230835
230839
230850
230854
230855
230860
230862
230863
230865
230870
230872
230873
230874
230875
230879
230886
230887
230892
230896
230901
230906
230907
230913
230922
230927
230930
230931
230933
230934
230937
230938
230940
230942
230943
230945
230947
230950
230961
230970
230971
230973
230981
230983
230992
230994
230997
231013
231021
231060
231101
231108
231111
231116
231141
231190
231238
231271
231282
231291
231335
231350
231357
231415
231416
231432
231435
231465
231495
231511
231523
231537
231546
231547
231556
231565
231579
231605
231615
231616
231619
231621
231635
231637
231638
231639
231640
231647
231695
231713
231719
231731
231738
231739
231741
231745
231756
231760
231774
231780
231785
231788
231791
231793
231801
231818
231823
231825
231828
231834
231838
231844
231845
231846
231853
231858
231859
231863
231864
231865
231867
231868
231869
231870
231872
231873
231874
231875
231877
231878
231881
231892
231906
231908
231914
231916
231920
231927
231928
231933
231940
231945
231946
231949
231950
231952
231953
231954
231957
231961
231964
231968
231974
231977
231979
231980
231988
232011
232017
232018
232020
232021
232022
232024
232025
232028
232031
232032
232036
232037
232038
232039
232040
232047
232052
232054
232057
232059
232065
232076
232086
232088
232090
232098
232109
232117
232141
232192
232203
232213
232241
232263
232276
232285
232292
232302
232305
232348
232367
232374
232381
232382
232387
232388
232389
232390
232391
232392
232393
232397
232407
232409
232410
232411
232431
232432
232443
232453
232455
232456
232458
232460
232466
232479
232480
232484
232485
232493
232497
232498
232499
232500
232510
232513
232515
232516
232518
232519
232525
232535
232538
232540
232544
232545
232546
232554
232556
232557
232558
232561
232564
232572
232573
232581
232582
232592
232593
232596
232603
232611
232612
232613
232617
232618
232623
232631
232643
232646
232653
232656
232658
232665
232682
232684
232688
232694
232697
232701
232703
232711
232720
232722
232724
232729
232740
232749
232751
232752
232760
232800
232812
232843
232854
232874
232891
232892
232902
232909
232950
232955
233108
233112
233125
233129
233130
233136
233137
233139
233140
233144
233148
233178
233179
233181
233185
233187
233189
233193
233199
233201
233225
233230
233231
233233
233253
233254
233258
233259
233263
233265
233269
233271
233273
233274
233275
233278
233281
233282
233284
233285
233292
233294
233298
233299
233304
233305
233308
233309
233316
233319
233324
233325
233340
233348
233363
233366
233377
233380
233384
233403
233404
233409
233410
233415
233419
233422
233431
233432
233433
233446
233451
233452
233471
233483
233492
233501
233502
233504
233510
233519
233544
233554
233560
233575
233611
233614
233623
233640
233645
233657
233670
233677
233757
233765
233778
233781
233782
233783
233784
233785
233799
233800
233802
233803
233812
233827
233845
233856
233865
233867
233868
233873
233874
233876
233878
233879
233880
233882
233883
233885
233886
233888
233889
233898
233900
233901
233903
233907
233917
233933
233938
233941
233942
233947
233949
233950
233958
233959
233961
233972
233973
233974
233976
233983
233984
233985
233987
233988
233989
233992
233993
233994
233995
233996
234001
234002
234013
234015
234023
234028
234032
234045
234050
234058
234061
234067
234068
234076
234087
234088
234092
234100
234101
234104
234105
234144
234155
234158
234159
234170
234175
234183
234188
234198
234294
234303
234322
234325
234353
234441
234454
234456
234474
234475
234476
234478
234483
234484
234487
234489
234490
234494
234495
234496
234506
234514
234515
234537
234539
234546
234549
234553
234555
234558
234560
234567
234580
234582
234585
234586
234591
234601
234604
234605
234608
234610
234611
234616
234617
234619
234626
234628
234633
234639
234640
234646
234654
234660
234663
234667
234669
234670
234671
234675
234687
234688
234692
234703
234708
234711
234717
234728
234734
234740
234742
234750
234760
234773
234774
234777
234794
234797
234801
234810
234835
234858
234859
234913
234945
235063
235064
235075
235076
235077
235093
235106
235110
235149
235155
235201
235260
235345
235359
235368
235369
235384
235421
235424
235426
235444
235445
235461
235503
235504
235505
235506
235507
235517
235522
235587
235591
235599
235604
235607
235608
235610
235615
235617
235621
235622
235623
235625
235628
235630
235632
235633
235634
235635
235638
235640
235641
235653
235654
235658
235663
235665
235668
235669
235670
235671
235676
235677
235678
235679
235681
235682
235688
235690
235692
235696
235698
235699
235705
235710
235718
235726
235729
235731
235734
235737
235738
235739
235745
235747
235751
235752
235753
235754
235756
235758
235759
235760
235772
235776
235790
235796
235797
235799
235801
235805
235808
235810
235815
235817
235823
235832
235833
235834
235835
235836
235837
235839
235840
235841
235842
235843
235844
235846
235848
235850
235851
235852
235858
235861
235862
235863
235865
235866
235868
235871
235876
235878
235879
235880
235882
235885
235888
235901
235907
235908
235909
235912
235915
235921
235923
235926
235927
235928
235930
235931
235934
235935
235942
235943
235947
235951
235952
235953
235955
235964
235965
235970
235974
235981
235983
235984
235985
235992
235993
235995
235997
236012
236016
236021
236043
236053
236065
236070
236072
236092
236102
236109
236121
236124
236142
236148
236159
236163
236180
236197
236248
236249
236253
236270
236273
236288
236290
236293
236295
236314
236321
236324
236343
236347
236350
236351
236352
236356
236357
236365
236372
236374
236385
236394
236395
236412
236413
236416
236420
236427
236430
236445
236448
236449
236451
236453
236465
236471
236479
236483
236487
236488
236491
236497
236499
236501
236504
236508
236510
236513
236515
236517
236518
236519
236520
236525
236529
236541
236555
236562
236576
236579
236586
236588
236589
236590
236591
236592
236596
236615
236618
236620
236622
236637
236639
236648
236653
236660
236665
236667
236689
236695
236699
236700
236701
236715
236716
236719
236723
236742
236750
236751
236768
236769
236771
236774
236778
236782
236783
236784
236798
236814
236817
236827
236880
236881
236912
236919
236920
236921
236922
236937
236947
236996
237027
237035
237050
237053
237060
237072
237075
237077
237079
237081
237082
237087
237090
237092
237102
237103
237114
237120
237121
237123
237127
237158
237160
237163
237165
237169
237174
237176
237182
237192
237195
237197
237203
237214
237225
237227
237233
237243
237244
237249
237258
237261
237263
237265
237266
237267
237268
237269
237270
237271
237272
237275
237283
237285
237297
237298
237302
237303
237304
237305
237306
237307
237323
237327
237330
237331
237332
237333
237334
237335
237336
237349
237353
237358
237360
237362
237365
237366
237367
237371
237372
237374
237375
237376
237380
237381
237393
237406
237417
237418
237422
237424
237425
237426
237433
237445
237447
237448
237455
237460
237463
237469
237479
237480
237488
237492
237495
237507
237508
237510
237517
237518
237519
237520
237521
237591
237619
237629
237641
237662
237700
237702
237718
237730
237782
237798
237803
237806
237808
237817
237831
237856
237869
237872
237875
237877
237878
237880
237886
237890
237893
237895
237899
237903
237908
237922
237923
237925
237926
237929
237940
237943
237952
237961
237967
237968
237972
237975
237976
237977
237978
237980
237981
237982
237984
237985
237990
237992
237994
238001
238003
238018
238021
238022
238023
238024
238028
238029
238034
238037
238042
238045
238046
238047
238048
238049
238051
238052
238053
238054
238061
238063
238066
238075
238077
238078
238086
238087
238088
238089
238091
238092
238093
238094
238096
238097
238098
238105
238110
238121
238122
238129
238131
238134
238137
238139
238141
238144
238148
238150
238154
238155
238156
238167
238170
238177
238185
238211
238216
238222
238223
238232
238234
238242
238261
238266
238270
238271
238286
238306
238307
238313
238333
238366
238423
238437
238451
238461
238467
238479
238481
238485
238486
238492
238493
238516
238520
238523
238527
238528
238529
238534
238541
238547
238554
238560
238561
238562
238563
238568
238569
238573
238574
238577
238579
238580
238583
238586
238588
238589
238591
238601
238721
238722
238725
238726
238727
238733
238738
238743
238758
238760
238779
238782
238784
238788
238789
238796
238797
238798
238799
238805
238808
238823
238824
238825
238828
238830
238831
238835
238837
238838
238839
238841
238845
238846
238847
238848
238862
238877
238902
238951
238968
239073
239074
239091
239109
239110
239112
239122
239146
239163
239190
239209
239216
239224
239260
239263
239276
239339
239349
239352
239354
239356
239372
239377
239388
239401
239414
239434
239461
239484
239502
239558
239570
239574
239577
239592
239596
239611
239634
239638
239642
239651
239664
239667
239679
239680
239684
239690
239697
239698
239699
239700
239706
239710
239711
239712
239715
239716
239719
239721
239723
239735
239737
239739
239748
239754
239761
239764
239766
239769
239771
239772
239793
239806
239819
239824
239832
239835
239839
239842
239845
239849
239851
239853
239864
239868
239875
239885
239891
239909
239945
239974
239975
239996
240097
240127
240139
240140
240152
240189
240195
240196
240197
240202
240214
240217
240223
240227
240233
240256
240258
240273
240277
240283
240296
240302
240308
240327
240370
240420
240425
240427
240464
240468
240472
240496
240501
240540
240560
240570
240661
240665
240668
240669
240670
240671
240676
240677
240678
240685
240696
240703
240710
240727
240741
240743
240744
240750
240774
240796
240797
240806
240808
240809
240813
240814
240818
240823
240829
240832
240837
240844
240845
240852
240858
240859
240861
240862
240865
240870
240878
240884
240887
240891
240892
240900
240904
240914
240915
240939
240942
240943
240944
240947
240950
240956
240962
240964
240965
240975
240980
240981
240982
240994
241004
241014
241019
241020
241028
241029
241030
241048
241049
241054
241067
241075
241118
241120
241135
241136
241153
241156
241165
241168
241191
241196
241287
241292
241293
241295
241296
241300
241304
241307
241311
241313
241316
241320
241327
241332
241334
241335
241336
241353
241354
241357
241358
241360
241373
241382
241385
241394
241396
241401
241403
241409
241412
241431
241435
241437
241439
241440
241446
241447
241454
241455
241458
241460
241461
241475
241478
241480
241481
241489
241490
241494
241497
241498
241507
241508
241513
241514
241519
241520
241521
241523
241529
241534
241535
241539
241540
241542
241546
241549
241573
241576
241579
241588
241595
241605
241619
241624
241625
241627
241641
241648
241668
241677
241678
241711
241744
241751
241764
241769
241770
241808
241933
241957
241971
241977
241983
241986
241987
241989
241991
241994
241995
241996
241999
242001
242002
242009
242016
242017
242024
242026
242027
242046
242048
242050
242054
242060
242062
242064
242066
242073
242074
242085
242087
242088
242089
242090
242093
242105
242118
242124
242125
242127
242137
242142
242144
242145
242150
242154
242157
242163
242167
242176
242179
242184
242192
242199
242200
242201
242210
242212
242214
242220
242234
242257
242269
242274
242278
242295
242299
242302
242303
242308
242335
242369
242413
242420
242421
242462
242544
242553
242554
242598
242626
242639
242655
242656
242659
242679
242686
242710
242713
242737
242749
242775
242776
242793
242810
242811
242816
242825
242827
242835
242836
242837
242838
242839
242840
242841
242842
242843
242868
242869
242874
242875
242876
242878
242880
242881
242882
242883
242884
242885
242893
242912
242914
242924
242964
242969
242977
242981
242983
242984
242990
242992
242993
243001
243006
243008
243041
243045
243046
243047
243048
243056
243060
243061
243062
243064
243065
243068
243069
243071
243072
243074
243075
243078
243082
243085
243086
243087
243090
243094
243095
243096
243100
243101
243102
243116
243117
243119
243124
243126
243127
243130
243132
243139
243140
243141
243143
243145
243147
243148
243150
243151
243152
243153
243156
243158
243159
243160
243164
243167
243168
243175
243179
243185
243188
243190
243193
243217
243218
243223
243229
243231
243232
243233
243236
243238
243243
243246
243248
243249
243257
243259
243266
243267
243268
243269
243270
243276
243277
243278
243279
243281
243282
243284
243286
243288
243289
243290
243292
243300
243301
243305
243318
243319
243320
243321
243337
243339
243342
243346
243354
243355
243356
243360
243363
243365
243374
243375
243383
243398
243404
243408
243421
243426
243438
243448
243449
243455
243463
243468
243490
243491
243501
243507
243516
243528
243529
243530
243531
243536
243537
243580
243591
243648
243652
243661
243671
243674
243676
243682
243686
243690
243697
243704
243705
243720
243730
243733
243734
243736
243739
243746
243747
243765
243767
243770
243771
243776
243778
243785
243786
243789
243793
243794
243796
243800
243802
243805
243806
243808
243815
243817
243819
243820
243828
243836
243840
243847
243849
243850
243852
243853
243865
243868
243869
243876
243878
243882
243888
243895
243896
243901
243903
243904
243914
243915
243919
243927
243928
243930
243931
243933
243934
243942
243946
243951
243952
243955
243971
243977
243979
243982
243983
243988
243990
243992
243994
243996
244004
244006
244012
244036
244047
244054
244055
244056
244062
244064
244069
244106
244108
244112
244131
244158
244159
244200
244243
244249
244271
244284
244293
244294
244312
244350
244354
244365
244371
244381
244388
244390
244391
244392
244393
244394
244399
244403
244411
244412
244418
244420
244426
244428
244429
244432
244441
244445
244449
244458
244459
244461
244463
244466
244467
244468
244470
244471
244475
244478
244479
244481
244483
244485
244486
244487
244488
244491
244494
244497
244498
244502
244504
244512
244513
244516
244519
244524
244531
244532
244537
244541
244542
244546
244549
244555
244558
244562
244564
244565
244571
244572
244573
244574
244575
244577
244588
244589
244592
244593
244599
244605
244606
244608
244613
244614
244615
244621
244633
244637
244639
244649
244669
244673
244674
244686
244698
244703
244719
244723
244727
244735
244737
244741
244754
244759
244776
244777
244783
244785
244803
244813
244824
244832
244845
244846
244867
244890
244953
244954
244961
244996
244998
245000
245010
245020
245042
245045
245053
245061
245063
245079
245081
245083
245084
245086
245089
245092
245093
245095
245097
245100
245101
245102
245106
245111
245113
245116
245117
245118
245121
245130
245135
245142
245154
245163
245164
245165
245168
245175
245176
245178
245179
245185
245187
245192
245193
245195
245199
245207
245209
245212
245215
245219
245220
245229
245232
245239
245241
245242
245244
245247
245251
245258
245261
245262
245263
245276
245277
245279
245281
245286
245287
245292
245293
245295
245297
245300
245302
245308
245309
245316
245320
245323
245332
245339
245341
245355
245357
245358
245364
245375
245378
245379
245380
245381
245383
245387
245394
245398
245400
245413
245414
245430
245431
245453
245473
245498
245505
245512
245518
245604
245625
245633
245634
245636
245640
245641
245644
245647
245648
245649
245657
245664
245669
245674
245676
245677
245688
245689
245694
245695
245700
245701
245709
245710
245711
245713
245719
245723
245725
245727
245734
245739
245743
245749
245751
245752
245754
245765
245766
245773
245774
245778
245781
245782
245783
245792
245794
245800
245808
245814
245819
245820
245825
245828
245832
245833
245838
245841
245874
245876
245883
245886
245891
245894
245905
245908
245916
245919
245924
245926
245955
245959
245962
245963
245966
245971
245977
245980
245985
245988
246024
246075
246079
246108
246242
246273
246278
246279
246283
246311
246317
246319
246349
246364
246404
246408
246411
246493
246499
246518
246522
246524
246529
246532
246535
246536
246538
246539
246541
246553
246565
246566
246568
246570
246571
246572
246573
246577
246585
246589
246599
246600
246603
246606
246617
246627
246640
246648
246649
246651
246680
246686
246691
246715
246718
246728
246798
246809
246821
246824
246834
246839
246840
246841
246855
246856
246857
246858
246859
246860
246863
246865
246873
246874
246883
246885
246888
246892
246893
246895
246897
246899
246902
246906
246931
246935
246937
246945
246946
246947
246952
246953
246954
246970
246977
246982
246983
246985
246986
246987
246989
246994
246996
247000
247009
247012
247013
247016
247019
247020
247022
247023
247024
247026
247028
247029
247031
247036
247038
247041
247043
247044
247047
247048
247049
247051
247056
247057
247059
247062
247068
247077
247094
247101
247102
247120
247122
247124
247127
247136
247137
247145
247154
247157
247158
247160
247165
247182
247190
247191
247192
247194
247199
247209
247223
247227
247237
247242
247253
247254
247257
247263
247266
247276
247283
247298
247310
247314
247320
247326
247410
247411
247441
247453
247462
247463
247467
247470
247483
247485
247498
247504
247516
247520
247529
247533
247537
247538
247541
247542
247545
247556
247557
247564
247565
247566
247567
247569
247571
247573
247579
247580
247581
247585
247586
247587
247589
247590
247610
247614
247615
247619
247626
247628
247631
247636
247637
247642
247643
247644
247645
247646
247647
247648
247650
247651
247652
247653
247655
247658
247659
247662
247663
247665
247666
247668
247669
247670
247671
247672
247673
247675
247681
247686
247687
247694
247697
247698
247701
247702
247703
247705
247706
247708
247709
247710
247712
247713
247714
247716
247717
247718
247719
247720
247721
247722
247723
247724
247725
247726
247727
247728
247729
247735
247737
247748
247749
247758
247761
247768
247773
247776
247778
247779
247780
247793
247797
247804
247806
247808
247810
247812
247813
247814
247817
247818
247819
247828
247831
247833
247838
247845
247847
247851
247852
247854
247861
247863
247866
247876
247900
247914
247924
247927
247990
248034
248043
248057
248117
248139
248149
248161
248162
248198
248199
248219
248230
248239
248241
248242
248243
248244
248245
248248
248250
248273
248274
248282
248285
248288
248292
248294
248296
248303
248306
248309
248310
248313
248315
248316
248317
248335
248336
248337
248351
248352
248353
248354
248355
248367
248369
248373
248376
248381
248384
248391
248392
248414
248416
248425
248437
248439
248442
248449
248465
248466
248470
248473
248490
248491
248495
248507
248511
248513
248514
248516
248520
248528
248532
248541
248546
248552
248559
248579
248582
248584
248595
248599
248634
248638
248655
248658
248667
248680
248711
248715
248717
248726
248732
248735
248780
248790
248792
248827
248835
248849
248854
248855
248858
248859
248861
248862
248863
248891
248897
248901
248905
248909
248916
248923
248937
248938
248950
248956
248959
248978
248980
248991
248993
248996
248997
249001
249003
249005
249008
249009
249010
249012
249016
249017
249028
249038
249048
249050
249059
249069
249072
249078
249080
249085
249086
249089
249095
249100
249102
249105
249108
249117
249136
249145
249147
249156
249163
249173
249200
249219
249220
249236
249246
249250
249276
249296
249301
249318
249344
249375
249379
249419
249428
249449
249451
249452
249458
249462
249466
249472
249474
249475
249478
249479
249482
249486
249487
249488
249491
249494
249500
249516
249519
249521
249530
249531
249545
249548
249549
249552
249556
249557
249561
249562
249566
249569
249570
249571
249575
249577
249582
249583
249586
249587
249597
249611
249613
249614
249615
249619
249629
249632
249642
249652
249658
249665
249674
249683
249684
249685
249687
249704
249705
249707
249727
249739
249747
249758
249792
249802
249807
249865
249899
249904
249921
249942
249983
249991
249992
249999
250004
250005
250006
250021
250036
250050
250061
250089
250094
250103
250125
250138
250139
250152
250171
250193
250194
250202
250205
250214
250267
250307
250308
250310
250311
250318
250319
250320
250324
250325
250333
250334
250335
250336
250338
250341
250342
250343
250344
250348
250371
250373
250375
250376
250379
250382
250384
250399
250403
250423
250424
250427
250429
250437
250443
250446
250447
250458
250461
250470
250473
250474
250479
250482
250483
250487
250491
250492
250499
250511
250512
250514
250515
250516
250520
250521
250528
250531
250535
250552
250556
250558
250559
250564
250573
250574
250578
250581
250582
250583
250586
250595
250598
250601
250604
250611
250612
250614
250617
250621
250625
250629
250630
250633
250636
250646
250648
250651
250668
250681
250684
250685
250686
250698
250702
250706
250724
250725
250748
250757
250770
250780
250782
250784
250786
250791
250817
250818
250831
250837
250845
250857
250875
250899
250905
250952
250984
250986
250989
250995
250999
251010
251032
251036
251037
251038
251039
251042
251043
251045
251053
251062
251070
251071
251076
251078
251080
251081
251086
251088
251091
251092
251098
251105
251116
251119
251128
251129
251142
251159
251160
251168
251182
251183
251185
251186
251192
251197
251200
251207
251211
251225
251240
251246
251249
251262
251265
251268
251270
251271
251276
251278
251279
251290
251294
251295
251296
251297
251303
251305
251309
251312
251328
251329
251330
251335
251336
251377
251380
251393
251398
251399
251405
251406
251407
251408
251413
251421
251425
251426
251427
251429
251434
251446
251506
251517
251528
251537
251544
251579
251603
251626
251643
251645
251647
251651
251653
251655
251656
251657
251658
251660
251661
251665
251670
251676
251683
251684
251690
251692
251694
251696
251700
251711
251716
251718
251720
251721
251746
251748
251751
251756
251757
251784
251789
251796
251797
251799
251804
251820
251825
251828
251834
251835
251839
251851
251865
251872
251873
251876
251886
251891
251892
251895
251897
251901
251904
251908
251938
251986
251997
252022
252048
252059
252066
252074
252075
252078
252092
252104
252118
252135
252139
252178
252190
252262
252263
252264
252265
252267
252270
252271
252272
252273
252274
252280
252297
252300
252302
252303
252304
252308
252312
252324
252340
252341
252350
252352
252355
252359
252360
252363
252364
252366
252370
252375
252378
252379
252380
252382
252383
252384
252386
252387
252388
252389
252390
252392
252395
252396
252397
252398
252399
252400
252401
252402
252403
252404
252405
252406
252408
252409
252410
252411
252412
252414
252415
252416
252417
252418
252419
252420
252421
252422
252423
252424
252425
252426
252427
252428
252429
252430
252431
252432
252433
252434
252435
252436
252437
252441
252446
252448
252451
252454
252455
252466
252472
252473
252474
252487
252488
252497
252511
252512
252514
252532
252541
252543
252548
252550
252555
252559
252565
252567
252586
252608
252614
252616
252621
252628
252661
252693
252698
252715
252744
252750
252756
252772
252809
252815
252818
252824
252827
252829
252883
252891
252892
252893
252894
252895
252897
252898
252902
252907
252915
252927
252933
252935
252936
252947
252948
252949
252956
252960
252961
252963
252972
252976
252979
252980
252981
252982
252987
252989
252990
252993
252998
252999
253001
253003
253009
253017
253020
253022
253023
253024
253050
253058
253097
253101
253110
253117
253121
253129
253134
253140
253144
253145
253151
253158
253168
253175
253178
253192
253193
253195
253198
253200
253207
253208
253209
253210
253212
253234
253271
253280
253306
253322
253369
253444
253494
253497
253506
253518
253519
253521
253523
253533
253548
253565
253572
253575
253599
253706
253715
253727
253734
253736
253751
253777
253783
253784
253785
253796
253800
253803
253808
253821
253881
253889
253893
253921
253927
253952
253958
253969
253970
253972
253976
253978
253984
253989
253994
253998
253999
254009
254010
254013
254019
254022
254033
254035
254041
254044
254046
254047
254050
254054
254061
254062
254064
254077
254081
254100
254102
254103
254104
254110
254112
254113
254117
254127
254145
254150
254151
254162
254168
254169
254187
254189
254190
254193
254196
254199
254207
254208
254209
254210
254214
254220
254222
254232
254233
254239
254241
254242
254243
254247
254248
254249
254266
254269
254271
254288
254297
254301
254308
254309
254318
254332
254333
254337
254354
254363
254366
254369
254373
254375
254390
254391
254419
254428
254441
254501
254504
254553
254608
254620
254624
254634
254640
254647
254648
254649
254652
254653
254654
254660
254668
254669
254690
254691
254704
254706
254712
254719
254721
254727
254728
254730
254731
254742
254747
254761
254787
254788
254791
254792
254804
254812
254819
254822
254826
254828
254831
254834
254842
254843
254844
254857
254861
254862
254863
254864
254865
254866
254877
254879
254880
254881
254883
254897
254898
254903
254911
254933
254934
254935
254960
254961
254966
254978
254984
254985
254992
255005
255008
255015
255033
255037
255038
255040
255041
255045
255047
255049
255053
255063
255071
255097
255131
255153
255196
255205
255211
255212
255233
255234
255247
255250
255254
255267
255269
255270
255273
255281
255282
255286
255292
255295
255297
255298
255300
255303
255306
255310
255311
255312
255313
255330
255332
255336
255337
255338
255340
255341
255343
255347
255353
255354
255362
255363
255365
255370
255371
255372
255374
255375
255383
255396
255406
255409
255410
255425
255427
255429
255438
255444
255447
255455
255456
255457
255464
255467
255468
255469
255470
255474
255488
255492
255501
255503
255508
255509
255511
255517
255520
255526
255527
255528
255529
255539
255541
255545
255552
255553
255556
255558
255559
255561
255564
255566
255572
255584
255592
255596
255609
255654
255664
255681
255682
255694
255697
255704
255727
255728
255737
255756
255761
255908
255955
255957
255958
255962
255965
255966
255970
255972
255973
255974
255975
255977
255980
255985
255986
255987
255990
255991
255996
256010
256014
256018
256019
256026
256028
256042
256046
256047
256052
256070
256075
256099
256109
256128
256132
256139
256143
256147
256164
256165
256168
256171
256173
256181
256189
256192
256193
256194
256198
256202
256205
256206
256207
256209
256210
256220
256223
256224
256226
256233
256239
256249
256258
256264
256267
256272
256273
256281
256283
256292
256318
256324
256351
256376
256383
256405
256407
256416
256422
256423
256442
256457
256471
256486
256566
256574
256581
256592
256596
256599
256601
256606
256609
256610
256611
256612
256613
256619
256620
256624
256625
256628
256644
256649
256651
256662
256663
256665
256666
256667
256675
256697
256698
256704
256706
256709
256713
256721
256734
256736
256742
256744
256750
256753
256754
256756
256757
256758
256760
256761
256774
256775
256778
256779
256783
256806
256814
256818
256823
256824
256829
256830
256833
256834
256839
256848
256849
256853
256864
256874
256875
256890
256901
256902
256910
256923
256926
256934
256936
256950
256961
256980
256994
256997
256998
257001
257028
257047
257048
257053
257072
257084
257086
257089
257092
257100
257107
257161
257163
257167
257200
257241
257271
257277
257283
257294
257299
257300
257318
257319
257359
257386
257396
257427
257448
257456
257459
257470
257487
257490
257508
257518
257525
257550
257568
257574
257577
257578
257580
257581
257591
257595
257599
257605
257609
257615
257640
257648
257684
257709
257714
257720
257742
257763
257765
257768
257773
257782
257783
257787
257790
257792
257797
257807
257820
257825
257826
257837
257838
257840
257841
257843
257846
257850
257851
257852
257861
257865
257885
257887
257888
257893
257898
257899
257900
257903
257904
257908
257911
257919
257928
257929
257931
257933
257938
257939
257941
257943
257952
257961
257970
257972
257975
257976
257979
257980
257983
257988
257992
258002
258003
258005
258007
258011
258015
258018
258032
258033
258035
258044
258051
258054
258060
258062
258063
258066
258067
258070
258071
258076
258077
258078
258080
258084
258097
258098
258100
258105
258106
258109
258111
258113
258115
258119
258121
258123
258137
258138
258143
258150
258151
258153
258157
258164
258168
258169
258171
258174
258178
258179
258181
258194
258196
258204
258207
258217
258218
258236
258255
258259
258267
258276
258286
258295
258315
258323
258326
258346
258351
258355
258356
258363
258369
258418
258423
258443
258452
258476
258479
258481
258503
258505
258506
258512
258516
258519
258534
258535
258540
258541
258542
258545
258546
258548
258557
258574
258575
258582
258584
258588
258590
258592
258594
258597
258599
258602
258603
258605
258619
258635
258636
258647
258655
258658
258673
258674
258676
258683
258685
258687
258690
258697
258698
258701
258713
258714
258719
258726
258734
258735
258736
258738
258748
258749
258757
258758
258760
258774
258785
258787
258796
258797
258801
258807
258816
258818
258823
258824
258832
258833
258848
258853
258855
258858
258863
258872
258874
258890
258891
258893
258894
258911
258921
258924
258929
258954
258967
259054
259066
259076
259089
259092
259098
259113
259142
259154
259170
259203
259209
259211
259222
259227
259228
259229
259236
259251
259253
259254
259256
259259
259267
259268
259269
259271
259272
259275
259292
259297
259299
259302
259303
259305
259306
259307
259308
259309
259310
259320
259326
259331
259337
259341
259346
259349
259350
259356
259357
259360
259374
259376
259400
259403
259404
259414
259417
259418
259419
259420
259432
259434
259436
259438
259442
259446
259449
259451
259456
259470
259477
259484
259493
259499
259501
259505
259510
259512
259515
259516
259518
259522
259528
259539
259540
259570
259584
259588
259601
259606
259611
259625
259631
259648
259652
259680
259693
259699
259700
259702
259705
259706
259708
259740
259751
259790
259812
259868
259886
259890
259898
259906
259913
259914
259916
259917
259922
259924
259938
259939
259940
259941
259944
259948
259949
259951
259952
259954
259959
259960
259966
259979
259983
260009
260012
260016
260021
260023
260030
260042
260047
260050
260052
260059
260060
260077
260078
260079
260082
260087
260103
260115
260121
260126
260132
260133
260134
260138
260140
260159
260162
260163
260164
260165
260166
260168
260169
260171
260181
260187
260189
260198
260208
260209
260216
260217
260224
260232
260274
260333
260346
260349
260354
260391
260392
260433
260440
260452
260475
260499
260521
260522
260523
260524
260537
260538
260546
260548
260552
260567
260568
260570
260578
260579
260582
260583
260584
260592
260597
260598
260602
260603
260606
260607
260625
260629
260634
260647
260651
260652
260653
260657
260669
260670
260678
260680
260682
260686
260691
260696
260698
260702
260704
260705
260707
260721
260725
260730
260734
260735
260739
260745
260748
260753
260762
260773
260776
260779
260785
260789
260810
260831
260836
260838
260839
260843
260870
260874
260875
260895
260958
260959
260977
260992
261010
261056
261060
261102
261104
261106
261110
261129
261142
261148
261176
261181
261182
261184
261190
261194
261198
261210
261214
261239
261262
261271
261278
261279
261280
261283
261286
261294
261299
261311
261313
261318
261330
261332
261337
261346
261368
261415
261454
261470
261471
261474
261480
261483
261488
261489
261498
261504
261518
261520
261524
261527
261529
261530
261534
261541
261544
261549
261550
261551
261552
261557
261558
261573
261580
261582
261584
261586
261588
261591
261596
261597
261599
261600
261602
261604
261614
261615
261616
261617
261618
261620
261621
261626
261629
261631
261635
261636
261638
261639
261640
261645
261647
261649
261650
261654
261657
261662
261664
261667
261668
261679
261682
261683
261685
261686
261687
261692
261693
261696
261698
261702
261713
261718
261720
261721
261753
261754
261758
261760
261761
261762
261771
261772
261783
261786
261788
261795
261806
261813
261815
261838
261846
261885
261906
261907
261931
261967
261968
261984
261985
261990
261994
261996
261999
262101
262108
262109
262118
262120
262121
262124
262126
262131
262134
262135
262136
262137
262141
262142
262144
262145
262147
262152
262161
262163
262164
262165
262167
262171
262176
262180
262189
262194
262195
262196
262202
262208
262212
262216
262234
262236
262244
262245
262246
262247
262251
262253
262262
262274
262281
262290
262294
262299
262300
262303
262304
262305
262307
262309
262313
262317
262325
262327
262341
262343
262347
262353
262357
262360
262362
262366
262370
262380
262389
262405
262406
262408
262431
262432
262433
262435
262438
262441
262448
262453
262461
262482
262493
262495
262504
262522
262545
262553
262565
262575
262619
262637
262678
262702
262741
262815
262817
262818
262820
262839
262844
262853
262857
262859
262862
262863
262865
262867
262868
262869
262872
262873
262875
262878
262884
262893
262903
262905
262906
262907
262914
262922
262923
262939
262946
262974
262979
262986
262993
263003
263012
263020
263032
263050
263052
263060
263064
263078
263081
263083
263095
263100
263101
263104
263112
263119
263125
263129
263132
263138
263148
263154
263165
263168
263180
263189
263202
263206
263207
263215
263229
263235
263241
263292
263325
263365
263373
263383
263385
263394
263401
263403
263417
263503
263522
263526
263531
263535
263543
263549
263568
263577
263579
263581
263583
263586
263587
263589
263599
263601
263605
263606
263607
263613
263615
263624
263625
263629
263633
263636
263643
263653
263664
263676
263684
263703
263712
263726
263730
263731
263734
263737
263738
263744
263747
263748
263749
263750
263752
263754
263755
263759
263764
263765
263769
263772
263773
263774
263777
263784
263786
263787
263788
263793
263812
263815
263821
263822
263825
263834
263847
263865
263871
263887
263913
263945
263982
264013
264123
264146
264150
264153
264160
264161
264164
264165
264174
264177
264178
264181
264184
264187
264188
264192
264194
264200
264202
264205
264208
264224
264225
264229
264232
264233
264241
264244
264246
264247
264249
264271
264272
264278
264283
264284
264285
264286
264288
264289
264295
264298
264299
264300
264304
264305
264311
264313
264314
264320
264322
264330
264334
264336
264337
264338
264341
264344
264348
264349
264354
264355
264377
264387
264405
264441
264463
264474
264521
264530
264531
264537
264538
264540
264541
264546
264549
264552
264562
264565
264566
264568
264615
264616
264664
264770
264808
264821
264922
264934
264954
